result_id,evidence_layer,protocol,execution_environment,job_id,experiment_code,experiment_name,split,split_sha256,development_status,encoder,connector,seed,epoch,checkpoint,checkpoint_sha256,augmentation,original_run_name,input_mode,reason_mode,graph_source,oracle,model_arm,comparator_arm,n_questions,n_images,metric,model_score,comparator_score,effect,ci_lower,ci_upper,ci_level,bootstrap_unit,bootstrap_resamples,effect_excludes_zero,eos_rate,cap_rate,mean_generated_tokens,source_artifact,source_artifact_sha256,source_commit,notes
legacy_locked2000:bridge_clip_150k_3ep::bridge_clip_150k_3ep::exact,legacy_raw_prompt_no_eos,raw_prompt_no_eos,local,,legacy_locked2000:bridge_clip_150k_3ep,bridge_clip_150k_3ep,eval_2000_qids,,locked_result,clip,,,,,,none,bridge_clip_150k_3ep,,,,,bridge,text-only floor,2000,1725,exact,17.1,19.25,-2.15,,,,,,,,,,outputs/eval/bridge_clip_150k_3ep_records.json,f9c3eab87f6dc5ad8fb2c10637975cedbf6befe9e201afaabbd4a14a2bf7858c,,"legacy raw-prompt protocol: the answer span was never trained to stop, so exact is a cap artefact and vqa_soft was the reported metric"
legacy_locked2000:bridge_clip_150k_3ep::bridge_clip_150k_3ep::vqa_soft,legacy_raw_prompt_no_eos,raw_prompt_no_eos,local,,legacy_locked2000:bridge_clip_150k_3ep,bridge_clip_150k_3ep,eval_2000_qids,,locked_result,clip,,,,,,none,bridge_clip_150k_3ep,,,,,bridge,text-only floor,2000,1725,vqa_soft,46.35,30.7,15.65,,,,,,,,,,outputs/eval/bridge_clip_150k_3ep_records.json,f9c3eab87f6dc5ad8fb2c10637975cedbf6befe9e201afaabbd4a14a2bf7858c,,"legacy raw-prompt protocol: the answer span was never trained to stop, so exact is a cap artefact and vqa_soft was the reported metric"
legacy_locked2000:bridge_clip_150k_3ep_cot::bridge_clip_150k_3ep_cot::exact,legacy_raw_prompt_no_eos,raw_prompt_no_eos,local,,legacy_locked2000:bridge_clip_150k_3ep_cot,bridge_clip_150k_3ep_cot,eval_2000_qids,,locked_result,clip,,,,,,cot,bridge_clip_150k_3ep_cot,,,,false,bridge+augmentation,bridge (unaugmented),2000,1725,exact,36.6,17.1,19.5,,,,,,,,,,outputs/eval/bridge_clip_150k_3ep_cot_records.json,e678ac98a252159f94c996950f3f6a0d6c7462a043eda60c3019073a975049e6,,"legacy raw-prompt protocol: the answer span was never trained to stop, so exact is a cap artefact and vqa_soft was the reported metric"
legacy_locked2000:bridge_clip_150k_3ep_cot::bridge_clip_150k_3ep_cot::vqa_soft,legacy_raw_prompt_no_eos,raw_prompt_no_eos,local,,legacy_locked2000:bridge_clip_150k_3ep_cot,bridge_clip_150k_3ep_cot,eval_2000_qids,,locked_result,clip,,,,,,cot,bridge_clip_150k_3ep_cot,,,,false,bridge+augmentation,bridge (unaugmented),2000,1725,vqa_soft,42.8,46.35,-3.55,,,,,,,,,,outputs/eval/bridge_clip_150k_3ep_cot_records.json,e678ac98a252159f94c996950f3f6a0d6c7462a043eda60c3019073a975049e6,,"legacy raw-prompt protocol: the answer span was never trained to stop, so exact is a cap artefact and vqa_soft was the reported metric"
legacy_locked2000:bridge_clip_150k_3ep_scene_graph::bridge_clip_150k_3ep_scene_graph::exact,legacy_raw_prompt_no_eos,raw_prompt_no_eos,local,,legacy_locked2000:bridge_clip_150k_3ep_scene_graph,bridge_clip_150k_3ep_scene_graph,eval_2000_qids,,locked_result,clip,,,,,,scene_graph_oracle,bridge_clip_150k_3ep_scene_graph,,,gqa_ground_truth,true,bridge+augmentation,bridge (unaugmented),2000,1725,exact,60.85,17.1,43.75,,,,,,,,,,outputs/eval/bridge_clip_150k_3ep_scene_graph_records.json,78a1c0dc43e1e7cf4a4b49c8c4a9d2c7b675a773c97b9bf0ec07dbabede8d245,,"legacy raw-prompt protocol: the answer span was never trained to stop, so exact is a cap artefact and vqa_soft was the reported metric"
legacy_locked2000:bridge_clip_150k_3ep_scene_graph::bridge_clip_150k_3ep_scene_graph::vqa_soft,legacy_raw_prompt_no_eos,raw_prompt_no_eos,local,,legacy_locked2000:bridge_clip_150k_3ep_scene_graph,bridge_clip_150k_3ep_scene_graph,eval_2000_qids,,locked_result,clip,,,,,,scene_graph_oracle,bridge_clip_150k_3ep_scene_graph,,,gqa_ground_truth,true,bridge+augmentation,bridge (unaugmented),2000,1725,vqa_soft,72.6,46.35,26.25,,,,,,,,,,outputs/eval/bridge_clip_150k_3ep_scene_graph_records.json,78a1c0dc43e1e7cf4a4b49c8c4a9d2c7b675a773c97b9bf0ec07dbabede8d245,,"legacy raw-prompt protocol: the answer span was never trained to stop, so exact is a cap artefact and vqa_soft was the reported metric"
legacy_locked2000:bridge_clip_150k_cosine_ep1::bridge_clip_150k_cosine_ep1::exact,legacy_raw_prompt_no_eos,raw_prompt_no_eos,local,,legacy_locked2000:bridge_clip_150k_cosine_ep1,bridge_clip_150k_cosine_ep1,eval_2000_qids,,locked_result,clip,,,1,,,none,bridge_clip_150k_cosine_ep1,,,,,bridge,text-only floor,2000,1725,exact,5.1,19.25,-14.15,,,,,,,,,,outputs/eval/bridge_clip_150k_cosine_ep1_records.json,c33a089b65d0814c5a288d9417e4b5cbe8873a5f409a32e2789b673340751993,,"legacy raw-prompt protocol: the answer span was never trained to stop, so exact is a cap artefact and vqa_soft was the reported metric"
legacy_locked2000:bridge_clip_150k_cosine_ep1::bridge_clip_150k_cosine_ep1::vqa_soft,legacy_raw_prompt_no_eos,raw_prompt_no_eos,local,,legacy_locked2000:bridge_clip_150k_cosine_ep1,bridge_clip_150k_cosine_ep1,eval_2000_qids,,locked_result,clip,,,1,,,none,bridge_clip_150k_cosine_ep1,,,,,bridge,text-only floor,2000,1725,vqa_soft,42.9,30.7,12.2,,,,,,,,,,outputs/eval/bridge_clip_150k_cosine_ep1_records.json,c33a089b65d0814c5a288d9417e4b5cbe8873a5f409a32e2789b673340751993,,"legacy raw-prompt protocol: the answer span was never trained to stop, so exact is a cap artefact and vqa_soft was the reported metric"
legacy_locked2000:bridge_clip_150k_cosine_ep2::bridge_clip_150k_cosine_ep2::exact,legacy_raw_prompt_no_eos,raw_prompt_no_eos,local,,legacy_locked2000:bridge_clip_150k_cosine_ep2,bridge_clip_150k_cosine_ep2,eval_2000_qids,,locked_result,clip,,,2,,,none,bridge_clip_150k_cosine_ep2,,,,,bridge,text-only floor,2000,1725,exact,7.15,19.25,-12.1,,,,,,,,,,outputs/eval/bridge_clip_150k_cosine_ep2_records.json,e32e9648492162586e7375f9c16777ad656776d18d19438f3062817753bc80b4,,"legacy raw-prompt protocol: the answer span was never trained to stop, so exact is a cap artefact and vqa_soft was the reported metric"
legacy_locked2000:bridge_clip_150k_cosine_ep2::bridge_clip_150k_cosine_ep2::vqa_soft,legacy_raw_prompt_no_eos,raw_prompt_no_eos,local,,legacy_locked2000:bridge_clip_150k_cosine_ep2,bridge_clip_150k_cosine_ep2,eval_2000_qids,,locked_result,clip,,,2,,,none,bridge_clip_150k_cosine_ep2,,,,,bridge,text-only floor,2000,1725,vqa_soft,46.7,30.7,16,,,,,,,,,,outputs/eval/bridge_clip_150k_cosine_ep2_records.json,e32e9648492162586e7375f9c16777ad656776d18d19438f3062817753bc80b4,,"legacy raw-prompt protocol: the answer span was never trained to stop, so exact is a cap artefact and vqa_soft was the reported metric"
legacy_locked2000:bridge_clip_150k_cosine_ep3::bridge_clip_150k_cosine_ep3::exact,legacy_raw_prompt_no_eos,raw_prompt_no_eos,local,,legacy_locked2000:bridge_clip_150k_cosine_ep3,bridge_clip_150k_cosine_ep3,eval_2000_qids,,locked_result,clip,,,3,,,none,bridge_clip_150k_cosine_ep3,,,,,bridge,text-only floor,2000,1725,exact,10.2,19.25,-9.05,,,,,,,,,,outputs/eval/bridge_clip_150k_cosine_ep3_records.json,ec02079438e3d777fe74cd61b377622e81f7dbb585aeb9a038ca16f8debcf1f6,,"legacy raw-prompt protocol: the answer span was never trained to stop, so exact is a cap artefact and vqa_soft was the reported metric"
legacy_locked2000:bridge_clip_150k_cosine_ep3::bridge_clip_150k_cosine_ep3::vqa_soft,legacy_raw_prompt_no_eos,raw_prompt_no_eos,local,,legacy_locked2000:bridge_clip_150k_cosine_ep3,bridge_clip_150k_cosine_ep3,eval_2000_qids,,locked_result,clip,,,3,,,none,bridge_clip_150k_cosine_ep3,,,,,bridge,text-only floor,2000,1725,vqa_soft,47.5,30.7,16.8,,,,,,,,,,outputs/eval/bridge_clip_150k_cosine_ep3_records.json,ec02079438e3d777fe74cd61b377622e81f7dbb585aeb9a038ca16f8debcf1f6,,"legacy raw-prompt protocol: the answer span was never trained to stop, so exact is a cap artefact and vqa_soft was the reported metric"
legacy_locked2000:bridge_clip_150k_mlp_ep1::bridge_clip_150k_mlp_ep1::exact,legacy_raw_prompt_no_eos,raw_prompt_no_eos,local,,legacy_locked2000:bridge_clip_150k_mlp_ep1,bridge_clip_150k_mlp_ep1,eval_2000_qids,,locked_result,clip,mlp256,,1,,,none,bridge_clip_150k_mlp_ep1,,,,,bridge,text-only floor,2000,1725,exact,11.4,19.25,-7.85,,,,,,,,,,outputs/eval/bridge_clip_150k_mlp_ep1_records.json,3c4db01f3c2d5b6dd58890deedaa643ff18770ad59db33b042cc28c51403e8b7,,"legacy raw-prompt protocol: the answer span was never trained to stop, so exact is a cap artefact and vqa_soft was the reported metric"
legacy_locked2000:bridge_clip_150k_mlp_ep1::bridge_clip_150k_mlp_ep1::vqa_soft,legacy_raw_prompt_no_eos,raw_prompt_no_eos,local,,legacy_locked2000:bridge_clip_150k_mlp_ep1,bridge_clip_150k_mlp_ep1,eval_2000_qids,,locked_result,clip,mlp256,,1,,,none,bridge_clip_150k_mlp_ep1,,,,,bridge,text-only floor,2000,1725,vqa_soft,45.2,30.7,14.5,,,,,,,,,,outputs/eval/bridge_clip_150k_mlp_ep1_records.json,3c4db01f3c2d5b6dd58890deedaa643ff18770ad59db33b042cc28c51403e8b7,,"legacy raw-prompt protocol: the answer span was never trained to stop, so exact is a cap artefact and vqa_soft was the reported metric"
legacy_locked2000:bridge_clip_150k_mlp_ep2::bridge_clip_150k_mlp_ep2::exact,legacy_raw_prompt_no_eos,raw_prompt_no_eos,local,,legacy_locked2000:bridge_clip_150k_mlp_ep2,bridge_clip_150k_mlp_ep2,eval_2000_qids,,locked_result,clip,mlp256,,2,,,none,bridge_clip_150k_mlp_ep2,,,,,bridge,text-only floor,2000,1725,exact,0.65,19.25,-18.6,,,,,,,,,,outputs/eval/bridge_clip_150k_mlp_ep2_records.json,8b07b7da7aed36de81ec0311308251d34732f342cd62a49fa01633d847a15707,,"legacy raw-prompt protocol: the answer span was never trained to stop, so exact is a cap artefact and vqa_soft was the reported metric"
legacy_locked2000:bridge_clip_150k_mlp_ep2::bridge_clip_150k_mlp_ep2::vqa_soft,legacy_raw_prompt_no_eos,raw_prompt_no_eos,local,,legacy_locked2000:bridge_clip_150k_mlp_ep2,bridge_clip_150k_mlp_ep2,eval_2000_qids,,locked_result,clip,mlp256,,2,,,none,bridge_clip_150k_mlp_ep2,,,,,bridge,text-only floor,2000,1725,vqa_soft,47.15,30.7,16.45,,,,,,,,,,outputs/eval/bridge_clip_150k_mlp_ep2_records.json,8b07b7da7aed36de81ec0311308251d34732f342cd62a49fa01633d847a15707,,"legacy raw-prompt protocol: the answer span was never trained to stop, so exact is a cap artefact and vqa_soft was the reported metric"
legacy_locked2000:bridge_clip_150k_mlp_ep3::bridge_clip_150k_mlp_ep3::exact,legacy_raw_prompt_no_eos,raw_prompt_no_eos,local,,legacy_locked2000:bridge_clip_150k_mlp_ep3,bridge_clip_150k_mlp_ep3,eval_2000_qids,,locked_result,clip,mlp256,,3,,,none,bridge_clip_150k_mlp_ep3,,,,,bridge,text-only floor,2000,1725,exact,0.55,19.25,-18.7,,,,,,,,,,outputs/eval/bridge_clip_150k_mlp_ep3_records.json,7277d92eec0415bd561d3ffdec5380c201e4f102d6702f52e3e39087cfaf2d02,,"legacy raw-prompt protocol: the answer span was never trained to stop, so exact is a cap artefact and vqa_soft was the reported metric"
legacy_locked2000:bridge_clip_150k_mlp_ep3::bridge_clip_150k_mlp_ep3::vqa_soft,legacy_raw_prompt_no_eos,raw_prompt_no_eos,local,,legacy_locked2000:bridge_clip_150k_mlp_ep3,bridge_clip_150k_mlp_ep3,eval_2000_qids,,locked_result,clip,mlp256,,3,,,none,bridge_clip_150k_mlp_ep3,,,,,bridge,text-only floor,2000,1725,vqa_soft,55.5,30.7,24.8,,,,,,,,,,outputs/eval/bridge_clip_150k_mlp_ep3_records.json,7277d92eec0415bd561d3ffdec5380c201e4f102d6702f52e3e39087cfaf2d02,,"legacy raw-prompt protocol: the answer span was never trained to stop, so exact is a cap artefact and vqa_soft was the reported metric"
legacy_locked2000:bridge_clip_150k_mlp_ep3_cot::bridge_clip_150k_mlp_ep3_cot::exact,legacy_raw_prompt_no_eos,raw_prompt_no_eos,local,,legacy_locked2000:bridge_clip_150k_mlp_ep3_cot,bridge_clip_150k_mlp_ep3_cot,eval_2000_qids,,locked_result,clip,mlp256,,3,,,cot,bridge_clip_150k_mlp_ep3_cot,,,,false,bridge+augmentation,bridge (unaugmented),2000,1725,exact,23.05,0.55,22.5,,,,,,,,,,outputs/eval/bridge_clip_150k_mlp_ep3_cot_records.json,d0438b40f15b33fe73dba34f7eaf49ceeda7a5239f3da8842dd54a0244026202,,"legacy raw-prompt protocol: the answer span was never trained to stop, so exact is a cap artefact and vqa_soft was the reported metric"
legacy_locked2000:bridge_clip_150k_mlp_ep3_cot::bridge_clip_150k_mlp_ep3_cot::vqa_soft,legacy_raw_prompt_no_eos,raw_prompt_no_eos,local,,legacy_locked2000:bridge_clip_150k_mlp_ep3_cot,bridge_clip_150k_mlp_ep3_cot,eval_2000_qids,,locked_result,clip,mlp256,,3,,,cot,bridge_clip_150k_mlp_ep3_cot,,,,false,bridge+augmentation,bridge (unaugmented),2000,1725,vqa_soft,46.75,55.5,-8.75,,,,,,,,,,outputs/eval/bridge_clip_150k_mlp_ep3_cot_records.json,d0438b40f15b33fe73dba34f7eaf49ceeda7a5239f3da8842dd54a0244026202,,"legacy raw-prompt protocol: the answer span was never trained to stop, so exact is a cap artefact and vqa_soft was the reported metric"
legacy_locked2000:bridge_clip_150k_mlp_ep3_scene_graph::bridge_clip_150k_mlp_ep3_scene_graph::exact,legacy_raw_prompt_no_eos,raw_prompt_no_eos,local,,legacy_locked2000:bridge_clip_150k_mlp_ep3_scene_graph,bridge_clip_150k_mlp_ep3_scene_graph,eval_2000_qids,,locked_result,clip,mlp256,,3,,,scene_graph_oracle,bridge_clip_150k_mlp_ep3_scene_graph,,,gqa_ground_truth,true,bridge+augmentation,bridge (unaugmented),2000,1725,exact,64.55,0.55,64,,,,,,,,,,outputs/eval/bridge_clip_150k_mlp_ep3_scene_graph_records.json,41236d87a782242a0de0f1ed2a48b0b22cb8710721f5754579a594d214aa98c2,,"legacy raw-prompt protocol: the answer span was never trained to stop, so exact is a cap artefact and vqa_soft was the reported metric"
legacy_locked2000:bridge_clip_150k_mlp_ep3_scene_graph::bridge_clip_150k_mlp_ep3_scene_graph::vqa_soft,legacy_raw_prompt_no_eos,raw_prompt_no_eos,local,,legacy_locked2000:bridge_clip_150k_mlp_ep3_scene_graph,bridge_clip_150k_mlp_ep3_scene_graph,eval_2000_qids,,locked_result,clip,mlp256,,3,,,scene_graph_oracle,bridge_clip_150k_mlp_ep3_scene_graph,,,gqa_ground_truth,true,bridge+augmentation,bridge (unaugmented),2000,1725,vqa_soft,71.7,55.5,16.2,,,,,,,,,,outputs/eval/bridge_clip_150k_mlp_ep3_scene_graph_records.json,41236d87a782242a0de0f1ed2a48b0b22cb8710721f5754579a594d214aa98c2,,"legacy raw-prompt protocol: the answer span was never trained to stop, so exact is a cap artefact and vqa_soft was the reported metric"
legacy_locked2000:bridge_clip_150k_mlp_ep3_scene_graph_predq::bridge_clip_150k_mlp_ep3_scene_graph_predq::exact,legacy_raw_prompt_no_eos,raw_prompt_no_eos,local,,legacy_locked2000:bridge_clip_150k_mlp_ep3_scene_graph_predq,bridge_clip_150k_mlp_ep3_scene_graph_predq,eval_2000_qids,,locked_result,clip,mlp256,,3,,,scene_graph_predicted_owlv2,bridge_clip_150k_mlp_ep3_scene_graph_predq,,,owlv2_question_conditioned,false,bridge+augmentation,bridge (unaugmented),2000,1725,exact,47,0.55,46.45,,,,,,,,,,outputs/eval/bridge_clip_150k_mlp_ep3_scene_graph_predq_records.json,67cbf8c486b5693fc34ac59730c8c9f9cf9391f795e76d80e2d6086a69bfaad3,,"legacy raw-prompt protocol: the answer span was never trained to stop, so exact is a cap artefact and vqa_soft was the reported metric"
legacy_locked2000:bridge_clip_150k_mlp_ep3_scene_graph_predq::bridge_clip_150k_mlp_ep3_scene_graph_predq::vqa_soft,legacy_raw_prompt_no_eos,raw_prompt_no_eos,local,,legacy_locked2000:bridge_clip_150k_mlp_ep3_scene_graph_predq,bridge_clip_150k_mlp_ep3_scene_graph_predq,eval_2000_qids,,locked_result,clip,mlp256,,3,,,scene_graph_predicted_owlv2,bridge_clip_150k_mlp_ep3_scene_graph_predq,,,owlv2_question_conditioned,false,bridge+augmentation,bridge (unaugmented),2000,1725,vqa_soft,50,55.5,-5.5,,,,,,,,,,outputs/eval/bridge_clip_150k_mlp_ep3_scene_graph_predq_records.json,67cbf8c486b5693fc34ac59730c8c9f9cf9391f795e76d80e2d6086a69bfaad3,,"legacy raw-prompt protocol: the answer span was never trained to stop, so exact is a cap artefact and vqa_soft was the reported metric"
legacy_locked2000:bridge_clip_150k_nocls_ep1::bridge_clip_150k_nocls_ep1::exact,legacy_raw_prompt_no_eos,raw_prompt_no_eos,local,,legacy_locked2000:bridge_clip_150k_nocls_ep1,bridge_clip_150k_nocls_ep1,eval_2000_qids,,locked_result,clip,,,1,,,none,bridge_clip_150k_nocls_ep1,,,,,bridge,text-only floor,2000,1725,exact,4.95,19.25,-14.3,,,,,,,,,,outputs/eval/bridge_clip_150k_nocls_ep1_records.json,97354839ade13ddcbcb37e4a97bca9c3c534a73f4c33de492925854b5c1be457,,"legacy raw-prompt protocol: the answer span was never trained to stop, so exact is a cap artefact and vqa_soft was the reported metric"
legacy_locked2000:bridge_clip_150k_nocls_ep1::bridge_clip_150k_nocls_ep1::vqa_soft,legacy_raw_prompt_no_eos,raw_prompt_no_eos,local,,legacy_locked2000:bridge_clip_150k_nocls_ep1,bridge_clip_150k_nocls_ep1,eval_2000_qids,,locked_result,clip,,,1,,,none,bridge_clip_150k_nocls_ep1,,,,,bridge,text-only floor,2000,1725,vqa_soft,43.35,30.7,12.65,,,,,,,,,,outputs/eval/bridge_clip_150k_nocls_ep1_records.json,97354839ade13ddcbcb37e4a97bca9c3c534a73f4c33de492925854b5c1be457,,"legacy raw-prompt protocol: the answer span was never trained to stop, so exact is a cap artefact and vqa_soft was the reported metric"
legacy_locked2000:bridge_clip_150k_nocls_ep2::bridge_clip_150k_nocls_ep2::exact,legacy_raw_prompt_no_eos,raw_prompt_no_eos,local,,legacy_locked2000:bridge_clip_150k_nocls_ep2,bridge_clip_150k_nocls_ep2,eval_2000_qids,,locked_result,clip,,,2,,,none,bridge_clip_150k_nocls_ep2,,,,,bridge,text-only floor,2000,1725,exact,6.5,19.25,-12.75,,,,,,,,,,outputs/eval/bridge_clip_150k_nocls_ep2_records.json,72f32203a608ada2314e880ebde3fbc0714e2c056403648f7320a043aa8f5c47,,"legacy raw-prompt protocol: the answer span was never trained to stop, so exact is a cap artefact and vqa_soft was the reported metric"
legacy_locked2000:bridge_clip_150k_nocls_ep2::bridge_clip_150k_nocls_ep2::vqa_soft,legacy_raw_prompt_no_eos,raw_prompt_no_eos,local,,legacy_locked2000:bridge_clip_150k_nocls_ep2,bridge_clip_150k_nocls_ep2,eval_2000_qids,,locked_result,clip,,,2,,,none,bridge_clip_150k_nocls_ep2,,,,,bridge,text-only floor,2000,1725,vqa_soft,44.9,30.7,14.2,,,,,,,,,,outputs/eval/bridge_clip_150k_nocls_ep2_records.json,72f32203a608ada2314e880ebde3fbc0714e2c056403648f7320a043aa8f5c47,,"legacy raw-prompt protocol: the answer span was never trained to stop, so exact is a cap artefact and vqa_soft was the reported metric"
legacy_locked2000:bridge_clip_150k_nocls_ep3::bridge_clip_150k_nocls_ep3::exact,legacy_raw_prompt_no_eos,raw_prompt_no_eos,local,,legacy_locked2000:bridge_clip_150k_nocls_ep3,bridge_clip_150k_nocls_ep3,eval_2000_qids,,locked_result,clip,,,3,,,none,bridge_clip_150k_nocls_ep3,,,,,bridge,text-only floor,2000,1725,exact,8.1,19.25,-11.15,,,,,,,,,,outputs/eval/bridge_clip_150k_nocls_ep3_records.json,7dcca576f169d74b534319625717a7aee579ab16ae7c426baa1cdcd4364a0999,,"legacy raw-prompt protocol: the answer span was never trained to stop, so exact is a cap artefact and vqa_soft was the reported metric"
legacy_locked2000:bridge_clip_150k_nocls_ep3::bridge_clip_150k_nocls_ep3::vqa_soft,legacy_raw_prompt_no_eos,raw_prompt_no_eos,local,,legacy_locked2000:bridge_clip_150k_nocls_ep3,bridge_clip_150k_nocls_ep3,eval_2000_qids,,locked_result,clip,,,3,,,none,bridge_clip_150k_nocls_ep3,,,,,bridge,text-only floor,2000,1725,vqa_soft,46,30.7,15.3,,,,,,,,,,outputs/eval/bridge_clip_150k_nocls_ep3_records.json,7dcca576f169d74b534319625717a7aee579ab16ae7c426baa1cdcd4364a0999,,"legacy raw-prompt protocol: the answer span was never trained to stop, so exact is a cap artefact and vqa_soft was the reported metric"
legacy_locked2000:bridge_clip_150k_pool_ep1::bridge_clip_150k_pool_ep1::exact,legacy_raw_prompt_no_eos,raw_prompt_no_eos,local,,legacy_locked2000:bridge_clip_150k_pool_ep1,bridge_clip_150k_pool_ep1,eval_2000_qids,,locked_result,clip,pool32,,1,,,none,bridge_clip_150k_pool_ep1,,,,,bridge,text-only floor,2000,1725,exact,0,19.25,-19.25,,,,,,,,,,outputs/eval/bridge_clip_150k_pool_ep1_records.json,8999d8794e932bd3c231e4d03727400860500a3aa5a40a97b67045412e83ea61,,"legacy raw-prompt protocol: the answer span was never trained to stop, so exact is a cap artefact and vqa_soft was the reported metric"
legacy_locked2000:bridge_clip_150k_pool_ep1::bridge_clip_150k_pool_ep1::vqa_soft,legacy_raw_prompt_no_eos,raw_prompt_no_eos,local,,legacy_locked2000:bridge_clip_150k_pool_ep1,bridge_clip_150k_pool_ep1,eval_2000_qids,,locked_result,clip,pool32,,1,,,none,bridge_clip_150k_pool_ep1,,,,,bridge,text-only floor,2000,1725,vqa_soft,44.6,30.7,13.9,,,,,,,,,,outputs/eval/bridge_clip_150k_pool_ep1_records.json,8999d8794e932bd3c231e4d03727400860500a3aa5a40a97b67045412e83ea61,,"legacy raw-prompt protocol: the answer span was never trained to stop, so exact is a cap artefact and vqa_soft was the reported metric"
legacy_locked2000:bridge_clip_150k_pool_ep2::bridge_clip_150k_pool_ep2::exact,legacy_raw_prompt_no_eos,raw_prompt_no_eos,local,,legacy_locked2000:bridge_clip_150k_pool_ep2,bridge_clip_150k_pool_ep2,eval_2000_qids,,locked_result,clip,pool32,,2,,,none,bridge_clip_150k_pool_ep2,,,,,bridge,text-only floor,2000,1725,exact,5,19.25,-14.25,,,,,,,,,,outputs/eval/bridge_clip_150k_pool_ep2_records.json,f122c07e2f9a679104b00c7ea80302c3831da6bb8deef9a4a2eccf1fe6c4e8e1,,"legacy raw-prompt protocol: the answer span was never trained to stop, so exact is a cap artefact and vqa_soft was the reported metric"
legacy_locked2000:bridge_clip_150k_pool_ep2::bridge_clip_150k_pool_ep2::vqa_soft,legacy_raw_prompt_no_eos,raw_prompt_no_eos,local,,legacy_locked2000:bridge_clip_150k_pool_ep2,bridge_clip_150k_pool_ep2,eval_2000_qids,,locked_result,clip,pool32,,2,,,none,bridge_clip_150k_pool_ep2,,,,,bridge,text-only floor,2000,1725,vqa_soft,49.9,30.7,19.2,,,,,,,,,,outputs/eval/bridge_clip_150k_pool_ep2_records.json,f122c07e2f9a679104b00c7ea80302c3831da6bb8deef9a4a2eccf1fe6c4e8e1,,"legacy raw-prompt protocol: the answer span was never trained to stop, so exact is a cap artefact and vqa_soft was the reported metric"
legacy_locked2000:bridge_clip_150k_pool_ep3::bridge_clip_150k_pool_ep3::exact,legacy_raw_prompt_no_eos,raw_prompt_no_eos,local,,legacy_locked2000:bridge_clip_150k_pool_ep3,bridge_clip_150k_pool_ep3,eval_2000_qids,,locked_result,clip,pool32,,3,,,none,bridge_clip_150k_pool_ep3,,,,,bridge,text-only floor,2000,1725,exact,3,19.25,-16.25,,,,,,,,,,outputs/eval/bridge_clip_150k_pool_ep3_records.json,6e86b4588d2426c89d3dde3d18de17214b0fc1db467cadafe29275be5787a3ee,,"legacy raw-prompt protocol: the answer span was never trained to stop, so exact is a cap artefact and vqa_soft was the reported metric"
legacy_locked2000:bridge_clip_150k_pool_ep3::bridge_clip_150k_pool_ep3::vqa_soft,legacy_raw_prompt_no_eos,raw_prompt_no_eos,local,,legacy_locked2000:bridge_clip_150k_pool_ep3,bridge_clip_150k_pool_ep3,eval_2000_qids,,locked_result,clip,pool32,,3,,,none,bridge_clip_150k_pool_ep3,,,,,bridge,text-only floor,2000,1725,vqa_soft,51.3,30.7,20.6,,,,,,,,,,outputs/eval/bridge_clip_150k_pool_ep3_records.json,6e86b4588d2426c89d3dde3d18de17214b0fc1db467cadafe29275be5787a3ee,,"legacy raw-prompt protocol: the answer span was never trained to stop, so exact is a cap artefact and vqa_soft was the reported metric"
legacy_locked2000:bridge_clip_500k_ep1::bridge_clip_500k_ep1::exact,legacy_raw_prompt_no_eos,raw_prompt_no_eos,local,,legacy_locked2000:bridge_clip_500k_ep1,bridge_clip_500k_ep1,eval_2000_qids,,locked_result,clip,,,1,,,none,bridge_clip_500k_ep1,,,,,bridge,text-only floor,2000,1725,exact,5.15,19.25,-14.1,,,,,,,,,,outputs/eval/bridge_clip_500k_ep1_records.json,5795f373e504a814f6845c9c7a8b570e987a364e4d6c7896b83562326a894809,,"legacy raw-prompt protocol: the answer span was never trained to stop, so exact is a cap artefact and vqa_soft was the reported metric"
legacy_locked2000:bridge_clip_500k_ep1::bridge_clip_500k_ep1::vqa_soft,legacy_raw_prompt_no_eos,raw_prompt_no_eos,local,,legacy_locked2000:bridge_clip_500k_ep1,bridge_clip_500k_ep1,eval_2000_qids,,locked_result,clip,,,1,,,none,bridge_clip_500k_ep1,,,,,bridge,text-only floor,2000,1725,vqa_soft,37.9,30.7,7.2,,,,,,,,,,outputs/eval/bridge_clip_500k_ep1_records.json,5795f373e504a814f6845c9c7a8b570e987a364e4d6c7896b83562326a894809,,"legacy raw-prompt protocol: the answer span was never trained to stop, so exact is a cap artefact and vqa_soft was the reported metric"
legacy_locked2000:bridge_clip_500k_ep2::bridge_clip_500k_ep2::exact,legacy_raw_prompt_no_eos,raw_prompt_no_eos,local,,legacy_locked2000:bridge_clip_500k_ep2,bridge_clip_500k_ep2,eval_2000_qids,,locked_result,clip,,,2,,,none,bridge_clip_500k_ep2,,,,,bridge,text-only floor,2000,1725,exact,4.6,19.25,-14.65,,,,,,,,,,outputs/eval/bridge_clip_500k_ep2_records.json,09287fcb971f3e18304ad36c0593e4c22911db989ccccd5b2386ad8722ce7b7e,,"legacy raw-prompt protocol: the answer span was never trained to stop, so exact is a cap artefact and vqa_soft was the reported metric"
legacy_locked2000:bridge_clip_500k_ep2::bridge_clip_500k_ep2::vqa_soft,legacy_raw_prompt_no_eos,raw_prompt_no_eos,local,,legacy_locked2000:bridge_clip_500k_ep2,bridge_clip_500k_ep2,eval_2000_qids,,locked_result,clip,,,2,,,none,bridge_clip_500k_ep2,,,,,bridge,text-only floor,2000,1725,vqa_soft,49.05,30.7,18.35,,,,,,,,,,outputs/eval/bridge_clip_500k_ep2_records.json,09287fcb971f3e18304ad36c0593e4c22911db989ccccd5b2386ad8722ce7b7e,,"legacy raw-prompt protocol: the answer span was never trained to stop, so exact is a cap artefact and vqa_soft was the reported metric"
legacy_locked2000:bridge_clip_500k_ep3::bridge_clip_500k_ep3::exact,legacy_raw_prompt_no_eos,raw_prompt_no_eos,local,,legacy_locked2000:bridge_clip_500k_ep3,bridge_clip_500k_ep3,eval_2000_qids,,locked_result,clip,,,3,,,none,bridge_clip_500k_ep3,,,,,bridge,text-only floor,2000,1725,exact,5.1,19.25,-14.15,,,,,,,,,,outputs/eval/bridge_clip_500k_ep3_records.json,4cf8cc5128a6b6fe0f56e835542fed5a7b6ede207ebe51d92e59db8baeee3fde,,"legacy raw-prompt protocol: the answer span was never trained to stop, so exact is a cap artefact and vqa_soft was the reported metric"
legacy_locked2000:bridge_clip_500k_ep3::bridge_clip_500k_ep3::vqa_soft,legacy_raw_prompt_no_eos,raw_prompt_no_eos,local,,legacy_locked2000:bridge_clip_500k_ep3,bridge_clip_500k_ep3,eval_2000_qids,,locked_result,clip,,,3,,,none,bridge_clip_500k_ep3,,,,,bridge,text-only floor,2000,1725,vqa_soft,48.85,30.7,18.15,,,,,,,,,,outputs/eval/bridge_clip_500k_ep3_records.json,4cf8cc5128a6b6fe0f56e835542fed5a7b6ede207ebe51d92e59db8baeee3fde,,"legacy raw-prompt protocol: the answer span was never trained to stop, so exact is a cap artefact and vqa_soft was the reported metric"
legacy_locked2000:bridge_clip_500k_ep3_scene_graph::bridge_clip_500k_ep3_scene_graph::exact,legacy_raw_prompt_no_eos,raw_prompt_no_eos,local,,legacy_locked2000:bridge_clip_500k_ep3_scene_graph,bridge_clip_500k_ep3_scene_graph,eval_2000_qids,,locked_result,clip,,,3,,,scene_graph_oracle,bridge_clip_500k_ep3_scene_graph,,,gqa_ground_truth,true,bridge+augmentation,bridge (unaugmented),2000,1725,exact,42.55,5.1,37.45,,,,,,,,,,outputs/eval/bridge_clip_500k_ep3_scene_graph_records.json,5213f689222e66aaded618bef5f30c8a5f510786091f37cbf361dd970312f2ce,,"legacy raw-prompt protocol: the answer span was never trained to stop, so exact is a cap artefact and vqa_soft was the reported metric"
legacy_locked2000:bridge_clip_500k_ep3_scene_graph::bridge_clip_500k_ep3_scene_graph::vqa_soft,legacy_raw_prompt_no_eos,raw_prompt_no_eos,local,,legacy_locked2000:bridge_clip_500k_ep3_scene_graph,bridge_clip_500k_ep3_scene_graph,eval_2000_qids,,locked_result,clip,,,3,,,scene_graph_oracle,bridge_clip_500k_ep3_scene_graph,,,gqa_ground_truth,true,bridge+augmentation,bridge (unaugmented),2000,1725,vqa_soft,72.3,48.85,23.45,,,,,,,,,,outputs/eval/bridge_clip_500k_ep3_scene_graph_records.json,5213f689222e66aaded618bef5f30c8a5f510786091f37cbf361dd970312f2ce,,"legacy raw-prompt protocol: the answer span was never trained to stop, so exact is a cap artefact and vqa_soft was the reported metric"
legacy_locked2000:bridge_clip_500k_ep3_scene_graph_pred::bridge_clip_500k_ep3_scene_graph_pred::exact,legacy_raw_prompt_no_eos,raw_prompt_no_eos,local,,legacy_locked2000:bridge_clip_500k_ep3_scene_graph_pred,bridge_clip_500k_ep3_scene_graph_pred,eval_2000_qids,,locked_result,clip,,,3,,,scene_graph_predicted_owlv2,bridge_clip_500k_ep3_scene_graph_pred,,,owlv2,false,bridge+augmentation,bridge (unaugmented),2000,1725,exact,13.7,5.1,8.6,,,,,,,,,,outputs/eval/bridge_clip_500k_ep3_scene_graph_pred_records.json,6321bb05e4c4eda91ce472f59d88a2642b3d740f23fffcb6abb59dde4498b1fa,,"legacy raw-prompt protocol: the answer span was never trained to stop, so exact is a cap artefact and vqa_soft was the reported metric"
legacy_locked2000:bridge_clip_500k_ep3_scene_graph_pred::bridge_clip_500k_ep3_scene_graph_pred::vqa_soft,legacy_raw_prompt_no_eos,raw_prompt_no_eos,local,,legacy_locked2000:bridge_clip_500k_ep3_scene_graph_pred,bridge_clip_500k_ep3_scene_graph_pred,eval_2000_qids,,locked_result,clip,,,3,,,scene_graph_predicted_owlv2,bridge_clip_500k_ep3_scene_graph_pred,,,owlv2,false,bridge+augmentation,bridge (unaugmented),2000,1725,vqa_soft,41.75,48.85,-7.1,,,,,,,,,,outputs/eval/bridge_clip_500k_ep3_scene_graph_pred_records.json,6321bb05e4c4eda91ce472f59d88a2642b3d740f23fffcb6abb59dde4498b1fa,,"legacy raw-prompt protocol: the answer span was never trained to stop, so exact is a cap artefact and vqa_soft was the reported metric"
legacy_locked2000:bridge_clip_500k_ep3_scene_graph_predq::bridge_clip_500k_ep3_scene_graph_predq::exact,legacy_raw_prompt_no_eos,raw_prompt_no_eos,local,,legacy_locked2000:bridge_clip_500k_ep3_scene_graph_predq,bridge_clip_500k_ep3_scene_graph_predq,eval_2000_qids,,locked_result,clip,,,3,,,scene_graph_predicted_owlv2,bridge_clip_500k_ep3_scene_graph_predq,,,owlv2_question_conditioned,false,bridge+augmentation,bridge (unaugmented),2000,1725,exact,5.85,5.1,0.75,,,,,,,,,,outputs/eval/bridge_clip_500k_ep3_scene_graph_predq_records.json,2ba5050a55b6ee9ff05dc6cbc809e55e71965a5330a048711b4bba711125cd07,,"legacy raw-prompt protocol: the answer span was never trained to stop, so exact is a cap artefact and vqa_soft was the reported metric"
legacy_locked2000:bridge_clip_500k_ep3_scene_graph_predq::bridge_clip_500k_ep3_scene_graph_predq::vqa_soft,legacy_raw_prompt_no_eos,raw_prompt_no_eos,local,,legacy_locked2000:bridge_clip_500k_ep3_scene_graph_predq,bridge_clip_500k_ep3_scene_graph_predq,eval_2000_qids,,locked_result,clip,,,3,,,scene_graph_predicted_owlv2,bridge_clip_500k_ep3_scene_graph_predq,,,owlv2_question_conditioned,false,bridge+augmentation,bridge (unaugmented),2000,1725,vqa_soft,44.2,48.85,-4.65,,,,,,,,,,outputs/eval/bridge_clip_500k_ep3_scene_graph_predq_records.json,2ba5050a55b6ee9ff05dc6cbc809e55e71965a5330a048711b4bba711125cd07,,"legacy raw-prompt protocol: the answer span was never trained to stop, so exact is a cap artefact and vqa_soft was the reported metric"
legacy_locked2000:bridge_ijepa_150k::bridge_ijepa_150k::exact,legacy_raw_prompt_no_eos,raw_prompt_no_eos,local,,legacy_locked2000:bridge_ijepa_150k,bridge_ijepa_150k,eval_2000_qids,,locked_result,ijepa,,,,,,none,bridge_ijepa_150k,,,,,bridge,text-only floor,2000,1725,exact,8.1,19.25,-11.15,,,,,,,,,,outputs/eval/bridge_ijepa_150k_records.json,b46d2da473a5dcf1b11697b32ad39fb394b89853e79f4cb0d14fa1ae891dbc71,,"legacy raw-prompt protocol: the answer span was never trained to stop, so exact is a cap artefact and vqa_soft was the reported metric"
legacy_locked2000:bridge_ijepa_150k::bridge_ijepa_150k::vqa_soft,legacy_raw_prompt_no_eos,raw_prompt_no_eos,local,,legacy_locked2000:bridge_ijepa_150k,bridge_ijepa_150k,eval_2000_qids,,locked_result,ijepa,,,,,,none,bridge_ijepa_150k,,,,,bridge,text-only floor,2000,1725,vqa_soft,40.1,30.7,9.4,,,,,,,,,,outputs/eval/bridge_ijepa_150k_records.json,b46d2da473a5dcf1b11697b32ad39fb394b89853e79f4cb0d14fa1ae891dbc71,,"legacy raw-prompt protocol: the answer span was never trained to stop, so exact is a cap artefact and vqa_soft was the reported metric"
legacy_locked2000:bridge_ijepa_150k_3ep::bridge_ijepa_150k_3ep::exact,legacy_raw_prompt_no_eos,raw_prompt_no_eos,local,,legacy_locked2000:bridge_ijepa_150k_3ep,bridge_ijepa_150k_3ep,eval_2000_qids,,locked_result,ijepa,,,,,,none,bridge_ijepa_150k_3ep,,,,,bridge,text-only floor,2000,1725,exact,23.15,19.25,3.9,,,,,,,,,,outputs/eval/bridge_ijepa_150k_3ep_records.json,f00386eaa01c28cc9969d0c2a85635f826aaf8f08066f5b9abd77c40ba20f7c7,,"legacy raw-prompt protocol: the answer span was never trained to stop, so exact is a cap artefact and vqa_soft was the reported metric"
legacy_locked2000:bridge_ijepa_150k_3ep::bridge_ijepa_150k_3ep::vqa_soft,legacy_raw_prompt_no_eos,raw_prompt_no_eos,local,,legacy_locked2000:bridge_ijepa_150k_3ep,bridge_ijepa_150k_3ep,eval_2000_qids,,locked_result,ijepa,,,,,,none,bridge_ijepa_150k_3ep,,,,,bridge,text-only floor,2000,1725,vqa_soft,39.45,30.7,8.75,,,,,,,,,,outputs/eval/bridge_ijepa_150k_3ep_records.json,f00386eaa01c28cc9969d0c2a85635f826aaf8f08066f5b9abd77c40ba20f7c7,,"legacy raw-prompt protocol: the answer span was never trained to stop, so exact is a cap artefact and vqa_soft was the reported metric"
legacy_locked2000:bridge_ijepa_150k_3ep_cot::bridge_ijepa_150k_3ep_cot::exact,legacy_raw_prompt_no_eos,raw_prompt_no_eos,local,,legacy_locked2000:bridge_ijepa_150k_3ep_cot,bridge_ijepa_150k_3ep_cot,eval_2000_qids,,locked_result,ijepa,,,,,,cot,bridge_ijepa_150k_3ep_cot,,,,false,bridge+augmentation,bridge (unaugmented),2000,1725,exact,21,23.15,-2.15,,,,,,,,,,outputs/eval/bridge_ijepa_150k_3ep_cot_records.json,6f2b23582867afb8d3921179d2ae97c53782bc2a716301badfe665711c4a5bbc,,"legacy raw-prompt protocol: the answer span was never trained to stop, so exact is a cap artefact and vqa_soft was the reported metric"
legacy_locked2000:bridge_ijepa_150k_3ep_cot::bridge_ijepa_150k_3ep_cot::vqa_soft,legacy_raw_prompt_no_eos,raw_prompt_no_eos,local,,legacy_locked2000:bridge_ijepa_150k_3ep_cot,bridge_ijepa_150k_3ep_cot,eval_2000_qids,,locked_result,ijepa,,,,,,cot,bridge_ijepa_150k_3ep_cot,,,,false,bridge+augmentation,bridge (unaugmented),2000,1725,vqa_soft,32.7,39.45,-6.75,,,,,,,,,,outputs/eval/bridge_ijepa_150k_3ep_cot_records.json,6f2b23582867afb8d3921179d2ae97c53782bc2a716301badfe665711c4a5bbc,,"legacy raw-prompt protocol: the answer span was never trained to stop, so exact is a cap artefact and vqa_soft was the reported metric"
legacy_locked2000:bridge_ijepa_150k_3ep_scene_graph::bridge_ijepa_150k_3ep_scene_graph::exact,legacy_raw_prompt_no_eos,raw_prompt_no_eos,local,,legacy_locked2000:bridge_ijepa_150k_3ep_scene_graph,bridge_ijepa_150k_3ep_scene_graph,eval_2000_qids,,locked_result,ijepa,,,,,,scene_graph_oracle,bridge_ijepa_150k_3ep_scene_graph,,,gqa_ground_truth,true,bridge+augmentation,bridge (unaugmented),2000,1725,exact,60.5,23.15,37.35,,,,,,,,,,outputs/eval/bridge_ijepa_150k_3ep_scene_graph_records.json,3b682ec290b53927ef04cdd3c683f7a292081688daa23e89b3410b957a01bcfa,,"legacy raw-prompt protocol: the answer span was never trained to stop, so exact is a cap artefact and vqa_soft was the reported metric"
legacy_locked2000:bridge_ijepa_150k_3ep_scene_graph::bridge_ijepa_150k_3ep_scene_graph::vqa_soft,legacy_raw_prompt_no_eos,raw_prompt_no_eos,local,,legacy_locked2000:bridge_ijepa_150k_3ep_scene_graph,bridge_ijepa_150k_3ep_scene_graph,eval_2000_qids,,locked_result,ijepa,,,,,,scene_graph_oracle,bridge_ijepa_150k_3ep_scene_graph,,,gqa_ground_truth,true,bridge+augmentation,bridge (unaugmented),2000,1725,vqa_soft,70.7,39.45,31.25,,,,,,,,,,outputs/eval/bridge_ijepa_150k_3ep_scene_graph_records.json,3b682ec290b53927ef04cdd3c683f7a292081688daa23e89b3410b957a01bcfa,,"legacy raw-prompt protocol: the answer span was never trained to stop, so exact is a cap artefact and vqa_soft was the reported metric"
legacy_locked2000:bridge_ijepa_150k_cosine_ep1::bridge_ijepa_150k_cosine_ep1::exact,legacy_raw_prompt_no_eos,raw_prompt_no_eos,local,,legacy_locked2000:bridge_ijepa_150k_cosine_ep1,bridge_ijepa_150k_cosine_ep1,eval_2000_qids,,locked_result,ijepa,,,1,,,none,bridge_ijepa_150k_cosine_ep1,,,,,bridge,text-only floor,2000,1725,exact,14.3,19.25,-4.95,,,,,,,,,,outputs/eval/bridge_ijepa_150k_cosine_ep1_records.json,e85e115ecffb856e7841781dd8572068859d0ec4a73261a4e27b7a57956cf719,,"legacy raw-prompt protocol: the answer span was never trained to stop, so exact is a cap artefact and vqa_soft was the reported metric"
legacy_locked2000:bridge_ijepa_150k_cosine_ep1::bridge_ijepa_150k_cosine_ep1::vqa_soft,legacy_raw_prompt_no_eos,raw_prompt_no_eos,local,,legacy_locked2000:bridge_ijepa_150k_cosine_ep1,bridge_ijepa_150k_cosine_ep1,eval_2000_qids,,locked_result,ijepa,,,1,,,none,bridge_ijepa_150k_cosine_ep1,,,,,bridge,text-only floor,2000,1725,vqa_soft,38.85,30.7,8.15,,,,,,,,,,outputs/eval/bridge_ijepa_150k_cosine_ep1_records.json,e85e115ecffb856e7841781dd8572068859d0ec4a73261a4e27b7a57956cf719,,"legacy raw-prompt protocol: the answer span was never trained to stop, so exact is a cap artefact and vqa_soft was the reported metric"
legacy_locked2000:bridge_ijepa_150k_cosine_ep2::bridge_ijepa_150k_cosine_ep2::exact,legacy_raw_prompt_no_eos,raw_prompt_no_eos,local,,legacy_locked2000:bridge_ijepa_150k_cosine_ep2,bridge_ijepa_150k_cosine_ep2,eval_2000_qids,,locked_result,ijepa,,,2,,,none,bridge_ijepa_150k_cosine_ep2,,,,,bridge,text-only floor,2000,1725,exact,22.25,19.25,3,,,,,,,,,,outputs/eval/bridge_ijepa_150k_cosine_ep2_records.json,2a4aa6a783e71b4a2cddc7a495c642b9f1d962bab5398e80161a90a01f87998a,,"legacy raw-prompt protocol: the answer span was never trained to stop, so exact is a cap artefact and vqa_soft was the reported metric"
legacy_locked2000:bridge_ijepa_150k_cosine_ep2::bridge_ijepa_150k_cosine_ep2::vqa_soft,legacy_raw_prompt_no_eos,raw_prompt_no_eos,local,,legacy_locked2000:bridge_ijepa_150k_cosine_ep2,bridge_ijepa_150k_cosine_ep2,eval_2000_qids,,locked_result,ijepa,,,2,,,none,bridge_ijepa_150k_cosine_ep2,,,,,bridge,text-only floor,2000,1725,vqa_soft,42.6,30.7,11.9,,,,,,,,,,outputs/eval/bridge_ijepa_150k_cosine_ep2_records.json,2a4aa6a783e71b4a2cddc7a495c642b9f1d962bab5398e80161a90a01f87998a,,"legacy raw-prompt protocol: the answer span was never trained to stop, so exact is a cap artefact and vqa_soft was the reported metric"
legacy_locked2000:bridge_ijepa_150k_cosine_ep3::bridge_ijepa_150k_cosine_ep3::exact,legacy_raw_prompt_no_eos,raw_prompt_no_eos,local,,legacy_locked2000:bridge_ijepa_150k_cosine_ep3,bridge_ijepa_150k_cosine_ep3,eval_2000_qids,,locked_result,ijepa,,,3,,,none,bridge_ijepa_150k_cosine_ep3,,,,,bridge,text-only floor,2000,1725,exact,21.5,19.25,2.25,,,,,,,,,,outputs/eval/bridge_ijepa_150k_cosine_ep3_records.json,4548c4d540cc474dea5411304d1cf4f980788ee45da10bb5b40fd5d5993d4ac0,,"legacy raw-prompt protocol: the answer span was never trained to stop, so exact is a cap artefact and vqa_soft was the reported metric"
legacy_locked2000:bridge_ijepa_150k_cosine_ep3::bridge_ijepa_150k_cosine_ep3::vqa_soft,legacy_raw_prompt_no_eos,raw_prompt_no_eos,local,,legacy_locked2000:bridge_ijepa_150k_cosine_ep3,bridge_ijepa_150k_cosine_ep3,eval_2000_qids,,locked_result,ijepa,,,3,,,none,bridge_ijepa_150k_cosine_ep3,,,,,bridge,text-only floor,2000,1725,vqa_soft,44.4,30.7,13.7,,,,,,,,,,outputs/eval/bridge_ijepa_150k_cosine_ep3_records.json,4548c4d540cc474dea5411304d1cf4f980788ee45da10bb5b40fd5d5993d4ac0,,"legacy raw-prompt protocol: the answer span was never trained to stop, so exact is a cap artefact and vqa_soft was the reported metric"
legacy_locked2000:bridge_ijepa_150k_mlp_ep1::bridge_ijepa_150k_mlp_ep1::exact,legacy_raw_prompt_no_eos,raw_prompt_no_eos,local,,legacy_locked2000:bridge_ijepa_150k_mlp_ep1,bridge_ijepa_150k_mlp_ep1,eval_2000_qids,,locked_result,ijepa,mlp256,,1,,,none,bridge_ijepa_150k_mlp_ep1,,,,,bridge,text-only floor,2000,1725,exact,16.55,19.25,-2.7,,,,,,,,,,outputs/eval/bridge_ijepa_150k_mlp_ep1_records.json,01d7717c2a243a9094d67a9976e1b28ca8fb536058b96739eb3ef85a2c7bddc2,,"legacy raw-prompt protocol: the answer span was never trained to stop, so exact is a cap artefact and vqa_soft was the reported metric"
legacy_locked2000:bridge_ijepa_150k_mlp_ep1::bridge_ijepa_150k_mlp_ep1::vqa_soft,legacy_raw_prompt_no_eos,raw_prompt_no_eos,local,,legacy_locked2000:bridge_ijepa_150k_mlp_ep1,bridge_ijepa_150k_mlp_ep1,eval_2000_qids,,locked_result,ijepa,mlp256,,1,,,none,bridge_ijepa_150k_mlp_ep1,,,,,bridge,text-only floor,2000,1725,vqa_soft,39.65,30.7,8.95,,,,,,,,,,outputs/eval/bridge_ijepa_150k_mlp_ep1_records.json,01d7717c2a243a9094d67a9976e1b28ca8fb536058b96739eb3ef85a2c7bddc2,,"legacy raw-prompt protocol: the answer span was never trained to stop, so exact is a cap artefact and vqa_soft was the reported metric"
legacy_locked2000:bridge_ijepa_150k_mlp_ep2::bridge_ijepa_150k_mlp_ep2::exact,legacy_raw_prompt_no_eos,raw_prompt_no_eos,local,,legacy_locked2000:bridge_ijepa_150k_mlp_ep2,bridge_ijepa_150k_mlp_ep2,eval_2000_qids,,locked_result,ijepa,mlp256,,2,,,none,bridge_ijepa_150k_mlp_ep2,,,,,bridge,text-only floor,2000,1725,exact,14.8,19.25,-4.45,,,,,,,,,,outputs/eval/bridge_ijepa_150k_mlp_ep2_records.json,35fbcd3f81df413d4f3d178f62077848b950ce4acf9734ac27318eee44a43e0c,,"legacy raw-prompt protocol: the answer span was never trained to stop, so exact is a cap artefact and vqa_soft was the reported metric"
legacy_locked2000:bridge_ijepa_150k_mlp_ep2::bridge_ijepa_150k_mlp_ep2::vqa_soft,legacy_raw_prompt_no_eos,raw_prompt_no_eos,local,,legacy_locked2000:bridge_ijepa_150k_mlp_ep2,bridge_ijepa_150k_mlp_ep2,eval_2000_qids,,locked_result,ijepa,mlp256,,2,,,none,bridge_ijepa_150k_mlp_ep2,,,,,bridge,text-only floor,2000,1725,vqa_soft,47.35,30.7,16.65,,,,,,,,,,outputs/eval/bridge_ijepa_150k_mlp_ep2_records.json,35fbcd3f81df413d4f3d178f62077848b950ce4acf9734ac27318eee44a43e0c,,"legacy raw-prompt protocol: the answer span was never trained to stop, so exact is a cap artefact and vqa_soft was the reported metric"
legacy_locked2000:bridge_ijepa_150k_mlp_ep3::bridge_ijepa_150k_mlp_ep3::exact,legacy_raw_prompt_no_eos,raw_prompt_no_eos,local,,legacy_locked2000:bridge_ijepa_150k_mlp_ep3,bridge_ijepa_150k_mlp_ep3,eval_2000_qids,,locked_result,ijepa,mlp256,,3,,,none,bridge_ijepa_150k_mlp_ep3,,,,,bridge,text-only floor,2000,1725,exact,0,19.25,-19.25,,,,,,,,,,outputs/eval/bridge_ijepa_150k_mlp_ep3_records.json,13d279f6ec359cc06fe0a210a814b947ab2bae484238e85100f3a2c012c546db,,"legacy raw-prompt protocol: the answer span was never trained to stop, so exact is a cap artefact and vqa_soft was the reported metric"
legacy_locked2000:bridge_ijepa_150k_mlp_ep3::bridge_ijepa_150k_mlp_ep3::vqa_soft,legacy_raw_prompt_no_eos,raw_prompt_no_eos,local,,legacy_locked2000:bridge_ijepa_150k_mlp_ep3,bridge_ijepa_150k_mlp_ep3,eval_2000_qids,,locked_result,ijepa,mlp256,,3,,,none,bridge_ijepa_150k_mlp_ep3,,,,,bridge,text-only floor,2000,1725,vqa_soft,53.45,30.7,22.75,,,,,,,,,,outputs/eval/bridge_ijepa_150k_mlp_ep3_records.json,13d279f6ec359cc06fe0a210a814b947ab2bae484238e85100f3a2c012c546db,,"legacy raw-prompt protocol: the answer span was never trained to stop, so exact is a cap artefact and vqa_soft was the reported metric"
legacy_locked2000:bridge_ijepa_150k_mlp_ep3_cot::bridge_ijepa_150k_mlp_ep3_cot::exact,legacy_raw_prompt_no_eos,raw_prompt_no_eos,local,,legacy_locked2000:bridge_ijepa_150k_mlp_ep3_cot,bridge_ijepa_150k_mlp_ep3_cot,eval_2000_qids,,locked_result,ijepa,mlp256,,3,,,cot,bridge_ijepa_150k_mlp_ep3_cot,,,,false,bridge+augmentation,bridge (unaugmented),2000,1725,exact,7.2,0,7.2,,,,,,,,,,outputs/eval/bridge_ijepa_150k_mlp_ep3_cot_records.json,4632e38d31214fa72847ec9afbe629efa5177ec9e272a575e6c5836b3dfb6c2d,,"legacy raw-prompt protocol: the answer span was never trained to stop, so exact is a cap artefact and vqa_soft was the reported metric"
legacy_locked2000:bridge_ijepa_150k_mlp_ep3_cot::bridge_ijepa_150k_mlp_ep3_cot::vqa_soft,legacy_raw_prompt_no_eos,raw_prompt_no_eos,local,,legacy_locked2000:bridge_ijepa_150k_mlp_ep3_cot,bridge_ijepa_150k_mlp_ep3_cot,eval_2000_qids,,locked_result,ijepa,mlp256,,3,,,cot,bridge_ijepa_150k_mlp_ep3_cot,,,,false,bridge+augmentation,bridge (unaugmented),2000,1725,vqa_soft,42.25,53.45,-11.2,,,,,,,,,,outputs/eval/bridge_ijepa_150k_mlp_ep3_cot_records.json,4632e38d31214fa72847ec9afbe629efa5177ec9e272a575e6c5836b3dfb6c2d,,"legacy raw-prompt protocol: the answer span was never trained to stop, so exact is a cap artefact and vqa_soft was the reported metric"
legacy_locked2000:bridge_ijepa_150k_mlp_ep3_scene_graph::bridge_ijepa_150k_mlp_ep3_scene_graph::exact,legacy_raw_prompt_no_eos,raw_prompt_no_eos,local,,legacy_locked2000:bridge_ijepa_150k_mlp_ep3_scene_graph,bridge_ijepa_150k_mlp_ep3_scene_graph,eval_2000_qids,,locked_result,ijepa,mlp256,,3,,,scene_graph_oracle,bridge_ijepa_150k_mlp_ep3_scene_graph,,,gqa_ground_truth,true,bridge+augmentation,bridge (unaugmented),2000,1725,exact,20.15,0,20.15,,,,,,,,,,outputs/eval/bridge_ijepa_150k_mlp_ep3_scene_graph_records.json,6dc30c4c8445cc29f5cf87f3d773e87a4ea29f828e24f956867a9a1bdaf5dc54,,"legacy raw-prompt protocol: the answer span was never trained to stop, so exact is a cap artefact and vqa_soft was the reported metric"
legacy_locked2000:bridge_ijepa_150k_mlp_ep3_scene_graph::bridge_ijepa_150k_mlp_ep3_scene_graph::vqa_soft,legacy_raw_prompt_no_eos,raw_prompt_no_eos,local,,legacy_locked2000:bridge_ijepa_150k_mlp_ep3_scene_graph,bridge_ijepa_150k_mlp_ep3_scene_graph,eval_2000_qids,,locked_result,ijepa,mlp256,,3,,,scene_graph_oracle,bridge_ijepa_150k_mlp_ep3_scene_graph,,,gqa_ground_truth,true,bridge+augmentation,bridge (unaugmented),2000,1725,vqa_soft,71.3,53.45,17.85,,,,,,,,,,outputs/eval/bridge_ijepa_150k_mlp_ep3_scene_graph_records.json,6dc30c4c8445cc29f5cf87f3d773e87a4ea29f828e24f956867a9a1bdaf5dc54,,"legacy raw-prompt protocol: the answer span was never trained to stop, so exact is a cap artefact and vqa_soft was the reported metric"
legacy_locked2000:bridge_ijepa_150k_mlp_ep3_scene_graph_predq::bridge_ijepa_150k_mlp_ep3_scene_graph_predq::exact,legacy_raw_prompt_no_eos,raw_prompt_no_eos,local,,legacy_locked2000:bridge_ijepa_150k_mlp_ep3_scene_graph_predq,bridge_ijepa_150k_mlp_ep3_scene_graph_predq,eval_2000_qids,,locked_result,ijepa,mlp256,,3,,,scene_graph_predicted_owlv2,bridge_ijepa_150k_mlp_ep3_scene_graph_predq,,,owlv2_question_conditioned,false,bridge+augmentation,bridge (unaugmented),2000,1725,exact,6.1,0,6.1,,,,,,,,,,outputs/eval/bridge_ijepa_150k_mlp_ep3_scene_graph_predq_records.json,98edaa785f48c4fbbbb451bddd5be65222f6081f9e50bed6a181c454b56a6ebf,,"legacy raw-prompt protocol: the answer span was never trained to stop, so exact is a cap artefact and vqa_soft was the reported metric"
legacy_locked2000:bridge_ijepa_150k_mlp_ep3_scene_graph_predq::bridge_ijepa_150k_mlp_ep3_scene_graph_predq::vqa_soft,legacy_raw_prompt_no_eos,raw_prompt_no_eos,local,,legacy_locked2000:bridge_ijepa_150k_mlp_ep3_scene_graph_predq,bridge_ijepa_150k_mlp_ep3_scene_graph_predq,eval_2000_qids,,locked_result,ijepa,mlp256,,3,,,scene_graph_predicted_owlv2,bridge_ijepa_150k_mlp_ep3_scene_graph_predq,,,owlv2_question_conditioned,false,bridge+augmentation,bridge (unaugmented),2000,1725,vqa_soft,52.7,53.45,-0.75,,,,,,,,,,outputs/eval/bridge_ijepa_150k_mlp_ep3_scene_graph_predq_records.json,98edaa785f48c4fbbbb451bddd5be65222f6081f9e50bed6a181c454b56a6ebf,,"legacy raw-prompt protocol: the answer span was never trained to stop, so exact is a cap artefact and vqa_soft was the reported metric"
legacy_locked2000:bridge_ijepa_150k_pool_ep1::bridge_ijepa_150k_pool_ep1::exact,legacy_raw_prompt_no_eos,raw_prompt_no_eos,local,,legacy_locked2000:bridge_ijepa_150k_pool_ep1,bridge_ijepa_150k_pool_ep1,eval_2000_qids,,locked_result,ijepa,pool32,,1,,,none,bridge_ijepa_150k_pool_ep1,,,,,bridge,text-only floor,2000,1725,exact,8.4,19.25,-10.85,,,,,,,,,,outputs/eval/bridge_ijepa_150k_pool_ep1_records.json,2ed4acc080b37edf9b5853a100045e98603bb3208c546d3bf8c16f26e2a26b89,,"legacy raw-prompt protocol: the answer span was never trained to stop, so exact is a cap artefact and vqa_soft was the reported metric"
legacy_locked2000:bridge_ijepa_150k_pool_ep1::bridge_ijepa_150k_pool_ep1::vqa_soft,legacy_raw_prompt_no_eos,raw_prompt_no_eos,local,,legacy_locked2000:bridge_ijepa_150k_pool_ep1,bridge_ijepa_150k_pool_ep1,eval_2000_qids,,locked_result,ijepa,pool32,,1,,,none,bridge_ijepa_150k_pool_ep1,,,,,bridge,text-only floor,2000,1725,vqa_soft,42.85,30.7,12.15,,,,,,,,,,outputs/eval/bridge_ijepa_150k_pool_ep1_records.json,2ed4acc080b37edf9b5853a100045e98603bb3208c546d3bf8c16f26e2a26b89,,"legacy raw-prompt protocol: the answer span was never trained to stop, so exact is a cap artefact and vqa_soft was the reported metric"
legacy_locked2000:bridge_ijepa_150k_pool_ep2::bridge_ijepa_150k_pool_ep2::exact,legacy_raw_prompt_no_eos,raw_prompt_no_eos,local,,legacy_locked2000:bridge_ijepa_150k_pool_ep2,bridge_ijepa_150k_pool_ep2,eval_2000_qids,,locked_result,ijepa,pool32,,2,,,none,bridge_ijepa_150k_pool_ep2,,,,,bridge,text-only floor,2000,1725,exact,1.8,19.25,-17.45,,,,,,,,,,outputs/eval/bridge_ijepa_150k_pool_ep2_records.json,d31b25a7d72fec2372b054a1945b1629c4eab6226aa23682abefdb48440918ee,,"legacy raw-prompt protocol: the answer span was never trained to stop, so exact is a cap artefact and vqa_soft was the reported metric"
legacy_locked2000:bridge_ijepa_150k_pool_ep2::bridge_ijepa_150k_pool_ep2::vqa_soft,legacy_raw_prompt_no_eos,raw_prompt_no_eos,local,,legacy_locked2000:bridge_ijepa_150k_pool_ep2,bridge_ijepa_150k_pool_ep2,eval_2000_qids,,locked_result,ijepa,pool32,,2,,,none,bridge_ijepa_150k_pool_ep2,,,,,bridge,text-only floor,2000,1725,vqa_soft,48,30.7,17.3,,,,,,,,,,outputs/eval/bridge_ijepa_150k_pool_ep2_records.json,d31b25a7d72fec2372b054a1945b1629c4eab6226aa23682abefdb48440918ee,,"legacy raw-prompt protocol: the answer span was never trained to stop, so exact is a cap artefact and vqa_soft was the reported metric"
legacy_locked2000:bridge_ijepa_150k_pool_ep3::bridge_ijepa_150k_pool_ep3::exact,legacy_raw_prompt_no_eos,raw_prompt_no_eos,local,,legacy_locked2000:bridge_ijepa_150k_pool_ep3,bridge_ijepa_150k_pool_ep3,eval_2000_qids,,locked_result,ijepa,pool32,,3,,,none,bridge_ijepa_150k_pool_ep3,,,,,bridge,text-only floor,2000,1725,exact,2.85,19.25,-16.4,,,,,,,,,,outputs/eval/bridge_ijepa_150k_pool_ep3_records.json,69352f285176f1a8973bcd3b976e46998d4280fc0a6600646d57a31d2c73d6f0,,"legacy raw-prompt protocol: the answer span was never trained to stop, so exact is a cap artefact and vqa_soft was the reported metric"
legacy_locked2000:bridge_ijepa_150k_pool_ep3::bridge_ijepa_150k_pool_ep3::vqa_soft,legacy_raw_prompt_no_eos,raw_prompt_no_eos,local,,legacy_locked2000:bridge_ijepa_150k_pool_ep3,bridge_ijepa_150k_pool_ep3,eval_2000_qids,,locked_result,ijepa,pool32,,3,,,none,bridge_ijepa_150k_pool_ep3,,,,,bridge,text-only floor,2000,1725,vqa_soft,50.15,30.7,19.45,,,,,,,,,,outputs/eval/bridge_ijepa_150k_pool_ep3_records.json,69352f285176f1a8973bcd3b976e46998d4280fc0a6600646d57a31d2c73d6f0,,"legacy raw-prompt protocol: the answer span was never trained to stop, so exact is a cap artefact and vqa_soft was the reported metric"
legacy_locked2000:bridge_ijepa_150k_shuf_ep1::bridge_ijepa_150k_shuf_ep1::exact,legacy_raw_prompt_no_eos,raw_prompt_no_eos,local,,legacy_locked2000:bridge_ijepa_150k_shuf_ep1,bridge_ijepa_150k_shuf_ep1,eval_2000_qids,,locked_result,ijepa,,,1,,,none,bridge_ijepa_150k_shuf_ep1,,,,,bridge,text-only floor,2000,1725,exact,22.1,19.25,2.85,,,,,,,,,,outputs/eval/bridge_ijepa_150k_shuf_ep1_records.json,e5da0983dc21e01d2e6d67edeb85f316c67759136f81074fc62f0170bd7729dd,,"legacy raw-prompt protocol: the answer span was never trained to stop, so exact is a cap artefact and vqa_soft was the reported metric"
legacy_locked2000:bridge_ijepa_150k_shuf_ep1::bridge_ijepa_150k_shuf_ep1::vqa_soft,legacy_raw_prompt_no_eos,raw_prompt_no_eos,local,,legacy_locked2000:bridge_ijepa_150k_shuf_ep1,bridge_ijepa_150k_shuf_ep1,eval_2000_qids,,locked_result,ijepa,,,1,,,none,bridge_ijepa_150k_shuf_ep1,,,,,bridge,text-only floor,2000,1725,vqa_soft,36.1,30.7,5.4,,,,,,,,,,outputs/eval/bridge_ijepa_150k_shuf_ep1_records.json,e5da0983dc21e01d2e6d67edeb85f316c67759136f81074fc62f0170bd7729dd,,"legacy raw-prompt protocol: the answer span was never trained to stop, so exact is a cap artefact and vqa_soft was the reported metric"
legacy_locked2000:bridge_ijepa_150k_shuf_ep2::bridge_ijepa_150k_shuf_ep2::exact,legacy_raw_prompt_no_eos,raw_prompt_no_eos,local,,legacy_locked2000:bridge_ijepa_150k_shuf_ep2,bridge_ijepa_150k_shuf_ep2,eval_2000_qids,,locked_result,ijepa,,,2,,,none,bridge_ijepa_150k_shuf_ep2,,,,,bridge,text-only floor,2000,1725,exact,28.2,19.25,8.95,,,,,,,,,,outputs/eval/bridge_ijepa_150k_shuf_ep2_records.json,9a9406656d9feaf62b1cc7781728b7564ef9f0e1394d1428852671859cdc1d5f,,"legacy raw-prompt protocol: the answer span was never trained to stop, so exact is a cap artefact and vqa_soft was the reported metric"
legacy_locked2000:bridge_ijepa_150k_shuf_ep2::bridge_ijepa_150k_shuf_ep2::vqa_soft,legacy_raw_prompt_no_eos,raw_prompt_no_eos,local,,legacy_locked2000:bridge_ijepa_150k_shuf_ep2,bridge_ijepa_150k_shuf_ep2,eval_2000_qids,,locked_result,ijepa,,,2,,,none,bridge_ijepa_150k_shuf_ep2,,,,,bridge,text-only floor,2000,1725,vqa_soft,38.35,30.7,7.65,,,,,,,,,,outputs/eval/bridge_ijepa_150k_shuf_ep2_records.json,9a9406656d9feaf62b1cc7781728b7564ef9f0e1394d1428852671859cdc1d5f,,"legacy raw-prompt protocol: the answer span was never trained to stop, so exact is a cap artefact and vqa_soft was the reported metric"
legacy_locked2000:bridge_ijepa_150k_shuf_ep3::bridge_ijepa_150k_shuf_ep3::exact,legacy_raw_prompt_no_eos,raw_prompt_no_eos,local,,legacy_locked2000:bridge_ijepa_150k_shuf_ep3,bridge_ijepa_150k_shuf_ep3,eval_2000_qids,,locked_result,ijepa,,,3,,,none,bridge_ijepa_150k_shuf_ep3,,,,,bridge,text-only floor,2000,1725,exact,25.65,19.25,6.4,,,,,,,,,,outputs/eval/bridge_ijepa_150k_shuf_ep3_records.json,86af95a3f3ca54b33851241502a3b1a2946a1777202fee9ffeab57cae7d535af,,"legacy raw-prompt protocol: the answer span was never trained to stop, so exact is a cap artefact and vqa_soft was the reported metric"
legacy_locked2000:bridge_ijepa_150k_shuf_ep3::bridge_ijepa_150k_shuf_ep3::vqa_soft,legacy_raw_prompt_no_eos,raw_prompt_no_eos,local,,legacy_locked2000:bridge_ijepa_150k_shuf_ep3,bridge_ijepa_150k_shuf_ep3,eval_2000_qids,,locked_result,ijepa,,,3,,,none,bridge_ijepa_150k_shuf_ep3,,,,,bridge,text-only floor,2000,1725,vqa_soft,38.85,30.7,8.15,,,,,,,,,,outputs/eval/bridge_ijepa_150k_shuf_ep3_records.json,86af95a3f3ca54b33851241502a3b1a2946a1777202fee9ffeab57cae7d535af,,"legacy raw-prompt protocol: the answer span was never trained to stop, so exact is a cap artefact and vqa_soft was the reported metric"
legacy_locked2000:bridge_ijepa_500k_ep1::bridge_ijepa_500k_ep1::exact,legacy_raw_prompt_no_eos,raw_prompt_no_eos,local,,legacy_locked2000:bridge_ijepa_500k_ep1,bridge_ijepa_500k_ep1,eval_2000_qids,,locked_result,ijepa,,,1,,,none,bridge_ijepa_500k_ep1,,,,,bridge,text-only floor,2000,1725,exact,22.95,19.25,3.7,,,,,,,,,,outputs/eval/bridge_ijepa_500k_ep1_records.json,955077becdb82eee0e7071d418d2bdac21668cf7b04a5f706d3ebce82d24d1ec,,"legacy raw-prompt protocol: the answer span was never trained to stop, so exact is a cap artefact and vqa_soft was the reported metric"
legacy_locked2000:bridge_ijepa_500k_ep1::bridge_ijepa_500k_ep1::vqa_soft,legacy_raw_prompt_no_eos,raw_prompt_no_eos,local,,legacy_locked2000:bridge_ijepa_500k_ep1,bridge_ijepa_500k_ep1,eval_2000_qids,,locked_result,ijepa,,,1,,,none,bridge_ijepa_500k_ep1,,,,,bridge,text-only floor,2000,1725,vqa_soft,38.45,30.7,7.75,,,,,,,,,,outputs/eval/bridge_ijepa_500k_ep1_records.json,955077becdb82eee0e7071d418d2bdac21668cf7b04a5f706d3ebce82d24d1ec,,"legacy raw-prompt protocol: the answer span was never trained to stop, so exact is a cap artefact and vqa_soft was the reported metric"
legacy_locked2000:bridge_ijepa_500k_ep2::bridge_ijepa_500k_ep2::exact,legacy_raw_prompt_no_eos,raw_prompt_no_eos,local,,legacy_locked2000:bridge_ijepa_500k_ep2,bridge_ijepa_500k_ep2,eval_2000_qids,,locked_result,ijepa,,,2,,,none,bridge_ijepa_500k_ep2,,,,,bridge,text-only floor,2000,1725,exact,14.2,19.25,-5.05,,,,,,,,,,outputs/eval/bridge_ijepa_500k_ep2_records.json,03ce21273add28911987062f4d4bb3b18f001e0f735330ebd3ad57227af760de,,"legacy raw-prompt protocol: the answer span was never trained to stop, so exact is a cap artefact and vqa_soft was the reported metric"
legacy_locked2000:bridge_ijepa_500k_ep2::bridge_ijepa_500k_ep2::vqa_soft,legacy_raw_prompt_no_eos,raw_prompt_no_eos,local,,legacy_locked2000:bridge_ijepa_500k_ep2,bridge_ijepa_500k_ep2,eval_2000_qids,,locked_result,ijepa,,,2,,,none,bridge_ijepa_500k_ep2,,,,,bridge,text-only floor,2000,1725,vqa_soft,39.2,30.7,8.5,,,,,,,,,,outputs/eval/bridge_ijepa_500k_ep2_records.json,03ce21273add28911987062f4d4bb3b18f001e0f735330ebd3ad57227af760de,,"legacy raw-prompt protocol: the answer span was never trained to stop, so exact is a cap artefact and vqa_soft was the reported metric"
legacy_locked2000:bridge_ijepa_500k_ep3::bridge_ijepa_500k_ep3::exact,legacy_raw_prompt_no_eos,raw_prompt_no_eos,local,,legacy_locked2000:bridge_ijepa_500k_ep3,bridge_ijepa_500k_ep3,eval_2000_qids,,locked_result,ijepa,,,3,,,none,bridge_ijepa_500k_ep3,,,,,bridge,text-only floor,2000,1725,exact,20.8,19.25,1.55,,,,,,,,,,outputs/eval/bridge_ijepa_500k_ep3_records.json,2d181c8103133e40f15f1b8a43202923feb4406dd14d58e569dd2add1395e330,,"legacy raw-prompt protocol: the answer span was never trained to stop, so exact is a cap artefact and vqa_soft was the reported metric"
legacy_locked2000:bridge_ijepa_500k_ep3::bridge_ijepa_500k_ep3::vqa_soft,legacy_raw_prompt_no_eos,raw_prompt_no_eos,local,,legacy_locked2000:bridge_ijepa_500k_ep3,bridge_ijepa_500k_ep3,eval_2000_qids,,locked_result,ijepa,,,3,,,none,bridge_ijepa_500k_ep3,,,,,bridge,text-only floor,2000,1725,vqa_soft,42.9,30.7,12.2,,,,,,,,,,outputs/eval/bridge_ijepa_500k_ep3_records.json,2d181c8103133e40f15f1b8a43202923feb4406dd14d58e569dd2add1395e330,,"legacy raw-prompt protocol: the answer span was never trained to stop, so exact is a cap artefact and vqa_soft was the reported metric"
legacy_locked2000:bridge_ijepa_500k_ep3_scene_graph::bridge_ijepa_500k_ep3_scene_graph::exact,legacy_raw_prompt_no_eos,raw_prompt_no_eos,local,,legacy_locked2000:bridge_ijepa_500k_ep3_scene_graph,bridge_ijepa_500k_ep3_scene_graph,eval_2000_qids,,locked_result,ijepa,,,3,,,scene_graph_oracle,bridge_ijepa_500k_ep3_scene_graph,,,gqa_ground_truth,true,bridge+augmentation,bridge (unaugmented),2000,1725,exact,47.55,20.8,26.75,,,,,,,,,,outputs/eval/bridge_ijepa_500k_ep3_scene_graph_records.json,d32d0205f7f63884410307e867e6b74af1d50f45a663d6a50130792369c59352,,"legacy raw-prompt protocol: the answer span was never trained to stop, so exact is a cap artefact and vqa_soft was the reported metric"
legacy_locked2000:bridge_ijepa_500k_ep3_scene_graph::bridge_ijepa_500k_ep3_scene_graph::vqa_soft,legacy_raw_prompt_no_eos,raw_prompt_no_eos,local,,legacy_locked2000:bridge_ijepa_500k_ep3_scene_graph,bridge_ijepa_500k_ep3_scene_graph,eval_2000_qids,,locked_result,ijepa,,,3,,,scene_graph_oracle,bridge_ijepa_500k_ep3_scene_graph,,,gqa_ground_truth,true,bridge+augmentation,bridge (unaugmented),2000,1725,vqa_soft,74.15,42.9,31.25,,,,,,,,,,outputs/eval/bridge_ijepa_500k_ep3_scene_graph_records.json,d32d0205f7f63884410307e867e6b74af1d50f45a663d6a50130792369c59352,,"legacy raw-prompt protocol: the answer span was never trained to stop, so exact is a cap artefact and vqa_soft was the reported metric"
legacy_locked2000:bridge_ijepa_500k_ep3_scene_graph_pred::bridge_ijepa_500k_ep3_scene_graph_pred::exact,legacy_raw_prompt_no_eos,raw_prompt_no_eos,local,,legacy_locked2000:bridge_ijepa_500k_ep3_scene_graph_pred,bridge_ijepa_500k_ep3_scene_graph_pred,eval_2000_qids,,locked_result,ijepa,,,3,,,scene_graph_predicted_owlv2,bridge_ijepa_500k_ep3_scene_graph_pred,,,owlv2,false,bridge+augmentation,bridge (unaugmented),2000,1725,exact,26.75,20.8,5.95,,,,,,,,,,outputs/eval/bridge_ijepa_500k_ep3_scene_graph_pred_records.json,dc6183c98503e4b48bfcf3fa61c2af77ee792f80d03d090973df1d763ba916d0,,"legacy raw-prompt protocol: the answer span was never trained to stop, so exact is a cap artefact and vqa_soft was the reported metric"
legacy_locked2000:bridge_ijepa_500k_ep3_scene_graph_pred::bridge_ijepa_500k_ep3_scene_graph_pred::vqa_soft,legacy_raw_prompt_no_eos,raw_prompt_no_eos,local,,legacy_locked2000:bridge_ijepa_500k_ep3_scene_graph_pred,bridge_ijepa_500k_ep3_scene_graph_pred,eval_2000_qids,,locked_result,ijepa,,,3,,,scene_graph_predicted_owlv2,bridge_ijepa_500k_ep3_scene_graph_pred,,,owlv2,false,bridge+augmentation,bridge (unaugmented),2000,1725,vqa_soft,40.6,42.9,-2.3,,,,,,,,,,outputs/eval/bridge_ijepa_500k_ep3_scene_graph_pred_records.json,dc6183c98503e4b48bfcf3fa61c2af77ee792f80d03d090973df1d763ba916d0,,"legacy raw-prompt protocol: the answer span was never trained to stop, so exact is a cap artefact and vqa_soft was the reported metric"
legacy_locked2000:bridge_ijepa_500k_ep3_scene_graph_predq::bridge_ijepa_500k_ep3_scene_graph_predq::exact,legacy_raw_prompt_no_eos,raw_prompt_no_eos,local,,legacy_locked2000:bridge_ijepa_500k_ep3_scene_graph_predq,bridge_ijepa_500k_ep3_scene_graph_predq,eval_2000_qids,,locked_result,ijepa,,,3,,,scene_graph_predicted_owlv2,bridge_ijepa_500k_ep3_scene_graph_predq,,,owlv2_question_conditioned,false,bridge+augmentation,bridge (unaugmented),2000,1725,exact,35.8,20.8,15,,,,,,,,,,outputs/eval/bridge_ijepa_500k_ep3_scene_graph_predq_records.json,41a0bd6026d548b6fb6347dae06754bdee598e6f8f2048e41a1b92b79d6113d5,,"legacy raw-prompt protocol: the answer span was never trained to stop, so exact is a cap artefact and vqa_soft was the reported metric"
legacy_locked2000:bridge_ijepa_500k_ep3_scene_graph_predq::bridge_ijepa_500k_ep3_scene_graph_predq::vqa_soft,legacy_raw_prompt_no_eos,raw_prompt_no_eos,local,,legacy_locked2000:bridge_ijepa_500k_ep3_scene_graph_predq,bridge_ijepa_500k_ep3_scene_graph_predq,eval_2000_qids,,locked_result,ijepa,,,3,,,scene_graph_predicted_owlv2,bridge_ijepa_500k_ep3_scene_graph_predq,,,owlv2_question_conditioned,false,bridge+augmentation,bridge (unaugmented),2000,1725,vqa_soft,45.7,42.9,2.8,,,,,,,,,,outputs/eval/bridge_ijepa_500k_ep3_scene_graph_predq_records.json,41a0bd6026d548b6fb6347dae06754bdee598e6f8f2048e41a1b92b79d6113d5,,"legacy raw-prompt protocol: the answer span was never trained to stop, so exact is a cap artefact and vqa_soft was the reported metric"
legacy_locked2000:bridge_ijepa_500k_ep4::bridge_ijepa_500k_ep4::exact,legacy_raw_prompt_no_eos,raw_prompt_no_eos,local,,legacy_locked2000:bridge_ijepa_500k_ep4,bridge_ijepa_500k_ep4,eval_2000_qids,,locked_result,ijepa,,,4,,,none,bridge_ijepa_500k_ep4,,,,,bridge,text-only floor,2000,1725,exact,9.5,19.25,-9.75,,,,,,,,,,outputs/eval/bridge_ijepa_500k_ep4_records.json,b3d2850b4f6a89aa76969f81320edabee9bd6a18a3a4c57dc64f88980b59021b,,"legacy raw-prompt protocol: the answer span was never trained to stop, so exact is a cap artefact and vqa_soft was the reported metric"
legacy_locked2000:bridge_ijepa_500k_ep4::bridge_ijepa_500k_ep4::vqa_soft,legacy_raw_prompt_no_eos,raw_prompt_no_eos,local,,legacy_locked2000:bridge_ijepa_500k_ep4,bridge_ijepa_500k_ep4,eval_2000_qids,,locked_result,ijepa,,,4,,,none,bridge_ijepa_500k_ep4,,,,,bridge,text-only floor,2000,1725,vqa_soft,42.3,30.7,11.6,,,,,,,,,,outputs/eval/bridge_ijepa_500k_ep4_records.json,b3d2850b4f6a89aa76969f81320edabee9bd6a18a3a4c57dc64f88980b59021b,,"legacy raw-prompt protocol: the answer span was never trained to stop, so exact is a cap artefact and vqa_soft was the reported metric"
legacy_locked2000:bridge_ijepa_500k_ep5::bridge_ijepa_500k_ep5::exact,legacy_raw_prompt_no_eos,raw_prompt_no_eos,local,,legacy_locked2000:bridge_ijepa_500k_ep5,bridge_ijepa_500k_ep5,eval_2000_qids,,locked_result,ijepa,,,5,,,none,bridge_ijepa_500k_ep5,,,,,bridge,text-only floor,2000,1725,exact,13.35,19.25,-5.9,,,,,,,,,,outputs/eval/bridge_ijepa_500k_ep5_records.json,1d4f913366001e1df94c1f6daced0edad771d83b09618757336ae50b49819fdf,,"legacy raw-prompt protocol: the answer span was never trained to stop, so exact is a cap artefact and vqa_soft was the reported metric"
legacy_locked2000:bridge_ijepa_500k_ep5::bridge_ijepa_500k_ep5::vqa_soft,legacy_raw_prompt_no_eos,raw_prompt_no_eos,local,,legacy_locked2000:bridge_ijepa_500k_ep5,bridge_ijepa_500k_ep5,eval_2000_qids,,locked_result,ijepa,,,5,,,none,bridge_ijepa_500k_ep5,,,,,bridge,text-only floor,2000,1725,vqa_soft,41.9,30.7,11.2,,,,,,,,,,outputs/eval/bridge_ijepa_500k_ep5_records.json,1d4f913366001e1df94c1f6daced0edad771d83b09618757336ae50b49819fdf,,"legacy raw-prompt protocol: the answer span was never trained to stop, so exact is a cap artefact and vqa_soft was the reported metric"
legacy_locked2000:bridge_ijepa_500k_ep6::bridge_ijepa_500k_ep6::exact,legacy_raw_prompt_no_eos,raw_prompt_no_eos,local,,legacy_locked2000:bridge_ijepa_500k_ep6,bridge_ijepa_500k_ep6,eval_2000_qids,,locked_result,ijepa,,,6,,,none,bridge_ijepa_500k_ep6,,,,,bridge,text-only floor,2000,1725,exact,12.55,19.25,-6.7,,,,,,,,,,outputs/eval/bridge_ijepa_500k_ep6_records.json,8ad8db46e8e20f48f17f7f0dfc04aab3b4a026f2a7614ed974f7340f491ef83d,,"legacy raw-prompt protocol: the answer span was never trained to stop, so exact is a cap artefact and vqa_soft was the reported metric"
legacy_locked2000:bridge_ijepa_500k_ep6::bridge_ijepa_500k_ep6::vqa_soft,legacy_raw_prompt_no_eos,raw_prompt_no_eos,local,,legacy_locked2000:bridge_ijepa_500k_ep6,bridge_ijepa_500k_ep6,eval_2000_qids,,locked_result,ijepa,,,6,,,none,bridge_ijepa_500k_ep6,,,,,bridge,text-only floor,2000,1725,vqa_soft,43.45,30.7,12.75,,,,,,,,,,outputs/eval/bridge_ijepa_500k_ep6_records.json,8ad8db46e8e20f48f17f7f0dfc04aab3b4a026f2a7614ed974f7340f491ef83d,,"legacy raw-prompt protocol: the answer span was never trained to stop, so exact is a cap artefact and vqa_soft was the reported metric"
legacy_rescore_locked2000:bridge_clip_150k_mlp_anchor_ep3::bridge_clip_150k_mlp_anchor_ep3::exact,legacy_raw_prompt_no_eos,raw_prompt_no_eos,cluster,,legacy_rescore_locked2000:bridge_clip_150k_mlp_anchor_ep3,bridge_clip_150k_mlp_anchor_ep3,eval_2000_qids,,locked_result,clip,mlp256,,3,,,none,bridge_clip_150k_mlp_anchor_ep3,,,,,bridge,text-only floor,2000,1725,exact,5.65,19.3,-13.65,,,,,,,,,,outputs/eval_phase2_rescore/locked2000/bridge_clip_150k_mlp_anchor_ep3_records.json,aec8883be000cda6a79b39a8c0a830de7a31150ab54ae861d8a164efcdac9ac4,,legacy records re-scored under the phase-2 metric sensitivity analysis; the generations are unchanged
legacy_rescore_locked2000:bridge_clip_150k_mlp_anchor_ep3::bridge_clip_150k_mlp_anchor_ep3::vqa_soft,legacy_raw_prompt_no_eos,raw_prompt_no_eos,cluster,,legacy_rescore_locked2000:bridge_clip_150k_mlp_anchor_ep3,bridge_clip_150k_mlp_anchor_ep3,eval_2000_qids,,locked_result,clip,mlp256,,3,,,none,bridge_clip_150k_mlp_anchor_ep3,,,,,bridge,text-only floor,2000,1725,vqa_soft,55.9,30.45,25.45,,,,,,,,,,outputs/eval_phase2_rescore/locked2000/bridge_clip_150k_mlp_anchor_ep3_records.json,aec8883be000cda6a79b39a8c0a830de7a31150ab54ae861d8a164efcdac9ac4,,legacy records re-scored under the phase-2 metric sensitivity analysis; the generations are unchanged
legacy_rescore_locked2000:bridge_clip_150k_mlp_tuned_ep3::bridge_clip_150k_mlp_tuned_ep3::exact,legacy_raw_prompt_no_eos,raw_prompt_no_eos,cluster,,legacy_rescore_locked2000:bridge_clip_150k_mlp_tuned_ep3,bridge_clip_150k_mlp_tuned_ep3,eval_2000_qids,,locked_result,clip,mlp256,,3,,,none,bridge_clip_150k_mlp_tuned_ep3,,,,,bridge,text-only floor,2000,1725,exact,1.9,19.3,-17.4,,,,,,,,,,outputs/eval_phase2_rescore/locked2000/bridge_clip_150k_mlp_tuned_ep3_records.json,e5f2810278441b93818cadd12b8d5c5d5ef2cbc52f6779a55ca48486e4510577,,legacy records re-scored under the phase-2 metric sensitivity analysis; the generations are unchanged
legacy_rescore_locked2000:bridge_clip_150k_mlp_tuned_ep3::bridge_clip_150k_mlp_tuned_ep3::vqa_soft,legacy_raw_prompt_no_eos,raw_prompt_no_eos,cluster,,legacy_rescore_locked2000:bridge_clip_150k_mlp_tuned_ep3,bridge_clip_150k_mlp_tuned_ep3,eval_2000_qids,,locked_result,clip,mlp256,,3,,,none,bridge_clip_150k_mlp_tuned_ep3,,,,,bridge,text-only floor,2000,1725,vqa_soft,54.75,30.45,24.3,,,,,,,,,,outputs/eval_phase2_rescore/locked2000/bridge_clip_150k_mlp_tuned_ep3_records.json,e5f2810278441b93818cadd12b8d5c5d5ef2cbc52f6779a55ca48486e4510577,,legacy records re-scored under the phase-2 metric sensitivity analysis; the generations are unchanged
legacy_rescore_locked2000:bridge_dinov2_150k_ep3::bridge_dinov2_150k_ep3::exact,legacy_raw_prompt_no_eos,raw_prompt_no_eos,cluster,,legacy_rescore_locked2000:bridge_dinov2_150k_ep3,bridge_dinov2_150k_ep3,eval_2000_qids,,locked_result,dinov2,,,3,,,none,bridge_dinov2_150k_ep3,,,,,bridge,text-only floor,2000,1725,exact,3.6,19.3,-15.7,,,,,,,,,,outputs/eval_phase2_rescore/locked2000/bridge_dinov2_150k_ep3_records.json,39b14fd5476f92bb3d53500774c1d84cb6bc36c76edd59b98cfa34c6392683fd,,legacy records re-scored under the phase-2 metric sensitivity analysis; the generations are unchanged
legacy_rescore_locked2000:bridge_dinov2_150k_ep3::bridge_dinov2_150k_ep3::vqa_soft,legacy_raw_prompt_no_eos,raw_prompt_no_eos,cluster,,legacy_rescore_locked2000:bridge_dinov2_150k_ep3,bridge_dinov2_150k_ep3,eval_2000_qids,,locked_result,dinov2,,,3,,,none,bridge_dinov2_150k_ep3,,,,,bridge,text-only floor,2000,1725,vqa_soft,47.3,30.45,16.85,,,,,,,,,,outputs/eval_phase2_rescore/locked2000/bridge_dinov2_150k_ep3_records.json,39b14fd5476f92bb3d53500774c1d84cb6bc36c76edd59b98cfa34c6392683fd,,legacy records re-scored under the phase-2 metric sensitivity analysis; the generations are unchanged
legacy_rescore_locked2000:bridge_dinov2_150k_mlp_ep3::bridge_dinov2_150k_mlp_ep3::exact,legacy_raw_prompt_no_eos,raw_prompt_no_eos,cluster,,legacy_rescore_locked2000:bridge_dinov2_150k_mlp_ep3,bridge_dinov2_150k_mlp_ep3,eval_2000_qids,,locked_result,dinov2,mlp256,,3,,,none,bridge_dinov2_150k_mlp_ep3,,,,,bridge,text-only floor,2000,1725,exact,13.25,19.3,-6.05,,,,,,,,,,outputs/eval_phase2_rescore/locked2000/bridge_dinov2_150k_mlp_ep3_records.json,a784fecbb5a9d530d23b5b072586ad36ba07a8cfbf933dce141a88afb5338b09,,legacy records re-scored under the phase-2 metric sensitivity analysis; the generations are unchanged
legacy_rescore_locked2000:bridge_dinov2_150k_mlp_ep3::bridge_dinov2_150k_mlp_ep3::vqa_soft,legacy_raw_prompt_no_eos,raw_prompt_no_eos,cluster,,legacy_rescore_locked2000:bridge_dinov2_150k_mlp_ep3,bridge_dinov2_150k_mlp_ep3,eval_2000_qids,,locked_result,dinov2,mlp256,,3,,,none,bridge_dinov2_150k_mlp_ep3,,,,,bridge,text-only floor,2000,1725,vqa_soft,52.15,30.45,21.7,,,,,,,,,,outputs/eval_phase2_rescore/locked2000/bridge_dinov2_150k_mlp_ep3_records.json,a784fecbb5a9d530d23b5b072586ad36ba07a8cfbf933dce141a88afb5338b09,,legacy records re-scored under the phase-2 metric sensitivity analysis; the generations are unchanged
legacy_rescore_locked2000:bridge_ijepa_150k_mlp_anchor_ep3::bridge_ijepa_150k_mlp_anchor_ep3::exact,legacy_raw_prompt_no_eos,raw_prompt_no_eos,cluster,,legacy_rescore_locked2000:bridge_ijepa_150k_mlp_anchor_ep3,bridge_ijepa_150k_mlp_anchor_ep3,eval_2000_qids,,locked_result,ijepa,mlp256,,3,,,none,bridge_ijepa_150k_mlp_anchor_ep3,,,,,bridge,text-only floor,2000,1725,exact,0.45,19.3,-18.85,,,,,,,,,,outputs/eval_phase2_rescore/locked2000/bridge_ijepa_150k_mlp_anchor_ep3_records.json,ed090ed281ef15fec4ec63781a51de20b0381db7ebb6c33b4ed37fb002c07ee4,,legacy records re-scored under the phase-2 metric sensitivity analysis; the generations are unchanged
legacy_rescore_locked2000:bridge_ijepa_150k_mlp_anchor_ep3::bridge_ijepa_150k_mlp_anchor_ep3::vqa_soft,legacy_raw_prompt_no_eos,raw_prompt_no_eos,cluster,,legacy_rescore_locked2000:bridge_ijepa_150k_mlp_anchor_ep3,bridge_ijepa_150k_mlp_anchor_ep3,eval_2000_qids,,locked_result,ijepa,mlp256,,3,,,none,bridge_ijepa_150k_mlp_anchor_ep3,,,,,bridge,text-only floor,2000,1725,vqa_soft,48.5,30.45,18.05,,,,,,,,,,outputs/eval_phase2_rescore/locked2000/bridge_ijepa_150k_mlp_anchor_ep3_records.json,ed090ed281ef15fec4ec63781a51de20b0381db7ebb6c33b4ed37fb002c07ee4,,legacy records re-scored under the phase-2 metric sensitivity analysis; the generations are unchanged
legacy_rescore_locked2000:bridge_ijepa_150k_mlp_tuned_ep3::bridge_ijepa_150k_mlp_tuned_ep3::exact,legacy_raw_prompt_no_eos,raw_prompt_no_eos,cluster,,legacy_rescore_locked2000:bridge_ijepa_150k_mlp_tuned_ep3,bridge_ijepa_150k_mlp_tuned_ep3,eval_2000_qids,,locked_result,ijepa,mlp256,,3,,,none,bridge_ijepa_150k_mlp_tuned_ep3,,,,,bridge,text-only floor,2000,1725,exact,0.45,19.3,-18.85,,,,,,,,,,outputs/eval_phase2_rescore/locked2000/bridge_ijepa_150k_mlp_tuned_ep3_records.json,a6c1ec2d4d7bccc613dad68c4756d543a0ee1151e1b9526f4bd37cb276d05b91,,legacy records re-scored under the phase-2 metric sensitivity analysis; the generations are unchanged
legacy_rescore_locked2000:bridge_ijepa_150k_mlp_tuned_ep3::bridge_ijepa_150k_mlp_tuned_ep3::vqa_soft,legacy_raw_prompt_no_eos,raw_prompt_no_eos,cluster,,legacy_rescore_locked2000:bridge_ijepa_150k_mlp_tuned_ep3,bridge_ijepa_150k_mlp_tuned_ep3,eval_2000_qids,,locked_result,ijepa,mlp256,,3,,,none,bridge_ijepa_150k_mlp_tuned_ep3,,,,,bridge,text-only floor,2000,1725,vqa_soft,48.3,30.45,17.85,,,,,,,,,,outputs/eval_phase2_rescore/locked2000/bridge_ijepa_150k_mlp_tuned_ep3_records.json,a6c1ec2d4d7bccc613dad68c4756d543a0ee1151e1b9526f4bd37cb276d05b91,,legacy records re-scored under the phase-2 metric sensitivity analysis; the generations are unchanged
legacy_rescore_locked2000:bridge_ijepa_500k_mlp_ep3::bridge_ijepa_500k_mlp_ep3::exact,legacy_raw_prompt_no_eos,raw_prompt_no_eos,cluster,,legacy_rescore_locked2000:bridge_ijepa_500k_mlp_ep3,bridge_ijepa_500k_mlp_ep3,eval_2000_qids,,locked_result,ijepa,mlp256,,3,,,none,bridge_ijepa_500k_mlp_ep3,,,,,bridge,text-only floor,2000,1725,exact,0.25,19.3,-19.05,,,,,,,,,,outputs/eval_phase2_rescore/locked2000/bridge_ijepa_500k_mlp_ep3_records.json,0eda621c455872fec02d9d36a657eb59681c668ec0d06b7c596fe0f6f8fdbacc,,legacy records re-scored under the phase-2 metric sensitivity analysis; the generations are unchanged
legacy_rescore_locked2000:bridge_ijepa_500k_mlp_ep3::bridge_ijepa_500k_mlp_ep3::vqa_soft,legacy_raw_prompt_no_eos,raw_prompt_no_eos,cluster,,legacy_rescore_locked2000:bridge_ijepa_500k_mlp_ep3,bridge_ijepa_500k_mlp_ep3,eval_2000_qids,,locked_result,ijepa,mlp256,,3,,,none,bridge_ijepa_500k_mlp_ep3,,,,,bridge,text-only floor,2000,1725,vqa_soft,52.5,30.45,22.05,,,,,,,,,,outputs/eval_phase2_rescore/locked2000/bridge_ijepa_500k_mlp_ep3_records.json,0eda621c455872fec02d9d36a657eb59681c668ec0d06b7c596fe0f6f8fdbacc,,legacy records re-scored under the phase-2 metric sensitivity analysis; the generations are unchanged
legacy_rescore_tune500:bridge_clip_150k_mlp_anchor_ep3_tune500::bridge_clip_150k_mlp_anchor_ep3_tune500::exact,legacy_raw_prompt_no_eos,raw_prompt_no_eos,cluster,,legacy_rescore_tune500:bridge_clip_150k_mlp_anchor_ep3_tune500,bridge_clip_150k_mlp_anchor_ep3_tune500,tune_500_qids,,development_result,clip,mlp256,,3,,,none,bridge_clip_150k_mlp_anchor_ep3_tune500,,,,,bridge,text-only floor,500,481,exact,5,21.4,-16.4,,,,,,,,,,outputs/eval_phase2_rescore/tune500/bridge_clip_150k_mlp_anchor_ep3_tune500_records.json,a686e83c2c6fba7eddfefbd356a372f1f2189c7074e48c2a2572a26e9f769a13,,legacy records re-scored under the phase-2 metric sensitivity analysis; the generations are unchanged
legacy_rescore_tune500:bridge_clip_150k_mlp_anchor_ep3_tune500::bridge_clip_150k_mlp_anchor_ep3_tune500::vqa_soft,legacy_raw_prompt_no_eos,raw_prompt_no_eos,cluster,,legacy_rescore_tune500:bridge_clip_150k_mlp_anchor_ep3_tune500,bridge_clip_150k_mlp_anchor_ep3_tune500,tune_500_qids,,development_result,clip,mlp256,,3,,,none,bridge_clip_150k_mlp_anchor_ep3_tune500,,,,,bridge,text-only floor,500,481,vqa_soft,54.8,30.8,24,,,,,,,,,,outputs/eval_phase2_rescore/tune500/bridge_clip_150k_mlp_anchor_ep3_tune500_records.json,a686e83c2c6fba7eddfefbd356a372f1f2189c7074e48c2a2572a26e9f769a13,,legacy records re-scored under the phase-2 metric sensitivity analysis; the generations are unchanged
legacy_rescore_tune500:bridge_clip_150k_mlp_tuned_ep3_tune500::bridge_clip_150k_mlp_tuned_ep3_tune500::exact,legacy_raw_prompt_no_eos,raw_prompt_no_eos,cluster,,legacy_rescore_tune500:bridge_clip_150k_mlp_tuned_ep3_tune500,bridge_clip_150k_mlp_tuned_ep3_tune500,tune_500_qids,,development_result,clip,mlp256,,3,,,none,bridge_clip_150k_mlp_tuned_ep3_tune500,,,,,bridge,text-only floor,500,481,exact,2,21.4,-19.4,,,,,,,,,,outputs/eval_phase2_rescore/tune500/bridge_clip_150k_mlp_tuned_ep3_tune500_records.json,707446a5d219f6736e7e2ed75aff69beb3964660e00313fc5699189f24b80484,,legacy records re-scored under the phase-2 metric sensitivity analysis; the generations are unchanged
legacy_rescore_tune500:bridge_clip_150k_mlp_tuned_ep3_tune500::bridge_clip_150k_mlp_tuned_ep3_tune500::vqa_soft,legacy_raw_prompt_no_eos,raw_prompt_no_eos,cluster,,legacy_rescore_tune500:bridge_clip_150k_mlp_tuned_ep3_tune500,bridge_clip_150k_mlp_tuned_ep3_tune500,tune_500_qids,,development_result,clip,mlp256,,3,,,none,bridge_clip_150k_mlp_tuned_ep3_tune500,,,,,bridge,text-only floor,500,481,vqa_soft,54,30.8,23.2,,,,,,,,,,outputs/eval_phase2_rescore/tune500/bridge_clip_150k_mlp_tuned_ep3_tune500_records.json,707446a5d219f6736e7e2ed75aff69beb3964660e00313fc5699189f24b80484,,legacy records re-scored under the phase-2 metric sensitivity analysis; the generations are unchanged
legacy_rescore_tune500:bridge_dinov2_150k_ep3_tune500::bridge_dinov2_150k_ep3_tune500::exact,legacy_raw_prompt_no_eos,raw_prompt_no_eos,cluster,,legacy_rescore_tune500:bridge_dinov2_150k_ep3_tune500,bridge_dinov2_150k_ep3_tune500,tune_500_qids,,development_result,dinov2,,,3,,,none,bridge_dinov2_150k_ep3_tune500,,,,,bridge,text-only floor,500,481,exact,5.4,21.4,-16,,,,,,,,,,outputs/eval_phase2_rescore/tune500/bridge_dinov2_150k_ep3_tune500_records.json,642922d1e46b306c4f2800d14b7a6e8e394e36250d286be5cae906d8ae99da3f,,legacy records re-scored under the phase-2 metric sensitivity analysis; the generations are unchanged
legacy_rescore_tune500:bridge_dinov2_150k_ep3_tune500::bridge_dinov2_150k_ep3_tune500::vqa_soft,legacy_raw_prompt_no_eos,raw_prompt_no_eos,cluster,,legacy_rescore_tune500:bridge_dinov2_150k_ep3_tune500,bridge_dinov2_150k_ep3_tune500,tune_500_qids,,development_result,dinov2,,,3,,,none,bridge_dinov2_150k_ep3_tune500,,,,,bridge,text-only floor,500,481,vqa_soft,45.2,30.8,14.4,,,,,,,,,,outputs/eval_phase2_rescore/tune500/bridge_dinov2_150k_ep3_tune500_records.json,642922d1e46b306c4f2800d14b7a6e8e394e36250d286be5cae906d8ae99da3f,,legacy records re-scored under the phase-2 metric sensitivity analysis; the generations are unchanged
legacy_rescore_tune500:bridge_dinov2_150k_mlp_ep3_tune500::bridge_dinov2_150k_mlp_ep3_tune500::exact,legacy_raw_prompt_no_eos,raw_prompt_no_eos,cluster,,legacy_rescore_tune500:bridge_dinov2_150k_mlp_ep3_tune500,bridge_dinov2_150k_mlp_ep3_tune500,tune_500_qids,,development_result,dinov2,mlp256,,3,,,none,bridge_dinov2_150k_mlp_ep3_tune500,,,,,bridge,text-only floor,500,481,exact,12.4,21.4,-9,,,,,,,,,,outputs/eval_phase2_rescore/tune500/bridge_dinov2_150k_mlp_ep3_tune500_records.json,df1ff9534b23496296dfa684d4112315662b9bdf484811765a0204727d6bf7a9,,legacy records re-scored under the phase-2 metric sensitivity analysis; the generations are unchanged
legacy_rescore_tune500:bridge_dinov2_150k_mlp_ep3_tune500::bridge_dinov2_150k_mlp_ep3_tune500::vqa_soft,legacy_raw_prompt_no_eos,raw_prompt_no_eos,cluster,,legacy_rescore_tune500:bridge_dinov2_150k_mlp_ep3_tune500,bridge_dinov2_150k_mlp_ep3_tune500,tune_500_qids,,development_result,dinov2,mlp256,,3,,,none,bridge_dinov2_150k_mlp_ep3_tune500,,,,,bridge,text-only floor,500,481,vqa_soft,52.4,30.8,21.6,,,,,,,,,,outputs/eval_phase2_rescore/tune500/bridge_dinov2_150k_mlp_ep3_tune500_records.json,df1ff9534b23496296dfa684d4112315662b9bdf484811765a0204727d6bf7a9,,legacy records re-scored under the phase-2 metric sensitivity analysis; the generations are unchanged
legacy_rescore_tune500:bridge_ijepa_150k_mlp_anchor_ep3_tune500::bridge_ijepa_150k_mlp_anchor_ep3_tune500::exact,legacy_raw_prompt_no_eos,raw_prompt_no_eos,cluster,,legacy_rescore_tune500:bridge_ijepa_150k_mlp_anchor_ep3_tune500,bridge_ijepa_150k_mlp_anchor_ep3_tune500,tune_500_qids,,development_result,ijepa,mlp256,,3,,,none,bridge_ijepa_150k_mlp_anchor_ep3_tune500,,,,,bridge,text-only floor,500,481,exact,0.2,21.4,-21.2,,,,,,,,,,outputs/eval_phase2_rescore/tune500/bridge_ijepa_150k_mlp_anchor_ep3_tune500_records.json,9a30940bad16697707402624ce0ad34270ae448a79e9586034fb3c1239dc2103,,legacy records re-scored under the phase-2 metric sensitivity analysis; the generations are unchanged
legacy_rescore_tune500:bridge_ijepa_150k_mlp_anchor_ep3_tune500::bridge_ijepa_150k_mlp_anchor_ep3_tune500::vqa_soft,legacy_raw_prompt_no_eos,raw_prompt_no_eos,cluster,,legacy_rescore_tune500:bridge_ijepa_150k_mlp_anchor_ep3_tune500,bridge_ijepa_150k_mlp_anchor_ep3_tune500,tune_500_qids,,development_result,ijepa,mlp256,,3,,,none,bridge_ijepa_150k_mlp_anchor_ep3_tune500,,,,,bridge,text-only floor,500,481,vqa_soft,50.4,30.8,19.6,,,,,,,,,,outputs/eval_phase2_rescore/tune500/bridge_ijepa_150k_mlp_anchor_ep3_tune500_records.json,9a30940bad16697707402624ce0ad34270ae448a79e9586034fb3c1239dc2103,,legacy records re-scored under the phase-2 metric sensitivity analysis; the generations are unchanged
legacy_rescore_tune500:bridge_ijepa_150k_mlp_tuned_ep3_tune500::bridge_ijepa_150k_mlp_tuned_ep3_tune500::exact,legacy_raw_prompt_no_eos,raw_prompt_no_eos,cluster,,legacy_rescore_tune500:bridge_ijepa_150k_mlp_tuned_ep3_tune500,bridge_ijepa_150k_mlp_tuned_ep3_tune500,tune_500_qids,,development_result,ijepa,mlp256,,3,,,none,bridge_ijepa_150k_mlp_tuned_ep3_tune500,,,,,bridge,text-only floor,500,481,exact,0.8,21.4,-20.6,,,,,,,,,,outputs/eval_phase2_rescore/tune500/bridge_ijepa_150k_mlp_tuned_ep3_tune500_records.json,6a7c6d013432530624f5d16fcda5e380a2f4749263a9f4f077bdde4d2757a418,,legacy records re-scored under the phase-2 metric sensitivity analysis; the generations are unchanged
legacy_rescore_tune500:bridge_ijepa_150k_mlp_tuned_ep3_tune500::bridge_ijepa_150k_mlp_tuned_ep3_tune500::vqa_soft,legacy_raw_prompt_no_eos,raw_prompt_no_eos,cluster,,legacy_rescore_tune500:bridge_ijepa_150k_mlp_tuned_ep3_tune500,bridge_ijepa_150k_mlp_tuned_ep3_tune500,tune_500_qids,,development_result,ijepa,mlp256,,3,,,none,bridge_ijepa_150k_mlp_tuned_ep3_tune500,,,,,bridge,text-only floor,500,481,vqa_soft,43.2,30.8,12.4,,,,,,,,,,outputs/eval_phase2_rescore/tune500/bridge_ijepa_150k_mlp_tuned_ep3_tune500_records.json,6a7c6d013432530624f5d16fcda5e380a2f4749263a9f4f077bdde4d2757a418,,legacy records re-scored under the phase-2 metric sensitivity analysis; the generations are unchanged
legacy_rescore_tune500:bridge_ijepa_500k_mlp_ep3_tune500::bridge_ijepa_500k_mlp_ep3_tune500::exact,legacy_raw_prompt_no_eos,raw_prompt_no_eos,cluster,,legacy_rescore_tune500:bridge_ijepa_500k_mlp_ep3_tune500,bridge_ijepa_500k_mlp_ep3_tune500,tune_500_qids,,development_result,ijepa,mlp256,,3,,,none,bridge_ijepa_500k_mlp_ep3_tune500,,,,,bridge,text-only floor,500,481,exact,0,21.4,-21.4,,,,,,,,,,outputs/eval_phase2_rescore/tune500/bridge_ijepa_500k_mlp_ep3_tune500_records.json,8a5be5102694d75eec04ee791e9ed73e70d2057b3ee307dae02cf20fd03eb301,,legacy records re-scored under the phase-2 metric sensitivity analysis; the generations are unchanged
legacy_rescore_tune500:bridge_ijepa_500k_mlp_ep3_tune500::bridge_ijepa_500k_mlp_ep3_tune500::vqa_soft,legacy_raw_prompt_no_eos,raw_prompt_no_eos,cluster,,legacy_rescore_tune500:bridge_ijepa_500k_mlp_ep3_tune500,bridge_ijepa_500k_mlp_ep3_tune500,tune_500_qids,,development_result,ijepa,mlp256,,3,,,none,bridge_ijepa_500k_mlp_ep3_tune500,,,,,bridge,text-only floor,500,481,vqa_soft,51.8,30.8,21,,,,,,,,,,outputs/eval_phase2_rescore/tune500/bridge_ijepa_500k_mlp_ep3_tune500_records.json,8a5be5102694d75eec04ee791e9ed73e70d2057b3ee307dae02cf20fd03eb301,,legacy records re-scored under the phase-2 metric sensitivity analysis; the generations are unchanged
legacy_tune500:bridge_clip_150k_mlp_anchor_ep3_tune500::bridge_clip_150k_mlp_anchor_ep3_tune500::exact,legacy_raw_prompt_no_eos,raw_prompt_no_eos,cluster,,legacy_tune500:bridge_clip_150k_mlp_anchor_ep3_tune500,bridge_clip_150k_mlp_anchor_ep3_tune500,tune_500_qids,,development_result,clip,mlp256,,3,,,none,bridge_clip_150k_mlp_anchor_ep3_tune500,,,,,bridge,text-only floor,500,481,exact,5,21.4,-16.4,,,,,,,,,,outputs/eval/tuning/bridge_clip_150k_mlp_anchor_ep3_tune500_records.json,a686e83c2c6fba7eddfefbd356a372f1f2189c7074e48c2a2572a26e9f769a13,,legacy protocol on the development tuning slice
legacy_tune500:bridge_clip_150k_mlp_anchor_ep3_tune500::bridge_clip_150k_mlp_anchor_ep3_tune500::vqa_soft,legacy_raw_prompt_no_eos,raw_prompt_no_eos,cluster,,legacy_tune500:bridge_clip_150k_mlp_anchor_ep3_tune500,bridge_clip_150k_mlp_anchor_ep3_tune500,tune_500_qids,,development_result,clip,mlp256,,3,,,none,bridge_clip_150k_mlp_anchor_ep3_tune500,,,,,bridge,text-only floor,500,481,vqa_soft,54.8,30.8,24,,,,,,,,,,outputs/eval/tuning/bridge_clip_150k_mlp_anchor_ep3_tune500_records.json,a686e83c2c6fba7eddfefbd356a372f1f2189c7074e48c2a2572a26e9f769a13,,legacy protocol on the development tuning slice
legacy_tune500:bridge_clip_150k_mlp_cont5_s42_v1_ep4_tune500::bridge_clip_150k_mlp_cont5_s42_v1_ep4_tune500::exact,legacy_raw_prompt_no_eos,raw_prompt_no_eos,local,,legacy_tune500:bridge_clip_150k_mlp_cont5_s42_v1_ep4_tune500,bridge_clip_150k_mlp_cont5_s42_v1_ep4_tune500,tune_500_qids,,development_result,clip,mlp256,42,4,,,none,bridge_clip_150k_mlp_cont5_s42_v1_ep4_tune500,,,,,bridge,text-only floor,500,481,exact,2.4,21.4,-19,,,,,,,,,,outputs/eval/tuning/bridge_clip_150k_mlp_cont5_s42_v1_ep4_tune500_records.json,2250a62e56382a7d27b1023fb6918c5819aa47b3d3283bbe5824b6b0e84b3c40,,legacy protocol on the development tuning slice
legacy_tune500:bridge_clip_150k_mlp_cont5_s42_v1_ep4_tune500::bridge_clip_150k_mlp_cont5_s42_v1_ep4_tune500::vqa_soft,legacy_raw_prompt_no_eos,raw_prompt_no_eos,local,,legacy_tune500:bridge_clip_150k_mlp_cont5_s42_v1_ep4_tune500,bridge_clip_150k_mlp_cont5_s42_v1_ep4_tune500,tune_500_qids,,development_result,clip,mlp256,42,4,,,none,bridge_clip_150k_mlp_cont5_s42_v1_ep4_tune500,,,,,bridge,text-only floor,500,481,vqa_soft,54,31.2,22.8,,,,,,,,,,outputs/eval/tuning/bridge_clip_150k_mlp_cont5_s42_v1_ep4_tune500_records.json,2250a62e56382a7d27b1023fb6918c5819aa47b3d3283bbe5824b6b0e84b3c40,,legacy protocol on the development tuning slice
legacy_tune500:bridge_clip_150k_mlp_cont5_s42_v1_ep5_tune500::bridge_clip_150k_mlp_cont5_s42_v1_ep5_tune500::exact,legacy_raw_prompt_no_eos,raw_prompt_no_eos,local,,legacy_tune500:bridge_clip_150k_mlp_cont5_s42_v1_ep5_tune500,bridge_clip_150k_mlp_cont5_s42_v1_ep5_tune500,tune_500_qids,,development_result,clip,mlp256,42,5,,,none,bridge_clip_150k_mlp_cont5_s42_v1_ep5_tune500,,,,,bridge,text-only floor,500,481,exact,0.4,21.4,-21,,,,,,,,,,outputs/eval/tuning/bridge_clip_150k_mlp_cont5_s42_v1_ep5_tune500_records.json,2593ab1e7a9cfa65fcff5945bfaac2ffd13f11b2a8b705d092b2b1f7b8b4ddcb,,legacy protocol on the development tuning slice
legacy_tune500:bridge_clip_150k_mlp_cont5_s42_v1_ep5_tune500::bridge_clip_150k_mlp_cont5_s42_v1_ep5_tune500::vqa_soft,legacy_raw_prompt_no_eos,raw_prompt_no_eos,local,,legacy_tune500:bridge_clip_150k_mlp_cont5_s42_v1_ep5_tune500,bridge_clip_150k_mlp_cont5_s42_v1_ep5_tune500,tune_500_qids,,development_result,clip,mlp256,42,5,,,none,bridge_clip_150k_mlp_cont5_s42_v1_ep5_tune500,,,,,bridge,text-only floor,500,481,vqa_soft,55.4,31.2,24.2,,,,,,,,,,outputs/eval/tuning/bridge_clip_150k_mlp_cont5_s42_v1_ep5_tune500_records.json,2593ab1e7a9cfa65fcff5945bfaac2ffd13f11b2a8b705d092b2b1f7b8b4ddcb,,legacy protocol on the development tuning slice
legacy_tune500:bridge_clip_150k_mlp_ep3_tune500::bridge_clip_150k_mlp_ep3_tune500::exact,legacy_raw_prompt_no_eos,raw_prompt_no_eos,local,,legacy_tune500:bridge_clip_150k_mlp_ep3_tune500,bridge_clip_150k_mlp_ep3_tune500,tune_500_qids,,development_result,clip,mlp256,,3,,,none,bridge_clip_150k_mlp_ep3_tune500,,,,,bridge,text-only floor,500,481,exact,0.2,21.4,-21.2,,,,,,,,,,outputs/eval/tuning/bridge_clip_150k_mlp_ep3_tune500_records.json,36bdca498ebd6dcd51c36279e1ed189d5f3a635fa080ca2502c6a6d2f723319e,,legacy protocol on the development tuning slice
legacy_tune500:bridge_clip_150k_mlp_ep3_tune500::bridge_clip_150k_mlp_ep3_tune500::vqa_soft,legacy_raw_prompt_no_eos,raw_prompt_no_eos,local,,legacy_tune500:bridge_clip_150k_mlp_ep3_tune500,bridge_clip_150k_mlp_ep3_tune500,tune_500_qids,,development_result,clip,mlp256,,3,,,none,bridge_clip_150k_mlp_ep3_tune500,,,,,bridge,text-only floor,500,481,vqa_soft,53,31.2,21.8,,,,,,,,,,outputs/eval/tuning/bridge_clip_150k_mlp_ep3_tune500_records.json,36bdca498ebd6dcd51c36279e1ed189d5f3a635fa080ca2502c6a6d2f723319e,,legacy protocol on the development tuning slice
legacy_tune500:bridge_clip_150k_mlp_ep3_tune500_mnt10::bridge_clip_150k_mlp_ep3_tune500_mnt10::exact,legacy_raw_prompt_no_eos,raw_prompt_no_eos,local,,legacy_tune500:bridge_clip_150k_mlp_ep3_tune500_mnt10,bridge_clip_150k_mlp_ep3_tune500_mnt10,tune_500_qids,,development_result,clip,mlp256,,3,,,none,bridge_clip_150k_mlp_ep3_tune500_mnt10,,,,,bridge,text-only floor,500,481,exact,0.2,21.4,-21.2,,,,,,,,,,outputs/eval/tuning/bridge_clip_150k_mlp_ep3_tune500_mnt10_records.json,36bdca498ebd6dcd51c36279e1ed189d5f3a635fa080ca2502c6a6d2f723319e,,legacy protocol on the development tuning slice
legacy_tune500:bridge_clip_150k_mlp_ep3_tune500_mnt10::bridge_clip_150k_mlp_ep3_tune500_mnt10::vqa_soft,legacy_raw_prompt_no_eos,raw_prompt_no_eos,local,,legacy_tune500:bridge_clip_150k_mlp_ep3_tune500_mnt10,bridge_clip_150k_mlp_ep3_tune500_mnt10,tune_500_qids,,development_result,clip,mlp256,,3,,,none,bridge_clip_150k_mlp_ep3_tune500_mnt10,,,,,bridge,text-only floor,500,481,vqa_soft,53,31.2,21.8,,,,,,,,,,outputs/eval/tuning/bridge_clip_150k_mlp_ep3_tune500_mnt10_records.json,36bdca498ebd6dcd51c36279e1ed189d5f3a635fa080ca2502c6a6d2f723319e,,legacy protocol on the development tuning slice
legacy_tune500:bridge_clip_150k_mlp_ep3_tune500_mnt32::bridge_clip_150k_mlp_ep3_tune500_mnt32::exact,legacy_raw_prompt_no_eos,raw_prompt_no_eos,local,,legacy_tune500:bridge_clip_150k_mlp_ep3_tune500_mnt32,bridge_clip_150k_mlp_ep3_tune500_mnt32,tune_500_qids,,development_result,clip,mlp256,,3,,,none,bridge_clip_150k_mlp_ep3_tune500_mnt32,,,,,bridge,text-only floor,500,481,exact,0.2,21.4,-21.2,,,,,,,,,,outputs/eval/tuning/bridge_clip_150k_mlp_ep3_tune500_mnt32_records.json,9d3250fbd25ce0407b9eabc7c162be4983fc6baa6612ce99c52e18b28a2d9a11,,legacy protocol on the development tuning slice
legacy_tune500:bridge_clip_150k_mlp_ep3_tune500_mnt32::bridge_clip_150k_mlp_ep3_tune500_mnt32::vqa_soft,legacy_raw_prompt_no_eos,raw_prompt_no_eos,local,,legacy_tune500:bridge_clip_150k_mlp_ep3_tune500_mnt32,bridge_clip_150k_mlp_ep3_tune500_mnt32,tune_500_qids,,development_result,clip,mlp256,,3,,,none,bridge_clip_150k_mlp_ep3_tune500_mnt32,,,,,bridge,text-only floor,500,481,vqa_soft,54.4,31.2,23.2,,,,,,,,,,outputs/eval/tuning/bridge_clip_150k_mlp_ep3_tune500_mnt32_records.json,9d3250fbd25ce0407b9eabc7c162be4983fc6baa6612ce99c52e18b28a2d9a11,,legacy protocol on the development tuning slice
legacy_tune500:bridge_clip_150k_mlp_tuned_ep3_tune500::bridge_clip_150k_mlp_tuned_ep3_tune500::exact,legacy_raw_prompt_no_eos,raw_prompt_no_eos,cluster,,legacy_tune500:bridge_clip_150k_mlp_tuned_ep3_tune500,bridge_clip_150k_mlp_tuned_ep3_tune500,tune_500_qids,,development_result,clip,mlp256,,3,,,none,bridge_clip_150k_mlp_tuned_ep3_tune500,,,,,bridge,text-only floor,500,481,exact,2,21.4,-19.4,,,,,,,,,,outputs/eval/tuning/bridge_clip_150k_mlp_tuned_ep3_tune500_records.json,707446a5d219f6736e7e2ed75aff69beb3964660e00313fc5699189f24b80484,,legacy protocol on the development tuning slice
legacy_tune500:bridge_clip_150k_mlp_tuned_ep3_tune500::bridge_clip_150k_mlp_tuned_ep3_tune500::vqa_soft,legacy_raw_prompt_no_eos,raw_prompt_no_eos,cluster,,legacy_tune500:bridge_clip_150k_mlp_tuned_ep3_tune500,bridge_clip_150k_mlp_tuned_ep3_tune500,tune_500_qids,,development_result,clip,mlp256,,3,,,none,bridge_clip_150k_mlp_tuned_ep3_tune500,,,,,bridge,text-only floor,500,481,vqa_soft,54,30.8,23.2,,,,,,,,,,outputs/eval/tuning/bridge_clip_150k_mlp_tuned_ep3_tune500_records.json,707446a5d219f6736e7e2ed75aff69beb3964660e00313fc5699189f24b80484,,legacy protocol on the development tuning slice
legacy_tune500:bridge_clip_500k_mlp_ep3_tune500::bridge_clip_500k_mlp_ep3_tune500::exact,legacy_raw_prompt_no_eos,raw_prompt_no_eos,cluster,,legacy_tune500:bridge_clip_500k_mlp_ep3_tune500,bridge_clip_500k_mlp_ep3_tune500,tune_500_qids,,development_result,clip,mlp256,,3,,,none,bridge_clip_500k_mlp_ep3_tune500,,,,,bridge,text-only floor,500,481,exact,0,21.4,-21.4,,,,,,,,,,outputs/eval/tuning/bridge_clip_500k_mlp_ep3_tune500_records.json,41ec7a32681983a3a4a8b1c0f9091d457adada760c1adc8c32b9077b6d3d2644,,legacy protocol on the development tuning slice
legacy_tune500:bridge_clip_500k_mlp_ep3_tune500::bridge_clip_500k_mlp_ep3_tune500::vqa_soft,legacy_raw_prompt_no_eos,raw_prompt_no_eos,cluster,,legacy_tune500:bridge_clip_500k_mlp_ep3_tune500,bridge_clip_500k_mlp_ep3_tune500,tune_500_qids,,development_result,clip,mlp256,,3,,,none,bridge_clip_500k_mlp_ep3_tune500,,,,,bridge,text-only floor,500,481,vqa_soft,56.8,30.8,26,,,,,,,,,,outputs/eval/tuning/bridge_clip_500k_mlp_ep3_tune500_records.json,41ec7a32681983a3a4a8b1c0f9091d457adada760c1adc8c32b9077b6d3d2644,,legacy protocol on the development tuning slice
legacy_tune500:bridge_dinov2_150k_ep3_tune500::bridge_dinov2_150k_ep3_tune500::exact,legacy_raw_prompt_no_eos,raw_prompt_no_eos,cluster,,legacy_tune500:bridge_dinov2_150k_ep3_tune500,bridge_dinov2_150k_ep3_tune500,tune_500_qids,,development_result,dinov2,,,3,,,none,bridge_dinov2_150k_ep3_tune500,,,,,bridge,text-only floor,500,481,exact,5.4,21.4,-16,,,,,,,,,,outputs/eval/tuning/bridge_dinov2_150k_ep3_tune500_records.json,642922d1e46b306c4f2800d14b7a6e8e394e36250d286be5cae906d8ae99da3f,,legacy protocol on the development tuning slice
legacy_tune500:bridge_dinov2_150k_ep3_tune500::bridge_dinov2_150k_ep3_tune500::vqa_soft,legacy_raw_prompt_no_eos,raw_prompt_no_eos,cluster,,legacy_tune500:bridge_dinov2_150k_ep3_tune500,bridge_dinov2_150k_ep3_tune500,tune_500_qids,,development_result,dinov2,,,3,,,none,bridge_dinov2_150k_ep3_tune500,,,,,bridge,text-only floor,500,481,vqa_soft,45.2,30.8,14.4,,,,,,,,,,outputs/eval/tuning/bridge_dinov2_150k_ep3_tune500_records.json,642922d1e46b306c4f2800d14b7a6e8e394e36250d286be5cae906d8ae99da3f,,legacy protocol on the development tuning slice
legacy_tune500:bridge_dinov2_150k_mlp_ep3_tune500::bridge_dinov2_150k_mlp_ep3_tune500::exact,legacy_raw_prompt_no_eos,raw_prompt_no_eos,cluster,,legacy_tune500:bridge_dinov2_150k_mlp_ep3_tune500,bridge_dinov2_150k_mlp_ep3_tune500,tune_500_qids,,development_result,dinov2,mlp256,,3,,,none,bridge_dinov2_150k_mlp_ep3_tune500,,,,,bridge,text-only floor,500,481,exact,12.4,21.4,-9,,,,,,,,,,outputs/eval/tuning/bridge_dinov2_150k_mlp_ep3_tune500_records.json,df1ff9534b23496296dfa684d4112315662b9bdf484811765a0204727d6bf7a9,,legacy protocol on the development tuning slice
legacy_tune500:bridge_dinov2_150k_mlp_ep3_tune500::bridge_dinov2_150k_mlp_ep3_tune500::vqa_soft,legacy_raw_prompt_no_eos,raw_prompt_no_eos,cluster,,legacy_tune500:bridge_dinov2_150k_mlp_ep3_tune500,bridge_dinov2_150k_mlp_ep3_tune500,tune_500_qids,,development_result,dinov2,mlp256,,3,,,none,bridge_dinov2_150k_mlp_ep3_tune500,,,,,bridge,text-only floor,500,481,vqa_soft,52.4,30.8,21.6,,,,,,,,,,outputs/eval/tuning/bridge_dinov2_150k_mlp_ep3_tune500_records.json,df1ff9534b23496296dfa684d4112315662b9bdf484811765a0204727d6bf7a9,,legacy protocol on the development tuning slice
legacy_tune500:bridge_ijepa_150k_mlp_anchor_ep3_tune500::bridge_ijepa_150k_mlp_anchor_ep3_tune500::exact,legacy_raw_prompt_no_eos,raw_prompt_no_eos,cluster,,legacy_tune500:bridge_ijepa_150k_mlp_anchor_ep3_tune500,bridge_ijepa_150k_mlp_anchor_ep3_tune500,tune_500_qids,,development_result,ijepa,mlp256,,3,,,none,bridge_ijepa_150k_mlp_anchor_ep3_tune500,,,,,bridge,text-only floor,500,481,exact,0.2,21.4,-21.2,,,,,,,,,,outputs/eval/tuning/bridge_ijepa_150k_mlp_anchor_ep3_tune500_records.json,9a30940bad16697707402624ce0ad34270ae448a79e9586034fb3c1239dc2103,,legacy protocol on the development tuning slice
legacy_tune500:bridge_ijepa_150k_mlp_anchor_ep3_tune500::bridge_ijepa_150k_mlp_anchor_ep3_tune500::vqa_soft,legacy_raw_prompt_no_eos,raw_prompt_no_eos,cluster,,legacy_tune500:bridge_ijepa_150k_mlp_anchor_ep3_tune500,bridge_ijepa_150k_mlp_anchor_ep3_tune500,tune_500_qids,,development_result,ijepa,mlp256,,3,,,none,bridge_ijepa_150k_mlp_anchor_ep3_tune500,,,,,bridge,text-only floor,500,481,vqa_soft,50.4,30.8,19.6,,,,,,,,,,outputs/eval/tuning/bridge_ijepa_150k_mlp_anchor_ep3_tune500_records.json,9a30940bad16697707402624ce0ad34270ae448a79e9586034fb3c1239dc2103,,legacy protocol on the development tuning slice
legacy_tune500:bridge_ijepa_150k_mlp_tuned_ep3_tune500::bridge_ijepa_150k_mlp_tuned_ep3_tune500::exact,legacy_raw_prompt_no_eos,raw_prompt_no_eos,cluster,,legacy_tune500:bridge_ijepa_150k_mlp_tuned_ep3_tune500,bridge_ijepa_150k_mlp_tuned_ep3_tune500,tune_500_qids,,development_result,ijepa,mlp256,,3,,,none,bridge_ijepa_150k_mlp_tuned_ep3_tune500,,,,,bridge,text-only floor,500,481,exact,0.8,21.4,-20.6,,,,,,,,,,outputs/eval/tuning/bridge_ijepa_150k_mlp_tuned_ep3_tune500_records.json,6a7c6d013432530624f5d16fcda5e380a2f4749263a9f4f077bdde4d2757a418,,legacy protocol on the development tuning slice
legacy_tune500:bridge_ijepa_150k_mlp_tuned_ep3_tune500::bridge_ijepa_150k_mlp_tuned_ep3_tune500::vqa_soft,legacy_raw_prompt_no_eos,raw_prompt_no_eos,cluster,,legacy_tune500:bridge_ijepa_150k_mlp_tuned_ep3_tune500,bridge_ijepa_150k_mlp_tuned_ep3_tune500,tune_500_qids,,development_result,ijepa,mlp256,,3,,,none,bridge_ijepa_150k_mlp_tuned_ep3_tune500,,,,,bridge,text-only floor,500,481,vqa_soft,43.2,30.8,12.4,,,,,,,,,,outputs/eval/tuning/bridge_ijepa_150k_mlp_tuned_ep3_tune500_records.json,6a7c6d013432530624f5d16fcda5e380a2f4749263a9f4f077bdde4d2757a418,,legacy protocol on the development tuning slice
legacy_tune500:bridge_ijepa_500k_ep3_scene_graph_pred::bridge_ijepa_500k_ep3_scene_graph_pred::exact,legacy_raw_prompt_no_eos,raw_prompt_no_eos,local,,legacy_tune500:bridge_ijepa_500k_ep3_scene_graph_pred,bridge_ijepa_500k_ep3_scene_graph_pred,tune_500_qids,,development_result,ijepa,,,3,,,scene_graph_predicted_owlv2,bridge_ijepa_500k_ep3_scene_graph_pred,,,owlv2,false,bridge+augmentation,bridge (unaugmented),500,481,exact,32.4,19.6,12.8,,,,,,,,,,outputs/eval/tuning/bridge_ijepa_500k_ep3_scene_graph_pred_records.json,1c0b39366284ceb538e7482806ea59c10ec8eab29ed9de1ddd5bdc076d6ef13b,,legacy protocol on the development tuning slice
legacy_tune500:bridge_ijepa_500k_ep3_scene_graph_pred::bridge_ijepa_500k_ep3_scene_graph_pred::vqa_soft,legacy_raw_prompt_no_eos,raw_prompt_no_eos,local,,legacy_tune500:bridge_ijepa_500k_ep3_scene_graph_pred,bridge_ijepa_500k_ep3_scene_graph_pred,tune_500_qids,,development_result,ijepa,,,3,,,scene_graph_predicted_owlv2,bridge_ijepa_500k_ep3_scene_graph_pred,,,owlv2,false,bridge+augmentation,bridge (unaugmented),500,481,vqa_soft,45,42,3,,,,,,,,,,outputs/eval/tuning/bridge_ijepa_500k_ep3_scene_graph_pred_records.json,1c0b39366284ceb538e7482806ea59c10ec8eab29ed9de1ddd5bdc076d6ef13b,,legacy protocol on the development tuning slice
legacy_tune500:bridge_ijepa_500k_ep3_scene_graph_predq::bridge_ijepa_500k_ep3_scene_graph_predq::exact,legacy_raw_prompt_no_eos,raw_prompt_no_eos,local,,legacy_tune500:bridge_ijepa_500k_ep3_scene_graph_predq,bridge_ijepa_500k_ep3_scene_graph_predq,tune_500_qids,,development_result,ijepa,,,3,,,scene_graph_predicted_owlv2,bridge_ijepa_500k_ep3_scene_graph_predq,,,owlv2_question_conditioned,false,bridge+augmentation,bridge (unaugmented),500,481,exact,36.4,19.6,16.8,,,,,,,,,,outputs/eval/tuning/bridge_ijepa_500k_ep3_scene_graph_predq_records.json,3b710977e90e82b4015947c075d953c08e0a5f9c410fcf199d2678674c4f44e4,,legacy protocol on the development tuning slice
legacy_tune500:bridge_ijepa_500k_ep3_scene_graph_predq::bridge_ijepa_500k_ep3_scene_graph_predq::vqa_soft,legacy_raw_prompt_no_eos,raw_prompt_no_eos,local,,legacy_tune500:bridge_ijepa_500k_ep3_scene_graph_predq,bridge_ijepa_500k_ep3_scene_graph_predq,tune_500_qids,,development_result,ijepa,,,3,,,scene_graph_predicted_owlv2,bridge_ijepa_500k_ep3_scene_graph_predq,,,owlv2_question_conditioned,false,bridge+augmentation,bridge (unaugmented),500,481,vqa_soft,47,42,5,,,,,,,,,,outputs/eval/tuning/bridge_ijepa_500k_ep3_scene_graph_predq_records.json,3b710977e90e82b4015947c075d953c08e0a5f9c410fcf199d2678674c4f44e4,,legacy protocol on the development tuning slice
legacy_tune500:bridge_ijepa_500k_ep3_scene_graph_predq_plain::bridge_ijepa_500k_ep3_scene_graph_predq_plain::exact,legacy_raw_prompt_no_eos,raw_prompt_no_eos,local,,legacy_tune500:bridge_ijepa_500k_ep3_scene_graph_predq_plain,bridge_ijepa_500k_ep3_scene_graph_predq_plain,tune_500_qids,,development_result,ijepa,,,3,,,none,bridge_ijepa_500k_ep3_scene_graph_predq_plain,,,,,bridge+augmentation,bridge (unaugmented),500,481,exact,30.2,19.6,10.6,,,,,,,,,,outputs/eval/tuning/bridge_ijepa_500k_ep3_scene_graph_predq_plain_records.json,9dc7b5f0b206fb272d589f152c6d1dddc7a9a16e86abb32085402212d8d4a6b8,,legacy protocol on the development tuning slice
legacy_tune500:bridge_ijepa_500k_ep3_scene_graph_predq_plain::bridge_ijepa_500k_ep3_scene_graph_predq_plain::vqa_soft,legacy_raw_prompt_no_eos,raw_prompt_no_eos,local,,legacy_tune500:bridge_ijepa_500k_ep3_scene_graph_predq_plain,bridge_ijepa_500k_ep3_scene_graph_predq_plain,tune_500_qids,,development_result,ijepa,,,3,,,none,bridge_ijepa_500k_ep3_scene_graph_predq_plain,,,,,bridge+augmentation,bridge (unaugmented),500,481,vqa_soft,45,42,3,,,,,,,,,,outputs/eval/tuning/bridge_ijepa_500k_ep3_scene_graph_predq_plain_records.json,9dc7b5f0b206fb272d589f152c6d1dddc7a9a16e86abb32085402212d8d4a6b8,,legacy protocol on the development tuning slice
legacy_tune500:bridge_ijepa_500k_mlp_ep3_tune500::bridge_ijepa_500k_mlp_ep3_tune500::exact,legacy_raw_prompt_no_eos,raw_prompt_no_eos,cluster,,legacy_tune500:bridge_ijepa_500k_mlp_ep3_tune500,bridge_ijepa_500k_mlp_ep3_tune500,tune_500_qids,,development_result,ijepa,mlp256,,3,,,none,bridge_ijepa_500k_mlp_ep3_tune500,,,,,bridge,text-only floor,500,481,exact,0,21.4,-21.4,,,,,,,,,,outputs/eval/tuning/bridge_ijepa_500k_mlp_ep3_tune500_records.json,8a5be5102694d75eec04ee791e9ed73e70d2057b3ee307dae02cf20fd03eb301,,legacy protocol on the development tuning slice
legacy_tune500:bridge_ijepa_500k_mlp_ep3_tune500::bridge_ijepa_500k_mlp_ep3_tune500::vqa_soft,legacy_raw_prompt_no_eos,raw_prompt_no_eos,cluster,,legacy_tune500:bridge_ijepa_500k_mlp_ep3_tune500,bridge_ijepa_500k_mlp_ep3_tune500,tune_500_qids,,development_result,ijepa,mlp256,,3,,,none,bridge_ijepa_500k_mlp_ep3_tune500,,,,,bridge,text-only floor,500,481,vqa_soft,51.8,30.8,21,,,,,,,,,,outputs/eval/tuning/bridge_ijepa_500k_mlp_ep3_tune500_records.json,8a5be5102694d75eec04ee791e9ed73e70d2057b3ee307dae02cf20fd03eb301,,legacy protocol on the development tuning slice
