result_id,evidence_layer,protocol,execution_environment,job_id,experiment_code,experiment_name,split,split_sha256,development_status,encoder,connector,seed,epoch,checkpoint,checkpoint_sha256,augmentation,original_run_name,input_mode,reason_mode,graph_source,oracle,model_arm,comparator_arm,n_questions,n_images,metric,model_score,comparator_score,effect,ci_lower,ci_upper,ci_level,bootstrap_unit,bootstrap_resamples,effect_excludes_zero,eos_rate,cap_rate,mean_generated_tokens,source_artifact,source_artifact_sha256,source_commit,notes
corrected_confirm3000:bridge_clip_w1_bf16_v1_ep5::bridge_clip_w1_bf16_v1_ep5__corrected_chatml_v1_eos__confirm_3000_qids__image_only__direct::exact,corrected_chatml_v1_eos,chatml_v1_supervised_eos,cluster,,corrected_confirm3000:bridge_clip_w1_bf16_v1_ep5,bridge_clip_w1_bf16_v1_ep5,confirm_3000_qids,,confirmatory_result,clip,mlp256,42,5,bridge_clip_w1_bf16_v1_ep5,,none,bridge_clip_w1_bf16_v1_ep5__corrected_chatml_v1_eos__confirm_3000_qids__image_only__direct,image_only,direct,,,bridge (vision),text-only floor,3000,3000,exact,51.333333,28.7,22.633333,,,,,,,100,0,2.245333,outputs/eval/confirm/bridge_clip_w1_bf16_v1_ep5__corrected_chatml_v1_eos__confirm_3000_qids__image_only__direct_records.json,96c14e93857e9e6072d4444baefd72141836ba3467d64c9909c06f3aa2eb088c,,corrected ChatML + supervised EOS; primary metric exact_full
corrected_confirm3000:bridge_clip_w1_bf16_v1_ep5::bridge_clip_w1_bf16_v1_ep5__corrected_chatml_v1_eos__confirm_3000_qids__image_only__direct::exact_full,corrected_chatml_v1_eos,chatml_v1_supervised_eos,cluster,,corrected_confirm3000:bridge_clip_w1_bf16_v1_ep5,bridge_clip_w1_bf16_v1_ep5,confirm_3000_qids,,confirmatory_result,clip,mlp256,42,5,bridge_clip_w1_bf16_v1_ep5,,none,bridge_clip_w1_bf16_v1_ep5__corrected_chatml_v1_eos__confirm_3000_qids__image_only__direct,image_only,direct,,,bridge (vision),text-only floor,3000,3000,exact_full,51.333333,28.7,22.633333,,,,,,,100,0,2.245333,outputs/eval/confirm/bridge_clip_w1_bf16_v1_ep5__corrected_chatml_v1_eos__confirm_3000_qids__image_only__direct_records.json,96c14e93857e9e6072d4444baefd72141836ba3467d64c9909c06f3aa2eb088c,,corrected ChatML + supervised EOS; primary metric exact_full
corrected_confirm3000:bridge_clip_w1_bf16_v1_ep5::bridge_clip_w1_bf16_v1_ep5__corrected_chatml_v1_eos__confirm_3000_qids__image_only__direct::vqa_soft,corrected_chatml_v1_eos,chatml_v1_supervised_eos,cluster,,corrected_confirm3000:bridge_clip_w1_bf16_v1_ep5,bridge_clip_w1_bf16_v1_ep5,confirm_3000_qids,,confirmatory_result,clip,mlp256,42,5,bridge_clip_w1_bf16_v1_ep5,,none,bridge_clip_w1_bf16_v1_ep5__corrected_chatml_v1_eos__confirm_3000_qids__image_only__direct,image_only,direct,,,bridge (vision),text-only floor,3000,3000,vqa_soft,52,31.466667,20.533333,,,,,,,100,0,2.245333,outputs/eval/confirm/bridge_clip_w1_bf16_v1_ep5__corrected_chatml_v1_eos__confirm_3000_qids__image_only__direct_records.json,96c14e93857e9e6072d4444baefd72141836ba3467d64c9909c06f3aa2eb088c,,corrected ChatML + supervised EOS; primary metric exact_full
corrected_confirm3000:bridge_clip_w1_s43_v1_ep5::bridge_clip_w1_s43_v1_ep5__corrected_chatml_v1_eos__confirm_3000_qids__image_only__direct::exact,corrected_chatml_v1_eos,chatml_v1_supervised_eos,cluster,,corrected_confirm3000:bridge_clip_w1_s43_v1_ep5,bridge_clip_w1_s43_v1_ep5,confirm_3000_qids,,confirmatory_result,clip,mlp256,43,5,bridge_clip_w1_s43_v1_ep5,,none,bridge_clip_w1_s43_v1_ep5__corrected_chatml_v1_eos__confirm_3000_qids__image_only__direct,image_only,direct,,,bridge (vision),text-only floor,3000,3000,exact,51.333333,28.7,22.633333,,,,,,,100,0,2.232667,outputs/eval/confirm/bridge_clip_w1_s43_v1_ep5__corrected_chatml_v1_eos__confirm_3000_qids__image_only__direct_records.json,ce1d7ac559cea10a508b962a17fbdf9a2066603fb0f48bc2a796e8f649fdc212,,corrected ChatML + supervised EOS; primary metric exact_full
corrected_confirm3000:bridge_clip_w1_s43_v1_ep5::bridge_clip_w1_s43_v1_ep5__corrected_chatml_v1_eos__confirm_3000_qids__image_only__direct::exact_full,corrected_chatml_v1_eos,chatml_v1_supervised_eos,cluster,,corrected_confirm3000:bridge_clip_w1_s43_v1_ep5,bridge_clip_w1_s43_v1_ep5,confirm_3000_qids,,confirmatory_result,clip,mlp256,43,5,bridge_clip_w1_s43_v1_ep5,,none,bridge_clip_w1_s43_v1_ep5__corrected_chatml_v1_eos__confirm_3000_qids__image_only__direct,image_only,direct,,,bridge (vision),text-only floor,3000,3000,exact_full,51.333333,28.7,22.633333,,,,,,,100,0,2.232667,outputs/eval/confirm/bridge_clip_w1_s43_v1_ep5__corrected_chatml_v1_eos__confirm_3000_qids__image_only__direct_records.json,ce1d7ac559cea10a508b962a17fbdf9a2066603fb0f48bc2a796e8f649fdc212,,corrected ChatML + supervised EOS; primary metric exact_full
corrected_confirm3000:bridge_clip_w1_s43_v1_ep5::bridge_clip_w1_s43_v1_ep5__corrected_chatml_v1_eos__confirm_3000_qids__image_only__direct::vqa_soft,corrected_chatml_v1_eos,chatml_v1_supervised_eos,cluster,,corrected_confirm3000:bridge_clip_w1_s43_v1_ep5,bridge_clip_w1_s43_v1_ep5,confirm_3000_qids,,confirmatory_result,clip,mlp256,43,5,bridge_clip_w1_s43_v1_ep5,,none,bridge_clip_w1_s43_v1_ep5__corrected_chatml_v1_eos__confirm_3000_qids__image_only__direct,image_only,direct,,,bridge (vision),text-only floor,3000,3000,vqa_soft,52.066667,31.466667,20.6,,,,,,,100,0,2.232667,outputs/eval/confirm/bridge_clip_w1_s43_v1_ep5__corrected_chatml_v1_eos__confirm_3000_qids__image_only__direct_records.json,ce1d7ac559cea10a508b962a17fbdf9a2066603fb0f48bc2a796e8f649fdc212,,corrected ChatML + supervised EOS; primary metric exact_full
corrected_confirm3000:bridge_clip_w1_s44_v1_ep5::bridge_clip_w1_s44_v1_ep5__corrected_chatml_v1_eos__confirm_3000_qids__image_only__direct::exact,corrected_chatml_v1_eos,chatml_v1_supervised_eos,cluster,,corrected_confirm3000:bridge_clip_w1_s44_v1_ep5,bridge_clip_w1_s44_v1_ep5,confirm_3000_qids,,confirmatory_result,clip,mlp256,44,5,bridge_clip_w1_s44_v1_ep5,,none,bridge_clip_w1_s44_v1_ep5__corrected_chatml_v1_eos__confirm_3000_qids__image_only__direct,image_only,direct,,,bridge (vision),text-only floor,3000,3000,exact,50.766667,28.7,22.066667,,,,,,,100,0,2.243,outputs/eval/confirm/bridge_clip_w1_s44_v1_ep5__corrected_chatml_v1_eos__confirm_3000_qids__image_only__direct_records.json,f93af65b6a230b464985e57418b692c4d85609181d99f530fae90c0531ba9f95,,corrected ChatML + supervised EOS; primary metric exact_full
corrected_confirm3000:bridge_clip_w1_s44_v1_ep5::bridge_clip_w1_s44_v1_ep5__corrected_chatml_v1_eos__confirm_3000_qids__image_only__direct::exact_full,corrected_chatml_v1_eos,chatml_v1_supervised_eos,cluster,,corrected_confirm3000:bridge_clip_w1_s44_v1_ep5,bridge_clip_w1_s44_v1_ep5,confirm_3000_qids,,confirmatory_result,clip,mlp256,44,5,bridge_clip_w1_s44_v1_ep5,,none,bridge_clip_w1_s44_v1_ep5__corrected_chatml_v1_eos__confirm_3000_qids__image_only__direct,image_only,direct,,,bridge (vision),text-only floor,3000,3000,exact_full,50.766667,28.7,22.066667,,,,,,,100,0,2.243,outputs/eval/confirm/bridge_clip_w1_s44_v1_ep5__corrected_chatml_v1_eos__confirm_3000_qids__image_only__direct_records.json,f93af65b6a230b464985e57418b692c4d85609181d99f530fae90c0531ba9f95,,corrected ChatML + supervised EOS; primary metric exact_full
corrected_confirm3000:bridge_clip_w1_s44_v1_ep5::bridge_clip_w1_s44_v1_ep5__corrected_chatml_v1_eos__confirm_3000_qids__image_only__direct::vqa_soft,corrected_chatml_v1_eos,chatml_v1_supervised_eos,cluster,,corrected_confirm3000:bridge_clip_w1_s44_v1_ep5,bridge_clip_w1_s44_v1_ep5,confirm_3000_qids,,confirmatory_result,clip,mlp256,44,5,bridge_clip_w1_s44_v1_ep5,,none,bridge_clip_w1_s44_v1_ep5__corrected_chatml_v1_eos__confirm_3000_qids__image_only__direct,image_only,direct,,,bridge (vision),text-only floor,3000,3000,vqa_soft,51.633333,31.466667,20.166667,,,,,,,100,0,2.243,outputs/eval/confirm/bridge_clip_w1_s44_v1_ep5__corrected_chatml_v1_eos__confirm_3000_qids__image_only__direct_records.json,f93af65b6a230b464985e57418b692c4d85609181d99f530fae90c0531ba9f95,,corrected ChatML + supervised EOS; primary metric exact_full
corrected_confirm3000:bridge_clip_w1pool_bf16_v1_ep5::bridge_clip_w1pool_bf16_v1_ep5__corrected_chatml_v1_eos__confirm_3000_qids__image_only__direct::exact,corrected_chatml_v1_eos,chatml_v1_supervised_eos,cluster,,corrected_confirm3000:bridge_clip_w1pool_bf16_v1_ep5,bridge_clip_w1pool_bf16_v1_ep5,confirm_3000_qids,,confirmatory_result,clip,pool32,42,5,bridge_clip_w1pool_bf16_v1_ep5,,none,bridge_clip_w1pool_bf16_v1_ep5__corrected_chatml_v1_eos__confirm_3000_qids__image_only__direct,image_only,direct,,,bridge (vision),text-only floor,3000,3000,exact,44.3,28.7,15.6,,,,,,,100,0,2.247333,outputs/eval/confirm/bridge_clip_w1pool_bf16_v1_ep5__corrected_chatml_v1_eos__confirm_3000_qids__image_only__direct_records.json,a3c54833b98f29809e82dfdb38daef4c56b924b8e4c840ad1111da1c2364dbc1,,corrected ChatML + supervised EOS; primary metric exact_full
corrected_confirm3000:bridge_clip_w1pool_bf16_v1_ep5::bridge_clip_w1pool_bf16_v1_ep5__corrected_chatml_v1_eos__confirm_3000_qids__image_only__direct::exact_full,corrected_chatml_v1_eos,chatml_v1_supervised_eos,cluster,,corrected_confirm3000:bridge_clip_w1pool_bf16_v1_ep5,bridge_clip_w1pool_bf16_v1_ep5,confirm_3000_qids,,confirmatory_result,clip,pool32,42,5,bridge_clip_w1pool_bf16_v1_ep5,,none,bridge_clip_w1pool_bf16_v1_ep5__corrected_chatml_v1_eos__confirm_3000_qids__image_only__direct,image_only,direct,,,bridge (vision),text-only floor,3000,3000,exact_full,44.3,28.7,15.6,,,,,,,100,0,2.247333,outputs/eval/confirm/bridge_clip_w1pool_bf16_v1_ep5__corrected_chatml_v1_eos__confirm_3000_qids__image_only__direct_records.json,a3c54833b98f29809e82dfdb38daef4c56b924b8e4c840ad1111da1c2364dbc1,,corrected ChatML + supervised EOS; primary metric exact_full
corrected_confirm3000:bridge_clip_w1pool_bf16_v1_ep5::bridge_clip_w1pool_bf16_v1_ep5__corrected_chatml_v1_eos__confirm_3000_qids__image_only__direct::vqa_soft,corrected_chatml_v1_eos,chatml_v1_supervised_eos,cluster,,corrected_confirm3000:bridge_clip_w1pool_bf16_v1_ep5,bridge_clip_w1pool_bf16_v1_ep5,confirm_3000_qids,,confirmatory_result,clip,pool32,42,5,bridge_clip_w1pool_bf16_v1_ep5,,none,bridge_clip_w1pool_bf16_v1_ep5__corrected_chatml_v1_eos__confirm_3000_qids__image_only__direct,image_only,direct,,,bridge (vision),text-only floor,3000,3000,vqa_soft,44.966667,31.466667,13.5,,,,,,,100,0,2.247333,outputs/eval/confirm/bridge_clip_w1pool_bf16_v1_ep5__corrected_chatml_v1_eos__confirm_3000_qids__image_only__direct_records.json,a3c54833b98f29809e82dfdb38daef4c56b924b8e4c840ad1111da1c2364dbc1,,corrected ChatML + supervised EOS; primary metric exact_full
corrected_confirm3000:bridge_clip_w1qf_bf16_v1_ep5::bridge_clip_w1qf_bf16_v1_ep5__corrected_chatml_v1_eos__confirm_3000_qids__image_only__direct::exact,corrected_chatml_v1_eos,chatml_v1_supervised_eos,cluster,,corrected_confirm3000:bridge_clip_w1qf_bf16_v1_ep5,bridge_clip_w1qf_bf16_v1_ep5,confirm_3000_qids,,confirmatory_result,clip,qformer32,42,5,bridge_clip_w1qf_bf16_v1_ep5,,none,bridge_clip_w1qf_bf16_v1_ep5__corrected_chatml_v1_eos__confirm_3000_qids__image_only__direct,image_only,direct,,,bridge (vision),text-only floor,3000,3000,exact,44.466667,28.7,15.766667,,,,,,,100,0,2.228,outputs/eval/confirm/bridge_clip_w1qf_bf16_v1_ep5__corrected_chatml_v1_eos__confirm_3000_qids__image_only__direct_records.json,637c1115802c88549d60fc7ce81412a906b14712e4d4952df67da23a464e5003,,corrected ChatML + supervised EOS; primary metric exact_full
corrected_confirm3000:bridge_clip_w1qf_bf16_v1_ep5::bridge_clip_w1qf_bf16_v1_ep5__corrected_chatml_v1_eos__confirm_3000_qids__image_only__direct::exact_full,corrected_chatml_v1_eos,chatml_v1_supervised_eos,cluster,,corrected_confirm3000:bridge_clip_w1qf_bf16_v1_ep5,bridge_clip_w1qf_bf16_v1_ep5,confirm_3000_qids,,confirmatory_result,clip,qformer32,42,5,bridge_clip_w1qf_bf16_v1_ep5,,none,bridge_clip_w1qf_bf16_v1_ep5__corrected_chatml_v1_eos__confirm_3000_qids__image_only__direct,image_only,direct,,,bridge (vision),text-only floor,3000,3000,exact_full,44.466667,28.7,15.766667,,,,,,,100,0,2.228,outputs/eval/confirm/bridge_clip_w1qf_bf16_v1_ep5__corrected_chatml_v1_eos__confirm_3000_qids__image_only__direct_records.json,637c1115802c88549d60fc7ce81412a906b14712e4d4952df67da23a464e5003,,corrected ChatML + supervised EOS; primary metric exact_full
corrected_confirm3000:bridge_clip_w1qf_bf16_v1_ep5::bridge_clip_w1qf_bf16_v1_ep5__corrected_chatml_v1_eos__confirm_3000_qids__image_only__direct::vqa_soft,corrected_chatml_v1_eos,chatml_v1_supervised_eos,cluster,,corrected_confirm3000:bridge_clip_w1qf_bf16_v1_ep5,bridge_clip_w1qf_bf16_v1_ep5,confirm_3000_qids,,confirmatory_result,clip,qformer32,42,5,bridge_clip_w1qf_bf16_v1_ep5,,none,bridge_clip_w1qf_bf16_v1_ep5__corrected_chatml_v1_eos__confirm_3000_qids__image_only__direct,image_only,direct,,,bridge (vision),text-only floor,3000,3000,vqa_soft,45.166667,31.466667,13.7,,,,,,,100,0,2.228,outputs/eval/confirm/bridge_clip_w1qf_bf16_v1_ep5__corrected_chatml_v1_eos__confirm_3000_qids__image_only__direct_records.json,637c1115802c88549d60fc7ce81412a906b14712e4d4952df67da23a464e5003,,corrected ChatML + supervised EOS; primary metric exact_full
corrected_confirm3000:bridge_clip_w1qf_ext7_v1_ep6::bridge_clip_w1qf_ext7_v1_ep6__corrected_chatml_v1_eos__confirm_3000_qids__image_only__direct::exact,corrected_chatml_v1_eos,chatml_v1_supervised_eos,cluster,,corrected_confirm3000:bridge_clip_w1qf_ext7_v1_ep6,bridge_clip_w1qf_ext7_v1_ep6,confirm_3000_qids,,confirmatory_result,clip,qformer32,42,6,bridge_clip_w1qf_ext7_v1_ep6,,none,bridge_clip_w1qf_ext7_v1_ep6__corrected_chatml_v1_eos__confirm_3000_qids__image_only__direct,image_only,direct,,,bridge (vision),text-only floor,3000,3000,exact,44.8,28.7,16.1,,,,,,,100,0,2.241,outputs/eval/confirm/bridge_clip_w1qf_ext7_v1_ep6__corrected_chatml_v1_eos__confirm_3000_qids__image_only__direct_records.json,45b9f2b25b81447e4f058f463df3ce32b702c2d7cf88d19b87a43b90bb27eb9a,,corrected ChatML + supervised EOS; primary metric exact_full
corrected_confirm3000:bridge_clip_w1qf_ext7_v1_ep6::bridge_clip_w1qf_ext7_v1_ep6__corrected_chatml_v1_eos__confirm_3000_qids__image_only__direct::exact_full,corrected_chatml_v1_eos,chatml_v1_supervised_eos,cluster,,corrected_confirm3000:bridge_clip_w1qf_ext7_v1_ep6,bridge_clip_w1qf_ext7_v1_ep6,confirm_3000_qids,,confirmatory_result,clip,qformer32,42,6,bridge_clip_w1qf_ext7_v1_ep6,,none,bridge_clip_w1qf_ext7_v1_ep6__corrected_chatml_v1_eos__confirm_3000_qids__image_only__direct,image_only,direct,,,bridge (vision),text-only floor,3000,3000,exact_full,44.8,28.7,16.1,,,,,,,100,0,2.241,outputs/eval/confirm/bridge_clip_w1qf_ext7_v1_ep6__corrected_chatml_v1_eos__confirm_3000_qids__image_only__direct_records.json,45b9f2b25b81447e4f058f463df3ce32b702c2d7cf88d19b87a43b90bb27eb9a,,corrected ChatML + supervised EOS; primary metric exact_full
corrected_confirm3000:bridge_clip_w1qf_ext7_v1_ep6::bridge_clip_w1qf_ext7_v1_ep6__corrected_chatml_v1_eos__confirm_3000_qids__image_only__direct::vqa_soft,corrected_chatml_v1_eos,chatml_v1_supervised_eos,cluster,,corrected_confirm3000:bridge_clip_w1qf_ext7_v1_ep6,bridge_clip_w1qf_ext7_v1_ep6,confirm_3000_qids,,confirmatory_result,clip,qformer32,42,6,bridge_clip_w1qf_ext7_v1_ep6,,none,bridge_clip_w1qf_ext7_v1_ep6__corrected_chatml_v1_eos__confirm_3000_qids__image_only__direct,image_only,direct,,,bridge (vision),text-only floor,3000,3000,vqa_soft,45.566667,31.466667,14.1,,,,,,,100,0,2.241,outputs/eval/confirm/bridge_clip_w1qf_ext7_v1_ep6__corrected_chatml_v1_eos__confirm_3000_qids__image_only__direct_records.json,45b9f2b25b81447e4f058f463df3ce32b702c2d7cf88d19b87a43b90bb27eb9a,,corrected ChatML + supervised EOS; primary metric exact_full
corrected_confirm3000:bridge_clip_w1qf_ext7_v1_ep7::bridge_clip_w1qf_ext7_v1_ep7__corrected_chatml_v1_eos__confirm_3000_qids__image_only__direct::exact,corrected_chatml_v1_eos,chatml_v1_supervised_eos,cluster,,corrected_confirm3000:bridge_clip_w1qf_ext7_v1_ep7,bridge_clip_w1qf_ext7_v1_ep7,confirm_3000_qids,,confirmatory_result,clip,qformer32,42,7,bridge_clip_w1qf_ext7_v1_ep7,,none,bridge_clip_w1qf_ext7_v1_ep7__corrected_chatml_v1_eos__confirm_3000_qids__image_only__direct,image_only,direct,,,bridge (vision),text-only floor,3000,3000,exact,44.466667,28.7,15.766667,,,,,,,100,0,2.220667,outputs/eval/confirm/bridge_clip_w1qf_ext7_v1_ep7__corrected_chatml_v1_eos__confirm_3000_qids__image_only__direct_records.json,b0063d196a45b13f74ab9e6ae90106d968c7873414ba181836dee4d4ad0544fe,,corrected ChatML + supervised EOS; primary metric exact_full
corrected_confirm3000:bridge_clip_w1qf_ext7_v1_ep7::bridge_clip_w1qf_ext7_v1_ep7__corrected_chatml_v1_eos__confirm_3000_qids__image_only__direct::exact_full,corrected_chatml_v1_eos,chatml_v1_supervised_eos,cluster,,corrected_confirm3000:bridge_clip_w1qf_ext7_v1_ep7,bridge_clip_w1qf_ext7_v1_ep7,confirm_3000_qids,,confirmatory_result,clip,qformer32,42,7,bridge_clip_w1qf_ext7_v1_ep7,,none,bridge_clip_w1qf_ext7_v1_ep7__corrected_chatml_v1_eos__confirm_3000_qids__image_only__direct,image_only,direct,,,bridge (vision),text-only floor,3000,3000,exact_full,44.466667,28.7,15.766667,,,,,,,100,0,2.220667,outputs/eval/confirm/bridge_clip_w1qf_ext7_v1_ep7__corrected_chatml_v1_eos__confirm_3000_qids__image_only__direct_records.json,b0063d196a45b13f74ab9e6ae90106d968c7873414ba181836dee4d4ad0544fe,,corrected ChatML + supervised EOS; primary metric exact_full
corrected_confirm3000:bridge_clip_w1qf_ext7_v1_ep7::bridge_clip_w1qf_ext7_v1_ep7__corrected_chatml_v1_eos__confirm_3000_qids__image_only__direct::vqa_soft,corrected_chatml_v1_eos,chatml_v1_supervised_eos,cluster,,corrected_confirm3000:bridge_clip_w1qf_ext7_v1_ep7,bridge_clip_w1qf_ext7_v1_ep7,confirm_3000_qids,,confirmatory_result,clip,qformer32,42,7,bridge_clip_w1qf_ext7_v1_ep7,,none,bridge_clip_w1qf_ext7_v1_ep7__corrected_chatml_v1_eos__confirm_3000_qids__image_only__direct,image_only,direct,,,bridge (vision),text-only floor,3000,3000,vqa_soft,45.033333,31.466667,13.566667,,,,,,,100,0,2.220667,outputs/eval/confirm/bridge_clip_w1qf_ext7_v1_ep7__corrected_chatml_v1_eos__confirm_3000_qids__image_only__direct_records.json,b0063d196a45b13f74ab9e6ae90106d968c7873414ba181836dee4d4ad0544fe,,corrected ChatML + supervised EOS; primary metric exact_full
corrected_confirm3000:bridge_clip_w1qf_s43_v1_ep5::bridge_clip_w1qf_s43_v1_ep5__corrected_chatml_v1_eos__confirm_3000_qids__image_only__direct::exact,corrected_chatml_v1_eos,chatml_v1_supervised_eos,cluster,,corrected_confirm3000:bridge_clip_w1qf_s43_v1_ep5,bridge_clip_w1qf_s43_v1_ep5,confirm_3000_qids,,confirmatory_result,clip,qformer32,43,5,bridge_clip_w1qf_s43_v1_ep5,,none,bridge_clip_w1qf_s43_v1_ep5__corrected_chatml_v1_eos__confirm_3000_qids__image_only__direct,image_only,direct,,,bridge (vision),text-only floor,3000,3000,exact,42.533333,28.7,13.833333,,,,,,,100,0,2.230667,outputs/eval/confirm/bridge_clip_w1qf_s43_v1_ep5__corrected_chatml_v1_eos__confirm_3000_qids__image_only__direct_records.json,a1932606d7b6af59ec4fd98036296cc79c38532d7592cf71d920f48e6d8a581f,,corrected ChatML + supervised EOS; primary metric exact_full
corrected_confirm3000:bridge_clip_w1qf_s43_v1_ep5::bridge_clip_w1qf_s43_v1_ep5__corrected_chatml_v1_eos__confirm_3000_qids__image_only__direct::exact_full,corrected_chatml_v1_eos,chatml_v1_supervised_eos,cluster,,corrected_confirm3000:bridge_clip_w1qf_s43_v1_ep5,bridge_clip_w1qf_s43_v1_ep5,confirm_3000_qids,,confirmatory_result,clip,qformer32,43,5,bridge_clip_w1qf_s43_v1_ep5,,none,bridge_clip_w1qf_s43_v1_ep5__corrected_chatml_v1_eos__confirm_3000_qids__image_only__direct,image_only,direct,,,bridge (vision),text-only floor,3000,3000,exact_full,42.533333,28.7,13.833333,,,,,,,100,0,2.230667,outputs/eval/confirm/bridge_clip_w1qf_s43_v1_ep5__corrected_chatml_v1_eos__confirm_3000_qids__image_only__direct_records.json,a1932606d7b6af59ec4fd98036296cc79c38532d7592cf71d920f48e6d8a581f,,corrected ChatML + supervised EOS; primary metric exact_full
corrected_confirm3000:bridge_clip_w1qf_s43_v1_ep5::bridge_clip_w1qf_s43_v1_ep5__corrected_chatml_v1_eos__confirm_3000_qids__image_only__direct::vqa_soft,corrected_chatml_v1_eos,chatml_v1_supervised_eos,cluster,,corrected_confirm3000:bridge_clip_w1qf_s43_v1_ep5,bridge_clip_w1qf_s43_v1_ep5,confirm_3000_qids,,confirmatory_result,clip,qformer32,43,5,bridge_clip_w1qf_s43_v1_ep5,,none,bridge_clip_w1qf_s43_v1_ep5__corrected_chatml_v1_eos__confirm_3000_qids__image_only__direct,image_only,direct,,,bridge (vision),text-only floor,3000,3000,vqa_soft,42.9,31.466667,11.433333,,,,,,,100,0,2.230667,outputs/eval/confirm/bridge_clip_w1qf_s43_v1_ep5__corrected_chatml_v1_eos__confirm_3000_qids__image_only__direct_records.json,a1932606d7b6af59ec4fd98036296cc79c38532d7592cf71d920f48e6d8a581f,,corrected ChatML + supervised EOS; primary metric exact_full
corrected_confirm3000:bridge_clip_w1qf_s44_v1_ep5::bridge_clip_w1qf_s44_v1_ep5__corrected_chatml_v1_eos__confirm_3000_qids__image_only__direct::exact,corrected_chatml_v1_eos,chatml_v1_supervised_eos,cluster,,corrected_confirm3000:bridge_clip_w1qf_s44_v1_ep5,bridge_clip_w1qf_s44_v1_ep5,confirm_3000_qids,,confirmatory_result,clip,qformer32,44,5,bridge_clip_w1qf_s44_v1_ep5,,none,bridge_clip_w1qf_s44_v1_ep5__corrected_chatml_v1_eos__confirm_3000_qids__image_only__direct,image_only,direct,,,bridge (vision),text-only floor,3000,3000,exact,44.1,28.7,15.4,,,,,,,100,0,2.223,outputs/eval/confirm/bridge_clip_w1qf_s44_v1_ep5__corrected_chatml_v1_eos__confirm_3000_qids__image_only__direct_records.json,2c8ed5b64a6f335fadcbdee685f41da68f6d60cace003d1cf9f9203c1c4b7ae0,,corrected ChatML + supervised EOS; primary metric exact_full
corrected_confirm3000:bridge_clip_w1qf_s44_v1_ep5::bridge_clip_w1qf_s44_v1_ep5__corrected_chatml_v1_eos__confirm_3000_qids__image_only__direct::exact_full,corrected_chatml_v1_eos,chatml_v1_supervised_eos,cluster,,corrected_confirm3000:bridge_clip_w1qf_s44_v1_ep5,bridge_clip_w1qf_s44_v1_ep5,confirm_3000_qids,,confirmatory_result,clip,qformer32,44,5,bridge_clip_w1qf_s44_v1_ep5,,none,bridge_clip_w1qf_s44_v1_ep5__corrected_chatml_v1_eos__confirm_3000_qids__image_only__direct,image_only,direct,,,bridge (vision),text-only floor,3000,3000,exact_full,44.1,28.7,15.4,,,,,,,100,0,2.223,outputs/eval/confirm/bridge_clip_w1qf_s44_v1_ep5__corrected_chatml_v1_eos__confirm_3000_qids__image_only__direct_records.json,2c8ed5b64a6f335fadcbdee685f41da68f6d60cace003d1cf9f9203c1c4b7ae0,,corrected ChatML + supervised EOS; primary metric exact_full
corrected_confirm3000:bridge_clip_w1qf_s44_v1_ep5::bridge_clip_w1qf_s44_v1_ep5__corrected_chatml_v1_eos__confirm_3000_qids__image_only__direct::vqa_soft,corrected_chatml_v1_eos,chatml_v1_supervised_eos,cluster,,corrected_confirm3000:bridge_clip_w1qf_s44_v1_ep5,bridge_clip_w1qf_s44_v1_ep5,confirm_3000_qids,,confirmatory_result,clip,qformer32,44,5,bridge_clip_w1qf_s44_v1_ep5,,none,bridge_clip_w1qf_s44_v1_ep5__corrected_chatml_v1_eos__confirm_3000_qids__image_only__direct,image_only,direct,,,bridge (vision),text-only floor,3000,3000,vqa_soft,44.6,31.466667,13.133333,,,,,,,100,0,2.223,outputs/eval/confirm/bridge_clip_w1qf_s44_v1_ep5__corrected_chatml_v1_eos__confirm_3000_qids__image_only__direct_records.json,2c8ed5b64a6f335fadcbdee685f41da68f6d60cace003d1cf9f9203c1c4b7ae0,,corrected ChatML + supervised EOS; primary metric exact_full
corrected_confirm3000:bridge_dinov2_w1_bf16_v1_ep5::bridge_dinov2_w1_bf16_v1_ep5__corrected_chatml_v1_eos__confirm_3000_qids__image_only__direct::exact,corrected_chatml_v1_eos,chatml_v1_supervised_eos,cluster,,corrected_confirm3000:bridge_dinov2_w1_bf16_v1_ep5,bridge_dinov2_w1_bf16_v1_ep5,confirm_3000_qids,,confirmatory_result,dinov2,mlp256,42,5,bridge_dinov2_w1_bf16_v1_ep5,,none,bridge_dinov2_w1_bf16_v1_ep5__corrected_chatml_v1_eos__confirm_3000_qids__image_only__direct,image_only,direct,,,bridge (vision),text-only floor,3000,3000,exact,49.933333,28.7,21.233333,,,,,,,100,0,2.255333,outputs/eval/confirm/bridge_dinov2_w1_bf16_v1_ep5__corrected_chatml_v1_eos__confirm_3000_qids__image_only__direct_records.json,bde09261717910aba1c8c7492dde9b8f69e3ddeb6be08a2a740ba082389e2f13,,corrected ChatML + supervised EOS; primary metric exact_full
corrected_confirm3000:bridge_dinov2_w1_bf16_v1_ep5::bridge_dinov2_w1_bf16_v1_ep5__corrected_chatml_v1_eos__confirm_3000_qids__image_only__direct::exact_full,corrected_chatml_v1_eos,chatml_v1_supervised_eos,cluster,,corrected_confirm3000:bridge_dinov2_w1_bf16_v1_ep5,bridge_dinov2_w1_bf16_v1_ep5,confirm_3000_qids,,confirmatory_result,dinov2,mlp256,42,5,bridge_dinov2_w1_bf16_v1_ep5,,none,bridge_dinov2_w1_bf16_v1_ep5__corrected_chatml_v1_eos__confirm_3000_qids__image_only__direct,image_only,direct,,,bridge (vision),text-only floor,3000,3000,exact_full,49.933333,28.7,21.233333,,,,,,,100,0,2.255333,outputs/eval/confirm/bridge_dinov2_w1_bf16_v1_ep5__corrected_chatml_v1_eos__confirm_3000_qids__image_only__direct_records.json,bde09261717910aba1c8c7492dde9b8f69e3ddeb6be08a2a740ba082389e2f13,,corrected ChatML + supervised EOS; primary metric exact_full
corrected_confirm3000:bridge_dinov2_w1_bf16_v1_ep5::bridge_dinov2_w1_bf16_v1_ep5__corrected_chatml_v1_eos__confirm_3000_qids__image_only__direct::vqa_soft,corrected_chatml_v1_eos,chatml_v1_supervised_eos,cluster,,corrected_confirm3000:bridge_dinov2_w1_bf16_v1_ep5,bridge_dinov2_w1_bf16_v1_ep5,confirm_3000_qids,,confirmatory_result,dinov2,mlp256,42,5,bridge_dinov2_w1_bf16_v1_ep5,,none,bridge_dinov2_w1_bf16_v1_ep5__corrected_chatml_v1_eos__confirm_3000_qids__image_only__direct,image_only,direct,,,bridge (vision),text-only floor,3000,3000,vqa_soft,50.766667,31.466667,19.3,,,,,,,100,0,2.255333,outputs/eval/confirm/bridge_dinov2_w1_bf16_v1_ep5__corrected_chatml_v1_eos__confirm_3000_qids__image_only__direct_records.json,bde09261717910aba1c8c7492dde9b8f69e3ddeb6be08a2a740ba082389e2f13,,corrected ChatML + supervised EOS; primary metric exact_full
corrected_confirm3000:bridge_dinov2_w1qf_bf16_v1_ep5::bridge_dinov2_w1qf_bf16_v1_ep5__corrected_chatml_v1_eos__confirm_3000_qids__image_only__direct::exact,corrected_chatml_v1_eos,chatml_v1_supervised_eos,cluster,,corrected_confirm3000:bridge_dinov2_w1qf_bf16_v1_ep5,bridge_dinov2_w1qf_bf16_v1_ep5,confirm_3000_qids,,confirmatory_result,dinov2,qformer32,42,5,bridge_dinov2_w1qf_bf16_v1_ep5,,none,bridge_dinov2_w1qf_bf16_v1_ep5__corrected_chatml_v1_eos__confirm_3000_qids__image_only__direct,image_only,direct,,,bridge (vision),text-only floor,3000,3000,exact,43.833333,28.7,15.133333,,,,,,,100,0,2.228333,outputs/eval/confirm/bridge_dinov2_w1qf_bf16_v1_ep5__corrected_chatml_v1_eos__confirm_3000_qids__image_only__direct_records.json,044ae768dc1d475e3b49a71ffcb4186f09e8ee1eb74cf12194c3d07ef0fb5f58,,corrected ChatML + supervised EOS; primary metric exact_full
corrected_confirm3000:bridge_dinov2_w1qf_bf16_v1_ep5::bridge_dinov2_w1qf_bf16_v1_ep5__corrected_chatml_v1_eos__confirm_3000_qids__image_only__direct::exact_full,corrected_chatml_v1_eos,chatml_v1_supervised_eos,cluster,,corrected_confirm3000:bridge_dinov2_w1qf_bf16_v1_ep5,bridge_dinov2_w1qf_bf16_v1_ep5,confirm_3000_qids,,confirmatory_result,dinov2,qformer32,42,5,bridge_dinov2_w1qf_bf16_v1_ep5,,none,bridge_dinov2_w1qf_bf16_v1_ep5__corrected_chatml_v1_eos__confirm_3000_qids__image_only__direct,image_only,direct,,,bridge (vision),text-only floor,3000,3000,exact_full,43.833333,28.7,15.133333,,,,,,,100,0,2.228333,outputs/eval/confirm/bridge_dinov2_w1qf_bf16_v1_ep5__corrected_chatml_v1_eos__confirm_3000_qids__image_only__direct_records.json,044ae768dc1d475e3b49a71ffcb4186f09e8ee1eb74cf12194c3d07ef0fb5f58,,corrected ChatML + supervised EOS; primary metric exact_full
corrected_confirm3000:bridge_dinov2_w1qf_bf16_v1_ep5::bridge_dinov2_w1qf_bf16_v1_ep5__corrected_chatml_v1_eos__confirm_3000_qids__image_only__direct::vqa_soft,corrected_chatml_v1_eos,chatml_v1_supervised_eos,cluster,,corrected_confirm3000:bridge_dinov2_w1qf_bf16_v1_ep5,bridge_dinov2_w1qf_bf16_v1_ep5,confirm_3000_qids,,confirmatory_result,dinov2,qformer32,42,5,bridge_dinov2_w1qf_bf16_v1_ep5,,none,bridge_dinov2_w1qf_bf16_v1_ep5__corrected_chatml_v1_eos__confirm_3000_qids__image_only__direct,image_only,direct,,,bridge (vision),text-only floor,3000,3000,vqa_soft,44.466667,31.466667,13,,,,,,,100,0,2.228333,outputs/eval/confirm/bridge_dinov2_w1qf_bf16_v1_ep5__corrected_chatml_v1_eos__confirm_3000_qids__image_only__direct_records.json,044ae768dc1d475e3b49a71ffcb4186f09e8ee1eb74cf12194c3d07ef0fb5f58,,corrected ChatML + supervised EOS; primary metric exact_full
corrected_confirm3000:bridge_ijepa_w1_bf16_v1_ep5::bridge_ijepa_w1_bf16_v1_ep5__corrected_chatml_v1_eos__confirm_3000_qids__image_only__direct::exact,corrected_chatml_v1_eos,chatml_v1_supervised_eos,cluster,,corrected_confirm3000:bridge_ijepa_w1_bf16_v1_ep5,bridge_ijepa_w1_bf16_v1_ep5,confirm_3000_qids,,confirmatory_result,ijepa,mlp256,42,5,bridge_ijepa_w1_bf16_v1_ep5,,none,bridge_ijepa_w1_bf16_v1_ep5__corrected_chatml_v1_eos__confirm_3000_qids__image_only__direct,image_only,direct,,,bridge (vision),text-only floor,3000,3000,exact,45.366667,28.7,16.666667,,,,,,,100,0,2.259667,outputs/eval/confirm/bridge_ijepa_w1_bf16_v1_ep5__corrected_chatml_v1_eos__confirm_3000_qids__image_only__direct_records.json,56b4b9c05eb075bbd2984c1e45e9d1bfa878dc82d5d7da201a49ea84b9b6cf04,,corrected ChatML + supervised EOS; primary metric exact_full
corrected_confirm3000:bridge_ijepa_w1_bf16_v1_ep5::bridge_ijepa_w1_bf16_v1_ep5__corrected_chatml_v1_eos__confirm_3000_qids__image_only__direct::exact_full,corrected_chatml_v1_eos,chatml_v1_supervised_eos,cluster,,corrected_confirm3000:bridge_ijepa_w1_bf16_v1_ep5,bridge_ijepa_w1_bf16_v1_ep5,confirm_3000_qids,,confirmatory_result,ijepa,mlp256,42,5,bridge_ijepa_w1_bf16_v1_ep5,,none,bridge_ijepa_w1_bf16_v1_ep5__corrected_chatml_v1_eos__confirm_3000_qids__image_only__direct,image_only,direct,,,bridge (vision),text-only floor,3000,3000,exact_full,45.366667,28.7,16.666667,,,,,,,100,0,2.259667,outputs/eval/confirm/bridge_ijepa_w1_bf16_v1_ep5__corrected_chatml_v1_eos__confirm_3000_qids__image_only__direct_records.json,56b4b9c05eb075bbd2984c1e45e9d1bfa878dc82d5d7da201a49ea84b9b6cf04,,corrected ChatML + supervised EOS; primary metric exact_full
corrected_confirm3000:bridge_ijepa_w1_bf16_v1_ep5::bridge_ijepa_w1_bf16_v1_ep5__corrected_chatml_v1_eos__confirm_3000_qids__image_only__direct::vqa_soft,corrected_chatml_v1_eos,chatml_v1_supervised_eos,cluster,,corrected_confirm3000:bridge_ijepa_w1_bf16_v1_ep5,bridge_ijepa_w1_bf16_v1_ep5,confirm_3000_qids,,confirmatory_result,ijepa,mlp256,42,5,bridge_ijepa_w1_bf16_v1_ep5,,none,bridge_ijepa_w1_bf16_v1_ep5__corrected_chatml_v1_eos__confirm_3000_qids__image_only__direct,image_only,direct,,,bridge (vision),text-only floor,3000,3000,vqa_soft,46.233333,31.466667,14.766667,,,,,,,100,0,2.259667,outputs/eval/confirm/bridge_ijepa_w1_bf16_v1_ep5__corrected_chatml_v1_eos__confirm_3000_qids__image_only__direct_records.json,56b4b9c05eb075bbd2984c1e45e9d1bfa878dc82d5d7da201a49ea84b9b6cf04,,corrected ChatML + supervised EOS; primary metric exact_full
corrected_confirm3000:bridge_ijepa_w1_s43_v1_ep5::bridge_ijepa_w1_s43_v1_ep5__corrected_chatml_v1_eos__confirm_3000_qids__image_only__direct::exact,corrected_chatml_v1_eos,chatml_v1_supervised_eos,cluster,,corrected_confirm3000:bridge_ijepa_w1_s43_v1_ep5,bridge_ijepa_w1_s43_v1_ep5,confirm_3000_qids,,confirmatory_result,ijepa,mlp256,43,5,bridge_ijepa_w1_s43_v1_ep5,,none,bridge_ijepa_w1_s43_v1_ep5__corrected_chatml_v1_eos__confirm_3000_qids__image_only__direct,image_only,direct,,,bridge (vision),text-only floor,3000,3000,exact,44.733333,28.7,16.033333,,,,,,,100,0,2.243333,outputs/eval/confirm/bridge_ijepa_w1_s43_v1_ep5__corrected_chatml_v1_eos__confirm_3000_qids__image_only__direct_records.json,64483c3a9af8540099653e09c541370d4ef2da93c613fe0ee491782d9f9e8802,,corrected ChatML + supervised EOS; primary metric exact_full
corrected_confirm3000:bridge_ijepa_w1_s43_v1_ep5::bridge_ijepa_w1_s43_v1_ep5__corrected_chatml_v1_eos__confirm_3000_qids__image_only__direct::exact_full,corrected_chatml_v1_eos,chatml_v1_supervised_eos,cluster,,corrected_confirm3000:bridge_ijepa_w1_s43_v1_ep5,bridge_ijepa_w1_s43_v1_ep5,confirm_3000_qids,,confirmatory_result,ijepa,mlp256,43,5,bridge_ijepa_w1_s43_v1_ep5,,none,bridge_ijepa_w1_s43_v1_ep5__corrected_chatml_v1_eos__confirm_3000_qids__image_only__direct,image_only,direct,,,bridge (vision),text-only floor,3000,3000,exact_full,44.733333,28.7,16.033333,,,,,,,100,0,2.243333,outputs/eval/confirm/bridge_ijepa_w1_s43_v1_ep5__corrected_chatml_v1_eos__confirm_3000_qids__image_only__direct_records.json,64483c3a9af8540099653e09c541370d4ef2da93c613fe0ee491782d9f9e8802,,corrected ChatML + supervised EOS; primary metric exact_full
corrected_confirm3000:bridge_ijepa_w1_s43_v1_ep5::bridge_ijepa_w1_s43_v1_ep5__corrected_chatml_v1_eos__confirm_3000_qids__image_only__direct::vqa_soft,corrected_chatml_v1_eos,chatml_v1_supervised_eos,cluster,,corrected_confirm3000:bridge_ijepa_w1_s43_v1_ep5,bridge_ijepa_w1_s43_v1_ep5,confirm_3000_qids,,confirmatory_result,ijepa,mlp256,43,5,bridge_ijepa_w1_s43_v1_ep5,,none,bridge_ijepa_w1_s43_v1_ep5__corrected_chatml_v1_eos__confirm_3000_qids__image_only__direct,image_only,direct,,,bridge (vision),text-only floor,3000,3000,vqa_soft,45.533333,31.466667,14.066667,,,,,,,100,0,2.243333,outputs/eval/confirm/bridge_ijepa_w1_s43_v1_ep5__corrected_chatml_v1_eos__confirm_3000_qids__image_only__direct_records.json,64483c3a9af8540099653e09c541370d4ef2da93c613fe0ee491782d9f9e8802,,corrected ChatML + supervised EOS; primary metric exact_full
corrected_confirm3000:bridge_ijepa_w1_s44_v1_ep5::bridge_ijepa_w1_s44_v1_ep5__corrected_chatml_v1_eos__confirm_3000_qids__image_only__direct::exact,corrected_chatml_v1_eos,chatml_v1_supervised_eos,cluster,,corrected_confirm3000:bridge_ijepa_w1_s44_v1_ep5,bridge_ijepa_w1_s44_v1_ep5,confirm_3000_qids,,confirmatory_result,ijepa,mlp256,44,5,bridge_ijepa_w1_s44_v1_ep5,,none,bridge_ijepa_w1_s44_v1_ep5__corrected_chatml_v1_eos__confirm_3000_qids__image_only__direct,image_only,direct,,,bridge (vision),text-only floor,3000,3000,exact,43.566667,28.7,14.866667,,,,,,,100,0,2.252,outputs/eval/confirm/bridge_ijepa_w1_s44_v1_ep5__corrected_chatml_v1_eos__confirm_3000_qids__image_only__direct_records.json,5e1d7ba818c298c68cfb21a789e44ed9d094779fc2ecffdc9ba67c0f09f714b4,,corrected ChatML + supervised EOS; primary metric exact_full
corrected_confirm3000:bridge_ijepa_w1_s44_v1_ep5::bridge_ijepa_w1_s44_v1_ep5__corrected_chatml_v1_eos__confirm_3000_qids__image_only__direct::exact_full,corrected_chatml_v1_eos,chatml_v1_supervised_eos,cluster,,corrected_confirm3000:bridge_ijepa_w1_s44_v1_ep5,bridge_ijepa_w1_s44_v1_ep5,confirm_3000_qids,,confirmatory_result,ijepa,mlp256,44,5,bridge_ijepa_w1_s44_v1_ep5,,none,bridge_ijepa_w1_s44_v1_ep5__corrected_chatml_v1_eos__confirm_3000_qids__image_only__direct,image_only,direct,,,bridge (vision),text-only floor,3000,3000,exact_full,43.566667,28.7,14.866667,,,,,,,100,0,2.252,outputs/eval/confirm/bridge_ijepa_w1_s44_v1_ep5__corrected_chatml_v1_eos__confirm_3000_qids__image_only__direct_records.json,5e1d7ba818c298c68cfb21a789e44ed9d094779fc2ecffdc9ba67c0f09f714b4,,corrected ChatML + supervised EOS; primary metric exact_full
corrected_confirm3000:bridge_ijepa_w1_s44_v1_ep5::bridge_ijepa_w1_s44_v1_ep5__corrected_chatml_v1_eos__confirm_3000_qids__image_only__direct::vqa_soft,corrected_chatml_v1_eos,chatml_v1_supervised_eos,cluster,,corrected_confirm3000:bridge_ijepa_w1_s44_v1_ep5,bridge_ijepa_w1_s44_v1_ep5,confirm_3000_qids,,confirmatory_result,ijepa,mlp256,44,5,bridge_ijepa_w1_s44_v1_ep5,,none,bridge_ijepa_w1_s44_v1_ep5__corrected_chatml_v1_eos__confirm_3000_qids__image_only__direct,image_only,direct,,,bridge (vision),text-only floor,3000,3000,vqa_soft,44.333333,31.466667,12.866667,,,,,,,100,0,2.252,outputs/eval/confirm/bridge_ijepa_w1_s44_v1_ep5__corrected_chatml_v1_eos__confirm_3000_qids__image_only__direct_records.json,5e1d7ba818c298c68cfb21a789e44ed9d094779fc2ecffdc9ba67c0f09f714b4,,corrected ChatML + supervised EOS; primary metric exact_full
corrected_confirm3000:bridge_ijepa_w1pool_bf16_v1_ep5::bridge_ijepa_w1pool_bf16_v1_ep5__corrected_chatml_v1_eos__confirm_3000_qids__image_only__direct::exact,corrected_chatml_v1_eos,chatml_v1_supervised_eos,cluster,,corrected_confirm3000:bridge_ijepa_w1pool_bf16_v1_ep5,bridge_ijepa_w1pool_bf16_v1_ep5,confirm_3000_qids,,confirmatory_result,ijepa,pool32,42,5,bridge_ijepa_w1pool_bf16_v1_ep5,,none,bridge_ijepa_w1pool_bf16_v1_ep5__corrected_chatml_v1_eos__confirm_3000_qids__image_only__direct,image_only,direct,,,bridge (vision),text-only floor,3000,3000,exact,41.8,28.7,13.1,,,,,,,100,0,2.247333,outputs/eval/confirm/bridge_ijepa_w1pool_bf16_v1_ep5__corrected_chatml_v1_eos__confirm_3000_qids__image_only__direct_records.json,6fb130e0adc6f900056cbec8ac07451f11b6cead08ad8150f72477509bd684fc,,corrected ChatML + supervised EOS; primary metric exact_full
corrected_confirm3000:bridge_ijepa_w1pool_bf16_v1_ep5::bridge_ijepa_w1pool_bf16_v1_ep5__corrected_chatml_v1_eos__confirm_3000_qids__image_only__direct::exact_full,corrected_chatml_v1_eos,chatml_v1_supervised_eos,cluster,,corrected_confirm3000:bridge_ijepa_w1pool_bf16_v1_ep5,bridge_ijepa_w1pool_bf16_v1_ep5,confirm_3000_qids,,confirmatory_result,ijepa,pool32,42,5,bridge_ijepa_w1pool_bf16_v1_ep5,,none,bridge_ijepa_w1pool_bf16_v1_ep5__corrected_chatml_v1_eos__confirm_3000_qids__image_only__direct,image_only,direct,,,bridge (vision),text-only floor,3000,3000,exact_full,41.8,28.7,13.1,,,,,,,100,0,2.247333,outputs/eval/confirm/bridge_ijepa_w1pool_bf16_v1_ep5__corrected_chatml_v1_eos__confirm_3000_qids__image_only__direct_records.json,6fb130e0adc6f900056cbec8ac07451f11b6cead08ad8150f72477509bd684fc,,corrected ChatML + supervised EOS; primary metric exact_full
corrected_confirm3000:bridge_ijepa_w1pool_bf16_v1_ep5::bridge_ijepa_w1pool_bf16_v1_ep5__corrected_chatml_v1_eos__confirm_3000_qids__image_only__direct::vqa_soft,corrected_chatml_v1_eos,chatml_v1_supervised_eos,cluster,,corrected_confirm3000:bridge_ijepa_w1pool_bf16_v1_ep5,bridge_ijepa_w1pool_bf16_v1_ep5,confirm_3000_qids,,confirmatory_result,ijepa,pool32,42,5,bridge_ijepa_w1pool_bf16_v1_ep5,,none,bridge_ijepa_w1pool_bf16_v1_ep5__corrected_chatml_v1_eos__confirm_3000_qids__image_only__direct,image_only,direct,,,bridge (vision),text-only floor,3000,3000,vqa_soft,42.5,31.466667,11.033333,,,,,,,100,0,2.247333,outputs/eval/confirm/bridge_ijepa_w1pool_bf16_v1_ep5__corrected_chatml_v1_eos__confirm_3000_qids__image_only__direct_records.json,6fb130e0adc6f900056cbec8ac07451f11b6cead08ad8150f72477509bd684fc,,corrected ChatML + supervised EOS; primary metric exact_full
corrected_confirm3000:bridge_ijepa_w1qf_bf16_v1_ep5::bridge_ijepa_w1qf_bf16_v1_ep5__corrected_chatml_v1_eos__confirm_3000_qids__image_only__direct::exact,corrected_chatml_v1_eos,chatml_v1_supervised_eos,cluster,,corrected_confirm3000:bridge_ijepa_w1qf_bf16_v1_ep5,bridge_ijepa_w1qf_bf16_v1_ep5,confirm_3000_qids,,confirmatory_result,ijepa,qformer32,42,5,bridge_ijepa_w1qf_bf16_v1_ep5,,none,bridge_ijepa_w1qf_bf16_v1_ep5__corrected_chatml_v1_eos__confirm_3000_qids__image_only__direct,image_only,direct,,,bridge (vision),text-only floor,3000,3000,exact,41.366667,28.7,12.666667,,,,,,,100,0,2.241333,outputs/eval/confirm/bridge_ijepa_w1qf_bf16_v1_ep5__corrected_chatml_v1_eos__confirm_3000_qids__image_only__direct_records.json,f51ee116b1d997bbed9416bbaa4e3220cc7be05079b27df53c5571066e9ddff4,,corrected ChatML + supervised EOS; primary metric exact_full
corrected_confirm3000:bridge_ijepa_w1qf_bf16_v1_ep5::bridge_ijepa_w1qf_bf16_v1_ep5__corrected_chatml_v1_eos__confirm_3000_qids__image_only__direct::exact_full,corrected_chatml_v1_eos,chatml_v1_supervised_eos,cluster,,corrected_confirm3000:bridge_ijepa_w1qf_bf16_v1_ep5,bridge_ijepa_w1qf_bf16_v1_ep5,confirm_3000_qids,,confirmatory_result,ijepa,qformer32,42,5,bridge_ijepa_w1qf_bf16_v1_ep5,,none,bridge_ijepa_w1qf_bf16_v1_ep5__corrected_chatml_v1_eos__confirm_3000_qids__image_only__direct,image_only,direct,,,bridge (vision),text-only floor,3000,3000,exact_full,41.366667,28.7,12.666667,,,,,,,100,0,2.241333,outputs/eval/confirm/bridge_ijepa_w1qf_bf16_v1_ep5__corrected_chatml_v1_eos__confirm_3000_qids__image_only__direct_records.json,f51ee116b1d997bbed9416bbaa4e3220cc7be05079b27df53c5571066e9ddff4,,corrected ChatML + supervised EOS; primary metric exact_full
corrected_confirm3000:bridge_ijepa_w1qf_bf16_v1_ep5::bridge_ijepa_w1qf_bf16_v1_ep5__corrected_chatml_v1_eos__confirm_3000_qids__image_only__direct::vqa_soft,corrected_chatml_v1_eos,chatml_v1_supervised_eos,cluster,,corrected_confirm3000:bridge_ijepa_w1qf_bf16_v1_ep5,bridge_ijepa_w1qf_bf16_v1_ep5,confirm_3000_qids,,confirmatory_result,ijepa,qformer32,42,5,bridge_ijepa_w1qf_bf16_v1_ep5,,none,bridge_ijepa_w1qf_bf16_v1_ep5__corrected_chatml_v1_eos__confirm_3000_qids__image_only__direct,image_only,direct,,,bridge (vision),text-only floor,3000,3000,vqa_soft,42,31.466667,10.533333,,,,,,,100,0,2.241333,outputs/eval/confirm/bridge_ijepa_w1qf_bf16_v1_ep5__corrected_chatml_v1_eos__confirm_3000_qids__image_only__direct_records.json,f51ee116b1d997bbed9416bbaa4e3220cc7be05079b27df53c5571066e9ddff4,,corrected ChatML + supervised EOS; primary metric exact_full
corrected_confirm3000:bridge_ijepa_w1qf_ext7_v1_ep6::bridge_ijepa_w1qf_ext7_v1_ep6__corrected_chatml_v1_eos__confirm_3000_qids__image_only__direct::exact,corrected_chatml_v1_eos,chatml_v1_supervised_eos,cluster,,corrected_confirm3000:bridge_ijepa_w1qf_ext7_v1_ep6,bridge_ijepa_w1qf_ext7_v1_ep6,confirm_3000_qids,,confirmatory_result,ijepa,qformer32,42,6,bridge_ijepa_w1qf_ext7_v1_ep6,,none,bridge_ijepa_w1qf_ext7_v1_ep6__corrected_chatml_v1_eos__confirm_3000_qids__image_only__direct,image_only,direct,,,bridge (vision),text-only floor,3000,3000,exact,41.4,28.7,12.7,,,,,,,100,0,2.235,outputs/eval/confirm/bridge_ijepa_w1qf_ext7_v1_ep6__corrected_chatml_v1_eos__confirm_3000_qids__image_only__direct_records.json,9bade514b01822c8941b482efefc9c95f9a08b271d66d8ffff04e512f8a024b6,,corrected ChatML + supervised EOS; primary metric exact_full
corrected_confirm3000:bridge_ijepa_w1qf_ext7_v1_ep6::bridge_ijepa_w1qf_ext7_v1_ep6__corrected_chatml_v1_eos__confirm_3000_qids__image_only__direct::exact_full,corrected_chatml_v1_eos,chatml_v1_supervised_eos,cluster,,corrected_confirm3000:bridge_ijepa_w1qf_ext7_v1_ep6,bridge_ijepa_w1qf_ext7_v1_ep6,confirm_3000_qids,,confirmatory_result,ijepa,qformer32,42,6,bridge_ijepa_w1qf_ext7_v1_ep6,,none,bridge_ijepa_w1qf_ext7_v1_ep6__corrected_chatml_v1_eos__confirm_3000_qids__image_only__direct,image_only,direct,,,bridge (vision),text-only floor,3000,3000,exact_full,41.4,28.7,12.7,,,,,,,100,0,2.235,outputs/eval/confirm/bridge_ijepa_w1qf_ext7_v1_ep6__corrected_chatml_v1_eos__confirm_3000_qids__image_only__direct_records.json,9bade514b01822c8941b482efefc9c95f9a08b271d66d8ffff04e512f8a024b6,,corrected ChatML + supervised EOS; primary metric exact_full
corrected_confirm3000:bridge_ijepa_w1qf_ext7_v1_ep6::bridge_ijepa_w1qf_ext7_v1_ep6__corrected_chatml_v1_eos__confirm_3000_qids__image_only__direct::vqa_soft,corrected_chatml_v1_eos,chatml_v1_supervised_eos,cluster,,corrected_confirm3000:bridge_ijepa_w1qf_ext7_v1_ep6,bridge_ijepa_w1qf_ext7_v1_ep6,confirm_3000_qids,,confirmatory_result,ijepa,qformer32,42,6,bridge_ijepa_w1qf_ext7_v1_ep6,,none,bridge_ijepa_w1qf_ext7_v1_ep6__corrected_chatml_v1_eos__confirm_3000_qids__image_only__direct,image_only,direct,,,bridge (vision),text-only floor,3000,3000,vqa_soft,42,31.466667,10.533333,,,,,,,100,0,2.235,outputs/eval/confirm/bridge_ijepa_w1qf_ext7_v1_ep6__corrected_chatml_v1_eos__confirm_3000_qids__image_only__direct_records.json,9bade514b01822c8941b482efefc9c95f9a08b271d66d8ffff04e512f8a024b6,,corrected ChatML + supervised EOS; primary metric exact_full
corrected_confirm3000:bridge_ijepa_w1qf_ext7_v1_ep7::bridge_ijepa_w1qf_ext7_v1_ep7__corrected_chatml_v1_eos__confirm_3000_qids__image_only__direct::exact,corrected_chatml_v1_eos,chatml_v1_supervised_eos,cluster,,corrected_confirm3000:bridge_ijepa_w1qf_ext7_v1_ep7,bridge_ijepa_w1qf_ext7_v1_ep7,confirm_3000_qids,,confirmatory_result,ijepa,qformer32,42,7,bridge_ijepa_w1qf_ext7_v1_ep7,,none,bridge_ijepa_w1qf_ext7_v1_ep7__corrected_chatml_v1_eos__confirm_3000_qids__image_only__direct,image_only,direct,,,bridge (vision),text-only floor,3000,3000,exact,41.766667,28.7,13.066667,,,,,,,100,0,2.222,outputs/eval/confirm/bridge_ijepa_w1qf_ext7_v1_ep7__corrected_chatml_v1_eos__confirm_3000_qids__image_only__direct_records.json,08ff9a07d7738c1cc9e6b51a76d27f3b8cfed9128bab5aecc7332de1cf10920f,,corrected ChatML + supervised EOS; primary metric exact_full
corrected_confirm3000:bridge_ijepa_w1qf_ext7_v1_ep7::bridge_ijepa_w1qf_ext7_v1_ep7__corrected_chatml_v1_eos__confirm_3000_qids__image_only__direct::exact_full,corrected_chatml_v1_eos,chatml_v1_supervised_eos,cluster,,corrected_confirm3000:bridge_ijepa_w1qf_ext7_v1_ep7,bridge_ijepa_w1qf_ext7_v1_ep7,confirm_3000_qids,,confirmatory_result,ijepa,qformer32,42,7,bridge_ijepa_w1qf_ext7_v1_ep7,,none,bridge_ijepa_w1qf_ext7_v1_ep7__corrected_chatml_v1_eos__confirm_3000_qids__image_only__direct,image_only,direct,,,bridge (vision),text-only floor,3000,3000,exact_full,41.766667,28.7,13.066667,,,,,,,100,0,2.222,outputs/eval/confirm/bridge_ijepa_w1qf_ext7_v1_ep7__corrected_chatml_v1_eos__confirm_3000_qids__image_only__direct_records.json,08ff9a07d7738c1cc9e6b51a76d27f3b8cfed9128bab5aecc7332de1cf10920f,,corrected ChatML + supervised EOS; primary metric exact_full
corrected_confirm3000:bridge_ijepa_w1qf_ext7_v1_ep7::bridge_ijepa_w1qf_ext7_v1_ep7__corrected_chatml_v1_eos__confirm_3000_qids__image_only__direct::vqa_soft,corrected_chatml_v1_eos,chatml_v1_supervised_eos,cluster,,corrected_confirm3000:bridge_ijepa_w1qf_ext7_v1_ep7,bridge_ijepa_w1qf_ext7_v1_ep7,confirm_3000_qids,,confirmatory_result,ijepa,qformer32,42,7,bridge_ijepa_w1qf_ext7_v1_ep7,,none,bridge_ijepa_w1qf_ext7_v1_ep7__corrected_chatml_v1_eos__confirm_3000_qids__image_only__direct,image_only,direct,,,bridge (vision),text-only floor,3000,3000,vqa_soft,42.233333,31.466667,10.766667,,,,,,,100,0,2.222,outputs/eval/confirm/bridge_ijepa_w1qf_ext7_v1_ep7__corrected_chatml_v1_eos__confirm_3000_qids__image_only__direct_records.json,08ff9a07d7738c1cc9e6b51a76d27f3b8cfed9128bab5aecc7332de1cf10920f,,corrected ChatML + supervised EOS; primary metric exact_full
corrected_confirm3000:bridge_ijepa_w1qf_s43_v1_ep5::bridge_ijepa_w1qf_s43_v1_ep5__corrected_chatml_v1_eos__confirm_3000_qids__image_only__direct::exact,corrected_chatml_v1_eos,chatml_v1_supervised_eos,cluster,,corrected_confirm3000:bridge_ijepa_w1qf_s43_v1_ep5,bridge_ijepa_w1qf_s43_v1_ep5,confirm_3000_qids,,confirmatory_result,ijepa,qformer32,43,5,bridge_ijepa_w1qf_s43_v1_ep5,,none,bridge_ijepa_w1qf_s43_v1_ep5__corrected_chatml_v1_eos__confirm_3000_qids__image_only__direct,image_only,direct,,,bridge (vision),text-only floor,3000,3000,exact,41.266667,28.7,12.566667,,,,,,,100,0,2.222,outputs/eval/confirm/bridge_ijepa_w1qf_s43_v1_ep5__corrected_chatml_v1_eos__confirm_3000_qids__image_only__direct_records.json,617758b36254ca63b5b4d86006c947b6ee3646745009f967b1a0a77ad403218d,,corrected ChatML + supervised EOS; primary metric exact_full
corrected_confirm3000:bridge_ijepa_w1qf_s43_v1_ep5::bridge_ijepa_w1qf_s43_v1_ep5__corrected_chatml_v1_eos__confirm_3000_qids__image_only__direct::exact_full,corrected_chatml_v1_eos,chatml_v1_supervised_eos,cluster,,corrected_confirm3000:bridge_ijepa_w1qf_s43_v1_ep5,bridge_ijepa_w1qf_s43_v1_ep5,confirm_3000_qids,,confirmatory_result,ijepa,qformer32,43,5,bridge_ijepa_w1qf_s43_v1_ep5,,none,bridge_ijepa_w1qf_s43_v1_ep5__corrected_chatml_v1_eos__confirm_3000_qids__image_only__direct,image_only,direct,,,bridge (vision),text-only floor,3000,3000,exact_full,41.266667,28.7,12.566667,,,,,,,100,0,2.222,outputs/eval/confirm/bridge_ijepa_w1qf_s43_v1_ep5__corrected_chatml_v1_eos__confirm_3000_qids__image_only__direct_records.json,617758b36254ca63b5b4d86006c947b6ee3646745009f967b1a0a77ad403218d,,corrected ChatML + supervised EOS; primary metric exact_full
corrected_confirm3000:bridge_ijepa_w1qf_s43_v1_ep5::bridge_ijepa_w1qf_s43_v1_ep5__corrected_chatml_v1_eos__confirm_3000_qids__image_only__direct::vqa_soft,corrected_chatml_v1_eos,chatml_v1_supervised_eos,cluster,,corrected_confirm3000:bridge_ijepa_w1qf_s43_v1_ep5,bridge_ijepa_w1qf_s43_v1_ep5,confirm_3000_qids,,confirmatory_result,ijepa,qformer32,43,5,bridge_ijepa_w1qf_s43_v1_ep5,,none,bridge_ijepa_w1qf_s43_v1_ep5__corrected_chatml_v1_eos__confirm_3000_qids__image_only__direct,image_only,direct,,,bridge (vision),text-only floor,3000,3000,vqa_soft,41.8,31.466667,10.333333,,,,,,,100,0,2.222,outputs/eval/confirm/bridge_ijepa_w1qf_s43_v1_ep5__corrected_chatml_v1_eos__confirm_3000_qids__image_only__direct_records.json,617758b36254ca63b5b4d86006c947b6ee3646745009f967b1a0a77ad403218d,,corrected ChatML + supervised EOS; primary metric exact_full
corrected_confirm3000:bridge_ijepa_w1qf_s44_v1_ep5::bridge_ijepa_w1qf_s44_v1_ep5__corrected_chatml_v1_eos__confirm_3000_qids__image_only__direct::exact,corrected_chatml_v1_eos,chatml_v1_supervised_eos,cluster,,corrected_confirm3000:bridge_ijepa_w1qf_s44_v1_ep5,bridge_ijepa_w1qf_s44_v1_ep5,confirm_3000_qids,,confirmatory_result,ijepa,qformer32,44,5,bridge_ijepa_w1qf_s44_v1_ep5,,none,bridge_ijepa_w1qf_s44_v1_ep5__corrected_chatml_v1_eos__confirm_3000_qids__image_only__direct,image_only,direct,,,bridge (vision),text-only floor,3000,3000,exact,40.533333,28.7,11.833333,,,,,,,100,0,2.243667,outputs/eval/confirm/bridge_ijepa_w1qf_s44_v1_ep5__corrected_chatml_v1_eos__confirm_3000_qids__image_only__direct_records.json,edd3e57d22a4ce03da90f6a8a64da7dc7c43595e37d6f8f916b9ca478ff067f5,,corrected ChatML + supervised EOS; primary metric exact_full
corrected_confirm3000:bridge_ijepa_w1qf_s44_v1_ep5::bridge_ijepa_w1qf_s44_v1_ep5__corrected_chatml_v1_eos__confirm_3000_qids__image_only__direct::exact_full,corrected_chatml_v1_eos,chatml_v1_supervised_eos,cluster,,corrected_confirm3000:bridge_ijepa_w1qf_s44_v1_ep5,bridge_ijepa_w1qf_s44_v1_ep5,confirm_3000_qids,,confirmatory_result,ijepa,qformer32,44,5,bridge_ijepa_w1qf_s44_v1_ep5,,none,bridge_ijepa_w1qf_s44_v1_ep5__corrected_chatml_v1_eos__confirm_3000_qids__image_only__direct,image_only,direct,,,bridge (vision),text-only floor,3000,3000,exact_full,40.533333,28.7,11.833333,,,,,,,100,0,2.243667,outputs/eval/confirm/bridge_ijepa_w1qf_s44_v1_ep5__corrected_chatml_v1_eos__confirm_3000_qids__image_only__direct_records.json,edd3e57d22a4ce03da90f6a8a64da7dc7c43595e37d6f8f916b9ca478ff067f5,,corrected ChatML + supervised EOS; primary metric exact_full
corrected_confirm3000:bridge_ijepa_w1qf_s44_v1_ep5::bridge_ijepa_w1qf_s44_v1_ep5__corrected_chatml_v1_eos__confirm_3000_qids__image_only__direct::vqa_soft,corrected_chatml_v1_eos,chatml_v1_supervised_eos,cluster,,corrected_confirm3000:bridge_ijepa_w1qf_s44_v1_ep5,bridge_ijepa_w1qf_s44_v1_ep5,confirm_3000_qids,,confirmatory_result,ijepa,qformer32,44,5,bridge_ijepa_w1qf_s44_v1_ep5,,none,bridge_ijepa_w1qf_s44_v1_ep5__corrected_chatml_v1_eos__confirm_3000_qids__image_only__direct,image_only,direct,,,bridge (vision),text-only floor,3000,3000,vqa_soft,41.066667,31.466667,9.6,,,,,,,100,0,2.243667,outputs/eval/confirm/bridge_ijepa_w1qf_s44_v1_ep5__corrected_chatml_v1_eos__confirm_3000_qids__image_only__direct_records.json,edd3e57d22a4ce03da90f6a8a64da7dc7c43595e37d6f8f916b9ca478ff067f5,,corrected ChatML + supervised EOS; primary metric exact_full
corrected_locked2000:bridge_clip_w1_bf16_v1_ep5::bridge_clip_w1_bf16_v1_ep5__corrected_chatml_v1_eos__eval_2000_qids__image_only__direct::exact,corrected_chatml_v1_eos,chatml_v1_supervised_eos,cluster,,corrected_locked2000:bridge_clip_w1_bf16_v1_ep5,bridge_clip_w1_bf16_v1_ep5,eval_2000_qids,,locked_result,clip,mlp256,42,5,bridge_clip_w1_bf16_v1_ep5,,none,bridge_clip_w1_bf16_v1_ep5__corrected_chatml_v1_eos__eval_2000_qids__image_only__direct,image_only,direct,,,bridge (vision),text-only floor,2000,1725,exact,51.7,28.95,22.75,,,,,,,100,0,2.235,outputs/eval/locked/bridge_clip_w1_bf16_v1_ep5__corrected_chatml_v1_eos__eval_2000_qids__image_only__direct_records.json,0dfc8b72d4af8b8522f4963458d718d85183286ea27605820db480a241ca8a4b,,corrected ChatML + supervised EOS; primary metric exact_full
corrected_locked2000:bridge_clip_w1_bf16_v1_ep5::bridge_clip_w1_bf16_v1_ep5__corrected_chatml_v1_eos__eval_2000_qids__image_only__direct::exact_full,corrected_chatml_v1_eos,chatml_v1_supervised_eos,cluster,,corrected_locked2000:bridge_clip_w1_bf16_v1_ep5,bridge_clip_w1_bf16_v1_ep5,eval_2000_qids,,locked_result,clip,mlp256,42,5,bridge_clip_w1_bf16_v1_ep5,,none,bridge_clip_w1_bf16_v1_ep5__corrected_chatml_v1_eos__eval_2000_qids__image_only__direct,image_only,direct,,,bridge (vision),text-only floor,2000,1725,exact_full,51.7,28.95,22.75,,,,,,,100,0,2.235,outputs/eval/locked/bridge_clip_w1_bf16_v1_ep5__corrected_chatml_v1_eos__eval_2000_qids__image_only__direct_records.json,0dfc8b72d4af8b8522f4963458d718d85183286ea27605820db480a241ca8a4b,,corrected ChatML + supervised EOS; primary metric exact_full
corrected_locked2000:bridge_clip_w1_bf16_v1_ep5::bridge_clip_w1_bf16_v1_ep5__corrected_chatml_v1_eos__eval_2000_qids__image_only__direct::vqa_soft,corrected_chatml_v1_eos,chatml_v1_supervised_eos,cluster,,corrected_locked2000:bridge_clip_w1_bf16_v1_ep5,bridge_clip_w1_bf16_v1_ep5,eval_2000_qids,,locked_result,clip,mlp256,42,5,bridge_clip_w1_bf16_v1_ep5,,none,bridge_clip_w1_bf16_v1_ep5__corrected_chatml_v1_eos__eval_2000_qids__image_only__direct,image_only,direct,,,bridge (vision),text-only floor,2000,1725,vqa_soft,52.5,30.85,21.65,,,,,,,100,0,2.235,outputs/eval/locked/bridge_clip_w1_bf16_v1_ep5__corrected_chatml_v1_eos__eval_2000_qids__image_only__direct_records.json,0dfc8b72d4af8b8522f4963458d718d85183286ea27605820db480a241ca8a4b,,corrected ChatML + supervised EOS; primary metric exact_full
corrected_locked2000:bridge_clip_w1_s43_v1_ep5::bridge_clip_w1_s43_v1_ep5__corrected_chatml_v1_eos__eval_2000_qids__image_only__direct::exact,corrected_chatml_v1_eos,chatml_v1_supervised_eos,cluster,,corrected_locked2000:bridge_clip_w1_s43_v1_ep5,bridge_clip_w1_s43_v1_ep5,eval_2000_qids,,locked_result,clip,mlp256,43,5,bridge_clip_w1_s43_v1_ep5,,none,bridge_clip_w1_s43_v1_ep5__corrected_chatml_v1_eos__eval_2000_qids__image_only__direct,image_only,direct,,,bridge (vision),text-only floor,2000,1725,exact,50.8,28.95,21.85,,,,,,,100,0,2.2275,outputs/eval/locked/bridge_clip_w1_s43_v1_ep5__corrected_chatml_v1_eos__eval_2000_qids__image_only__direct_records.json,e4734b062872b27bc1afc3e94e729b845a5966f2e5853ed15a8c0cd1d58cb426,,corrected ChatML + supervised EOS; primary metric exact_full
corrected_locked2000:bridge_clip_w1_s43_v1_ep5::bridge_clip_w1_s43_v1_ep5__corrected_chatml_v1_eos__eval_2000_qids__image_only__direct::exact_full,corrected_chatml_v1_eos,chatml_v1_supervised_eos,cluster,,corrected_locked2000:bridge_clip_w1_s43_v1_ep5,bridge_clip_w1_s43_v1_ep5,eval_2000_qids,,locked_result,clip,mlp256,43,5,bridge_clip_w1_s43_v1_ep5,,none,bridge_clip_w1_s43_v1_ep5__corrected_chatml_v1_eos__eval_2000_qids__image_only__direct,image_only,direct,,,bridge (vision),text-only floor,2000,1725,exact_full,50.8,28.95,21.85,,,,,,,100,0,2.2275,outputs/eval/locked/bridge_clip_w1_s43_v1_ep5__corrected_chatml_v1_eos__eval_2000_qids__image_only__direct_records.json,e4734b062872b27bc1afc3e94e729b845a5966f2e5853ed15a8c0cd1d58cb426,,corrected ChatML + supervised EOS; primary metric exact_full
corrected_locked2000:bridge_clip_w1_s43_v1_ep5::bridge_clip_w1_s43_v1_ep5__corrected_chatml_v1_eos__eval_2000_qids__image_only__direct::vqa_soft,corrected_chatml_v1_eos,chatml_v1_supervised_eos,cluster,,corrected_locked2000:bridge_clip_w1_s43_v1_ep5,bridge_clip_w1_s43_v1_ep5,eval_2000_qids,,locked_result,clip,mlp256,43,5,bridge_clip_w1_s43_v1_ep5,,none,bridge_clip_w1_s43_v1_ep5__corrected_chatml_v1_eos__eval_2000_qids__image_only__direct,image_only,direct,,,bridge (vision),text-only floor,2000,1725,vqa_soft,51.5,30.85,20.65,,,,,,,100,0,2.2275,outputs/eval/locked/bridge_clip_w1_s43_v1_ep5__corrected_chatml_v1_eos__eval_2000_qids__image_only__direct_records.json,e4734b062872b27bc1afc3e94e729b845a5966f2e5853ed15a8c0cd1d58cb426,,corrected ChatML + supervised EOS; primary metric exact_full
corrected_locked2000:bridge_clip_w1_s44_v1_ep5::bridge_clip_w1_s44_v1_ep5__corrected_chatml_v1_eos__eval_2000_qids__image_only__direct::exact,corrected_chatml_v1_eos,chatml_v1_supervised_eos,cluster,,corrected_locked2000:bridge_clip_w1_s44_v1_ep5,bridge_clip_w1_s44_v1_ep5,eval_2000_qids,,locked_result,clip,mlp256,44,5,bridge_clip_w1_s44_v1_ep5,,none,bridge_clip_w1_s44_v1_ep5__corrected_chatml_v1_eos__eval_2000_qids__image_only__direct,image_only,direct,,,bridge (vision),text-only floor,2000,1725,exact,49.8,28.95,20.85,,,,,,,100,0,2.2405,outputs/eval/locked/bridge_clip_w1_s44_v1_ep5__corrected_chatml_v1_eos__eval_2000_qids__image_only__direct_records.json,9ada001db350b1517ab90475929156feb81d6ca2ad016a5694d08c65cb598d74,,corrected ChatML + supervised EOS; primary metric exact_full
corrected_locked2000:bridge_clip_w1_s44_v1_ep5::bridge_clip_w1_s44_v1_ep5__corrected_chatml_v1_eos__eval_2000_qids__image_only__direct::exact_full,corrected_chatml_v1_eos,chatml_v1_supervised_eos,cluster,,corrected_locked2000:bridge_clip_w1_s44_v1_ep5,bridge_clip_w1_s44_v1_ep5,eval_2000_qids,,locked_result,clip,mlp256,44,5,bridge_clip_w1_s44_v1_ep5,,none,bridge_clip_w1_s44_v1_ep5__corrected_chatml_v1_eos__eval_2000_qids__image_only__direct,image_only,direct,,,bridge (vision),text-only floor,2000,1725,exact_full,49.8,28.95,20.85,,,,,,,100,0,2.2405,outputs/eval/locked/bridge_clip_w1_s44_v1_ep5__corrected_chatml_v1_eos__eval_2000_qids__image_only__direct_records.json,9ada001db350b1517ab90475929156feb81d6ca2ad016a5694d08c65cb598d74,,corrected ChatML + supervised EOS; primary metric exact_full
corrected_locked2000:bridge_clip_w1_s44_v1_ep5::bridge_clip_w1_s44_v1_ep5__corrected_chatml_v1_eos__eval_2000_qids__image_only__direct::vqa_soft,corrected_chatml_v1_eos,chatml_v1_supervised_eos,cluster,,corrected_locked2000:bridge_clip_w1_s44_v1_ep5,bridge_clip_w1_s44_v1_ep5,eval_2000_qids,,locked_result,clip,mlp256,44,5,bridge_clip_w1_s44_v1_ep5,,none,bridge_clip_w1_s44_v1_ep5__corrected_chatml_v1_eos__eval_2000_qids__image_only__direct,image_only,direct,,,bridge (vision),text-only floor,2000,1725,vqa_soft,50.5,30.85,19.65,,,,,,,100,0,2.2405,outputs/eval/locked/bridge_clip_w1_s44_v1_ep5__corrected_chatml_v1_eos__eval_2000_qids__image_only__direct_records.json,9ada001db350b1517ab90475929156feb81d6ca2ad016a5694d08c65cb598d74,,corrected ChatML + supervised EOS; primary metric exact_full
corrected_locked2000:bridge_clip_w1pool_bf16_v1_ep5::bridge_clip_w1pool_bf16_v1_ep5__corrected_chatml_v1_eos__eval_2000_qids__image_only__direct::exact,corrected_chatml_v1_eos,chatml_v1_supervised_eos,cluster,,corrected_locked2000:bridge_clip_w1pool_bf16_v1_ep5,bridge_clip_w1pool_bf16_v1_ep5,eval_2000_qids,,locked_result,clip,pool32,42,5,bridge_clip_w1pool_bf16_v1_ep5,,none,bridge_clip_w1pool_bf16_v1_ep5__corrected_chatml_v1_eos__eval_2000_qids__image_only__direct,image_only,direct,,,bridge (vision),text-only floor,2000,1725,exact,44.15,28.95,15.2,,,,,,,100,0,2.238,outputs/eval/locked/bridge_clip_w1pool_bf16_v1_ep5__corrected_chatml_v1_eos__eval_2000_qids__image_only__direct_records.json,550f07fcc1e8b6848bc24dff4ddf8beb50365be0a363eee68f0e84726045ec3d,,corrected ChatML + supervised EOS; primary metric exact_full
corrected_locked2000:bridge_clip_w1pool_bf16_v1_ep5::bridge_clip_w1pool_bf16_v1_ep5__corrected_chatml_v1_eos__eval_2000_qids__image_only__direct::exact_full,corrected_chatml_v1_eos,chatml_v1_supervised_eos,cluster,,corrected_locked2000:bridge_clip_w1pool_bf16_v1_ep5,bridge_clip_w1pool_bf16_v1_ep5,eval_2000_qids,,locked_result,clip,pool32,42,5,bridge_clip_w1pool_bf16_v1_ep5,,none,bridge_clip_w1pool_bf16_v1_ep5__corrected_chatml_v1_eos__eval_2000_qids__image_only__direct,image_only,direct,,,bridge (vision),text-only floor,2000,1725,exact_full,44.15,28.95,15.2,,,,,,,100,0,2.238,outputs/eval/locked/bridge_clip_w1pool_bf16_v1_ep5__corrected_chatml_v1_eos__eval_2000_qids__image_only__direct_records.json,550f07fcc1e8b6848bc24dff4ddf8beb50365be0a363eee68f0e84726045ec3d,,corrected ChatML + supervised EOS; primary metric exact_full
corrected_locked2000:bridge_clip_w1pool_bf16_v1_ep5::bridge_clip_w1pool_bf16_v1_ep5__corrected_chatml_v1_eos__eval_2000_qids__image_only__direct::vqa_soft,corrected_chatml_v1_eos,chatml_v1_supervised_eos,cluster,,corrected_locked2000:bridge_clip_w1pool_bf16_v1_ep5,bridge_clip_w1pool_bf16_v1_ep5,eval_2000_qids,,locked_result,clip,pool32,42,5,bridge_clip_w1pool_bf16_v1_ep5,,none,bridge_clip_w1pool_bf16_v1_ep5__corrected_chatml_v1_eos__eval_2000_qids__image_only__direct,image_only,direct,,,bridge (vision),text-only floor,2000,1725,vqa_soft,44.8,30.85,13.95,,,,,,,100,0,2.238,outputs/eval/locked/bridge_clip_w1pool_bf16_v1_ep5__corrected_chatml_v1_eos__eval_2000_qids__image_only__direct_records.json,550f07fcc1e8b6848bc24dff4ddf8beb50365be0a363eee68f0e84726045ec3d,,corrected ChatML + supervised EOS; primary metric exact_full
corrected_locked2000:bridge_clip_w1qf_bf16_v1_ep5::bridge_clip_w1qf_bf16_v1_ep5__corrected_chatml_v1_eos__eval_2000_qids__image_only__direct::exact,corrected_chatml_v1_eos,chatml_v1_supervised_eos,cluster,,corrected_locked2000:bridge_clip_w1qf_bf16_v1_ep5,bridge_clip_w1qf_bf16_v1_ep5,eval_2000_qids,,locked_result,clip,qformer32,42,5,bridge_clip_w1qf_bf16_v1_ep5,,none,bridge_clip_w1qf_bf16_v1_ep5__corrected_chatml_v1_eos__eval_2000_qids__image_only__direct,image_only,direct,,,bridge (vision),text-only floor,2000,1725,exact,43.4,28.95,14.45,,,,,,,100,0,2.2145,outputs/eval/locked/bridge_clip_w1qf_bf16_v1_ep5__corrected_chatml_v1_eos__eval_2000_qids__image_only__direct_records.json,378063fae81ab63fdfd5d153ecd1928c0df1a6a26f2d7fc5ac4ed430959c824b,,corrected ChatML + supervised EOS; primary metric exact_full
corrected_locked2000:bridge_clip_w1qf_bf16_v1_ep5::bridge_clip_w1qf_bf16_v1_ep5__corrected_chatml_v1_eos__eval_2000_qids__image_only__direct::exact_full,corrected_chatml_v1_eos,chatml_v1_supervised_eos,cluster,,corrected_locked2000:bridge_clip_w1qf_bf16_v1_ep5,bridge_clip_w1qf_bf16_v1_ep5,eval_2000_qids,,locked_result,clip,qformer32,42,5,bridge_clip_w1qf_bf16_v1_ep5,,none,bridge_clip_w1qf_bf16_v1_ep5__corrected_chatml_v1_eos__eval_2000_qids__image_only__direct,image_only,direct,,,bridge (vision),text-only floor,2000,1725,exact_full,43.4,28.95,14.45,,,,,,,100,0,2.2145,outputs/eval/locked/bridge_clip_w1qf_bf16_v1_ep5__corrected_chatml_v1_eos__eval_2000_qids__image_only__direct_records.json,378063fae81ab63fdfd5d153ecd1928c0df1a6a26f2d7fc5ac4ed430959c824b,,corrected ChatML + supervised EOS; primary metric exact_full
corrected_locked2000:bridge_clip_w1qf_bf16_v1_ep5::bridge_clip_w1qf_bf16_v1_ep5__corrected_chatml_v1_eos__eval_2000_qids__image_only__direct::vqa_soft,corrected_chatml_v1_eos,chatml_v1_supervised_eos,cluster,,corrected_locked2000:bridge_clip_w1qf_bf16_v1_ep5,bridge_clip_w1qf_bf16_v1_ep5,eval_2000_qids,,locked_result,clip,qformer32,42,5,bridge_clip_w1qf_bf16_v1_ep5,,none,bridge_clip_w1qf_bf16_v1_ep5__corrected_chatml_v1_eos__eval_2000_qids__image_only__direct,image_only,direct,,,bridge (vision),text-only floor,2000,1725,vqa_soft,43.8,30.85,12.95,,,,,,,100,0,2.2145,outputs/eval/locked/bridge_clip_w1qf_bf16_v1_ep5__corrected_chatml_v1_eos__eval_2000_qids__image_only__direct_records.json,378063fae81ab63fdfd5d153ecd1928c0df1a6a26f2d7fc5ac4ed430959c824b,,corrected ChatML + supervised EOS; primary metric exact_full
corrected_locked2000:bridge_clip_w1qf_s43_v1_ep5::bridge_clip_w1qf_s43_v1_ep5__corrected_chatml_v1_eos__eval_2000_qids__image_only__direct::exact,corrected_chatml_v1_eos,chatml_v1_supervised_eos,cluster,,corrected_locked2000:bridge_clip_w1qf_s43_v1_ep5,bridge_clip_w1qf_s43_v1_ep5,eval_2000_qids,,locked_result,clip,qformer32,43,5,bridge_clip_w1qf_s43_v1_ep5,,none,bridge_clip_w1qf_s43_v1_ep5__corrected_chatml_v1_eos__eval_2000_qids__image_only__direct,image_only,direct,,,bridge (vision),text-only floor,2000,1725,exact,44.1,28.95,15.15,,,,,,,100,0,2.198,outputs/eval/locked/bridge_clip_w1qf_s43_v1_ep5__corrected_chatml_v1_eos__eval_2000_qids__image_only__direct_records.json,51646912d1243dc9b4a167d018722ef8fb529772b8c4d05b87c831bbd916cbf7,,corrected ChatML + supervised EOS; primary metric exact_full
corrected_locked2000:bridge_clip_w1qf_s43_v1_ep5::bridge_clip_w1qf_s43_v1_ep5__corrected_chatml_v1_eos__eval_2000_qids__image_only__direct::exact_full,corrected_chatml_v1_eos,chatml_v1_supervised_eos,cluster,,corrected_locked2000:bridge_clip_w1qf_s43_v1_ep5,bridge_clip_w1qf_s43_v1_ep5,eval_2000_qids,,locked_result,clip,qformer32,43,5,bridge_clip_w1qf_s43_v1_ep5,,none,bridge_clip_w1qf_s43_v1_ep5__corrected_chatml_v1_eos__eval_2000_qids__image_only__direct,image_only,direct,,,bridge (vision),text-only floor,2000,1725,exact_full,44.1,28.95,15.15,,,,,,,100,0,2.198,outputs/eval/locked/bridge_clip_w1qf_s43_v1_ep5__corrected_chatml_v1_eos__eval_2000_qids__image_only__direct_records.json,51646912d1243dc9b4a167d018722ef8fb529772b8c4d05b87c831bbd916cbf7,,corrected ChatML + supervised EOS; primary metric exact_full
corrected_locked2000:bridge_clip_w1qf_s43_v1_ep5::bridge_clip_w1qf_s43_v1_ep5__corrected_chatml_v1_eos__eval_2000_qids__image_only__direct::vqa_soft,corrected_chatml_v1_eos,chatml_v1_supervised_eos,cluster,,corrected_locked2000:bridge_clip_w1qf_s43_v1_ep5,bridge_clip_w1qf_s43_v1_ep5,eval_2000_qids,,locked_result,clip,qformer32,43,5,bridge_clip_w1qf_s43_v1_ep5,,none,bridge_clip_w1qf_s43_v1_ep5__corrected_chatml_v1_eos__eval_2000_qids__image_only__direct,image_only,direct,,,bridge (vision),text-only floor,2000,1725,vqa_soft,44.5,30.85,13.65,,,,,,,100,0,2.198,outputs/eval/locked/bridge_clip_w1qf_s43_v1_ep5__corrected_chatml_v1_eos__eval_2000_qids__image_only__direct_records.json,51646912d1243dc9b4a167d018722ef8fb529772b8c4d05b87c831bbd916cbf7,,corrected ChatML + supervised EOS; primary metric exact_full
corrected_locked2000:bridge_clip_w1qf_s44_v1_ep5::bridge_clip_w1qf_s44_v1_ep5__corrected_chatml_v1_eos__eval_2000_qids__image_only__direct::exact,corrected_chatml_v1_eos,chatml_v1_supervised_eos,cluster,,corrected_locked2000:bridge_clip_w1qf_s44_v1_ep5,bridge_clip_w1qf_s44_v1_ep5,eval_2000_qids,,locked_result,clip,qformer32,44,5,bridge_clip_w1qf_s44_v1_ep5,,none,bridge_clip_w1qf_s44_v1_ep5__corrected_chatml_v1_eos__eval_2000_qids__image_only__direct,image_only,direct,,,bridge (vision),text-only floor,2000,1725,exact,43.3,28.95,14.35,,,,,,,100,0,2.203,outputs/eval/locked/bridge_clip_w1qf_s44_v1_ep5__corrected_chatml_v1_eos__eval_2000_qids__image_only__direct_records.json,607326f978ec0b6ff6a77ee9550fa5c39c3f7a25d2f91d7062c10bcae731c82e,,corrected ChatML + supervised EOS; primary metric exact_full
corrected_locked2000:bridge_clip_w1qf_s44_v1_ep5::bridge_clip_w1qf_s44_v1_ep5__corrected_chatml_v1_eos__eval_2000_qids__image_only__direct::exact_full,corrected_chatml_v1_eos,chatml_v1_supervised_eos,cluster,,corrected_locked2000:bridge_clip_w1qf_s44_v1_ep5,bridge_clip_w1qf_s44_v1_ep5,eval_2000_qids,,locked_result,clip,qformer32,44,5,bridge_clip_w1qf_s44_v1_ep5,,none,bridge_clip_w1qf_s44_v1_ep5__corrected_chatml_v1_eos__eval_2000_qids__image_only__direct,image_only,direct,,,bridge (vision),text-only floor,2000,1725,exact_full,43.3,28.95,14.35,,,,,,,100,0,2.203,outputs/eval/locked/bridge_clip_w1qf_s44_v1_ep5__corrected_chatml_v1_eos__eval_2000_qids__image_only__direct_records.json,607326f978ec0b6ff6a77ee9550fa5c39c3f7a25d2f91d7062c10bcae731c82e,,corrected ChatML + supervised EOS; primary metric exact_full
corrected_locked2000:bridge_clip_w1qf_s44_v1_ep5::bridge_clip_w1qf_s44_v1_ep5__corrected_chatml_v1_eos__eval_2000_qids__image_only__direct::vqa_soft,corrected_chatml_v1_eos,chatml_v1_supervised_eos,cluster,,corrected_locked2000:bridge_clip_w1qf_s44_v1_ep5,bridge_clip_w1qf_s44_v1_ep5,eval_2000_qids,,locked_result,clip,qformer32,44,5,bridge_clip_w1qf_s44_v1_ep5,,none,bridge_clip_w1qf_s44_v1_ep5__corrected_chatml_v1_eos__eval_2000_qids__image_only__direct,image_only,direct,,,bridge (vision),text-only floor,2000,1725,vqa_soft,43.7,30.85,12.85,,,,,,,100,0,2.203,outputs/eval/locked/bridge_clip_w1qf_s44_v1_ep5__corrected_chatml_v1_eos__eval_2000_qids__image_only__direct_records.json,607326f978ec0b6ff6a77ee9550fa5c39c3f7a25d2f91d7062c10bcae731c82e,,corrected ChatML + supervised EOS; primary metric exact_full
corrected_locked2000:bridge_dinov2_w1_bf16_v1_ep5::bridge_dinov2_w1_bf16_v1_ep5__corrected_chatml_v1_eos__eval_2000_qids__image_only__direct::exact,corrected_chatml_v1_eos,chatml_v1_supervised_eos,cluster,,corrected_locked2000:bridge_dinov2_w1_bf16_v1_ep5,bridge_dinov2_w1_bf16_v1_ep5,eval_2000_qids,,locked_result,dinov2,mlp256,42,5,bridge_dinov2_w1_bf16_v1_ep5,,none,bridge_dinov2_w1_bf16_v1_ep5__corrected_chatml_v1_eos__eval_2000_qids__image_only__direct,image_only,direct,,,bridge (vision),text-only floor,2000,1725,exact,49.9,28.95,20.95,,,,,,,100,0,2.2365,outputs/eval/locked/bridge_dinov2_w1_bf16_v1_ep5__corrected_chatml_v1_eos__eval_2000_qids__image_only__direct_records.json,8ee13691777ca99b79e22a4a9e971924077a184e942e3ebed6ea46e0766011d1,,corrected ChatML + supervised EOS; primary metric exact_full
corrected_locked2000:bridge_dinov2_w1_bf16_v1_ep5::bridge_dinov2_w1_bf16_v1_ep5__corrected_chatml_v1_eos__eval_2000_qids__image_only__direct::exact_full,corrected_chatml_v1_eos,chatml_v1_supervised_eos,cluster,,corrected_locked2000:bridge_dinov2_w1_bf16_v1_ep5,bridge_dinov2_w1_bf16_v1_ep5,eval_2000_qids,,locked_result,dinov2,mlp256,42,5,bridge_dinov2_w1_bf16_v1_ep5,,none,bridge_dinov2_w1_bf16_v1_ep5__corrected_chatml_v1_eos__eval_2000_qids__image_only__direct,image_only,direct,,,bridge (vision),text-only floor,2000,1725,exact_full,49.9,28.95,20.95,,,,,,,100,0,2.2365,outputs/eval/locked/bridge_dinov2_w1_bf16_v1_ep5__corrected_chatml_v1_eos__eval_2000_qids__image_only__direct_records.json,8ee13691777ca99b79e22a4a9e971924077a184e942e3ebed6ea46e0766011d1,,corrected ChatML + supervised EOS; primary metric exact_full
corrected_locked2000:bridge_dinov2_w1_bf16_v1_ep5::bridge_dinov2_w1_bf16_v1_ep5__corrected_chatml_v1_eos__eval_2000_qids__image_only__direct::vqa_soft,corrected_chatml_v1_eos,chatml_v1_supervised_eos,cluster,,corrected_locked2000:bridge_dinov2_w1_bf16_v1_ep5,bridge_dinov2_w1_bf16_v1_ep5,eval_2000_qids,,locked_result,dinov2,mlp256,42,5,bridge_dinov2_w1_bf16_v1_ep5,,none,bridge_dinov2_w1_bf16_v1_ep5__corrected_chatml_v1_eos__eval_2000_qids__image_only__direct,image_only,direct,,,bridge (vision),text-only floor,2000,1725,vqa_soft,50.35,30.85,19.5,,,,,,,100,0,2.2365,outputs/eval/locked/bridge_dinov2_w1_bf16_v1_ep5__corrected_chatml_v1_eos__eval_2000_qids__image_only__direct_records.json,8ee13691777ca99b79e22a4a9e971924077a184e942e3ebed6ea46e0766011d1,,corrected ChatML + supervised EOS; primary metric exact_full
corrected_locked2000:bridge_dinov2_w1qf_bf16_v1_ep5::bridge_dinov2_w1qf_bf16_v1_ep5__corrected_chatml_v1_eos__eval_2000_qids__image_only__direct::exact,corrected_chatml_v1_eos,chatml_v1_supervised_eos,cluster,,corrected_locked2000:bridge_dinov2_w1qf_bf16_v1_ep5,bridge_dinov2_w1qf_bf16_v1_ep5,eval_2000_qids,,locked_result,dinov2,qformer32,42,5,bridge_dinov2_w1qf_bf16_v1_ep5,,none,bridge_dinov2_w1qf_bf16_v1_ep5__corrected_chatml_v1_eos__eval_2000_qids__image_only__direct,image_only,direct,,,bridge (vision),text-only floor,2000,1725,exact,43.05,28.95,14.1,,,,,,,100,0,2.223,outputs/eval/locked/bridge_dinov2_w1qf_bf16_v1_ep5__corrected_chatml_v1_eos__eval_2000_qids__image_only__direct_records.json,3620ec640d39de376581f44d8f1bcc28f237e9cfde1e58078d06bd1bf72dba8b,,corrected ChatML + supervised EOS; primary metric exact_full
corrected_locked2000:bridge_dinov2_w1qf_bf16_v1_ep5::bridge_dinov2_w1qf_bf16_v1_ep5__corrected_chatml_v1_eos__eval_2000_qids__image_only__direct::exact_full,corrected_chatml_v1_eos,chatml_v1_supervised_eos,cluster,,corrected_locked2000:bridge_dinov2_w1qf_bf16_v1_ep5,bridge_dinov2_w1qf_bf16_v1_ep5,eval_2000_qids,,locked_result,dinov2,qformer32,42,5,bridge_dinov2_w1qf_bf16_v1_ep5,,none,bridge_dinov2_w1qf_bf16_v1_ep5__corrected_chatml_v1_eos__eval_2000_qids__image_only__direct,image_only,direct,,,bridge (vision),text-only floor,2000,1725,exact_full,43.05,28.95,14.1,,,,,,,100,0,2.223,outputs/eval/locked/bridge_dinov2_w1qf_bf16_v1_ep5__corrected_chatml_v1_eos__eval_2000_qids__image_only__direct_records.json,3620ec640d39de376581f44d8f1bcc28f237e9cfde1e58078d06bd1bf72dba8b,,corrected ChatML + supervised EOS; primary metric exact_full
corrected_locked2000:bridge_dinov2_w1qf_bf16_v1_ep5::bridge_dinov2_w1qf_bf16_v1_ep5__corrected_chatml_v1_eos__eval_2000_qids__image_only__direct::vqa_soft,corrected_chatml_v1_eos,chatml_v1_supervised_eos,cluster,,corrected_locked2000:bridge_dinov2_w1qf_bf16_v1_ep5,bridge_dinov2_w1qf_bf16_v1_ep5,eval_2000_qids,,locked_result,dinov2,qformer32,42,5,bridge_dinov2_w1qf_bf16_v1_ep5,,none,bridge_dinov2_w1qf_bf16_v1_ep5__corrected_chatml_v1_eos__eval_2000_qids__image_only__direct,image_only,direct,,,bridge (vision),text-only floor,2000,1725,vqa_soft,43.4,30.85,12.55,,,,,,,100,0,2.223,outputs/eval/locked/bridge_dinov2_w1qf_bf16_v1_ep5__corrected_chatml_v1_eos__eval_2000_qids__image_only__direct_records.json,3620ec640d39de376581f44d8f1bcc28f237e9cfde1e58078d06bd1bf72dba8b,,corrected ChatML + supervised EOS; primary metric exact_full
corrected_locked2000:bridge_ijepa_w1_bf16_v1_ep5::bridge_ijepa_w1_bf16_v1_ep5__corrected_chatml_v1_eos__eval_2000_qids__image_only__direct::exact,corrected_chatml_v1_eos,chatml_v1_supervised_eos,cluster,,corrected_locked2000:bridge_ijepa_w1_bf16_v1_ep5,bridge_ijepa_w1_bf16_v1_ep5,eval_2000_qids,,locked_result,ijepa,mlp256,42,5,bridge_ijepa_w1_bf16_v1_ep5,,none,bridge_ijepa_w1_bf16_v1_ep5__corrected_chatml_v1_eos__eval_2000_qids__image_only__direct,image_only,direct,,,bridge (vision),text-only floor,2000,1725,exact,44.55,28.95,15.6,,,,,,,100,0,2.249,outputs/eval/locked/bridge_ijepa_w1_bf16_v1_ep5__corrected_chatml_v1_eos__eval_2000_qids__image_only__direct_records.json,5d032f8fb3cc368d3041ae499b4f87969c73da55a68c03193ed29002ddc8637d,,corrected ChatML + supervised EOS; primary metric exact_full
corrected_locked2000:bridge_ijepa_w1_bf16_v1_ep5::bridge_ijepa_w1_bf16_v1_ep5__corrected_chatml_v1_eos__eval_2000_qids__image_only__direct::exact_full,corrected_chatml_v1_eos,chatml_v1_supervised_eos,cluster,,corrected_locked2000:bridge_ijepa_w1_bf16_v1_ep5,bridge_ijepa_w1_bf16_v1_ep5,eval_2000_qids,,locked_result,ijepa,mlp256,42,5,bridge_ijepa_w1_bf16_v1_ep5,,none,bridge_ijepa_w1_bf16_v1_ep5__corrected_chatml_v1_eos__eval_2000_qids__image_only__direct,image_only,direct,,,bridge (vision),text-only floor,2000,1725,exact_full,44.55,28.95,15.6,,,,,,,100,0,2.249,outputs/eval/locked/bridge_ijepa_w1_bf16_v1_ep5__corrected_chatml_v1_eos__eval_2000_qids__image_only__direct_records.json,5d032f8fb3cc368d3041ae499b4f87969c73da55a68c03193ed29002ddc8637d,,corrected ChatML + supervised EOS; primary metric exact_full
corrected_locked2000:bridge_ijepa_w1_bf16_v1_ep5::bridge_ijepa_w1_bf16_v1_ep5__corrected_chatml_v1_eos__eval_2000_qids__image_only__direct::vqa_soft,corrected_chatml_v1_eos,chatml_v1_supervised_eos,cluster,,corrected_locked2000:bridge_ijepa_w1_bf16_v1_ep5,bridge_ijepa_w1_bf16_v1_ep5,eval_2000_qids,,locked_result,ijepa,mlp256,42,5,bridge_ijepa_w1_bf16_v1_ep5,,none,bridge_ijepa_w1_bf16_v1_ep5__corrected_chatml_v1_eos__eval_2000_qids__image_only__direct,image_only,direct,,,bridge (vision),text-only floor,2000,1725,vqa_soft,45.15,30.85,14.3,,,,,,,100,0,2.249,outputs/eval/locked/bridge_ijepa_w1_bf16_v1_ep5__corrected_chatml_v1_eos__eval_2000_qids__image_only__direct_records.json,5d032f8fb3cc368d3041ae499b4f87969c73da55a68c03193ed29002ddc8637d,,corrected ChatML + supervised EOS; primary metric exact_full
corrected_locked2000:bridge_ijepa_w1_s43_v1_ep5::bridge_ijepa_w1_s43_v1_ep5__corrected_chatml_v1_eos__eval_2000_qids__image_only__direct::exact,corrected_chatml_v1_eos,chatml_v1_supervised_eos,cluster,,corrected_locked2000:bridge_ijepa_w1_s43_v1_ep5,bridge_ijepa_w1_s43_v1_ep5,eval_2000_qids,,locked_result,ijepa,mlp256,43,5,bridge_ijepa_w1_s43_v1_ep5,,none,bridge_ijepa_w1_s43_v1_ep5__corrected_chatml_v1_eos__eval_2000_qids__image_only__direct,image_only,direct,,,bridge (vision),text-only floor,2000,1725,exact,45.9,28.95,16.95,,,,,,,100,0,2.2205,outputs/eval/locked/bridge_ijepa_w1_s43_v1_ep5__corrected_chatml_v1_eos__eval_2000_qids__image_only__direct_records.json,e8c5bbe3b4f6b69a76210d29b3c8cea288917e8139356ef1281f79b4e2c88490,,corrected ChatML + supervised EOS; primary metric exact_full
corrected_locked2000:bridge_ijepa_w1_s43_v1_ep5::bridge_ijepa_w1_s43_v1_ep5__corrected_chatml_v1_eos__eval_2000_qids__image_only__direct::exact_full,corrected_chatml_v1_eos,chatml_v1_supervised_eos,cluster,,corrected_locked2000:bridge_ijepa_w1_s43_v1_ep5,bridge_ijepa_w1_s43_v1_ep5,eval_2000_qids,,locked_result,ijepa,mlp256,43,5,bridge_ijepa_w1_s43_v1_ep5,,none,bridge_ijepa_w1_s43_v1_ep5__corrected_chatml_v1_eos__eval_2000_qids__image_only__direct,image_only,direct,,,bridge (vision),text-only floor,2000,1725,exact_full,45.9,28.95,16.95,,,,,,,100,0,2.2205,outputs/eval/locked/bridge_ijepa_w1_s43_v1_ep5__corrected_chatml_v1_eos__eval_2000_qids__image_only__direct_records.json,e8c5bbe3b4f6b69a76210d29b3c8cea288917e8139356ef1281f79b4e2c88490,,corrected ChatML + supervised EOS; primary metric exact_full
corrected_locked2000:bridge_ijepa_w1_s43_v1_ep5::bridge_ijepa_w1_s43_v1_ep5__corrected_chatml_v1_eos__eval_2000_qids__image_only__direct::vqa_soft,corrected_chatml_v1_eos,chatml_v1_supervised_eos,cluster,,corrected_locked2000:bridge_ijepa_w1_s43_v1_ep5,bridge_ijepa_w1_s43_v1_ep5,eval_2000_qids,,locked_result,ijepa,mlp256,43,5,bridge_ijepa_w1_s43_v1_ep5,,none,bridge_ijepa_w1_s43_v1_ep5__corrected_chatml_v1_eos__eval_2000_qids__image_only__direct,image_only,direct,,,bridge (vision),text-only floor,2000,1725,vqa_soft,46.45,30.85,15.6,,,,,,,100,0,2.2205,outputs/eval/locked/bridge_ijepa_w1_s43_v1_ep5__corrected_chatml_v1_eos__eval_2000_qids__image_only__direct_records.json,e8c5bbe3b4f6b69a76210d29b3c8cea288917e8139356ef1281f79b4e2c88490,,corrected ChatML + supervised EOS; primary metric exact_full
corrected_locked2000:bridge_ijepa_w1_s44_v1_ep5::bridge_ijepa_w1_s44_v1_ep5__corrected_chatml_v1_eos__eval_2000_qids__image_only__direct::exact,corrected_chatml_v1_eos,chatml_v1_supervised_eos,cluster,,corrected_locked2000:bridge_ijepa_w1_s44_v1_ep5,bridge_ijepa_w1_s44_v1_ep5,eval_2000_qids,,locked_result,ijepa,mlp256,44,5,bridge_ijepa_w1_s44_v1_ep5,,none,bridge_ijepa_w1_s44_v1_ep5__corrected_chatml_v1_eos__eval_2000_qids__image_only__direct,image_only,direct,,,bridge (vision),text-only floor,2000,1725,exact,42.1,28.95,13.15,,,,,,,100,0,2.232,outputs/eval/locked/bridge_ijepa_w1_s44_v1_ep5__corrected_chatml_v1_eos__eval_2000_qids__image_only__direct_records.json,4d886ceccfe22de28d64f589cfd3c359abcba5f93320f3b47bbe0e6ba26c9863,,corrected ChatML + supervised EOS; primary metric exact_full
corrected_locked2000:bridge_ijepa_w1_s44_v1_ep5::bridge_ijepa_w1_s44_v1_ep5__corrected_chatml_v1_eos__eval_2000_qids__image_only__direct::exact_full,corrected_chatml_v1_eos,chatml_v1_supervised_eos,cluster,,corrected_locked2000:bridge_ijepa_w1_s44_v1_ep5,bridge_ijepa_w1_s44_v1_ep5,eval_2000_qids,,locked_result,ijepa,mlp256,44,5,bridge_ijepa_w1_s44_v1_ep5,,none,bridge_ijepa_w1_s44_v1_ep5__corrected_chatml_v1_eos__eval_2000_qids__image_only__direct,image_only,direct,,,bridge (vision),text-only floor,2000,1725,exact_full,42.1,28.95,13.15,,,,,,,100,0,2.232,outputs/eval/locked/bridge_ijepa_w1_s44_v1_ep5__corrected_chatml_v1_eos__eval_2000_qids__image_only__direct_records.json,4d886ceccfe22de28d64f589cfd3c359abcba5f93320f3b47bbe0e6ba26c9863,,corrected ChatML + supervised EOS; primary metric exact_full
corrected_locked2000:bridge_ijepa_w1_s44_v1_ep5::bridge_ijepa_w1_s44_v1_ep5__corrected_chatml_v1_eos__eval_2000_qids__image_only__direct::vqa_soft,corrected_chatml_v1_eos,chatml_v1_supervised_eos,cluster,,corrected_locked2000:bridge_ijepa_w1_s44_v1_ep5,bridge_ijepa_w1_s44_v1_ep5,eval_2000_qids,,locked_result,ijepa,mlp256,44,5,bridge_ijepa_w1_s44_v1_ep5,,none,bridge_ijepa_w1_s44_v1_ep5__corrected_chatml_v1_eos__eval_2000_qids__image_only__direct,image_only,direct,,,bridge (vision),text-only floor,2000,1725,vqa_soft,42.5,30.85,11.65,,,,,,,100,0,2.232,outputs/eval/locked/bridge_ijepa_w1_s44_v1_ep5__corrected_chatml_v1_eos__eval_2000_qids__image_only__direct_records.json,4d886ceccfe22de28d64f589cfd3c359abcba5f93320f3b47bbe0e6ba26c9863,,corrected ChatML + supervised EOS; primary metric exact_full
corrected_locked2000:bridge_ijepa_w1pool_bf16_v1_ep5::bridge_ijepa_w1pool_bf16_v1_ep5__corrected_chatml_v1_eos__eval_2000_qids__image_only__direct::exact,corrected_chatml_v1_eos,chatml_v1_supervised_eos,cluster,,corrected_locked2000:bridge_ijepa_w1pool_bf16_v1_ep5,bridge_ijepa_w1pool_bf16_v1_ep5,eval_2000_qids,,locked_result,ijepa,pool32,42,5,bridge_ijepa_w1pool_bf16_v1_ep5,,none,bridge_ijepa_w1pool_bf16_v1_ep5__corrected_chatml_v1_eos__eval_2000_qids__image_only__direct,image_only,direct,,,bridge (vision),text-only floor,2000,1725,exact,41.2,28.95,12.25,,,,,,,100,0,2.233,outputs/eval/locked/bridge_ijepa_w1pool_bf16_v1_ep5__corrected_chatml_v1_eos__eval_2000_qids__image_only__direct_records.json,b763bfd5e4f1a6d031013d642ac9bad0b3ac3a1315080632889b9ae294325fc7,,corrected ChatML + supervised EOS; primary metric exact_full
corrected_locked2000:bridge_ijepa_w1pool_bf16_v1_ep5::bridge_ijepa_w1pool_bf16_v1_ep5__corrected_chatml_v1_eos__eval_2000_qids__image_only__direct::exact_full,corrected_chatml_v1_eos,chatml_v1_supervised_eos,cluster,,corrected_locked2000:bridge_ijepa_w1pool_bf16_v1_ep5,bridge_ijepa_w1pool_bf16_v1_ep5,eval_2000_qids,,locked_result,ijepa,pool32,42,5,bridge_ijepa_w1pool_bf16_v1_ep5,,none,bridge_ijepa_w1pool_bf16_v1_ep5__corrected_chatml_v1_eos__eval_2000_qids__image_only__direct,image_only,direct,,,bridge (vision),text-only floor,2000,1725,exact_full,41.2,28.95,12.25,,,,,,,100,0,2.233,outputs/eval/locked/bridge_ijepa_w1pool_bf16_v1_ep5__corrected_chatml_v1_eos__eval_2000_qids__image_only__direct_records.json,b763bfd5e4f1a6d031013d642ac9bad0b3ac3a1315080632889b9ae294325fc7,,corrected ChatML + supervised EOS; primary metric exact_full
corrected_locked2000:bridge_ijepa_w1pool_bf16_v1_ep5::bridge_ijepa_w1pool_bf16_v1_ep5__corrected_chatml_v1_eos__eval_2000_qids__image_only__direct::vqa_soft,corrected_chatml_v1_eos,chatml_v1_supervised_eos,cluster,,corrected_locked2000:bridge_ijepa_w1pool_bf16_v1_ep5,bridge_ijepa_w1pool_bf16_v1_ep5,eval_2000_qids,,locked_result,ijepa,pool32,42,5,bridge_ijepa_w1pool_bf16_v1_ep5,,none,bridge_ijepa_w1pool_bf16_v1_ep5__corrected_chatml_v1_eos__eval_2000_qids__image_only__direct,image_only,direct,,,bridge (vision),text-only floor,2000,1725,vqa_soft,41.85,30.85,11,,,,,,,100,0,2.233,outputs/eval/locked/bridge_ijepa_w1pool_bf16_v1_ep5__corrected_chatml_v1_eos__eval_2000_qids__image_only__direct_records.json,b763bfd5e4f1a6d031013d642ac9bad0b3ac3a1315080632889b9ae294325fc7,,corrected ChatML + supervised EOS; primary metric exact_full
corrected_locked2000:bridge_ijepa_w1qf_bf16_v1_ep5::bridge_ijepa_w1qf_bf16_v1_ep5__corrected_chatml_v1_eos__eval_2000_qids__image_only__direct::exact,corrected_chatml_v1_eos,chatml_v1_supervised_eos,cluster,,corrected_locked2000:bridge_ijepa_w1qf_bf16_v1_ep5,bridge_ijepa_w1qf_bf16_v1_ep5,eval_2000_qids,,locked_result,ijepa,qformer32,42,5,bridge_ijepa_w1qf_bf16_v1_ep5,,none,bridge_ijepa_w1qf_bf16_v1_ep5__corrected_chatml_v1_eos__eval_2000_qids__image_only__direct,image_only,direct,,,bridge (vision),text-only floor,2000,1725,exact,39.75,28.95,10.8,,,,,,,100,0,2.2315,outputs/eval/locked/bridge_ijepa_w1qf_bf16_v1_ep5__corrected_chatml_v1_eos__eval_2000_qids__image_only__direct_records.json,0de609fd26d3bea447a4a77137280b1b5e2d128003855c4480d8e758b88f44fd,,corrected ChatML + supervised EOS; primary metric exact_full
corrected_locked2000:bridge_ijepa_w1qf_bf16_v1_ep5::bridge_ijepa_w1qf_bf16_v1_ep5__corrected_chatml_v1_eos__eval_2000_qids__image_only__direct::exact_full,corrected_chatml_v1_eos,chatml_v1_supervised_eos,cluster,,corrected_locked2000:bridge_ijepa_w1qf_bf16_v1_ep5,bridge_ijepa_w1qf_bf16_v1_ep5,eval_2000_qids,,locked_result,ijepa,qformer32,42,5,bridge_ijepa_w1qf_bf16_v1_ep5,,none,bridge_ijepa_w1qf_bf16_v1_ep5__corrected_chatml_v1_eos__eval_2000_qids__image_only__direct,image_only,direct,,,bridge (vision),text-only floor,2000,1725,exact_full,39.75,28.95,10.8,,,,,,,100,0,2.2315,outputs/eval/locked/bridge_ijepa_w1qf_bf16_v1_ep5__corrected_chatml_v1_eos__eval_2000_qids__image_only__direct_records.json,0de609fd26d3bea447a4a77137280b1b5e2d128003855c4480d8e758b88f44fd,,corrected ChatML + supervised EOS; primary metric exact_full
corrected_locked2000:bridge_ijepa_w1qf_bf16_v1_ep5::bridge_ijepa_w1qf_bf16_v1_ep5__corrected_chatml_v1_eos__eval_2000_qids__image_only__direct::vqa_soft,corrected_chatml_v1_eos,chatml_v1_supervised_eos,cluster,,corrected_locked2000:bridge_ijepa_w1qf_bf16_v1_ep5,bridge_ijepa_w1qf_bf16_v1_ep5,eval_2000_qids,,locked_result,ijepa,qformer32,42,5,bridge_ijepa_w1qf_bf16_v1_ep5,,none,bridge_ijepa_w1qf_bf16_v1_ep5__corrected_chatml_v1_eos__eval_2000_qids__image_only__direct,image_only,direct,,,bridge (vision),text-only floor,2000,1725,vqa_soft,40.05,30.85,9.2,,,,,,,100,0,2.2315,outputs/eval/locked/bridge_ijepa_w1qf_bf16_v1_ep5__corrected_chatml_v1_eos__eval_2000_qids__image_only__direct_records.json,0de609fd26d3bea447a4a77137280b1b5e2d128003855c4480d8e758b88f44fd,,corrected ChatML + supervised EOS; primary metric exact_full
corrected_locked2000:bridge_ijepa_w1qf_s43_v1_ep5::bridge_ijepa_w1qf_s43_v1_ep5__corrected_chatml_v1_eos__eval_2000_qids__image_only__direct::exact,corrected_chatml_v1_eos,chatml_v1_supervised_eos,cluster,,corrected_locked2000:bridge_ijepa_w1qf_s43_v1_ep5,bridge_ijepa_w1qf_s43_v1_ep5,eval_2000_qids,,locked_result,ijepa,qformer32,43,5,bridge_ijepa_w1qf_s43_v1_ep5,,none,bridge_ijepa_w1qf_s43_v1_ep5__corrected_chatml_v1_eos__eval_2000_qids__image_only__direct,image_only,direct,,,bridge (vision),text-only floor,2000,1725,exact,41.9,28.95,12.95,,,,,,,100,0,2.202,outputs/eval/locked/bridge_ijepa_w1qf_s43_v1_ep5__corrected_chatml_v1_eos__eval_2000_qids__image_only__direct_records.json,df28dc8083a964642ba90d439b0834a35caf7faa2a0331362ef01fce80a85803,,corrected ChatML + supervised EOS; primary metric exact_full
corrected_locked2000:bridge_ijepa_w1qf_s43_v1_ep5::bridge_ijepa_w1qf_s43_v1_ep5__corrected_chatml_v1_eos__eval_2000_qids__image_only__direct::exact_full,corrected_chatml_v1_eos,chatml_v1_supervised_eos,cluster,,corrected_locked2000:bridge_ijepa_w1qf_s43_v1_ep5,bridge_ijepa_w1qf_s43_v1_ep5,eval_2000_qids,,locked_result,ijepa,qformer32,43,5,bridge_ijepa_w1qf_s43_v1_ep5,,none,bridge_ijepa_w1qf_s43_v1_ep5__corrected_chatml_v1_eos__eval_2000_qids__image_only__direct,image_only,direct,,,bridge (vision),text-only floor,2000,1725,exact_full,41.9,28.95,12.95,,,,,,,100,0,2.202,outputs/eval/locked/bridge_ijepa_w1qf_s43_v1_ep5__corrected_chatml_v1_eos__eval_2000_qids__image_only__direct_records.json,df28dc8083a964642ba90d439b0834a35caf7faa2a0331362ef01fce80a85803,,corrected ChatML + supervised EOS; primary metric exact_full
corrected_locked2000:bridge_ijepa_w1qf_s43_v1_ep5::bridge_ijepa_w1qf_s43_v1_ep5__corrected_chatml_v1_eos__eval_2000_qids__image_only__direct::vqa_soft,corrected_chatml_v1_eos,chatml_v1_supervised_eos,cluster,,corrected_locked2000:bridge_ijepa_w1qf_s43_v1_ep5,bridge_ijepa_w1qf_s43_v1_ep5,eval_2000_qids,,locked_result,ijepa,qformer32,43,5,bridge_ijepa_w1qf_s43_v1_ep5,,none,bridge_ijepa_w1qf_s43_v1_ep5__corrected_chatml_v1_eos__eval_2000_qids__image_only__direct,image_only,direct,,,bridge (vision),text-only floor,2000,1725,vqa_soft,42.35,30.85,11.5,,,,,,,100,0,2.202,outputs/eval/locked/bridge_ijepa_w1qf_s43_v1_ep5__corrected_chatml_v1_eos__eval_2000_qids__image_only__direct_records.json,df28dc8083a964642ba90d439b0834a35caf7faa2a0331362ef01fce80a85803,,corrected ChatML + supervised EOS; primary metric exact_full
corrected_locked2000:bridge_ijepa_w1qf_s44_v1_ep5::bridge_ijepa_w1qf_s44_v1_ep5__corrected_chatml_v1_eos__eval_2000_qids__image_only__direct::exact,corrected_chatml_v1_eos,chatml_v1_supervised_eos,cluster,,corrected_locked2000:bridge_ijepa_w1qf_s44_v1_ep5,bridge_ijepa_w1qf_s44_v1_ep5,eval_2000_qids,,locked_result,ijepa,qformer32,44,5,bridge_ijepa_w1qf_s44_v1_ep5,,none,bridge_ijepa_w1qf_s44_v1_ep5__corrected_chatml_v1_eos__eval_2000_qids__image_only__direct,image_only,direct,,,bridge (vision),text-only floor,2000,1725,exact,42.25,28.95,13.3,,,,,,,100,0,2.221,outputs/eval/locked/bridge_ijepa_w1qf_s44_v1_ep5__corrected_chatml_v1_eos__eval_2000_qids__image_only__direct_records.json,f12bcd6962f9a9f8c4ed2894a6d2b1fa3ddfba6170eda54c5e820634a28457ee,,corrected ChatML + supervised EOS; primary metric exact_full
corrected_locked2000:bridge_ijepa_w1qf_s44_v1_ep5::bridge_ijepa_w1qf_s44_v1_ep5__corrected_chatml_v1_eos__eval_2000_qids__image_only__direct::exact_full,corrected_chatml_v1_eos,chatml_v1_supervised_eos,cluster,,corrected_locked2000:bridge_ijepa_w1qf_s44_v1_ep5,bridge_ijepa_w1qf_s44_v1_ep5,eval_2000_qids,,locked_result,ijepa,qformer32,44,5,bridge_ijepa_w1qf_s44_v1_ep5,,none,bridge_ijepa_w1qf_s44_v1_ep5__corrected_chatml_v1_eos__eval_2000_qids__image_only__direct,image_only,direct,,,bridge (vision),text-only floor,2000,1725,exact_full,42.25,28.95,13.3,,,,,,,100,0,2.221,outputs/eval/locked/bridge_ijepa_w1qf_s44_v1_ep5__corrected_chatml_v1_eos__eval_2000_qids__image_only__direct_records.json,f12bcd6962f9a9f8c4ed2894a6d2b1fa3ddfba6170eda54c5e820634a28457ee,,corrected ChatML + supervised EOS; primary metric exact_full
corrected_locked2000:bridge_ijepa_w1qf_s44_v1_ep5::bridge_ijepa_w1qf_s44_v1_ep5__corrected_chatml_v1_eos__eval_2000_qids__image_only__direct::vqa_soft,corrected_chatml_v1_eos,chatml_v1_supervised_eos,cluster,,corrected_locked2000:bridge_ijepa_w1qf_s44_v1_ep5,bridge_ijepa_w1qf_s44_v1_ep5,eval_2000_qids,,locked_result,ijepa,qformer32,44,5,bridge_ijepa_w1qf_s44_v1_ep5,,none,bridge_ijepa_w1qf_s44_v1_ep5__corrected_chatml_v1_eos__eval_2000_qids__image_only__direct,image_only,direct,,,bridge (vision),text-only floor,2000,1725,vqa_soft,42.6,30.85,11.75,,,,,,,100,0,2.221,outputs/eval/locked/bridge_ijepa_w1qf_s44_v1_ep5__corrected_chatml_v1_eos__eval_2000_qids__image_only__direct_records.json,f12bcd6962f9a9f8c4ed2894a6d2b1fa3ddfba6170eda54c5e820634a28457ee,,corrected ChatML + supervised EOS; primary metric exact_full
corrected_objective_ab:bridge_clip_w1_bf16_v1_ep5::bridge_clip_w1_bf16_v1_ep5__corrected_chatml_v1_eos__objective_4000_qids__image_only__direct::exact,corrected_chatml_v1_eos,chatml_v1_supervised_eos,cluster,2291075,corrected_objective_ab:bridge_clip_w1_bf16_v1_ep5,bridge_clip_w1_bf16_v1_ep5,objective_4000_qids,,development_result,clip,mlp256,42,5,bridge_clip_w1_bf16_v1_ep5,,none,bridge_clip_w1_bf16_v1_ep5__corrected_chatml_v1_eos__objective_4000_qids__image_only__direct,image_only,direct,,,bridge (vision),text-only floor,4000,4000,exact,52.15,28.65,23.5,,,,,,,100,0,2.2465,outputs/eval/objective_ab_2291075/bridge_clip_w1_bf16_v1_ep5__corrected_chatml_v1_eos__objective_4000_qids__image_only__direct_records.json,60f197400e30d46d74767ed8b24137a30a8e07f018aebae4573664244953eb23,,corrected ChatML + supervised EOS; primary metric exact_full
corrected_objective_ab:bridge_clip_w1_bf16_v1_ep5::bridge_clip_w1_bf16_v1_ep5__corrected_chatml_v1_eos__objective_4000_qids__image_only__direct::exact_full,corrected_chatml_v1_eos,chatml_v1_supervised_eos,cluster,2291075,corrected_objective_ab:bridge_clip_w1_bf16_v1_ep5,bridge_clip_w1_bf16_v1_ep5,objective_4000_qids,,development_result,clip,mlp256,42,5,bridge_clip_w1_bf16_v1_ep5,,none,bridge_clip_w1_bf16_v1_ep5__corrected_chatml_v1_eos__objective_4000_qids__image_only__direct,image_only,direct,,,bridge (vision),text-only floor,4000,4000,exact_full,52.15,28.65,23.5,,,,,,,100,0,2.2465,outputs/eval/objective_ab_2291075/bridge_clip_w1_bf16_v1_ep5__corrected_chatml_v1_eos__objective_4000_qids__image_only__direct_records.json,60f197400e30d46d74767ed8b24137a30a8e07f018aebae4573664244953eb23,,corrected ChatML + supervised EOS; primary metric exact_full
corrected_objective_ab:bridge_clip_w1_bf16_v1_ep5::bridge_clip_w1_bf16_v1_ep5__corrected_chatml_v1_eos__objective_4000_qids__image_only__direct::vqa_soft,corrected_chatml_v1_eos,chatml_v1_supervised_eos,cluster,2291075,corrected_objective_ab:bridge_clip_w1_bf16_v1_ep5,bridge_clip_w1_bf16_v1_ep5,objective_4000_qids,,development_result,clip,mlp256,42,5,bridge_clip_w1_bf16_v1_ep5,,none,bridge_clip_w1_bf16_v1_ep5__corrected_chatml_v1_eos__objective_4000_qids__image_only__direct,image_only,direct,,,bridge (vision),text-only floor,4000,4000,vqa_soft,52.975,31.3,21.675,,,,,,,100,0,2.2465,outputs/eval/objective_ab_2291075/bridge_clip_w1_bf16_v1_ep5__corrected_chatml_v1_eos__objective_4000_qids__image_only__direct_records.json,60f197400e30d46d74767ed8b24137a30a8e07f018aebae4573664244953eb23,,corrected ChatML + supervised EOS; primary metric exact_full
corrected_objective_ab:bridge_clip_w1_s43_v1_ep5::bridge_clip_w1_s43_v1_ep5__corrected_chatml_v1_eos__objective_4000_qids__image_only__direct::exact,corrected_chatml_v1_eos,chatml_v1_supervised_eos,cluster,2291075,corrected_objective_ab:bridge_clip_w1_s43_v1_ep5,bridge_clip_w1_s43_v1_ep5,objective_4000_qids,,development_result,clip,mlp256,43,5,bridge_clip_w1_s43_v1_ep5,,none,bridge_clip_w1_s43_v1_ep5__corrected_chatml_v1_eos__objective_4000_qids__image_only__direct,image_only,direct,,,bridge (vision),text-only floor,4000,4000,exact,52.5,28.65,23.85,,,,,,,100,0,2.23625,outputs/eval/objective_ab_2291075/bridge_clip_w1_s43_v1_ep5__corrected_chatml_v1_eos__objective_4000_qids__image_only__direct_records.json,ce6ebf82b246cd5ca1faa92a93aa18c70b7bace6ba9d08071161f9b3b9dcc473,,corrected ChatML + supervised EOS; primary metric exact_full
corrected_objective_ab:bridge_clip_w1_s43_v1_ep5::bridge_clip_w1_s43_v1_ep5__corrected_chatml_v1_eos__objective_4000_qids__image_only__direct::exact_full,corrected_chatml_v1_eos,chatml_v1_supervised_eos,cluster,2291075,corrected_objective_ab:bridge_clip_w1_s43_v1_ep5,bridge_clip_w1_s43_v1_ep5,objective_4000_qids,,development_result,clip,mlp256,43,5,bridge_clip_w1_s43_v1_ep5,,none,bridge_clip_w1_s43_v1_ep5__corrected_chatml_v1_eos__objective_4000_qids__image_only__direct,image_only,direct,,,bridge (vision),text-only floor,4000,4000,exact_full,52.5,28.65,23.85,,,,,,,100,0,2.23625,outputs/eval/objective_ab_2291075/bridge_clip_w1_s43_v1_ep5__corrected_chatml_v1_eos__objective_4000_qids__image_only__direct_records.json,ce6ebf82b246cd5ca1faa92a93aa18c70b7bace6ba9d08071161f9b3b9dcc473,,corrected ChatML + supervised EOS; primary metric exact_full
corrected_objective_ab:bridge_clip_w1_s43_v1_ep5::bridge_clip_w1_s43_v1_ep5__corrected_chatml_v1_eos__objective_4000_qids__image_only__direct::vqa_soft,corrected_chatml_v1_eos,chatml_v1_supervised_eos,cluster,2291075,corrected_objective_ab:bridge_clip_w1_s43_v1_ep5,bridge_clip_w1_s43_v1_ep5,objective_4000_qids,,development_result,clip,mlp256,43,5,bridge_clip_w1_s43_v1_ep5,,none,bridge_clip_w1_s43_v1_ep5__corrected_chatml_v1_eos__objective_4000_qids__image_only__direct,image_only,direct,,,bridge (vision),text-only floor,4000,4000,vqa_soft,53.4,31.3,22.1,,,,,,,100,0,2.23625,outputs/eval/objective_ab_2291075/bridge_clip_w1_s43_v1_ep5__corrected_chatml_v1_eos__objective_4000_qids__image_only__direct_records.json,ce6ebf82b246cd5ca1faa92a93aa18c70b7bace6ba9d08071161f9b3b9dcc473,,corrected ChatML + supervised EOS; primary metric exact_full
corrected_objective_ab:bridge_clip_w1_s44_v1_ep5::bridge_clip_w1_s44_v1_ep5__corrected_chatml_v1_eos__objective_4000_qids__image_only__direct::exact,corrected_chatml_v1_eos,chatml_v1_supervised_eos,cluster,2291075,corrected_objective_ab:bridge_clip_w1_s44_v1_ep5,bridge_clip_w1_s44_v1_ep5,objective_4000_qids,,development_result,clip,mlp256,44,5,bridge_clip_w1_s44_v1_ep5,,none,bridge_clip_w1_s44_v1_ep5__corrected_chatml_v1_eos__objective_4000_qids__image_only__direct,image_only,direct,,,bridge (vision),text-only floor,4000,4000,exact,51.05,28.65,22.4,,,,,,,100,0,2.24725,outputs/eval/objective_ab_2291075/bridge_clip_w1_s44_v1_ep5__corrected_chatml_v1_eos__objective_4000_qids__image_only__direct_records.json,80c80096b2e51b1d63f4c2ef9f45182de228cd92707874830abfa1c2fb821ea2,,corrected ChatML + supervised EOS; primary metric exact_full
corrected_objective_ab:bridge_clip_w1_s44_v1_ep5::bridge_clip_w1_s44_v1_ep5__corrected_chatml_v1_eos__objective_4000_qids__image_only__direct::exact_full,corrected_chatml_v1_eos,chatml_v1_supervised_eos,cluster,2291075,corrected_objective_ab:bridge_clip_w1_s44_v1_ep5,bridge_clip_w1_s44_v1_ep5,objective_4000_qids,,development_result,clip,mlp256,44,5,bridge_clip_w1_s44_v1_ep5,,none,bridge_clip_w1_s44_v1_ep5__corrected_chatml_v1_eos__objective_4000_qids__image_only__direct,image_only,direct,,,bridge (vision),text-only floor,4000,4000,exact_full,51.05,28.65,22.4,,,,,,,100,0,2.24725,outputs/eval/objective_ab_2291075/bridge_clip_w1_s44_v1_ep5__corrected_chatml_v1_eos__objective_4000_qids__image_only__direct_records.json,80c80096b2e51b1d63f4c2ef9f45182de228cd92707874830abfa1c2fb821ea2,,corrected ChatML + supervised EOS; primary metric exact_full
corrected_objective_ab:bridge_clip_w1_s44_v1_ep5::bridge_clip_w1_s44_v1_ep5__corrected_chatml_v1_eos__objective_4000_qids__image_only__direct::vqa_soft,corrected_chatml_v1_eos,chatml_v1_supervised_eos,cluster,2291075,corrected_objective_ab:bridge_clip_w1_s44_v1_ep5,bridge_clip_w1_s44_v1_ep5,objective_4000_qids,,development_result,clip,mlp256,44,5,bridge_clip_w1_s44_v1_ep5,,none,bridge_clip_w1_s44_v1_ep5__corrected_chatml_v1_eos__objective_4000_qids__image_only__direct,image_only,direct,,,bridge (vision),text-only floor,4000,4000,vqa_soft,52.1,31.3,20.8,,,,,,,100,0,2.24725,outputs/eval/objective_ab_2291075/bridge_clip_w1_s44_v1_ep5__corrected_chatml_v1_eos__objective_4000_qids__image_only__direct_records.json,80c80096b2e51b1d63f4c2ef9f45182de228cd92707874830abfa1c2fb821ea2,,corrected ChatML + supervised EOS; primary metric exact_full
corrected_objective_ab:bridge_clip_w1seq_s42_v1_ep5::bridge_clip_w1seq_s42_v1_ep5__corrected_chatml_v1_eos__objective_4000_qids__image_only__direct::exact,corrected_chatml_v1_eos,chatml_v1_supervised_eos,cluster,2291075,corrected_objective_ab:bridge_clip_w1seq_s42_v1_ep5,bridge_clip_w1seq_s42_v1_ep5,objective_4000_qids,,development_result,clip,,42,5,bridge_clip_w1seq_s42_v1_ep5,,none,bridge_clip_w1seq_s42_v1_ep5__corrected_chatml_v1_eos__objective_4000_qids__image_only__direct,image_only,direct,,,bridge (vision),text-only floor,4000,4000,exact,49.875,28.65,21.225,,,,,,,100,0,2.223,outputs/eval/objective_ab_2291075/bridge_clip_w1seq_s42_v1_ep5__corrected_chatml_v1_eos__objective_4000_qids__image_only__direct_records.json,42fb044c667fb640cf66474642b37d85c535e932ebed55ddc091a9ebe00c6c04,,corrected ChatML + supervised EOS; primary metric exact_full
corrected_objective_ab:bridge_clip_w1seq_s42_v1_ep5::bridge_clip_w1seq_s42_v1_ep5__corrected_chatml_v1_eos__objective_4000_qids__image_only__direct::exact_full,corrected_chatml_v1_eos,chatml_v1_supervised_eos,cluster,2291075,corrected_objective_ab:bridge_clip_w1seq_s42_v1_ep5,bridge_clip_w1seq_s42_v1_ep5,objective_4000_qids,,development_result,clip,,42,5,bridge_clip_w1seq_s42_v1_ep5,,none,bridge_clip_w1seq_s42_v1_ep5__corrected_chatml_v1_eos__objective_4000_qids__image_only__direct,image_only,direct,,,bridge (vision),text-only floor,4000,4000,exact_full,49.875,28.65,21.225,,,,,,,100,0,2.223,outputs/eval/objective_ab_2291075/bridge_clip_w1seq_s42_v1_ep5__corrected_chatml_v1_eos__objective_4000_qids__image_only__direct_records.json,42fb044c667fb640cf66474642b37d85c535e932ebed55ddc091a9ebe00c6c04,,corrected ChatML + supervised EOS; primary metric exact_full
corrected_objective_ab:bridge_clip_w1seq_s42_v1_ep5::bridge_clip_w1seq_s42_v1_ep5__corrected_chatml_v1_eos__objective_4000_qids__image_only__direct::vqa_soft,corrected_chatml_v1_eos,chatml_v1_supervised_eos,cluster,2291075,corrected_objective_ab:bridge_clip_w1seq_s42_v1_ep5,bridge_clip_w1seq_s42_v1_ep5,objective_4000_qids,,development_result,clip,,42,5,bridge_clip_w1seq_s42_v1_ep5,,none,bridge_clip_w1seq_s42_v1_ep5__corrected_chatml_v1_eos__objective_4000_qids__image_only__direct,image_only,direct,,,bridge (vision),text-only floor,4000,4000,vqa_soft,50.65,31.3,19.35,,,,,,,100,0,2.223,outputs/eval/objective_ab_2291075/bridge_clip_w1seq_s42_v1_ep5__corrected_chatml_v1_eos__objective_4000_qids__image_only__direct_records.json,42fb044c667fb640cf66474642b37d85c535e932ebed55ddc091a9ebe00c6c04,,corrected ChatML + supervised EOS; primary metric exact_full
corrected_objective_ab:bridge_clip_w1seq_s43_v1_ep5::bridge_clip_w1seq_s43_v1_ep5__corrected_chatml_v1_eos__objective_4000_qids__image_only__direct::exact,corrected_chatml_v1_eos,chatml_v1_supervised_eos,cluster,2291075,corrected_objective_ab:bridge_clip_w1seq_s43_v1_ep5,bridge_clip_w1seq_s43_v1_ep5,objective_4000_qids,,development_result,clip,,43,5,bridge_clip_w1seq_s43_v1_ep5,,none,bridge_clip_w1seq_s43_v1_ep5__corrected_chatml_v1_eos__objective_4000_qids__image_only__direct,image_only,direct,,,bridge (vision),text-only floor,4000,4000,exact,51.625,28.65,22.975,,,,,,,100,0,2.20825,outputs/eval/objective_ab_2291075/bridge_clip_w1seq_s43_v1_ep5__corrected_chatml_v1_eos__objective_4000_qids__image_only__direct_records.json,62dd89e63e00fe100ee65e64650a13bb59a0fc420ec5cc8d33c38c0fc5d90e6b,,corrected ChatML + supervised EOS; primary metric exact_full
corrected_objective_ab:bridge_clip_w1seq_s43_v1_ep5::bridge_clip_w1seq_s43_v1_ep5__corrected_chatml_v1_eos__objective_4000_qids__image_only__direct::exact_full,corrected_chatml_v1_eos,chatml_v1_supervised_eos,cluster,2291075,corrected_objective_ab:bridge_clip_w1seq_s43_v1_ep5,bridge_clip_w1seq_s43_v1_ep5,objective_4000_qids,,development_result,clip,,43,5,bridge_clip_w1seq_s43_v1_ep5,,none,bridge_clip_w1seq_s43_v1_ep5__corrected_chatml_v1_eos__objective_4000_qids__image_only__direct,image_only,direct,,,bridge (vision),text-only floor,4000,4000,exact_full,51.625,28.65,22.975,,,,,,,100,0,2.20825,outputs/eval/objective_ab_2291075/bridge_clip_w1seq_s43_v1_ep5__corrected_chatml_v1_eos__objective_4000_qids__image_only__direct_records.json,62dd89e63e00fe100ee65e64650a13bb59a0fc420ec5cc8d33c38c0fc5d90e6b,,corrected ChatML + supervised EOS; primary metric exact_full
corrected_objective_ab:bridge_clip_w1seq_s43_v1_ep5::bridge_clip_w1seq_s43_v1_ep5__corrected_chatml_v1_eos__objective_4000_qids__image_only__direct::vqa_soft,corrected_chatml_v1_eos,chatml_v1_supervised_eos,cluster,2291075,corrected_objective_ab:bridge_clip_w1seq_s43_v1_ep5,bridge_clip_w1seq_s43_v1_ep5,objective_4000_qids,,development_result,clip,,43,5,bridge_clip_w1seq_s43_v1_ep5,,none,bridge_clip_w1seq_s43_v1_ep5__corrected_chatml_v1_eos__objective_4000_qids__image_only__direct,image_only,direct,,,bridge (vision),text-only floor,4000,4000,vqa_soft,52.25,31.3,20.95,,,,,,,100,0,2.20825,outputs/eval/objective_ab_2291075/bridge_clip_w1seq_s43_v1_ep5__corrected_chatml_v1_eos__objective_4000_qids__image_only__direct_records.json,62dd89e63e00fe100ee65e64650a13bb59a0fc420ec5cc8d33c38c0fc5d90e6b,,corrected ChatML + supervised EOS; primary metric exact_full
corrected_objective_ab:bridge_clip_w1seq_s44_v1_ep5::bridge_clip_w1seq_s44_v1_ep5__corrected_chatml_v1_eos__objective_4000_qids__image_only__direct::exact,corrected_chatml_v1_eos,chatml_v1_supervised_eos,cluster,2291075,corrected_objective_ab:bridge_clip_w1seq_s44_v1_ep5,bridge_clip_w1seq_s44_v1_ep5,objective_4000_qids,,development_result,clip,,44,5,bridge_clip_w1seq_s44_v1_ep5,,none,bridge_clip_w1seq_s44_v1_ep5__corrected_chatml_v1_eos__objective_4000_qids__image_only__direct,image_only,direct,,,bridge (vision),text-only floor,4000,4000,exact,50.6,28.65,21.95,,,,,,,100,0,2.2285,outputs/eval/objective_ab_2291075/bridge_clip_w1seq_s44_v1_ep5__corrected_chatml_v1_eos__objective_4000_qids__image_only__direct_records.json,b2fad9749d46a94f2c42538f70aca4775f21eb48bea5a9af8b3d703de45b2819,,corrected ChatML + supervised EOS; primary metric exact_full
corrected_objective_ab:bridge_clip_w1seq_s44_v1_ep5::bridge_clip_w1seq_s44_v1_ep5__corrected_chatml_v1_eos__objective_4000_qids__image_only__direct::exact_full,corrected_chatml_v1_eos,chatml_v1_supervised_eos,cluster,2291075,corrected_objective_ab:bridge_clip_w1seq_s44_v1_ep5,bridge_clip_w1seq_s44_v1_ep5,objective_4000_qids,,development_result,clip,,44,5,bridge_clip_w1seq_s44_v1_ep5,,none,bridge_clip_w1seq_s44_v1_ep5__corrected_chatml_v1_eos__objective_4000_qids__image_only__direct,image_only,direct,,,bridge (vision),text-only floor,4000,4000,exact_full,50.6,28.65,21.95,,,,,,,100,0,2.2285,outputs/eval/objective_ab_2291075/bridge_clip_w1seq_s44_v1_ep5__corrected_chatml_v1_eos__objective_4000_qids__image_only__direct_records.json,b2fad9749d46a94f2c42538f70aca4775f21eb48bea5a9af8b3d703de45b2819,,corrected ChatML + supervised EOS; primary metric exact_full
corrected_objective_ab:bridge_clip_w1seq_s44_v1_ep5::bridge_clip_w1seq_s44_v1_ep5__corrected_chatml_v1_eos__objective_4000_qids__image_only__direct::vqa_soft,corrected_chatml_v1_eos,chatml_v1_supervised_eos,cluster,2291075,corrected_objective_ab:bridge_clip_w1seq_s44_v1_ep5,bridge_clip_w1seq_s44_v1_ep5,objective_4000_qids,,development_result,clip,,44,5,bridge_clip_w1seq_s44_v1_ep5,,none,bridge_clip_w1seq_s44_v1_ep5__corrected_chatml_v1_eos__objective_4000_qids__image_only__direct,image_only,direct,,,bridge (vision),text-only floor,4000,4000,vqa_soft,51.325,31.3,20.025,,,,,,,100,0,2.2285,outputs/eval/objective_ab_2291075/bridge_clip_w1seq_s44_v1_ep5__corrected_chatml_v1_eos__objective_4000_qids__image_only__direct_records.json,b2fad9749d46a94f2c42538f70aca4775f21eb48bea5a9af8b3d703de45b2819,,corrected ChatML + supervised EOS; primary metric exact_full
corrected_objective_ab:bridge_ijepa_w1_bf16_v1_ep5::bridge_ijepa_w1_bf16_v1_ep5__corrected_chatml_v1_eos__objective_4000_qids__image_only__direct::exact,corrected_chatml_v1_eos,chatml_v1_supervised_eos,cluster,2291075,corrected_objective_ab:bridge_ijepa_w1_bf16_v1_ep5,bridge_ijepa_w1_bf16_v1_ep5,objective_4000_qids,,development_result,ijepa,mlp256,42,5,bridge_ijepa_w1_bf16_v1_ep5,,none,bridge_ijepa_w1_bf16_v1_ep5__corrected_chatml_v1_eos__objective_4000_qids__image_only__direct,image_only,direct,,,bridge (vision),text-only floor,4000,4000,exact,46.325,28.65,17.675,,,,,,,100,0,2.2465,outputs/eval/objective_ab_2291075/bridge_ijepa_w1_bf16_v1_ep5__corrected_chatml_v1_eos__objective_4000_qids__image_only__direct_records.json,ba2ee67073462bc5df53540b27cc117ad02761209161cf0c436b4d96f72efd1c,,corrected ChatML + supervised EOS; primary metric exact_full
corrected_objective_ab:bridge_ijepa_w1_bf16_v1_ep5::bridge_ijepa_w1_bf16_v1_ep5__corrected_chatml_v1_eos__objective_4000_qids__image_only__direct::exact_full,corrected_chatml_v1_eos,chatml_v1_supervised_eos,cluster,2291075,corrected_objective_ab:bridge_ijepa_w1_bf16_v1_ep5,bridge_ijepa_w1_bf16_v1_ep5,objective_4000_qids,,development_result,ijepa,mlp256,42,5,bridge_ijepa_w1_bf16_v1_ep5,,none,bridge_ijepa_w1_bf16_v1_ep5__corrected_chatml_v1_eos__objective_4000_qids__image_only__direct,image_only,direct,,,bridge (vision),text-only floor,4000,4000,exact_full,46.325,28.65,17.675,,,,,,,100,0,2.2465,outputs/eval/objective_ab_2291075/bridge_ijepa_w1_bf16_v1_ep5__corrected_chatml_v1_eos__objective_4000_qids__image_only__direct_records.json,ba2ee67073462bc5df53540b27cc117ad02761209161cf0c436b4d96f72efd1c,,corrected ChatML + supervised EOS; primary metric exact_full
corrected_objective_ab:bridge_ijepa_w1_bf16_v1_ep5::bridge_ijepa_w1_bf16_v1_ep5__corrected_chatml_v1_eos__objective_4000_qids__image_only__direct::vqa_soft,corrected_chatml_v1_eos,chatml_v1_supervised_eos,cluster,2291075,corrected_objective_ab:bridge_ijepa_w1_bf16_v1_ep5,bridge_ijepa_w1_bf16_v1_ep5,objective_4000_qids,,development_result,ijepa,mlp256,42,5,bridge_ijepa_w1_bf16_v1_ep5,,none,bridge_ijepa_w1_bf16_v1_ep5__corrected_chatml_v1_eos__objective_4000_qids__image_only__direct,image_only,direct,,,bridge (vision),text-only floor,4000,4000,vqa_soft,46.975,31.3,15.675,,,,,,,100,0,2.2465,outputs/eval/objective_ab_2291075/bridge_ijepa_w1_bf16_v1_ep5__corrected_chatml_v1_eos__objective_4000_qids__image_only__direct_records.json,ba2ee67073462bc5df53540b27cc117ad02761209161cf0c436b4d96f72efd1c,,corrected ChatML + supervised EOS; primary metric exact_full
corrected_objective_ab:bridge_ijepa_w1_s43_v1_ep5::bridge_ijepa_w1_s43_v1_ep5__corrected_chatml_v1_eos__objective_4000_qids__image_only__direct::exact,corrected_chatml_v1_eos,chatml_v1_supervised_eos,cluster,2291075,corrected_objective_ab:bridge_ijepa_w1_s43_v1_ep5,bridge_ijepa_w1_s43_v1_ep5,objective_4000_qids,,development_result,ijepa,mlp256,43,5,bridge_ijepa_w1_s43_v1_ep5,,none,bridge_ijepa_w1_s43_v1_ep5__corrected_chatml_v1_eos__objective_4000_qids__image_only__direct,image_only,direct,,,bridge (vision),text-only floor,4000,4000,exact,46.275,28.65,17.625,,,,,,,100,0,2.22675,outputs/eval/objective_ab_2291075/bridge_ijepa_w1_s43_v1_ep5__corrected_chatml_v1_eos__objective_4000_qids__image_only__direct_records.json,9d8b957edf1a455e69bbab4fb149ea10209434d22141053e5d4d3cdfb0fccdb4,,corrected ChatML + supervised EOS; primary metric exact_full
corrected_objective_ab:bridge_ijepa_w1_s43_v1_ep5::bridge_ijepa_w1_s43_v1_ep5__corrected_chatml_v1_eos__objective_4000_qids__image_only__direct::exact_full,corrected_chatml_v1_eos,chatml_v1_supervised_eos,cluster,2291075,corrected_objective_ab:bridge_ijepa_w1_s43_v1_ep5,bridge_ijepa_w1_s43_v1_ep5,objective_4000_qids,,development_result,ijepa,mlp256,43,5,bridge_ijepa_w1_s43_v1_ep5,,none,bridge_ijepa_w1_s43_v1_ep5__corrected_chatml_v1_eos__objective_4000_qids__image_only__direct,image_only,direct,,,bridge (vision),text-only floor,4000,4000,exact_full,46.275,28.65,17.625,,,,,,,100,0,2.22675,outputs/eval/objective_ab_2291075/bridge_ijepa_w1_s43_v1_ep5__corrected_chatml_v1_eos__objective_4000_qids__image_only__direct_records.json,9d8b957edf1a455e69bbab4fb149ea10209434d22141053e5d4d3cdfb0fccdb4,,corrected ChatML + supervised EOS; primary metric exact_full
corrected_objective_ab:bridge_ijepa_w1_s43_v1_ep5::bridge_ijepa_w1_s43_v1_ep5__corrected_chatml_v1_eos__objective_4000_qids__image_only__direct::vqa_soft,corrected_chatml_v1_eos,chatml_v1_supervised_eos,cluster,2291075,corrected_objective_ab:bridge_ijepa_w1_s43_v1_ep5,bridge_ijepa_w1_s43_v1_ep5,objective_4000_qids,,development_result,ijepa,mlp256,43,5,bridge_ijepa_w1_s43_v1_ep5,,none,bridge_ijepa_w1_s43_v1_ep5__corrected_chatml_v1_eos__objective_4000_qids__image_only__direct,image_only,direct,,,bridge (vision),text-only floor,4000,4000,vqa_soft,46.95,31.3,15.65,,,,,,,100,0,2.22675,outputs/eval/objective_ab_2291075/bridge_ijepa_w1_s43_v1_ep5__corrected_chatml_v1_eos__objective_4000_qids__image_only__direct_records.json,9d8b957edf1a455e69bbab4fb149ea10209434d22141053e5d4d3cdfb0fccdb4,,corrected ChatML + supervised EOS; primary metric exact_full
corrected_objective_ab:bridge_ijepa_w1_s44_v1_ep5::bridge_ijepa_w1_s44_v1_ep5__corrected_chatml_v1_eos__objective_4000_qids__image_only__direct::exact,corrected_chatml_v1_eos,chatml_v1_supervised_eos,cluster,2291075,corrected_objective_ab:bridge_ijepa_w1_s44_v1_ep5,bridge_ijepa_w1_s44_v1_ep5,objective_4000_qids,,development_result,ijepa,mlp256,44,5,bridge_ijepa_w1_s44_v1_ep5,,none,bridge_ijepa_w1_s44_v1_ep5__corrected_chatml_v1_eos__objective_4000_qids__image_only__direct,image_only,direct,,,bridge (vision),text-only floor,4000,4000,exact,43.925,28.65,15.275,,,,,,,100,0,2.238,outputs/eval/objective_ab_2291075/bridge_ijepa_w1_s44_v1_ep5__corrected_chatml_v1_eos__objective_4000_qids__image_only__direct_records.json,aa61fc4e3a9d7c19489e1104b80b8a38c998c9521058b80638856853dfa34ebb,,corrected ChatML + supervised EOS; primary metric exact_full
corrected_objective_ab:bridge_ijepa_w1_s44_v1_ep5::bridge_ijepa_w1_s44_v1_ep5__corrected_chatml_v1_eos__objective_4000_qids__image_only__direct::exact_full,corrected_chatml_v1_eos,chatml_v1_supervised_eos,cluster,2291075,corrected_objective_ab:bridge_ijepa_w1_s44_v1_ep5,bridge_ijepa_w1_s44_v1_ep5,objective_4000_qids,,development_result,ijepa,mlp256,44,5,bridge_ijepa_w1_s44_v1_ep5,,none,bridge_ijepa_w1_s44_v1_ep5__corrected_chatml_v1_eos__objective_4000_qids__image_only__direct,image_only,direct,,,bridge (vision),text-only floor,4000,4000,exact_full,43.925,28.65,15.275,,,,,,,100,0,2.238,outputs/eval/objective_ab_2291075/bridge_ijepa_w1_s44_v1_ep5__corrected_chatml_v1_eos__objective_4000_qids__image_only__direct_records.json,aa61fc4e3a9d7c19489e1104b80b8a38c998c9521058b80638856853dfa34ebb,,corrected ChatML + supervised EOS; primary metric exact_full
corrected_objective_ab:bridge_ijepa_w1_s44_v1_ep5::bridge_ijepa_w1_s44_v1_ep5__corrected_chatml_v1_eos__objective_4000_qids__image_only__direct::vqa_soft,corrected_chatml_v1_eos,chatml_v1_supervised_eos,cluster,2291075,corrected_objective_ab:bridge_ijepa_w1_s44_v1_ep5,bridge_ijepa_w1_s44_v1_ep5,objective_4000_qids,,development_result,ijepa,mlp256,44,5,bridge_ijepa_w1_s44_v1_ep5,,none,bridge_ijepa_w1_s44_v1_ep5__corrected_chatml_v1_eos__objective_4000_qids__image_only__direct,image_only,direct,,,bridge (vision),text-only floor,4000,4000,vqa_soft,44.875,31.3,13.575,,,,,,,100,0,2.238,outputs/eval/objective_ab_2291075/bridge_ijepa_w1_s44_v1_ep5__corrected_chatml_v1_eos__objective_4000_qids__image_only__direct_records.json,aa61fc4e3a9d7c19489e1104b80b8a38c998c9521058b80638856853dfa34ebb,,corrected ChatML + supervised EOS; primary metric exact_full
corrected_objective_ab:bridge_ijepa_w1seq_s42_v1_ep5::bridge_ijepa_w1seq_s42_v1_ep5__corrected_chatml_v1_eos__objective_4000_qids__image_only__direct::exact,corrected_chatml_v1_eos,chatml_v1_supervised_eos,cluster,2291075,corrected_objective_ab:bridge_ijepa_w1seq_s42_v1_ep5,bridge_ijepa_w1seq_s42_v1_ep5,objective_4000_qids,,development_result,ijepa,,42,5,bridge_ijepa_w1seq_s42_v1_ep5,,none,bridge_ijepa_w1seq_s42_v1_ep5__corrected_chatml_v1_eos__objective_4000_qids__image_only__direct,image_only,direct,,,bridge (vision),text-only floor,4000,4000,exact,45.95,28.65,17.3,,,,,,,100,0,2.22925,outputs/eval/objective_ab_2291075/bridge_ijepa_w1seq_s42_v1_ep5__corrected_chatml_v1_eos__objective_4000_qids__image_only__direct_records.json,70f38246fe4153bc4cc6200980d52a2e0dcb6d49963961bbc3426f9736846ee5,,corrected ChatML + supervised EOS; primary metric exact_full
corrected_objective_ab:bridge_ijepa_w1seq_s42_v1_ep5::bridge_ijepa_w1seq_s42_v1_ep5__corrected_chatml_v1_eos__objective_4000_qids__image_only__direct::exact_full,corrected_chatml_v1_eos,chatml_v1_supervised_eos,cluster,2291075,corrected_objective_ab:bridge_ijepa_w1seq_s42_v1_ep5,bridge_ijepa_w1seq_s42_v1_ep5,objective_4000_qids,,development_result,ijepa,,42,5,bridge_ijepa_w1seq_s42_v1_ep5,,none,bridge_ijepa_w1seq_s42_v1_ep5__corrected_chatml_v1_eos__objective_4000_qids__image_only__direct,image_only,direct,,,bridge (vision),text-only floor,4000,4000,exact_full,45.95,28.65,17.3,,,,,,,100,0,2.22925,outputs/eval/objective_ab_2291075/bridge_ijepa_w1seq_s42_v1_ep5__corrected_chatml_v1_eos__objective_4000_qids__image_only__direct_records.json,70f38246fe4153bc4cc6200980d52a2e0dcb6d49963961bbc3426f9736846ee5,,corrected ChatML + supervised EOS; primary metric exact_full
corrected_objective_ab:bridge_ijepa_w1seq_s42_v1_ep5::bridge_ijepa_w1seq_s42_v1_ep5__corrected_chatml_v1_eos__objective_4000_qids__image_only__direct::vqa_soft,corrected_chatml_v1_eos,chatml_v1_supervised_eos,cluster,2291075,corrected_objective_ab:bridge_ijepa_w1seq_s42_v1_ep5,bridge_ijepa_w1seq_s42_v1_ep5,objective_4000_qids,,development_result,ijepa,,42,5,bridge_ijepa_w1seq_s42_v1_ep5,,none,bridge_ijepa_w1seq_s42_v1_ep5__corrected_chatml_v1_eos__objective_4000_qids__image_only__direct,image_only,direct,,,bridge (vision),text-only floor,4000,4000,vqa_soft,46.725,31.3,15.425,,,,,,,100,0,2.22925,outputs/eval/objective_ab_2291075/bridge_ijepa_w1seq_s42_v1_ep5__corrected_chatml_v1_eos__objective_4000_qids__image_only__direct_records.json,70f38246fe4153bc4cc6200980d52a2e0dcb6d49963961bbc3426f9736846ee5,,corrected ChatML + supervised EOS; primary metric exact_full
corrected_objective_ab:bridge_ijepa_w1seq_s43_v1_ep5::bridge_ijepa_w1seq_s43_v1_ep5__corrected_chatml_v1_eos__objective_4000_qids__image_only__direct::exact,corrected_chatml_v1_eos,chatml_v1_supervised_eos,cluster,2291075,corrected_objective_ab:bridge_ijepa_w1seq_s43_v1_ep5,bridge_ijepa_w1seq_s43_v1_ep5,objective_4000_qids,,development_result,ijepa,,43,5,bridge_ijepa_w1seq_s43_v1_ep5,,none,bridge_ijepa_w1seq_s43_v1_ep5__corrected_chatml_v1_eos__objective_4000_qids__image_only__direct,image_only,direct,,,bridge (vision),text-only floor,4000,4000,exact,45.775,28.65,17.125,,,,,,,100,0,2.1975,outputs/eval/objective_ab_2291075/bridge_ijepa_w1seq_s43_v1_ep5__corrected_chatml_v1_eos__objective_4000_qids__image_only__direct_records.json,e39afc419d219fe74b7898b6ffaa7b78a12affa141d12720a1f28c164c4b3572,,corrected ChatML + supervised EOS; primary metric exact_full
corrected_objective_ab:bridge_ijepa_w1seq_s43_v1_ep5::bridge_ijepa_w1seq_s43_v1_ep5__corrected_chatml_v1_eos__objective_4000_qids__image_only__direct::exact_full,corrected_chatml_v1_eos,chatml_v1_supervised_eos,cluster,2291075,corrected_objective_ab:bridge_ijepa_w1seq_s43_v1_ep5,bridge_ijepa_w1seq_s43_v1_ep5,objective_4000_qids,,development_result,ijepa,,43,5,bridge_ijepa_w1seq_s43_v1_ep5,,none,bridge_ijepa_w1seq_s43_v1_ep5__corrected_chatml_v1_eos__objective_4000_qids__image_only__direct,image_only,direct,,,bridge (vision),text-only floor,4000,4000,exact_full,45.775,28.65,17.125,,,,,,,100,0,2.1975,outputs/eval/objective_ab_2291075/bridge_ijepa_w1seq_s43_v1_ep5__corrected_chatml_v1_eos__objective_4000_qids__image_only__direct_records.json,e39afc419d219fe74b7898b6ffaa7b78a12affa141d12720a1f28c164c4b3572,,corrected ChatML + supervised EOS; primary metric exact_full
corrected_objective_ab:bridge_ijepa_w1seq_s43_v1_ep5::bridge_ijepa_w1seq_s43_v1_ep5__corrected_chatml_v1_eos__objective_4000_qids__image_only__direct::vqa_soft,corrected_chatml_v1_eos,chatml_v1_supervised_eos,cluster,2291075,corrected_objective_ab:bridge_ijepa_w1seq_s43_v1_ep5,bridge_ijepa_w1seq_s43_v1_ep5,objective_4000_qids,,development_result,ijepa,,43,5,bridge_ijepa_w1seq_s43_v1_ep5,,none,bridge_ijepa_w1seq_s43_v1_ep5__corrected_chatml_v1_eos__objective_4000_qids__image_only__direct,image_only,direct,,,bridge (vision),text-only floor,4000,4000,vqa_soft,46.25,31.3,14.95,,,,,,,100,0,2.1975,outputs/eval/objective_ab_2291075/bridge_ijepa_w1seq_s43_v1_ep5__corrected_chatml_v1_eos__objective_4000_qids__image_only__direct_records.json,e39afc419d219fe74b7898b6ffaa7b78a12affa141d12720a1f28c164c4b3572,,corrected ChatML + supervised EOS; primary metric exact_full
corrected_objective_ab:bridge_ijepa_w1seq_s44_v1_ep5::bridge_ijepa_w1seq_s44_v1_ep5__corrected_chatml_v1_eos__objective_4000_qids__image_only__direct::exact,corrected_chatml_v1_eos,chatml_v1_supervised_eos,cluster,2291075,corrected_objective_ab:bridge_ijepa_w1seq_s44_v1_ep5,bridge_ijepa_w1seq_s44_v1_ep5,objective_4000_qids,,development_result,ijepa,,44,5,bridge_ijepa_w1seq_s44_v1_ep5,,none,bridge_ijepa_w1seq_s44_v1_ep5__corrected_chatml_v1_eos__objective_4000_qids__image_only__direct,image_only,direct,,,bridge (vision),text-only floor,4000,4000,exact,45.9,28.65,17.25,,,,,,,100,0,2.21225,outputs/eval/objective_ab_2291075/bridge_ijepa_w1seq_s44_v1_ep5__corrected_chatml_v1_eos__objective_4000_qids__image_only__direct_records.json,45804226fd02c7a04ddddb839e23f559c74ae336aa859787619ae9991914e517,,corrected ChatML + supervised EOS; primary metric exact_full
corrected_objective_ab:bridge_ijepa_w1seq_s44_v1_ep5::bridge_ijepa_w1seq_s44_v1_ep5__corrected_chatml_v1_eos__objective_4000_qids__image_only__direct::exact_full,corrected_chatml_v1_eos,chatml_v1_supervised_eos,cluster,2291075,corrected_objective_ab:bridge_ijepa_w1seq_s44_v1_ep5,bridge_ijepa_w1seq_s44_v1_ep5,objective_4000_qids,,development_result,ijepa,,44,5,bridge_ijepa_w1seq_s44_v1_ep5,,none,bridge_ijepa_w1seq_s44_v1_ep5__corrected_chatml_v1_eos__objective_4000_qids__image_only__direct,image_only,direct,,,bridge (vision),text-only floor,4000,4000,exact_full,45.9,28.65,17.25,,,,,,,100,0,2.21225,outputs/eval/objective_ab_2291075/bridge_ijepa_w1seq_s44_v1_ep5__corrected_chatml_v1_eos__objective_4000_qids__image_only__direct_records.json,45804226fd02c7a04ddddb839e23f559c74ae336aa859787619ae9991914e517,,corrected ChatML + supervised EOS; primary metric exact_full
corrected_objective_ab:bridge_ijepa_w1seq_s44_v1_ep5::bridge_ijepa_w1seq_s44_v1_ep5__corrected_chatml_v1_eos__objective_4000_qids__image_only__direct::vqa_soft,corrected_chatml_v1_eos,chatml_v1_supervised_eos,cluster,2291075,corrected_objective_ab:bridge_ijepa_w1seq_s44_v1_ep5,bridge_ijepa_w1seq_s44_v1_ep5,objective_4000_qids,,development_result,ijepa,,44,5,bridge_ijepa_w1seq_s44_v1_ep5,,none,bridge_ijepa_w1seq_s44_v1_ep5__corrected_chatml_v1_eos__objective_4000_qids__image_only__direct,image_only,direct,,,bridge (vision),text-only floor,4000,4000,vqa_soft,46.5,31.3,15.2,,,,,,,100,0,2.21225,outputs/eval/objective_ab_2291075/bridge_ijepa_w1seq_s44_v1_ep5__corrected_chatml_v1_eos__objective_4000_qids__image_only__direct_records.json,45804226fd02c7a04ddddb839e23f559c74ae336aa859787619ae9991914e517,,corrected ChatML + supervised EOS; primary metric exact_full
corrected_testdev:bridge_clip_w1_bf16_v1_ep5::bridge_clip_w1_bf16_v1_ep5__corrected_chatml_v1_eos__testdev_12578_qids__image_only__direct::exact,corrected_chatml_v1_eos,chatml_v1_supervised_eos,cluster,2296035,corrected_testdev:bridge_clip_w1_bf16_v1_ep5,bridge_clip_w1_bf16_v1_ep5,testdev_12578_qids,,external_benchmark_result,clip,mlp256,42,5,bridge_clip_w1_bf16_v1_ep5,,none,bridge_clip_w1_bf16_v1_ep5__corrected_chatml_v1_eos__testdev_12578_qids__image_only__direct,image_only,direct,,,bridge (vision),text-only floor,12578,398,exact,46.342821,26.753061,19.58976,,,,,,,100,0,2.278184,outputs/eval/testdev/bridge_clip_w1_bf16_v1_ep5__corrected_chatml_v1_eos__testdev_12578_qids__image_only__direct_records.json,a4d8e36e8e0a7367ce764098ca45182b1be594dc92aa11f9dc05877871de4930,,"official GQA balanced Test-Dev, scored once; exact_full recomputed here and cross-checked against the official GQA eval.py in submit/eval/testdev_2296035_analysis.json"
corrected_testdev:bridge_clip_w1_bf16_v1_ep5::bridge_clip_w1_bf16_v1_ep5__corrected_chatml_v1_eos__testdev_12578_qids__image_only__direct::exact_full,corrected_chatml_v1_eos,chatml_v1_supervised_eos,cluster,2296035,corrected_testdev:bridge_clip_w1_bf16_v1_ep5,bridge_clip_w1_bf16_v1_ep5,testdev_12578_qids,,external_benchmark_result,clip,mlp256,42,5,bridge_clip_w1_bf16_v1_ep5,,none,bridge_clip_w1_bf16_v1_ep5__corrected_chatml_v1_eos__testdev_12578_qids__image_only__direct,image_only,direct,,,bridge (vision),text-only floor,12578,398,exact_full,46.342821,26.753061,19.58976,,,,,,,100,0,2.278184,outputs/eval/testdev/bridge_clip_w1_bf16_v1_ep5__corrected_chatml_v1_eos__testdev_12578_qids__image_only__direct_records.json,a4d8e36e8e0a7367ce764098ca45182b1be594dc92aa11f9dc05877871de4930,,"official GQA balanced Test-Dev, scored once; exact_full recomputed here and cross-checked against the official GQA eval.py in submit/eval/testdev_2296035_analysis.json"
corrected_testdev:bridge_clip_w1_bf16_v1_ep5::bridge_clip_w1_bf16_v1_ep5__corrected_chatml_v1_eos__testdev_12578_qids__image_only__direct::vqa_soft,corrected_chatml_v1_eos,chatml_v1_supervised_eos,cluster,2296035,corrected_testdev:bridge_clip_w1_bf16_v1_ep5,bridge_clip_w1_bf16_v1_ep5,testdev_12578_qids,,external_benchmark_result,clip,mlp256,42,5,bridge_clip_w1_bf16_v1_ep5,,none,bridge_clip_w1_bf16_v1_ep5__corrected_chatml_v1_eos__testdev_12578_qids__image_only__direct,image_only,direct,,,bridge (vision),text-only floor,12578,398,vqa_soft,46.803943,29.154079,17.649865,,,,,,,100,0,2.278184,outputs/eval/testdev/bridge_clip_w1_bf16_v1_ep5__corrected_chatml_v1_eos__testdev_12578_qids__image_only__direct_records.json,a4d8e36e8e0a7367ce764098ca45182b1be594dc92aa11f9dc05877871de4930,,"official GQA balanced Test-Dev, scored once; exact_full recomputed here and cross-checked against the official GQA eval.py in submit/eval/testdev_2296035_analysis.json"
corrected_testdev:bridge_clip_w1qf_bf16_v1_ep5::bridge_clip_w1qf_bf16_v1_ep5__corrected_chatml_v1_eos__testdev_12578_qids__image_only__direct::exact,corrected_chatml_v1_eos,chatml_v1_supervised_eos,cluster,2296035,corrected_testdev:bridge_clip_w1qf_bf16_v1_ep5,bridge_clip_w1qf_bf16_v1_ep5,testdev_12578_qids,,external_benchmark_result,clip,qformer32,42,5,bridge_clip_w1qf_bf16_v1_ep5,,none,bridge_clip_w1qf_bf16_v1_ep5__corrected_chatml_v1_eos__testdev_12578_qids__image_only__direct,image_only,direct,,,bridge (vision),text-only floor,12578,398,exact,39.354428,26.753061,12.601367,,,,,,,100,0,2.251789,outputs/eval/testdev/bridge_clip_w1qf_bf16_v1_ep5__corrected_chatml_v1_eos__testdev_12578_qids__image_only__direct_records.json,7e9fb9adc25dd115528e6a7e155f8df2f94d18f6d10d71c2e9a39f63a63542c9,,"official GQA balanced Test-Dev, scored once; exact_full recomputed here and cross-checked against the official GQA eval.py in submit/eval/testdev_2296035_analysis.json"
corrected_testdev:bridge_clip_w1qf_bf16_v1_ep5::bridge_clip_w1qf_bf16_v1_ep5__corrected_chatml_v1_eos__testdev_12578_qids__image_only__direct::exact_full,corrected_chatml_v1_eos,chatml_v1_supervised_eos,cluster,2296035,corrected_testdev:bridge_clip_w1qf_bf16_v1_ep5,bridge_clip_w1qf_bf16_v1_ep5,testdev_12578_qids,,external_benchmark_result,clip,qformer32,42,5,bridge_clip_w1qf_bf16_v1_ep5,,none,bridge_clip_w1qf_bf16_v1_ep5__corrected_chatml_v1_eos__testdev_12578_qids__image_only__direct,image_only,direct,,,bridge (vision),text-only floor,12578,398,exact_full,39.354428,26.753061,12.601367,,,,,,,100,0,2.251789,outputs/eval/testdev/bridge_clip_w1qf_bf16_v1_ep5__corrected_chatml_v1_eos__testdev_12578_qids__image_only__direct_records.json,7e9fb9adc25dd115528e6a7e155f8df2f94d18f6d10d71c2e9a39f63a63542c9,,"official GQA balanced Test-Dev, scored once; exact_full recomputed here and cross-checked against the official GQA eval.py in submit/eval/testdev_2296035_analysis.json"
corrected_testdev:bridge_clip_w1qf_bf16_v1_ep5::bridge_clip_w1qf_bf16_v1_ep5__corrected_chatml_v1_eos__testdev_12578_qids__image_only__direct::vqa_soft,corrected_chatml_v1_eos,chatml_v1_supervised_eos,cluster,2296035,corrected_testdev:bridge_clip_w1qf_bf16_v1_ep5,bridge_clip_w1qf_bf16_v1_ep5,testdev_12578_qids,,external_benchmark_result,clip,qformer32,42,5,bridge_clip_w1qf_bf16_v1_ep5,,none,bridge_clip_w1qf_bf16_v1_ep5__corrected_chatml_v1_eos__testdev_12578_qids__image_only__direct,image_only,direct,,,bridge (vision),text-only floor,12578,398,vqa_soft,39.712196,29.154079,10.558117,,,,,,,100,0,2.251789,outputs/eval/testdev/bridge_clip_w1qf_bf16_v1_ep5__corrected_chatml_v1_eos__testdev_12578_qids__image_only__direct_records.json,7e9fb9adc25dd115528e6a7e155f8df2f94d18f6d10d71c2e9a39f63a63542c9,,"official GQA balanced Test-Dev, scored once; exact_full recomputed here and cross-checked against the official GQA eval.py in submit/eval/testdev_2296035_analysis.json"
corrected_testdev:bridge_dinov2_w1_bf16_v1_ep5::bridge_dinov2_w1_bf16_v1_ep5__corrected_chatml_v1_eos__testdev_12578_qids__image_only__direct::exact,corrected_chatml_v1_eos,chatml_v1_supervised_eos,cluster,2296035,corrected_testdev:bridge_dinov2_w1_bf16_v1_ep5,bridge_dinov2_w1_bf16_v1_ep5,testdev_12578_qids,,external_benchmark_result,dinov2,mlp256,42,5,bridge_dinov2_w1_bf16_v1_ep5,,none,bridge_dinov2_w1_bf16_v1_ep5__corrected_chatml_v1_eos__testdev_12578_qids__image_only__direct,image_only,direct,,,bridge (vision),text-only floor,12578,398,exact,44.919701,26.753061,18.16664,,,,,,,100,0,2.2661,outputs/eval/testdev/bridge_dinov2_w1_bf16_v1_ep5__corrected_chatml_v1_eos__testdev_12578_qids__image_only__direct_records.json,e6d8fcd28747fb517bc43bcdfe35b9f225b2dc4152c7d7c2b4fa0b8ffe4f0b3d,,"official GQA balanced Test-Dev, scored once; exact_full recomputed here and cross-checked against the official GQA eval.py in submit/eval/testdev_2296035_analysis.json"
corrected_testdev:bridge_dinov2_w1_bf16_v1_ep5::bridge_dinov2_w1_bf16_v1_ep5__corrected_chatml_v1_eos__testdev_12578_qids__image_only__direct::exact_full,corrected_chatml_v1_eos,chatml_v1_supervised_eos,cluster,2296035,corrected_testdev:bridge_dinov2_w1_bf16_v1_ep5,bridge_dinov2_w1_bf16_v1_ep5,testdev_12578_qids,,external_benchmark_result,dinov2,mlp256,42,5,bridge_dinov2_w1_bf16_v1_ep5,,none,bridge_dinov2_w1_bf16_v1_ep5__corrected_chatml_v1_eos__testdev_12578_qids__image_only__direct,image_only,direct,,,bridge (vision),text-only floor,12578,398,exact_full,44.919701,26.753061,18.16664,,,,,,,100,0,2.2661,outputs/eval/testdev/bridge_dinov2_w1_bf16_v1_ep5__corrected_chatml_v1_eos__testdev_12578_qids__image_only__direct_records.json,e6d8fcd28747fb517bc43bcdfe35b9f225b2dc4152c7d7c2b4fa0b8ffe4f0b3d,,"official GQA balanced Test-Dev, scored once; exact_full recomputed here and cross-checked against the official GQA eval.py in submit/eval/testdev_2296035_analysis.json"
corrected_testdev:bridge_dinov2_w1_bf16_v1_ep5::bridge_dinov2_w1_bf16_v1_ep5__corrected_chatml_v1_eos__testdev_12578_qids__image_only__direct::vqa_soft,corrected_chatml_v1_eos,chatml_v1_supervised_eos,cluster,2296035,corrected_testdev:bridge_dinov2_w1_bf16_v1_ep5,bridge_dinov2_w1_bf16_v1_ep5,testdev_12578_qids,,external_benchmark_result,dinov2,mlp256,42,5,bridge_dinov2_w1_bf16_v1_ep5,,none,bridge_dinov2_w1_bf16_v1_ep5__corrected_chatml_v1_eos__testdev_12578_qids__image_only__direct,image_only,direct,,,bridge (vision),text-only floor,12578,398,vqa_soft,45.285419,29.154079,16.13134,,,,,,,100,0,2.2661,outputs/eval/testdev/bridge_dinov2_w1_bf16_v1_ep5__corrected_chatml_v1_eos__testdev_12578_qids__image_only__direct_records.json,e6d8fcd28747fb517bc43bcdfe35b9f225b2dc4152c7d7c2b4fa0b8ffe4f0b3d,,"official GQA balanced Test-Dev, scored once; exact_full recomputed here and cross-checked against the official GQA eval.py in submit/eval/testdev_2296035_analysis.json"
corrected_testdev:bridge_dinov2_w1qf_bf16_v1_ep5::bridge_dinov2_w1qf_bf16_v1_ep5__corrected_chatml_v1_eos__testdev_12578_qids__image_only__direct::exact,corrected_chatml_v1_eos,chatml_v1_supervised_eos,cluster,2296035,corrected_testdev:bridge_dinov2_w1qf_bf16_v1_ep5,bridge_dinov2_w1qf_bf16_v1_ep5,testdev_12578_qids,,external_benchmark_result,dinov2,qformer32,42,5,bridge_dinov2_w1qf_bf16_v1_ep5,,none,bridge_dinov2_w1qf_bf16_v1_ep5__corrected_chatml_v1_eos__testdev_12578_qids__image_only__direct,image_only,direct,,,bridge (vision),text-only floor,12578,398,exact,39.322627,26.753061,12.569566,,,,,,,100,0,2.262204,outputs/eval/testdev/bridge_dinov2_w1qf_bf16_v1_ep5__corrected_chatml_v1_eos__testdev_12578_qids__image_only__direct_records.json,0eccd6ea853c88df7c6601a9f3be6e8fa5dd956dfab0b80efb12de957beb47e8,,"official GQA balanced Test-Dev, scored once; exact_full recomputed here and cross-checked against the official GQA eval.py in submit/eval/testdev_2296035_analysis.json"
corrected_testdev:bridge_dinov2_w1qf_bf16_v1_ep5::bridge_dinov2_w1qf_bf16_v1_ep5__corrected_chatml_v1_eos__testdev_12578_qids__image_only__direct::exact_full,corrected_chatml_v1_eos,chatml_v1_supervised_eos,cluster,2296035,corrected_testdev:bridge_dinov2_w1qf_bf16_v1_ep5,bridge_dinov2_w1qf_bf16_v1_ep5,testdev_12578_qids,,external_benchmark_result,dinov2,qformer32,42,5,bridge_dinov2_w1qf_bf16_v1_ep5,,none,bridge_dinov2_w1qf_bf16_v1_ep5__corrected_chatml_v1_eos__testdev_12578_qids__image_only__direct,image_only,direct,,,bridge (vision),text-only floor,12578,398,exact_full,39.322627,26.753061,12.569566,,,,,,,100,0,2.262204,outputs/eval/testdev/bridge_dinov2_w1qf_bf16_v1_ep5__corrected_chatml_v1_eos__testdev_12578_qids__image_only__direct_records.json,0eccd6ea853c88df7c6601a9f3be6e8fa5dd956dfab0b80efb12de957beb47e8,,"official GQA balanced Test-Dev, scored once; exact_full recomputed here and cross-checked against the official GQA eval.py in submit/eval/testdev_2296035_analysis.json"
corrected_testdev:bridge_dinov2_w1qf_bf16_v1_ep5::bridge_dinov2_w1qf_bf16_v1_ep5__corrected_chatml_v1_eos__testdev_12578_qids__image_only__direct::vqa_soft,corrected_chatml_v1_eos,chatml_v1_supervised_eos,cluster,2296035,corrected_testdev:bridge_dinov2_w1qf_bf16_v1_ep5,bridge_dinov2_w1qf_bf16_v1_ep5,testdev_12578_qids,,external_benchmark_result,dinov2,qformer32,42,5,bridge_dinov2_w1qf_bf16_v1_ep5,,none,bridge_dinov2_w1qf_bf16_v1_ep5__corrected_chatml_v1_eos__testdev_12578_qids__image_only__direct,image_only,direct,,,bridge (vision),text-only floor,12578,398,vqa_soft,39.656543,29.154079,10.502465,,,,,,,100,0,2.262204,outputs/eval/testdev/bridge_dinov2_w1qf_bf16_v1_ep5__corrected_chatml_v1_eos__testdev_12578_qids__image_only__direct_records.json,0eccd6ea853c88df7c6601a9f3be6e8fa5dd956dfab0b80efb12de957beb47e8,,"official GQA balanced Test-Dev, scored once; exact_full recomputed here and cross-checked against the official GQA eval.py in submit/eval/testdev_2296035_analysis.json"
corrected_testdev:bridge_ijepa_w1_bf16_v1_ep5::bridge_ijepa_w1_bf16_v1_ep5__corrected_chatml_v1_eos__testdev_12578_qids__image_only__direct::exact,corrected_chatml_v1_eos,chatml_v1_supervised_eos,cluster,2296035,corrected_testdev:bridge_ijepa_w1_bf16_v1_ep5,bridge_ijepa_w1_bf16_v1_ep5,testdev_12578_qids,,external_benchmark_result,ijepa,mlp256,42,5,bridge_ijepa_w1_bf16_v1_ep5,,none,bridge_ijepa_w1_bf16_v1_ep5__corrected_chatml_v1_eos__testdev_12578_qids__image_only__direct,image_only,direct,,,bridge (vision),text-only floor,12578,398,exact,41.000159,26.753061,14.247098,,,,,,,100,0,2.264509,outputs/eval/testdev/bridge_ijepa_w1_bf16_v1_ep5__corrected_chatml_v1_eos__testdev_12578_qids__image_only__direct_records.json,55743a0ecb9536d47d9de92369ce7893d19d612ed38f6b2f67f9f6763d7bd9a3,,"official GQA balanced Test-Dev, scored once; exact_full recomputed here and cross-checked against the official GQA eval.py in submit/eval/testdev_2296035_analysis.json"
corrected_testdev:bridge_ijepa_w1_bf16_v1_ep5::bridge_ijepa_w1_bf16_v1_ep5__corrected_chatml_v1_eos__testdev_12578_qids__image_only__direct::exact_full,corrected_chatml_v1_eos,chatml_v1_supervised_eos,cluster,2296035,corrected_testdev:bridge_ijepa_w1_bf16_v1_ep5,bridge_ijepa_w1_bf16_v1_ep5,testdev_12578_qids,,external_benchmark_result,ijepa,mlp256,42,5,bridge_ijepa_w1_bf16_v1_ep5,,none,bridge_ijepa_w1_bf16_v1_ep5__corrected_chatml_v1_eos__testdev_12578_qids__image_only__direct,image_only,direct,,,bridge (vision),text-only floor,12578,398,exact_full,41.000159,26.753061,14.247098,,,,,,,100,0,2.264509,outputs/eval/testdev/bridge_ijepa_w1_bf16_v1_ep5__corrected_chatml_v1_eos__testdev_12578_qids__image_only__direct_records.json,55743a0ecb9536d47d9de92369ce7893d19d612ed38f6b2f67f9f6763d7bd9a3,,"official GQA balanced Test-Dev, scored once; exact_full recomputed here and cross-checked against the official GQA eval.py in submit/eval/testdev_2296035_analysis.json"
corrected_testdev:bridge_ijepa_w1_bf16_v1_ep5::bridge_ijepa_w1_bf16_v1_ep5__corrected_chatml_v1_eos__testdev_12578_qids__image_only__direct::vqa_soft,corrected_chatml_v1_eos,chatml_v1_supervised_eos,cluster,2296035,corrected_testdev:bridge_ijepa_w1_bf16_v1_ep5,bridge_ijepa_w1_bf16_v1_ep5,testdev_12578_qids,,external_benchmark_result,ijepa,mlp256,42,5,bridge_ijepa_w1_bf16_v1_ep5,,none,bridge_ijepa_w1_bf16_v1_ep5__corrected_chatml_v1_eos__testdev_12578_qids__image_only__direct,image_only,direct,,,bridge (vision),text-only floor,12578,398,vqa_soft,41.477182,29.154079,12.323104,,,,,,,100,0,2.264509,outputs/eval/testdev/bridge_ijepa_w1_bf16_v1_ep5__corrected_chatml_v1_eos__testdev_12578_qids__image_only__direct_records.json,55743a0ecb9536d47d9de92369ce7893d19d612ed38f6b2f67f9f6763d7bd9a3,,"official GQA balanced Test-Dev, scored once; exact_full recomputed here and cross-checked against the official GQA eval.py in submit/eval/testdev_2296035_analysis.json"
corrected_testdev:bridge_ijepa_w1qf_bf16_v1_ep5::bridge_ijepa_w1qf_bf16_v1_ep5__corrected_chatml_v1_eos__testdev_12578_qids__image_only__direct::exact,corrected_chatml_v1_eos,chatml_v1_supervised_eos,cluster,2296035,corrected_testdev:bridge_ijepa_w1qf_bf16_v1_ep5,bridge_ijepa_w1qf_bf16_v1_ep5,testdev_12578_qids,,external_benchmark_result,ijepa,qformer32,42,5,bridge_ijepa_w1qf_bf16_v1_ep5,,none,bridge_ijepa_w1qf_bf16_v1_ep5__corrected_chatml_v1_eos__testdev_12578_qids__image_only__direct,image_only,direct,,,bridge (vision),text-only floor,12578,398,exact,37.724599,26.753061,10.971538,,,,,,,100,0,2.259024,outputs/eval/testdev/bridge_ijepa_w1qf_bf16_v1_ep5__corrected_chatml_v1_eos__testdev_12578_qids__image_only__direct_records.json,a22673184f47aa4ad26420c75a2b1af40b5d1cf248b43bcb3d0db58bba49c53b,,"official GQA balanced Test-Dev, scored once; exact_full recomputed here and cross-checked against the official GQA eval.py in submit/eval/testdev_2296035_analysis.json"
corrected_testdev:bridge_ijepa_w1qf_bf16_v1_ep5::bridge_ijepa_w1qf_bf16_v1_ep5__corrected_chatml_v1_eos__testdev_12578_qids__image_only__direct::exact_full,corrected_chatml_v1_eos,chatml_v1_supervised_eos,cluster,2296035,corrected_testdev:bridge_ijepa_w1qf_bf16_v1_ep5,bridge_ijepa_w1qf_bf16_v1_ep5,testdev_12578_qids,,external_benchmark_result,ijepa,qformer32,42,5,bridge_ijepa_w1qf_bf16_v1_ep5,,none,bridge_ijepa_w1qf_bf16_v1_ep5__corrected_chatml_v1_eos__testdev_12578_qids__image_only__direct,image_only,direct,,,bridge (vision),text-only floor,12578,398,exact_full,37.724599,26.753061,10.971538,,,,,,,100,0,2.259024,outputs/eval/testdev/bridge_ijepa_w1qf_bf16_v1_ep5__corrected_chatml_v1_eos__testdev_12578_qids__image_only__direct_records.json,a22673184f47aa4ad26420c75a2b1af40b5d1cf248b43bcb3d0db58bba49c53b,,"official GQA balanced Test-Dev, scored once; exact_full recomputed here and cross-checked against the official GQA eval.py in submit/eval/testdev_2296035_analysis.json"
corrected_testdev:bridge_ijepa_w1qf_bf16_v1_ep5::bridge_ijepa_w1qf_bf16_v1_ep5__corrected_chatml_v1_eos__testdev_12578_qids__image_only__direct::vqa_soft,corrected_chatml_v1_eos,chatml_v1_supervised_eos,cluster,2296035,corrected_testdev:bridge_ijepa_w1qf_bf16_v1_ep5,bridge_ijepa_w1qf_bf16_v1_ep5,testdev_12578_qids,,external_benchmark_result,ijepa,qformer32,42,5,bridge_ijepa_w1qf_bf16_v1_ep5,,none,bridge_ijepa_w1qf_bf16_v1_ep5__corrected_chatml_v1_eos__testdev_12578_qids__image_only__direct,image_only,direct,,,bridge (vision),text-only floor,12578,398,vqa_soft,37.979011,29.154079,8.824932,,,,,,,100,0,2.259024,outputs/eval/testdev/bridge_ijepa_w1qf_bf16_v1_ep5__corrected_chatml_v1_eos__testdev_12578_qids__image_only__direct_records.json,a22673184f47aa4ad26420c75a2b1af40b5d1cf248b43bcb3d0db58bba49c53b,,"official GQA balanced Test-Dev, scored once; exact_full recomputed here and cross-checked against the official GQA eval.py in submit/eval/testdev_2296035_analysis.json"
corrected_tune500:bridge_clip_w1_bf16_v1_ep1::bridge_clip_w1_bf16_v1_ep1__corrected_chatml_v1_eos__tune_500_qids__image_only__direct::exact,corrected_chatml_v1_eos,chatml_v1_supervised_eos,cluster,,corrected_tune500:bridge_clip_w1_bf16_v1_ep1,bridge_clip_w1_bf16_v1_ep1,tune_500_qids,,development_result,clip,mlp256,42,1,bridge_clip_w1_bf16_v1_ep1,,none,bridge_clip_w1_bf16_v1_ep1__corrected_chatml_v1_eos__tune_500_qids__image_only__direct,image_only,direct,,,bridge (vision),text-only floor,500,481,exact,44.6,31,13.6,,,,,,,100,0,2.258,outputs/eval/tuning/bridge_clip_w1_bf16_v1_ep1__corrected_chatml_v1_eos__tune_500_qids__image_only__direct_records.json,f3751004b72fb782ac96a7dda21e9a5409642d5086d5a82326591b7c24082013,,corrected ChatML + supervised EOS on the development tuning slice
corrected_tune500:bridge_clip_w1_bf16_v1_ep1::bridge_clip_w1_bf16_v1_ep1__corrected_chatml_v1_eos__tune_500_qids__image_only__direct::exact_full,corrected_chatml_v1_eos,chatml_v1_supervised_eos,cluster,,corrected_tune500:bridge_clip_w1_bf16_v1_ep1,bridge_clip_w1_bf16_v1_ep1,tune_500_qids,,development_result,clip,mlp256,42,1,bridge_clip_w1_bf16_v1_ep1,,none,bridge_clip_w1_bf16_v1_ep1__corrected_chatml_v1_eos__tune_500_qids__image_only__direct,image_only,direct,,,bridge (vision),text-only floor,500,481,exact_full,44.6,31,13.6,,,,,,,100,0,2.258,outputs/eval/tuning/bridge_clip_w1_bf16_v1_ep1__corrected_chatml_v1_eos__tune_500_qids__image_only__direct_records.json,f3751004b72fb782ac96a7dda21e9a5409642d5086d5a82326591b7c24082013,,corrected ChatML + supervised EOS on the development tuning slice
corrected_tune500:bridge_clip_w1_bf16_v1_ep1::bridge_clip_w1_bf16_v1_ep1__corrected_chatml_v1_eos__tune_500_qids__image_only__direct::vqa_soft,corrected_chatml_v1_eos,chatml_v1_supervised_eos,cluster,,corrected_tune500:bridge_clip_w1_bf16_v1_ep1,bridge_clip_w1_bf16_v1_ep1,tune_500_qids,,development_result,clip,mlp256,42,1,bridge_clip_w1_bf16_v1_ep1,,none,bridge_clip_w1_bf16_v1_ep1__corrected_chatml_v1_eos__tune_500_qids__image_only__direct,image_only,direct,,,bridge (vision),text-only floor,500,481,vqa_soft,44.8,33.8,11,,,,,,,100,0,2.258,outputs/eval/tuning/bridge_clip_w1_bf16_v1_ep1__corrected_chatml_v1_eos__tune_500_qids__image_only__direct_records.json,f3751004b72fb782ac96a7dda21e9a5409642d5086d5a82326591b7c24082013,,corrected ChatML + supervised EOS on the development tuning slice
corrected_tune500:bridge_clip_w1_bf16_v1_ep2::bridge_clip_w1_bf16_v1_ep2__corrected_chatml_v1_eos__tune_500_qids__image_only__direct::exact,corrected_chatml_v1_eos,chatml_v1_supervised_eos,cluster,,corrected_tune500:bridge_clip_w1_bf16_v1_ep2,bridge_clip_w1_bf16_v1_ep2,tune_500_qids,,development_result,clip,mlp256,42,2,bridge_clip_w1_bf16_v1_ep2,,none,bridge_clip_w1_bf16_v1_ep2__corrected_chatml_v1_eos__tune_500_qids__image_only__direct,image_only,direct,,,bridge (vision),text-only floor,500,481,exact,50,31,19,,,,,,,100,0,2.23,outputs/eval/tuning/bridge_clip_w1_bf16_v1_ep2__corrected_chatml_v1_eos__tune_500_qids__image_only__direct_records.json,1dfe78068594e1b535b26a83803225ed57c5f6f9d13b2dd5f749f62d91c9c798,,corrected ChatML + supervised EOS on the development tuning slice
corrected_tune500:bridge_clip_w1_bf16_v1_ep2::bridge_clip_w1_bf16_v1_ep2__corrected_chatml_v1_eos__tune_500_qids__image_only__direct::exact_full,corrected_chatml_v1_eos,chatml_v1_supervised_eos,cluster,,corrected_tune500:bridge_clip_w1_bf16_v1_ep2,bridge_clip_w1_bf16_v1_ep2,tune_500_qids,,development_result,clip,mlp256,42,2,bridge_clip_w1_bf16_v1_ep2,,none,bridge_clip_w1_bf16_v1_ep2__corrected_chatml_v1_eos__tune_500_qids__image_only__direct,image_only,direct,,,bridge (vision),text-only floor,500,481,exact_full,50,31,19,,,,,,,100,0,2.23,outputs/eval/tuning/bridge_clip_w1_bf16_v1_ep2__corrected_chatml_v1_eos__tune_500_qids__image_only__direct_records.json,1dfe78068594e1b535b26a83803225ed57c5f6f9d13b2dd5f749f62d91c9c798,,corrected ChatML + supervised EOS on the development tuning slice
corrected_tune500:bridge_clip_w1_bf16_v1_ep2::bridge_clip_w1_bf16_v1_ep2__corrected_chatml_v1_eos__tune_500_qids__image_only__direct::vqa_soft,corrected_chatml_v1_eos,chatml_v1_supervised_eos,cluster,,corrected_tune500:bridge_clip_w1_bf16_v1_ep2,bridge_clip_w1_bf16_v1_ep2,tune_500_qids,,development_result,clip,mlp256,42,2,bridge_clip_w1_bf16_v1_ep2,,none,bridge_clip_w1_bf16_v1_ep2__corrected_chatml_v1_eos__tune_500_qids__image_only__direct,image_only,direct,,,bridge (vision),text-only floor,500,481,vqa_soft,50.2,33.8,16.4,,,,,,,100,0,2.23,outputs/eval/tuning/bridge_clip_w1_bf16_v1_ep2__corrected_chatml_v1_eos__tune_500_qids__image_only__direct_records.json,1dfe78068594e1b535b26a83803225ed57c5f6f9d13b2dd5f749f62d91c9c798,,corrected ChatML + supervised EOS on the development tuning slice
corrected_tune500:bridge_clip_w1_bf16_v1_ep3::bridge_clip_w1_bf16_v1_ep3__corrected_chatml_v1_eos__tune_500_qids__image_only__direct::exact,corrected_chatml_v1_eos,chatml_v1_supervised_eos,cluster,,corrected_tune500:bridge_clip_w1_bf16_v1_ep3,bridge_clip_w1_bf16_v1_ep3,tune_500_qids,,development_result,clip,mlp256,42,3,bridge_clip_w1_bf16_v1_ep3,,none,bridge_clip_w1_bf16_v1_ep3__corrected_chatml_v1_eos__tune_500_qids__image_only__direct,image_only,direct,,,bridge (vision),text-only floor,500,481,exact,50.4,31,19.4,,,,,,,100,0,2.254,outputs/eval/tuning/bridge_clip_w1_bf16_v1_ep3__corrected_chatml_v1_eos__tune_500_qids__image_only__direct_records.json,108f1f57cdad3af57050e1ff56a416fb314d51b4bc1ae181c678bc4788df59ff,,corrected ChatML + supervised EOS on the development tuning slice
corrected_tune500:bridge_clip_w1_bf16_v1_ep3::bridge_clip_w1_bf16_v1_ep3__corrected_chatml_v1_eos__tune_500_qids__image_only__direct::exact_full,corrected_chatml_v1_eos,chatml_v1_supervised_eos,cluster,,corrected_tune500:bridge_clip_w1_bf16_v1_ep3,bridge_clip_w1_bf16_v1_ep3,tune_500_qids,,development_result,clip,mlp256,42,3,bridge_clip_w1_bf16_v1_ep3,,none,bridge_clip_w1_bf16_v1_ep3__corrected_chatml_v1_eos__tune_500_qids__image_only__direct,image_only,direct,,,bridge (vision),text-only floor,500,481,exact_full,50.4,31,19.4,,,,,,,100,0,2.254,outputs/eval/tuning/bridge_clip_w1_bf16_v1_ep3__corrected_chatml_v1_eos__tune_500_qids__image_only__direct_records.json,108f1f57cdad3af57050e1ff56a416fb314d51b4bc1ae181c678bc4788df59ff,,corrected ChatML + supervised EOS on the development tuning slice
corrected_tune500:bridge_clip_w1_bf16_v1_ep3::bridge_clip_w1_bf16_v1_ep3__corrected_chatml_v1_eos__tune_500_qids__image_only__direct::vqa_soft,corrected_chatml_v1_eos,chatml_v1_supervised_eos,cluster,,corrected_tune500:bridge_clip_w1_bf16_v1_ep3,bridge_clip_w1_bf16_v1_ep3,tune_500_qids,,development_result,clip,mlp256,42,3,bridge_clip_w1_bf16_v1_ep3,,none,bridge_clip_w1_bf16_v1_ep3__corrected_chatml_v1_eos__tune_500_qids__image_only__direct,image_only,direct,,,bridge (vision),text-only floor,500,481,vqa_soft,50.8,33.8,17,,,,,,,100,0,2.254,outputs/eval/tuning/bridge_clip_w1_bf16_v1_ep3__corrected_chatml_v1_eos__tune_500_qids__image_only__direct_records.json,108f1f57cdad3af57050e1ff56a416fb314d51b4bc1ae181c678bc4788df59ff,,corrected ChatML + supervised EOS on the development tuning slice
corrected_tune500:bridge_clip_w1_bf16_v1_ep4::bridge_clip_w1_bf16_v1_ep4__corrected_chatml_v1_eos__tune_500_qids__image_only__direct::exact,corrected_chatml_v1_eos,chatml_v1_supervised_eos,cluster,,corrected_tune500:bridge_clip_w1_bf16_v1_ep4,bridge_clip_w1_bf16_v1_ep4,tune_500_qids,,development_result,clip,mlp256,42,4,bridge_clip_w1_bf16_v1_ep4,,none,bridge_clip_w1_bf16_v1_ep4__corrected_chatml_v1_eos__tune_500_qids__image_only__direct,image_only,direct,,,bridge (vision),text-only floor,500,481,exact,52.8,31,21.8,,,,,,,100,0,2.246,outputs/eval/tuning/bridge_clip_w1_bf16_v1_ep4__corrected_chatml_v1_eos__tune_500_qids__image_only__direct_records.json,a0f1bd608288ef5fe69c67442e51f89f7b40c7a45469b8b9d1deaf3d450dee27,,corrected ChatML + supervised EOS on the development tuning slice
corrected_tune500:bridge_clip_w1_bf16_v1_ep4::bridge_clip_w1_bf16_v1_ep4__corrected_chatml_v1_eos__tune_500_qids__image_only__direct::exact_full,corrected_chatml_v1_eos,chatml_v1_supervised_eos,cluster,,corrected_tune500:bridge_clip_w1_bf16_v1_ep4,bridge_clip_w1_bf16_v1_ep4,tune_500_qids,,development_result,clip,mlp256,42,4,bridge_clip_w1_bf16_v1_ep4,,none,bridge_clip_w1_bf16_v1_ep4__corrected_chatml_v1_eos__tune_500_qids__image_only__direct,image_only,direct,,,bridge (vision),text-only floor,500,481,exact_full,52.8,31,21.8,,,,,,,100,0,2.246,outputs/eval/tuning/bridge_clip_w1_bf16_v1_ep4__corrected_chatml_v1_eos__tune_500_qids__image_only__direct_records.json,a0f1bd608288ef5fe69c67442e51f89f7b40c7a45469b8b9d1deaf3d450dee27,,corrected ChatML + supervised EOS on the development tuning slice
corrected_tune500:bridge_clip_w1_bf16_v1_ep4::bridge_clip_w1_bf16_v1_ep4__corrected_chatml_v1_eos__tune_500_qids__image_only__direct::vqa_soft,corrected_chatml_v1_eos,chatml_v1_supervised_eos,cluster,,corrected_tune500:bridge_clip_w1_bf16_v1_ep4,bridge_clip_w1_bf16_v1_ep4,tune_500_qids,,development_result,clip,mlp256,42,4,bridge_clip_w1_bf16_v1_ep4,,none,bridge_clip_w1_bf16_v1_ep4__corrected_chatml_v1_eos__tune_500_qids__image_only__direct,image_only,direct,,,bridge (vision),text-only floor,500,481,vqa_soft,53,33.8,19.2,,,,,,,100,0,2.246,outputs/eval/tuning/bridge_clip_w1_bf16_v1_ep4__corrected_chatml_v1_eos__tune_500_qids__image_only__direct_records.json,a0f1bd608288ef5fe69c67442e51f89f7b40c7a45469b8b9d1deaf3d450dee27,,corrected ChatML + supervised EOS on the development tuning slice
corrected_tune500:bridge_clip_w1_bf16_v1_ep5::bridge_clip_w1_bf16_v1_ep5__corrected_chatml_v1_eos__tune_500_qids__image_only__direct::exact,corrected_chatml_v1_eos,chatml_v1_supervised_eos,cluster,,corrected_tune500:bridge_clip_w1_bf16_v1_ep5,bridge_clip_w1_bf16_v1_ep5,tune_500_qids,,development_result,clip,mlp256,42,5,bridge_clip_w1_bf16_v1_ep5,,none,bridge_clip_w1_bf16_v1_ep5__corrected_chatml_v1_eos__tune_500_qids__image_only__direct,image_only,direct,,,bridge (vision),text-only floor,500,481,exact,51,31,20,,,,,,,100,0,2.236,outputs/eval/tuning/bridge_clip_w1_bf16_v1_ep5__corrected_chatml_v1_eos__tune_500_qids__image_only__direct_records.json,376cfbe579257cc7cf4380bb01011797357efcffe5ca7a1c305fbc92b6331685,,corrected ChatML + supervised EOS on the development tuning slice
corrected_tune500:bridge_clip_w1_bf16_v1_ep5::bridge_clip_w1_bf16_v1_ep5__corrected_chatml_v1_eos__tune_500_qids__image_only__direct::exact_full,corrected_chatml_v1_eos,chatml_v1_supervised_eos,cluster,,corrected_tune500:bridge_clip_w1_bf16_v1_ep5,bridge_clip_w1_bf16_v1_ep5,tune_500_qids,,development_result,clip,mlp256,42,5,bridge_clip_w1_bf16_v1_ep5,,none,bridge_clip_w1_bf16_v1_ep5__corrected_chatml_v1_eos__tune_500_qids__image_only__direct,image_only,direct,,,bridge (vision),text-only floor,500,481,exact_full,51,31,20,,,,,,,100,0,2.236,outputs/eval/tuning/bridge_clip_w1_bf16_v1_ep5__corrected_chatml_v1_eos__tune_500_qids__image_only__direct_records.json,376cfbe579257cc7cf4380bb01011797357efcffe5ca7a1c305fbc92b6331685,,corrected ChatML + supervised EOS on the development tuning slice
corrected_tune500:bridge_clip_w1_bf16_v1_ep5::bridge_clip_w1_bf16_v1_ep5__corrected_chatml_v1_eos__tune_500_qids__image_only__direct::vqa_soft,corrected_chatml_v1_eos,chatml_v1_supervised_eos,cluster,,corrected_tune500:bridge_clip_w1_bf16_v1_ep5,bridge_clip_w1_bf16_v1_ep5,tune_500_qids,,development_result,clip,mlp256,42,5,bridge_clip_w1_bf16_v1_ep5,,none,bridge_clip_w1_bf16_v1_ep5__corrected_chatml_v1_eos__tune_500_qids__image_only__direct,image_only,direct,,,bridge (vision),text-only floor,500,481,vqa_soft,51.2,33.8,17.4,,,,,,,100,0,2.236,outputs/eval/tuning/bridge_clip_w1_bf16_v1_ep5__corrected_chatml_v1_eos__tune_500_qids__image_only__direct_records.json,376cfbe579257cc7cf4380bb01011797357efcffe5ca7a1c305fbc92b6331685,,corrected ChatML + supervised EOS on the development tuning slice
corrected_tune500:bridge_clip_w1qf_bf16_v1_ep1::bridge_clip_w1qf_bf16_v1_ep1__corrected_chatml_v1_eos__tune_500_qids__image_only__direct::exact,corrected_chatml_v1_eos,chatml_v1_supervised_eos,cluster,,corrected_tune500:bridge_clip_w1qf_bf16_v1_ep1,bridge_clip_w1qf_bf16_v1_ep1,tune_500_qids,,development_result,clip,qformer32,42,1,bridge_clip_w1qf_bf16_v1_ep1,,none,bridge_clip_w1qf_bf16_v1_ep1__corrected_chatml_v1_eos__tune_500_qids__image_only__direct,image_only,direct,,,bridge (vision),text-only floor,500,481,exact,40.6,30.6,10,,,,,,,100,0,2.236,outputs/eval/tuning/bridge_clip_w1qf_bf16_v1_ep1__corrected_chatml_v1_eos__tune_500_qids__image_only__direct_records.json,9abcd8b54d3c1f4ced983735ec3039f5a6a704b4de1277cb7ef6df035a5e5b3f,,corrected ChatML + supervised EOS on the development tuning slice
corrected_tune500:bridge_clip_w1qf_bf16_v1_ep1::bridge_clip_w1qf_bf16_v1_ep1__corrected_chatml_v1_eos__tune_500_qids__image_only__direct::exact_full,corrected_chatml_v1_eos,chatml_v1_supervised_eos,cluster,,corrected_tune500:bridge_clip_w1qf_bf16_v1_ep1,bridge_clip_w1qf_bf16_v1_ep1,tune_500_qids,,development_result,clip,qformer32,42,1,bridge_clip_w1qf_bf16_v1_ep1,,none,bridge_clip_w1qf_bf16_v1_ep1__corrected_chatml_v1_eos__tune_500_qids__image_only__direct,image_only,direct,,,bridge (vision),text-only floor,500,481,exact_full,40.6,30.6,10,,,,,,,100,0,2.236,outputs/eval/tuning/bridge_clip_w1qf_bf16_v1_ep1__corrected_chatml_v1_eos__tune_500_qids__image_only__direct_records.json,9abcd8b54d3c1f4ced983735ec3039f5a6a704b4de1277cb7ef6df035a5e5b3f,,corrected ChatML + supervised EOS on the development tuning slice
corrected_tune500:bridge_clip_w1qf_bf16_v1_ep1::bridge_clip_w1qf_bf16_v1_ep1__corrected_chatml_v1_eos__tune_500_qids__image_only__direct::vqa_soft,corrected_chatml_v1_eos,chatml_v1_supervised_eos,cluster,,corrected_tune500:bridge_clip_w1qf_bf16_v1_ep1,bridge_clip_w1qf_bf16_v1_ep1,tune_500_qids,,development_result,clip,qformer32,42,1,bridge_clip_w1qf_bf16_v1_ep1,,none,bridge_clip_w1qf_bf16_v1_ep1__corrected_chatml_v1_eos__tune_500_qids__image_only__direct,image_only,direct,,,bridge (vision),text-only floor,500,481,vqa_soft,41.4,33.2,8.2,,,,,,,100,0,2.236,outputs/eval/tuning/bridge_clip_w1qf_bf16_v1_ep1__corrected_chatml_v1_eos__tune_500_qids__image_only__direct_records.json,9abcd8b54d3c1f4ced983735ec3039f5a6a704b4de1277cb7ef6df035a5e5b3f,,corrected ChatML + supervised EOS on the development tuning slice
corrected_tune500:bridge_clip_w1qf_bf16_v1_ep1::bridge_clip_w1qf_bf16_v1_ep1__corrected_chatml_v1_eos__tune_500_qids__image_only__direct__blackwell::exact,corrected_chatml_v1_eos,chatml_v1_supervised_eos,cluster,,corrected_tune500:bridge_clip_w1qf_bf16_v1_ep1,bridge_clip_w1qf_bf16_v1_ep1,tune_500_qids,,development_result,clip,qformer32,42,1,bridge_clip_w1qf_bf16_v1_ep1,,none,bridge_clip_w1qf_bf16_v1_ep1__corrected_chatml_v1_eos__tune_500_qids__image_only__direct__blackwell,image_only,direct,,,bridge (vision),text-only floor,500,481,exact,40.4,31,9.4,,,,,,,100,0,2.238,outputs/eval/tuning/bridge_clip_w1qf_bf16_v1_ep1__corrected_chatml_v1_eos__tune_500_qids__image_only__direct__blackwell_records.json,7d13b96c9a67478cdb1ffa7fed76a1f1ae9faad878cc32ab9b104cff31ce22df,,corrected ChatML + supervised EOS on the development tuning slice
corrected_tune500:bridge_clip_w1qf_bf16_v1_ep1::bridge_clip_w1qf_bf16_v1_ep1__corrected_chatml_v1_eos__tune_500_qids__image_only__direct__blackwell::exact_full,corrected_chatml_v1_eos,chatml_v1_supervised_eos,cluster,,corrected_tune500:bridge_clip_w1qf_bf16_v1_ep1,bridge_clip_w1qf_bf16_v1_ep1,tune_500_qids,,development_result,clip,qformer32,42,1,bridge_clip_w1qf_bf16_v1_ep1,,none,bridge_clip_w1qf_bf16_v1_ep1__corrected_chatml_v1_eos__tune_500_qids__image_only__direct__blackwell,image_only,direct,,,bridge (vision),text-only floor,500,481,exact_full,40.4,31,9.4,,,,,,,100,0,2.238,outputs/eval/tuning/bridge_clip_w1qf_bf16_v1_ep1__corrected_chatml_v1_eos__tune_500_qids__image_only__direct__blackwell_records.json,7d13b96c9a67478cdb1ffa7fed76a1f1ae9faad878cc32ab9b104cff31ce22df,,corrected ChatML + supervised EOS on the development tuning slice
corrected_tune500:bridge_clip_w1qf_bf16_v1_ep1::bridge_clip_w1qf_bf16_v1_ep1__corrected_chatml_v1_eos__tune_500_qids__image_only__direct__blackwell::vqa_soft,corrected_chatml_v1_eos,chatml_v1_supervised_eos,cluster,,corrected_tune500:bridge_clip_w1qf_bf16_v1_ep1,bridge_clip_w1qf_bf16_v1_ep1,tune_500_qids,,development_result,clip,qformer32,42,1,bridge_clip_w1qf_bf16_v1_ep1,,none,bridge_clip_w1qf_bf16_v1_ep1__corrected_chatml_v1_eos__tune_500_qids__image_only__direct__blackwell,image_only,direct,,,bridge (vision),text-only floor,500,481,vqa_soft,41,33.8,7.2,,,,,,,100,0,2.238,outputs/eval/tuning/bridge_clip_w1qf_bf16_v1_ep1__corrected_chatml_v1_eos__tune_500_qids__image_only__direct__blackwell_records.json,7d13b96c9a67478cdb1ffa7fed76a1f1ae9faad878cc32ab9b104cff31ce22df,,corrected ChatML + supervised EOS on the development tuning slice
corrected_tune500:bridge_clip_w1qf_bf16_v1_ep2::bridge_clip_w1qf_bf16_v1_ep2__corrected_chatml_v1_eos__tune_500_qids__image_only__direct::exact,corrected_chatml_v1_eos,chatml_v1_supervised_eos,cluster,,corrected_tune500:bridge_clip_w1qf_bf16_v1_ep2,bridge_clip_w1qf_bf16_v1_ep2,tune_500_qids,,development_result,clip,qformer32,42,2,bridge_clip_w1qf_bf16_v1_ep2,,none,bridge_clip_w1qf_bf16_v1_ep2__corrected_chatml_v1_eos__tune_500_qids__image_only__direct,image_only,direct,,,bridge (vision),text-only floor,500,481,exact,42.4,30.6,11.8,,,,,,,100,0,2.254,outputs/eval/tuning/bridge_clip_w1qf_bf16_v1_ep2__corrected_chatml_v1_eos__tune_500_qids__image_only__direct_records.json,871507184e3c5c2c295b88939e24164926202d41a983964fa0d7268c41e3ee1d,,corrected ChatML + supervised EOS on the development tuning slice
corrected_tune500:bridge_clip_w1qf_bf16_v1_ep2::bridge_clip_w1qf_bf16_v1_ep2__corrected_chatml_v1_eos__tune_500_qids__image_only__direct::exact_full,corrected_chatml_v1_eos,chatml_v1_supervised_eos,cluster,,corrected_tune500:bridge_clip_w1qf_bf16_v1_ep2,bridge_clip_w1qf_bf16_v1_ep2,tune_500_qids,,development_result,clip,qformer32,42,2,bridge_clip_w1qf_bf16_v1_ep2,,none,bridge_clip_w1qf_bf16_v1_ep2__corrected_chatml_v1_eos__tune_500_qids__image_only__direct,image_only,direct,,,bridge (vision),text-only floor,500,481,exact_full,42.4,30.6,11.8,,,,,,,100,0,2.254,outputs/eval/tuning/bridge_clip_w1qf_bf16_v1_ep2__corrected_chatml_v1_eos__tune_500_qids__image_only__direct_records.json,871507184e3c5c2c295b88939e24164926202d41a983964fa0d7268c41e3ee1d,,corrected ChatML + supervised EOS on the development tuning slice
corrected_tune500:bridge_clip_w1qf_bf16_v1_ep2::bridge_clip_w1qf_bf16_v1_ep2__corrected_chatml_v1_eos__tune_500_qids__image_only__direct::vqa_soft,corrected_chatml_v1_eos,chatml_v1_supervised_eos,cluster,,corrected_tune500:bridge_clip_w1qf_bf16_v1_ep2,bridge_clip_w1qf_bf16_v1_ep2,tune_500_qids,,development_result,clip,qformer32,42,2,bridge_clip_w1qf_bf16_v1_ep2,,none,bridge_clip_w1qf_bf16_v1_ep2__corrected_chatml_v1_eos__tune_500_qids__image_only__direct,image_only,direct,,,bridge (vision),text-only floor,500,481,vqa_soft,42.6,33.2,9.4,,,,,,,100,0,2.254,outputs/eval/tuning/bridge_clip_w1qf_bf16_v1_ep2__corrected_chatml_v1_eos__tune_500_qids__image_only__direct_records.json,871507184e3c5c2c295b88939e24164926202d41a983964fa0d7268c41e3ee1d,,corrected ChatML + supervised EOS on the development tuning slice
corrected_tune500:bridge_clip_w1qf_bf16_v1_ep2::bridge_clip_w1qf_bf16_v1_ep2__corrected_chatml_v1_eos__tune_500_qids__image_only__direct__blackwell::exact,corrected_chatml_v1_eos,chatml_v1_supervised_eos,cluster,,corrected_tune500:bridge_clip_w1qf_bf16_v1_ep2,bridge_clip_w1qf_bf16_v1_ep2,tune_500_qids,,development_result,clip,qformer32,42,2,bridge_clip_w1qf_bf16_v1_ep2,,none,bridge_clip_w1qf_bf16_v1_ep2__corrected_chatml_v1_eos__tune_500_qids__image_only__direct__blackwell,image_only,direct,,,bridge (vision),text-only floor,500,481,exact,42.8,31,11.8,,,,,,,100,0,2.252,outputs/eval/tuning/bridge_clip_w1qf_bf16_v1_ep2__corrected_chatml_v1_eos__tune_500_qids__image_only__direct__blackwell_records.json,9239843f2dc38b9fa9934e150ef0113f75871966539241097a5dd4b43964b56f,,corrected ChatML + supervised EOS on the development tuning slice
corrected_tune500:bridge_clip_w1qf_bf16_v1_ep2::bridge_clip_w1qf_bf16_v1_ep2__corrected_chatml_v1_eos__tune_500_qids__image_only__direct__blackwell::exact_full,corrected_chatml_v1_eos,chatml_v1_supervised_eos,cluster,,corrected_tune500:bridge_clip_w1qf_bf16_v1_ep2,bridge_clip_w1qf_bf16_v1_ep2,tune_500_qids,,development_result,clip,qformer32,42,2,bridge_clip_w1qf_bf16_v1_ep2,,none,bridge_clip_w1qf_bf16_v1_ep2__corrected_chatml_v1_eos__tune_500_qids__image_only__direct__blackwell,image_only,direct,,,bridge (vision),text-only floor,500,481,exact_full,42.8,31,11.8,,,,,,,100,0,2.252,outputs/eval/tuning/bridge_clip_w1qf_bf16_v1_ep2__corrected_chatml_v1_eos__tune_500_qids__image_only__direct__blackwell_records.json,9239843f2dc38b9fa9934e150ef0113f75871966539241097a5dd4b43964b56f,,corrected ChatML + supervised EOS on the development tuning slice
corrected_tune500:bridge_clip_w1qf_bf16_v1_ep2::bridge_clip_w1qf_bf16_v1_ep2__corrected_chatml_v1_eos__tune_500_qids__image_only__direct__blackwell::vqa_soft,corrected_chatml_v1_eos,chatml_v1_supervised_eos,cluster,,corrected_tune500:bridge_clip_w1qf_bf16_v1_ep2,bridge_clip_w1qf_bf16_v1_ep2,tune_500_qids,,development_result,clip,qformer32,42,2,bridge_clip_w1qf_bf16_v1_ep2,,none,bridge_clip_w1qf_bf16_v1_ep2__corrected_chatml_v1_eos__tune_500_qids__image_only__direct__blackwell,image_only,direct,,,bridge (vision),text-only floor,500,481,vqa_soft,43,33.8,9.2,,,,,,,100,0,2.252,outputs/eval/tuning/bridge_clip_w1qf_bf16_v1_ep2__corrected_chatml_v1_eos__tune_500_qids__image_only__direct__blackwell_records.json,9239843f2dc38b9fa9934e150ef0113f75871966539241097a5dd4b43964b56f,,corrected ChatML + supervised EOS on the development tuning slice
corrected_tune500:bridge_clip_w1qf_bf16_v1_ep3::bridge_clip_w1qf_bf16_v1_ep3__corrected_chatml_v1_eos__tune_500_qids__image_only__direct::exact,corrected_chatml_v1_eos,chatml_v1_supervised_eos,cluster,,corrected_tune500:bridge_clip_w1qf_bf16_v1_ep3,bridge_clip_w1qf_bf16_v1_ep3,tune_500_qids,,development_result,clip,qformer32,42,3,bridge_clip_w1qf_bf16_v1_ep3,,none,bridge_clip_w1qf_bf16_v1_ep3__corrected_chatml_v1_eos__tune_500_qids__image_only__direct,image_only,direct,,,bridge (vision),text-only floor,500,481,exact,41,30.6,10.4,,,,,,,100,0,2.268,outputs/eval/tuning/bridge_clip_w1qf_bf16_v1_ep3__corrected_chatml_v1_eos__tune_500_qids__image_only__direct_records.json,808132469f74978e7641420137590576c89562d47cdb9ad0939dab60be2d44f6,,corrected ChatML + supervised EOS on the development tuning slice
corrected_tune500:bridge_clip_w1qf_bf16_v1_ep3::bridge_clip_w1qf_bf16_v1_ep3__corrected_chatml_v1_eos__tune_500_qids__image_only__direct::exact_full,corrected_chatml_v1_eos,chatml_v1_supervised_eos,cluster,,corrected_tune500:bridge_clip_w1qf_bf16_v1_ep3,bridge_clip_w1qf_bf16_v1_ep3,tune_500_qids,,development_result,clip,qformer32,42,3,bridge_clip_w1qf_bf16_v1_ep3,,none,bridge_clip_w1qf_bf16_v1_ep3__corrected_chatml_v1_eos__tune_500_qids__image_only__direct,image_only,direct,,,bridge (vision),text-only floor,500,481,exact_full,41,30.6,10.4,,,,,,,100,0,2.268,outputs/eval/tuning/bridge_clip_w1qf_bf16_v1_ep3__corrected_chatml_v1_eos__tune_500_qids__image_only__direct_records.json,808132469f74978e7641420137590576c89562d47cdb9ad0939dab60be2d44f6,,corrected ChatML + supervised EOS on the development tuning slice
corrected_tune500:bridge_clip_w1qf_bf16_v1_ep3::bridge_clip_w1qf_bf16_v1_ep3__corrected_chatml_v1_eos__tune_500_qids__image_only__direct::vqa_soft,corrected_chatml_v1_eos,chatml_v1_supervised_eos,cluster,,corrected_tune500:bridge_clip_w1qf_bf16_v1_ep3,bridge_clip_w1qf_bf16_v1_ep3,tune_500_qids,,development_result,clip,qformer32,42,3,bridge_clip_w1qf_bf16_v1_ep3,,none,bridge_clip_w1qf_bf16_v1_ep3__corrected_chatml_v1_eos__tune_500_qids__image_only__direct,image_only,direct,,,bridge (vision),text-only floor,500,481,vqa_soft,41.8,33.2,8.6,,,,,,,100,0,2.268,outputs/eval/tuning/bridge_clip_w1qf_bf16_v1_ep3__corrected_chatml_v1_eos__tune_500_qids__image_only__direct_records.json,808132469f74978e7641420137590576c89562d47cdb9ad0939dab60be2d44f6,,corrected ChatML + supervised EOS on the development tuning slice
corrected_tune500:bridge_clip_w1qf_bf16_v1_ep3::bridge_clip_w1qf_bf16_v1_ep3__corrected_chatml_v1_eos__tune_500_qids__image_only__direct__blackwell::exact,corrected_chatml_v1_eos,chatml_v1_supervised_eos,cluster,,corrected_tune500:bridge_clip_w1qf_bf16_v1_ep3,bridge_clip_w1qf_bf16_v1_ep3,tune_500_qids,,development_result,clip,qformer32,42,3,bridge_clip_w1qf_bf16_v1_ep3,,none,bridge_clip_w1qf_bf16_v1_ep3__corrected_chatml_v1_eos__tune_500_qids__image_only__direct__blackwell,image_only,direct,,,bridge (vision),text-only floor,500,481,exact,41,31,10,,,,,,,100,0,2.266,outputs/eval/tuning/bridge_clip_w1qf_bf16_v1_ep3__corrected_chatml_v1_eos__tune_500_qids__image_only__direct__blackwell_records.json,7dc1dd61748bdccb52020412c767afb7e9432e82a2100b4cbce109f695804b1a,,corrected ChatML + supervised EOS on the development tuning slice
corrected_tune500:bridge_clip_w1qf_bf16_v1_ep3::bridge_clip_w1qf_bf16_v1_ep3__corrected_chatml_v1_eos__tune_500_qids__image_only__direct__blackwell::exact_full,corrected_chatml_v1_eos,chatml_v1_supervised_eos,cluster,,corrected_tune500:bridge_clip_w1qf_bf16_v1_ep3,bridge_clip_w1qf_bf16_v1_ep3,tune_500_qids,,development_result,clip,qformer32,42,3,bridge_clip_w1qf_bf16_v1_ep3,,none,bridge_clip_w1qf_bf16_v1_ep3__corrected_chatml_v1_eos__tune_500_qids__image_only__direct__blackwell,image_only,direct,,,bridge (vision),text-only floor,500,481,exact_full,41,31,10,,,,,,,100,0,2.266,outputs/eval/tuning/bridge_clip_w1qf_bf16_v1_ep3__corrected_chatml_v1_eos__tune_500_qids__image_only__direct__blackwell_records.json,7dc1dd61748bdccb52020412c767afb7e9432e82a2100b4cbce109f695804b1a,,corrected ChatML + supervised EOS on the development tuning slice
corrected_tune500:bridge_clip_w1qf_bf16_v1_ep3::bridge_clip_w1qf_bf16_v1_ep3__corrected_chatml_v1_eos__tune_500_qids__image_only__direct__blackwell::vqa_soft,corrected_chatml_v1_eos,chatml_v1_supervised_eos,cluster,,corrected_tune500:bridge_clip_w1qf_bf16_v1_ep3,bridge_clip_w1qf_bf16_v1_ep3,tune_500_qids,,development_result,clip,qformer32,42,3,bridge_clip_w1qf_bf16_v1_ep3,,none,bridge_clip_w1qf_bf16_v1_ep3__corrected_chatml_v1_eos__tune_500_qids__image_only__direct__blackwell,image_only,direct,,,bridge (vision),text-only floor,500,481,vqa_soft,41.8,33.8,8,,,,,,,100,0,2.266,outputs/eval/tuning/bridge_clip_w1qf_bf16_v1_ep3__corrected_chatml_v1_eos__tune_500_qids__image_only__direct__blackwell_records.json,7dc1dd61748bdccb52020412c767afb7e9432e82a2100b4cbce109f695804b1a,,corrected ChatML + supervised EOS on the development tuning slice
corrected_tune500:bridge_clip_w1qf_bf16_v1_ep4::bridge_clip_w1qf_bf16_v1_ep4__corrected_chatml_v1_eos__tune_500_qids__image_only__direct::exact,corrected_chatml_v1_eos,chatml_v1_supervised_eos,cluster,,corrected_tune500:bridge_clip_w1qf_bf16_v1_ep4,bridge_clip_w1qf_bf16_v1_ep4,tune_500_qids,,development_result,clip,qformer32,42,4,bridge_clip_w1qf_bf16_v1_ep4,,none,bridge_clip_w1qf_bf16_v1_ep4__corrected_chatml_v1_eos__tune_500_qids__image_only__direct,image_only,direct,,,bridge (vision),text-only floor,500,481,exact,41.8,30.6,11.2,,,,,,,100,0,2.222,outputs/eval/tuning/bridge_clip_w1qf_bf16_v1_ep4__corrected_chatml_v1_eos__tune_500_qids__image_only__direct_records.json,01bd4631808eb63b4b7a88e32abe4808265140bf15627bdac8efdb665a50ab29,,corrected ChatML + supervised EOS on the development tuning slice
corrected_tune500:bridge_clip_w1qf_bf16_v1_ep4::bridge_clip_w1qf_bf16_v1_ep4__corrected_chatml_v1_eos__tune_500_qids__image_only__direct::exact_full,corrected_chatml_v1_eos,chatml_v1_supervised_eos,cluster,,corrected_tune500:bridge_clip_w1qf_bf16_v1_ep4,bridge_clip_w1qf_bf16_v1_ep4,tune_500_qids,,development_result,clip,qformer32,42,4,bridge_clip_w1qf_bf16_v1_ep4,,none,bridge_clip_w1qf_bf16_v1_ep4__corrected_chatml_v1_eos__tune_500_qids__image_only__direct,image_only,direct,,,bridge (vision),text-only floor,500,481,exact_full,41.8,30.6,11.2,,,,,,,100,0,2.222,outputs/eval/tuning/bridge_clip_w1qf_bf16_v1_ep4__corrected_chatml_v1_eos__tune_500_qids__image_only__direct_records.json,01bd4631808eb63b4b7a88e32abe4808265140bf15627bdac8efdb665a50ab29,,corrected ChatML + supervised EOS on the development tuning slice
corrected_tune500:bridge_clip_w1qf_bf16_v1_ep4::bridge_clip_w1qf_bf16_v1_ep4__corrected_chatml_v1_eos__tune_500_qids__image_only__direct::vqa_soft,corrected_chatml_v1_eos,chatml_v1_supervised_eos,cluster,,corrected_tune500:bridge_clip_w1qf_bf16_v1_ep4,bridge_clip_w1qf_bf16_v1_ep4,tune_500_qids,,development_result,clip,qformer32,42,4,bridge_clip_w1qf_bf16_v1_ep4,,none,bridge_clip_w1qf_bf16_v1_ep4__corrected_chatml_v1_eos__tune_500_qids__image_only__direct,image_only,direct,,,bridge (vision),text-only floor,500,481,vqa_soft,42.4,33.2,9.2,,,,,,,100,0,2.222,outputs/eval/tuning/bridge_clip_w1qf_bf16_v1_ep4__corrected_chatml_v1_eos__tune_500_qids__image_only__direct_records.json,01bd4631808eb63b4b7a88e32abe4808265140bf15627bdac8efdb665a50ab29,,corrected ChatML + supervised EOS on the development tuning slice
corrected_tune500:bridge_clip_w1qf_bf16_v1_ep4::bridge_clip_w1qf_bf16_v1_ep4__corrected_chatml_v1_eos__tune_500_qids__image_only__direct__blackwell::exact,corrected_chatml_v1_eos,chatml_v1_supervised_eos,cluster,,corrected_tune500:bridge_clip_w1qf_bf16_v1_ep4,bridge_clip_w1qf_bf16_v1_ep4,tune_500_qids,,development_result,clip,qformer32,42,4,bridge_clip_w1qf_bf16_v1_ep4,,none,bridge_clip_w1qf_bf16_v1_ep4__corrected_chatml_v1_eos__tune_500_qids__image_only__direct__blackwell,image_only,direct,,,bridge (vision),text-only floor,500,481,exact,41.6,31,10.6,,,,,,,100,0,2.226,outputs/eval/tuning/bridge_clip_w1qf_bf16_v1_ep4__corrected_chatml_v1_eos__tune_500_qids__image_only__direct__blackwell_records.json,a352fc2d86a66f727444c5fec4b9159765fbef0bad2db13f443c7acec89a433c,,corrected ChatML + supervised EOS on the development tuning slice
corrected_tune500:bridge_clip_w1qf_bf16_v1_ep4::bridge_clip_w1qf_bf16_v1_ep4__corrected_chatml_v1_eos__tune_500_qids__image_only__direct__blackwell::exact_full,corrected_chatml_v1_eos,chatml_v1_supervised_eos,cluster,,corrected_tune500:bridge_clip_w1qf_bf16_v1_ep4,bridge_clip_w1qf_bf16_v1_ep4,tune_500_qids,,development_result,clip,qformer32,42,4,bridge_clip_w1qf_bf16_v1_ep4,,none,bridge_clip_w1qf_bf16_v1_ep4__corrected_chatml_v1_eos__tune_500_qids__image_only__direct__blackwell,image_only,direct,,,bridge (vision),text-only floor,500,481,exact_full,41.6,31,10.6,,,,,,,100,0,2.226,outputs/eval/tuning/bridge_clip_w1qf_bf16_v1_ep4__corrected_chatml_v1_eos__tune_500_qids__image_only__direct__blackwell_records.json,a352fc2d86a66f727444c5fec4b9159765fbef0bad2db13f443c7acec89a433c,,corrected ChatML + supervised EOS on the development tuning slice
corrected_tune500:bridge_clip_w1qf_bf16_v1_ep4::bridge_clip_w1qf_bf16_v1_ep4__corrected_chatml_v1_eos__tune_500_qids__image_only__direct__blackwell::vqa_soft,corrected_chatml_v1_eos,chatml_v1_supervised_eos,cluster,,corrected_tune500:bridge_clip_w1qf_bf16_v1_ep4,bridge_clip_w1qf_bf16_v1_ep4,tune_500_qids,,development_result,clip,qformer32,42,4,bridge_clip_w1qf_bf16_v1_ep4,,none,bridge_clip_w1qf_bf16_v1_ep4__corrected_chatml_v1_eos__tune_500_qids__image_only__direct__blackwell,image_only,direct,,,bridge (vision),text-only floor,500,481,vqa_soft,42.2,33.8,8.4,,,,,,,100,0,2.226,outputs/eval/tuning/bridge_clip_w1qf_bf16_v1_ep4__corrected_chatml_v1_eos__tune_500_qids__image_only__direct__blackwell_records.json,a352fc2d86a66f727444c5fec4b9159765fbef0bad2db13f443c7acec89a433c,,corrected ChatML + supervised EOS on the development tuning slice
corrected_tune500:bridge_clip_w1qf_bf16_v1_ep5::bridge_clip_w1qf_bf16_v1_ep5__corrected_chatml_v1_eos__tune_500_qids__image_only__direct::exact,corrected_chatml_v1_eos,chatml_v1_supervised_eos,cluster,,corrected_tune500:bridge_clip_w1qf_bf16_v1_ep5,bridge_clip_w1qf_bf16_v1_ep5,tune_500_qids,,development_result,clip,qformer32,42,5,bridge_clip_w1qf_bf16_v1_ep5,,none,bridge_clip_w1qf_bf16_v1_ep5__corrected_chatml_v1_eos__tune_500_qids__image_only__direct,image_only,direct,,,bridge (vision),text-only floor,500,481,exact,42.8,30.6,12.2,,,,,,,100,0,2.238,outputs/eval/tuning/bridge_clip_w1qf_bf16_v1_ep5__corrected_chatml_v1_eos__tune_500_qids__image_only__direct_records.json,0cde03fbe7520bd6c2bd97904c23794732007ffda6b7c122328007617a897c2c,,corrected ChatML + supervised EOS on the development tuning slice
corrected_tune500:bridge_clip_w1qf_bf16_v1_ep5::bridge_clip_w1qf_bf16_v1_ep5__corrected_chatml_v1_eos__tune_500_qids__image_only__direct::exact_full,corrected_chatml_v1_eos,chatml_v1_supervised_eos,cluster,,corrected_tune500:bridge_clip_w1qf_bf16_v1_ep5,bridge_clip_w1qf_bf16_v1_ep5,tune_500_qids,,development_result,clip,qformer32,42,5,bridge_clip_w1qf_bf16_v1_ep5,,none,bridge_clip_w1qf_bf16_v1_ep5__corrected_chatml_v1_eos__tune_500_qids__image_only__direct,image_only,direct,,,bridge (vision),text-only floor,500,481,exact_full,42.8,30.6,12.2,,,,,,,100,0,2.238,outputs/eval/tuning/bridge_clip_w1qf_bf16_v1_ep5__corrected_chatml_v1_eos__tune_500_qids__image_only__direct_records.json,0cde03fbe7520bd6c2bd97904c23794732007ffda6b7c122328007617a897c2c,,corrected ChatML + supervised EOS on the development tuning slice
corrected_tune500:bridge_clip_w1qf_bf16_v1_ep5::bridge_clip_w1qf_bf16_v1_ep5__corrected_chatml_v1_eos__tune_500_qids__image_only__direct::vqa_soft,corrected_chatml_v1_eos,chatml_v1_supervised_eos,cluster,,corrected_tune500:bridge_clip_w1qf_bf16_v1_ep5,bridge_clip_w1qf_bf16_v1_ep5,tune_500_qids,,development_result,clip,qformer32,42,5,bridge_clip_w1qf_bf16_v1_ep5,,none,bridge_clip_w1qf_bf16_v1_ep5__corrected_chatml_v1_eos__tune_500_qids__image_only__direct,image_only,direct,,,bridge (vision),text-only floor,500,481,vqa_soft,43,33.2,9.8,,,,,,,100,0,2.238,outputs/eval/tuning/bridge_clip_w1qf_bf16_v1_ep5__corrected_chatml_v1_eos__tune_500_qids__image_only__direct_records.json,0cde03fbe7520bd6c2bd97904c23794732007ffda6b7c122328007617a897c2c,,corrected ChatML + supervised EOS on the development tuning slice
corrected_tune500:bridge_clip_w1qf_bf16_v1_ep5::bridge_clip_w1qf_bf16_v1_ep5__corrected_chatml_v1_eos__tune_500_qids__image_only__direct__blackwell::exact,corrected_chatml_v1_eos,chatml_v1_supervised_eos,cluster,,corrected_tune500:bridge_clip_w1qf_bf16_v1_ep5,bridge_clip_w1qf_bf16_v1_ep5,tune_500_qids,,development_result,clip,qformer32,42,5,bridge_clip_w1qf_bf16_v1_ep5,,none,bridge_clip_w1qf_bf16_v1_ep5__corrected_chatml_v1_eos__tune_500_qids__image_only__direct__blackwell,image_only,direct,,,bridge (vision),text-only floor,500,481,exact,42.2,31,11.2,,,,,,,100,0,2.244,outputs/eval/tuning/bridge_clip_w1qf_bf16_v1_ep5__corrected_chatml_v1_eos__tune_500_qids__image_only__direct__blackwell_records.json,2ce2946079ee78185229da7a28671b6ac6650d3d6941cc3d0144b40fb1c445f4,,corrected ChatML + supervised EOS on the development tuning slice
corrected_tune500:bridge_clip_w1qf_bf16_v1_ep5::bridge_clip_w1qf_bf16_v1_ep5__corrected_chatml_v1_eos__tune_500_qids__image_only__direct__blackwell::exact_full,corrected_chatml_v1_eos,chatml_v1_supervised_eos,cluster,,corrected_tune500:bridge_clip_w1qf_bf16_v1_ep5,bridge_clip_w1qf_bf16_v1_ep5,tune_500_qids,,development_result,clip,qformer32,42,5,bridge_clip_w1qf_bf16_v1_ep5,,none,bridge_clip_w1qf_bf16_v1_ep5__corrected_chatml_v1_eos__tune_500_qids__image_only__direct__blackwell,image_only,direct,,,bridge (vision),text-only floor,500,481,exact_full,42.2,31,11.2,,,,,,,100,0,2.244,outputs/eval/tuning/bridge_clip_w1qf_bf16_v1_ep5__corrected_chatml_v1_eos__tune_500_qids__image_only__direct__blackwell_records.json,2ce2946079ee78185229da7a28671b6ac6650d3d6941cc3d0144b40fb1c445f4,,corrected ChatML + supervised EOS on the development tuning slice
corrected_tune500:bridge_clip_w1qf_bf16_v1_ep5::bridge_clip_w1qf_bf16_v1_ep5__corrected_chatml_v1_eos__tune_500_qids__image_only__direct__blackwell::vqa_soft,corrected_chatml_v1_eos,chatml_v1_supervised_eos,cluster,,corrected_tune500:bridge_clip_w1qf_bf16_v1_ep5,bridge_clip_w1qf_bf16_v1_ep5,tune_500_qids,,development_result,clip,qformer32,42,5,bridge_clip_w1qf_bf16_v1_ep5,,none,bridge_clip_w1qf_bf16_v1_ep5__corrected_chatml_v1_eos__tune_500_qids__image_only__direct__blackwell,image_only,direct,,,bridge (vision),text-only floor,500,481,vqa_soft,42.4,33.8,8.6,,,,,,,100,0,2.244,outputs/eval/tuning/bridge_clip_w1qf_bf16_v1_ep5__corrected_chatml_v1_eos__tune_500_qids__image_only__direct__blackwell_records.json,2ce2946079ee78185229da7a28671b6ac6650d3d6941cc3d0144b40fb1c445f4,,corrected ChatML + supervised EOS on the development tuning slice
corrected_tune500:bridge_dinov2_w1_bf16_v1_ep1::bridge_dinov2_w1_bf16_v1_ep1__corrected_chatml_v1_eos__tune_500_qids__image_only__direct::exact,corrected_chatml_v1_eos,chatml_v1_supervised_eos,cluster,,corrected_tune500:bridge_dinov2_w1_bf16_v1_ep1,bridge_dinov2_w1_bf16_v1_ep1,tune_500_qids,,development_result,dinov2,mlp256,42,1,bridge_dinov2_w1_bf16_v1_ep1,,none,bridge_dinov2_w1_bf16_v1_ep1__corrected_chatml_v1_eos__tune_500_qids__image_only__direct,image_only,direct,,,bridge (vision),text-only floor,500,481,exact,43.4,31,12.4,,,,,,,100,0,2.248,outputs/eval/tuning/bridge_dinov2_w1_bf16_v1_ep1__corrected_chatml_v1_eos__tune_500_qids__image_only__direct_records.json,4394bba611db212a5e6f2e821b040e4d882c5723309925bf662c852a48a582cb,,corrected ChatML + supervised EOS on the development tuning slice
corrected_tune500:bridge_dinov2_w1_bf16_v1_ep1::bridge_dinov2_w1_bf16_v1_ep1__corrected_chatml_v1_eos__tune_500_qids__image_only__direct::exact_full,corrected_chatml_v1_eos,chatml_v1_supervised_eos,cluster,,corrected_tune500:bridge_dinov2_w1_bf16_v1_ep1,bridge_dinov2_w1_bf16_v1_ep1,tune_500_qids,,development_result,dinov2,mlp256,42,1,bridge_dinov2_w1_bf16_v1_ep1,,none,bridge_dinov2_w1_bf16_v1_ep1__corrected_chatml_v1_eos__tune_500_qids__image_only__direct,image_only,direct,,,bridge (vision),text-only floor,500,481,exact_full,43.4,31,12.4,,,,,,,100,0,2.248,outputs/eval/tuning/bridge_dinov2_w1_bf16_v1_ep1__corrected_chatml_v1_eos__tune_500_qids__image_only__direct_records.json,4394bba611db212a5e6f2e821b040e4d882c5723309925bf662c852a48a582cb,,corrected ChatML + supervised EOS on the development tuning slice
corrected_tune500:bridge_dinov2_w1_bf16_v1_ep1::bridge_dinov2_w1_bf16_v1_ep1__corrected_chatml_v1_eos__tune_500_qids__image_only__direct::vqa_soft,corrected_chatml_v1_eos,chatml_v1_supervised_eos,cluster,,corrected_tune500:bridge_dinov2_w1_bf16_v1_ep1,bridge_dinov2_w1_bf16_v1_ep1,tune_500_qids,,development_result,dinov2,mlp256,42,1,bridge_dinov2_w1_bf16_v1_ep1,,none,bridge_dinov2_w1_bf16_v1_ep1__corrected_chatml_v1_eos__tune_500_qids__image_only__direct,image_only,direct,,,bridge (vision),text-only floor,500,481,vqa_soft,43.8,33.8,10,,,,,,,100,0,2.248,outputs/eval/tuning/bridge_dinov2_w1_bf16_v1_ep1__corrected_chatml_v1_eos__tune_500_qids__image_only__direct_records.json,4394bba611db212a5e6f2e821b040e4d882c5723309925bf662c852a48a582cb,,corrected ChatML + supervised EOS on the development tuning slice
corrected_tune500:bridge_dinov2_w1_bf16_v1_ep2::bridge_dinov2_w1_bf16_v1_ep2__corrected_chatml_v1_eos__tune_500_qids__image_only__direct::exact,corrected_chatml_v1_eos,chatml_v1_supervised_eos,cluster,,corrected_tune500:bridge_dinov2_w1_bf16_v1_ep2,bridge_dinov2_w1_bf16_v1_ep2,tune_500_qids,,development_result,dinov2,mlp256,42,2,bridge_dinov2_w1_bf16_v1_ep2,,none,bridge_dinov2_w1_bf16_v1_ep2__corrected_chatml_v1_eos__tune_500_qids__image_only__direct,image_only,direct,,,bridge (vision),text-only floor,500,481,exact,47.6,31,16.6,,,,,,,100,0,2.222,outputs/eval/tuning/bridge_dinov2_w1_bf16_v1_ep2__corrected_chatml_v1_eos__tune_500_qids__image_only__direct_records.json,1ee85f2ae3059597748f239628537331665574d97a448f784be447cfb5e3306f,,corrected ChatML + supervised EOS on the development tuning slice
corrected_tune500:bridge_dinov2_w1_bf16_v1_ep2::bridge_dinov2_w1_bf16_v1_ep2__corrected_chatml_v1_eos__tune_500_qids__image_only__direct::exact_full,corrected_chatml_v1_eos,chatml_v1_supervised_eos,cluster,,corrected_tune500:bridge_dinov2_w1_bf16_v1_ep2,bridge_dinov2_w1_bf16_v1_ep2,tune_500_qids,,development_result,dinov2,mlp256,42,2,bridge_dinov2_w1_bf16_v1_ep2,,none,bridge_dinov2_w1_bf16_v1_ep2__corrected_chatml_v1_eos__tune_500_qids__image_only__direct,image_only,direct,,,bridge (vision),text-only floor,500,481,exact_full,47.6,31,16.6,,,,,,,100,0,2.222,outputs/eval/tuning/bridge_dinov2_w1_bf16_v1_ep2__corrected_chatml_v1_eos__tune_500_qids__image_only__direct_records.json,1ee85f2ae3059597748f239628537331665574d97a448f784be447cfb5e3306f,,corrected ChatML + supervised EOS on the development tuning slice
corrected_tune500:bridge_dinov2_w1_bf16_v1_ep2::bridge_dinov2_w1_bf16_v1_ep2__corrected_chatml_v1_eos__tune_500_qids__image_only__direct::vqa_soft,corrected_chatml_v1_eos,chatml_v1_supervised_eos,cluster,,corrected_tune500:bridge_dinov2_w1_bf16_v1_ep2,bridge_dinov2_w1_bf16_v1_ep2,tune_500_qids,,development_result,dinov2,mlp256,42,2,bridge_dinov2_w1_bf16_v1_ep2,,none,bridge_dinov2_w1_bf16_v1_ep2__corrected_chatml_v1_eos__tune_500_qids__image_only__direct,image_only,direct,,,bridge (vision),text-only floor,500,481,vqa_soft,48,33.8,14.2,,,,,,,100,0,2.222,outputs/eval/tuning/bridge_dinov2_w1_bf16_v1_ep2__corrected_chatml_v1_eos__tune_500_qids__image_only__direct_records.json,1ee85f2ae3059597748f239628537331665574d97a448f784be447cfb5e3306f,,corrected ChatML + supervised EOS on the development tuning slice
corrected_tune500:bridge_dinov2_w1_bf16_v1_ep3::bridge_dinov2_w1_bf16_v1_ep3__corrected_chatml_v1_eos__tune_500_qids__image_only__direct::exact,corrected_chatml_v1_eos,chatml_v1_supervised_eos,cluster,,corrected_tune500:bridge_dinov2_w1_bf16_v1_ep3,bridge_dinov2_w1_bf16_v1_ep3,tune_500_qids,,development_result,dinov2,mlp256,42,3,bridge_dinov2_w1_bf16_v1_ep3,,none,bridge_dinov2_w1_bf16_v1_ep3__corrected_chatml_v1_eos__tune_500_qids__image_only__direct,image_only,direct,,,bridge (vision),text-only floor,500,481,exact,47,31,16,,,,,,,100,0,2.24,outputs/eval/tuning/bridge_dinov2_w1_bf16_v1_ep3__corrected_chatml_v1_eos__tune_500_qids__image_only__direct_records.json,50ecfaeaa76f57eedc20afe0042ec9550269773bd86c42ebc9daea48c783b599,,corrected ChatML + supervised EOS on the development tuning slice
corrected_tune500:bridge_dinov2_w1_bf16_v1_ep3::bridge_dinov2_w1_bf16_v1_ep3__corrected_chatml_v1_eos__tune_500_qids__image_only__direct::exact_full,corrected_chatml_v1_eos,chatml_v1_supervised_eos,cluster,,corrected_tune500:bridge_dinov2_w1_bf16_v1_ep3,bridge_dinov2_w1_bf16_v1_ep3,tune_500_qids,,development_result,dinov2,mlp256,42,3,bridge_dinov2_w1_bf16_v1_ep3,,none,bridge_dinov2_w1_bf16_v1_ep3__corrected_chatml_v1_eos__tune_500_qids__image_only__direct,image_only,direct,,,bridge (vision),text-only floor,500,481,exact_full,47,31,16,,,,,,,100,0,2.24,outputs/eval/tuning/bridge_dinov2_w1_bf16_v1_ep3__corrected_chatml_v1_eos__tune_500_qids__image_only__direct_records.json,50ecfaeaa76f57eedc20afe0042ec9550269773bd86c42ebc9daea48c783b599,,corrected ChatML + supervised EOS on the development tuning slice
corrected_tune500:bridge_dinov2_w1_bf16_v1_ep3::bridge_dinov2_w1_bf16_v1_ep3__corrected_chatml_v1_eos__tune_500_qids__image_only__direct::vqa_soft,corrected_chatml_v1_eos,chatml_v1_supervised_eos,cluster,,corrected_tune500:bridge_dinov2_w1_bf16_v1_ep3,bridge_dinov2_w1_bf16_v1_ep3,tune_500_qids,,development_result,dinov2,mlp256,42,3,bridge_dinov2_w1_bf16_v1_ep3,,none,bridge_dinov2_w1_bf16_v1_ep3__corrected_chatml_v1_eos__tune_500_qids__image_only__direct,image_only,direct,,,bridge (vision),text-only floor,500,481,vqa_soft,47.4,33.8,13.6,,,,,,,100,0,2.24,outputs/eval/tuning/bridge_dinov2_w1_bf16_v1_ep3__corrected_chatml_v1_eos__tune_500_qids__image_only__direct_records.json,50ecfaeaa76f57eedc20afe0042ec9550269773bd86c42ebc9daea48c783b599,,corrected ChatML + supervised EOS on the development tuning slice
corrected_tune500:bridge_dinov2_w1_bf16_v1_ep4::bridge_dinov2_w1_bf16_v1_ep4__corrected_chatml_v1_eos__tune_500_qids__image_only__direct::exact,corrected_chatml_v1_eos,chatml_v1_supervised_eos,cluster,,corrected_tune500:bridge_dinov2_w1_bf16_v1_ep4,bridge_dinov2_w1_bf16_v1_ep4,tune_500_qids,,development_result,dinov2,mlp256,42,4,bridge_dinov2_w1_bf16_v1_ep4,,none,bridge_dinov2_w1_bf16_v1_ep4__corrected_chatml_v1_eos__tune_500_qids__image_only__direct,image_only,direct,,,bridge (vision),text-only floor,500,481,exact,46.4,31,15.4,,,,,,,100,0,2.254,outputs/eval/tuning/bridge_dinov2_w1_bf16_v1_ep4__corrected_chatml_v1_eos__tune_500_qids__image_only__direct_records.json,515dd0671846152be831a95dc4977bc1f4f9fd1d73dce12c533fd33a3496bf9e,,corrected ChatML + supervised EOS on the development tuning slice
corrected_tune500:bridge_dinov2_w1_bf16_v1_ep4::bridge_dinov2_w1_bf16_v1_ep4__corrected_chatml_v1_eos__tune_500_qids__image_only__direct::exact_full,corrected_chatml_v1_eos,chatml_v1_supervised_eos,cluster,,corrected_tune500:bridge_dinov2_w1_bf16_v1_ep4,bridge_dinov2_w1_bf16_v1_ep4,tune_500_qids,,development_result,dinov2,mlp256,42,4,bridge_dinov2_w1_bf16_v1_ep4,,none,bridge_dinov2_w1_bf16_v1_ep4__corrected_chatml_v1_eos__tune_500_qids__image_only__direct,image_only,direct,,,bridge (vision),text-only floor,500,481,exact_full,46.4,31,15.4,,,,,,,100,0,2.254,outputs/eval/tuning/bridge_dinov2_w1_bf16_v1_ep4__corrected_chatml_v1_eos__tune_500_qids__image_only__direct_records.json,515dd0671846152be831a95dc4977bc1f4f9fd1d73dce12c533fd33a3496bf9e,,corrected ChatML + supervised EOS on the development tuning slice
corrected_tune500:bridge_dinov2_w1_bf16_v1_ep4::bridge_dinov2_w1_bf16_v1_ep4__corrected_chatml_v1_eos__tune_500_qids__image_only__direct::vqa_soft,corrected_chatml_v1_eos,chatml_v1_supervised_eos,cluster,,corrected_tune500:bridge_dinov2_w1_bf16_v1_ep4,bridge_dinov2_w1_bf16_v1_ep4,tune_500_qids,,development_result,dinov2,mlp256,42,4,bridge_dinov2_w1_bf16_v1_ep4,,none,bridge_dinov2_w1_bf16_v1_ep4__corrected_chatml_v1_eos__tune_500_qids__image_only__direct,image_only,direct,,,bridge (vision),text-only floor,500,481,vqa_soft,47,33.8,13.2,,,,,,,100,0,2.254,outputs/eval/tuning/bridge_dinov2_w1_bf16_v1_ep4__corrected_chatml_v1_eos__tune_500_qids__image_only__direct_records.json,515dd0671846152be831a95dc4977bc1f4f9fd1d73dce12c533fd33a3496bf9e,,corrected ChatML + supervised EOS on the development tuning slice
corrected_tune500:bridge_dinov2_w1_bf16_v1_ep5::bridge_dinov2_w1_bf16_v1_ep5__corrected_chatml_v1_eos__tune_500_qids__image_only__direct::exact,corrected_chatml_v1_eos,chatml_v1_supervised_eos,cluster,,corrected_tune500:bridge_dinov2_w1_bf16_v1_ep5,bridge_dinov2_w1_bf16_v1_ep5,tune_500_qids,,development_result,dinov2,mlp256,42,5,bridge_dinov2_w1_bf16_v1_ep5,,none,bridge_dinov2_w1_bf16_v1_ep5__corrected_chatml_v1_eos__tune_500_qids__image_only__direct,image_only,direct,,,bridge (vision),text-only floor,500,481,exact,47.2,31,16.2,,,,,,,100,0,2.27,outputs/eval/tuning/bridge_dinov2_w1_bf16_v1_ep5__corrected_chatml_v1_eos__tune_500_qids__image_only__direct_records.json,a8aa0ad41b36c56e6b1ae05db9b272618d2b9049b7b981d063021013e12b3fac,,corrected ChatML + supervised EOS on the development tuning slice
corrected_tune500:bridge_dinov2_w1_bf16_v1_ep5::bridge_dinov2_w1_bf16_v1_ep5__corrected_chatml_v1_eos__tune_500_qids__image_only__direct::exact_full,corrected_chatml_v1_eos,chatml_v1_supervised_eos,cluster,,corrected_tune500:bridge_dinov2_w1_bf16_v1_ep5,bridge_dinov2_w1_bf16_v1_ep5,tune_500_qids,,development_result,dinov2,mlp256,42,5,bridge_dinov2_w1_bf16_v1_ep5,,none,bridge_dinov2_w1_bf16_v1_ep5__corrected_chatml_v1_eos__tune_500_qids__image_only__direct,image_only,direct,,,bridge (vision),text-only floor,500,481,exact_full,47.2,31,16.2,,,,,,,100,0,2.27,outputs/eval/tuning/bridge_dinov2_w1_bf16_v1_ep5__corrected_chatml_v1_eos__tune_500_qids__image_only__direct_records.json,a8aa0ad41b36c56e6b1ae05db9b272618d2b9049b7b981d063021013e12b3fac,,corrected ChatML + supervised EOS on the development tuning slice
corrected_tune500:bridge_dinov2_w1_bf16_v1_ep5::bridge_dinov2_w1_bf16_v1_ep5__corrected_chatml_v1_eos__tune_500_qids__image_only__direct::vqa_soft,corrected_chatml_v1_eos,chatml_v1_supervised_eos,cluster,,corrected_tune500:bridge_dinov2_w1_bf16_v1_ep5,bridge_dinov2_w1_bf16_v1_ep5,tune_500_qids,,development_result,dinov2,mlp256,42,5,bridge_dinov2_w1_bf16_v1_ep5,,none,bridge_dinov2_w1_bf16_v1_ep5__corrected_chatml_v1_eos__tune_500_qids__image_only__direct,image_only,direct,,,bridge (vision),text-only floor,500,481,vqa_soft,47.4,33.8,13.6,,,,,,,100,0,2.27,outputs/eval/tuning/bridge_dinov2_w1_bf16_v1_ep5__corrected_chatml_v1_eos__tune_500_qids__image_only__direct_records.json,a8aa0ad41b36c56e6b1ae05db9b272618d2b9049b7b981d063021013e12b3fac,,corrected ChatML + supervised EOS on the development tuning slice
corrected_tune500:bridge_dinov2_w1qf_bf16_v1_ep1::bridge_dinov2_w1qf_bf16_v1_ep1__corrected_chatml_v1_eos__tune_500_qids__image_only__direct::exact,corrected_chatml_v1_eos,chatml_v1_supervised_eos,cluster,,corrected_tune500:bridge_dinov2_w1qf_bf16_v1_ep1,bridge_dinov2_w1qf_bf16_v1_ep1,tune_500_qids,,development_result,dinov2,qformer32,42,1,bridge_dinov2_w1qf_bf16_v1_ep1,,none,bridge_dinov2_w1qf_bf16_v1_ep1__corrected_chatml_v1_eos__tune_500_qids__image_only__direct,image_only,direct,,,bridge (vision),text-only floor,500,481,exact,40.8,31,9.8,,,,,,,100,0,2.21,outputs/eval/tuning/bridge_dinov2_w1qf_bf16_v1_ep1__corrected_chatml_v1_eos__tune_500_qids__image_only__direct_records.json,792390536d190b9488b37fd6c7b11b3badfb15f9b4b9bf4fb1f3921375cf8aeb,,corrected ChatML + supervised EOS on the development tuning slice
corrected_tune500:bridge_dinov2_w1qf_bf16_v1_ep1::bridge_dinov2_w1qf_bf16_v1_ep1__corrected_chatml_v1_eos__tune_500_qids__image_only__direct::exact_full,corrected_chatml_v1_eos,chatml_v1_supervised_eos,cluster,,corrected_tune500:bridge_dinov2_w1qf_bf16_v1_ep1,bridge_dinov2_w1qf_bf16_v1_ep1,tune_500_qids,,development_result,dinov2,qformer32,42,1,bridge_dinov2_w1qf_bf16_v1_ep1,,none,bridge_dinov2_w1qf_bf16_v1_ep1__corrected_chatml_v1_eos__tune_500_qids__image_only__direct,image_only,direct,,,bridge (vision),text-only floor,500,481,exact_full,40.8,31,9.8,,,,,,,100,0,2.21,outputs/eval/tuning/bridge_dinov2_w1qf_bf16_v1_ep1__corrected_chatml_v1_eos__tune_500_qids__image_only__direct_records.json,792390536d190b9488b37fd6c7b11b3badfb15f9b4b9bf4fb1f3921375cf8aeb,,corrected ChatML + supervised EOS on the development tuning slice
corrected_tune500:bridge_dinov2_w1qf_bf16_v1_ep1::bridge_dinov2_w1qf_bf16_v1_ep1__corrected_chatml_v1_eos__tune_500_qids__image_only__direct::vqa_soft,corrected_chatml_v1_eos,chatml_v1_supervised_eos,cluster,,corrected_tune500:bridge_dinov2_w1qf_bf16_v1_ep1,bridge_dinov2_w1qf_bf16_v1_ep1,tune_500_qids,,development_result,dinov2,qformer32,42,1,bridge_dinov2_w1qf_bf16_v1_ep1,,none,bridge_dinov2_w1qf_bf16_v1_ep1__corrected_chatml_v1_eos__tune_500_qids__image_only__direct,image_only,direct,,,bridge (vision),text-only floor,500,481,vqa_soft,41.2,33.8,7.4,,,,,,,100,0,2.21,outputs/eval/tuning/bridge_dinov2_w1qf_bf16_v1_ep1__corrected_chatml_v1_eos__tune_500_qids__image_only__direct_records.json,792390536d190b9488b37fd6c7b11b3badfb15f9b4b9bf4fb1f3921375cf8aeb,,corrected ChatML + supervised EOS on the development tuning slice
corrected_tune500:bridge_dinov2_w1qf_bf16_v1_ep2::bridge_dinov2_w1qf_bf16_v1_ep2__corrected_chatml_v1_eos__tune_500_qids__image_only__direct::exact,corrected_chatml_v1_eos,chatml_v1_supervised_eos,cluster,,corrected_tune500:bridge_dinov2_w1qf_bf16_v1_ep2,bridge_dinov2_w1qf_bf16_v1_ep2,tune_500_qids,,development_result,dinov2,qformer32,42,2,bridge_dinov2_w1qf_bf16_v1_ep2,,none,bridge_dinov2_w1qf_bf16_v1_ep2__corrected_chatml_v1_eos__tune_500_qids__image_only__direct,image_only,direct,,,bridge (vision),text-only floor,500,481,exact,41.2,31,10.2,,,,,,,100,0,2.218,outputs/eval/tuning/bridge_dinov2_w1qf_bf16_v1_ep2__corrected_chatml_v1_eos__tune_500_qids__image_only__direct_records.json,7efa3841dcb2e2e10a200840dd72af719af01b4811d26cf21be28cdd73732584,,corrected ChatML + supervised EOS on the development tuning slice
corrected_tune500:bridge_dinov2_w1qf_bf16_v1_ep2::bridge_dinov2_w1qf_bf16_v1_ep2__corrected_chatml_v1_eos__tune_500_qids__image_only__direct::exact_full,corrected_chatml_v1_eos,chatml_v1_supervised_eos,cluster,,corrected_tune500:bridge_dinov2_w1qf_bf16_v1_ep2,bridge_dinov2_w1qf_bf16_v1_ep2,tune_500_qids,,development_result,dinov2,qformer32,42,2,bridge_dinov2_w1qf_bf16_v1_ep2,,none,bridge_dinov2_w1qf_bf16_v1_ep2__corrected_chatml_v1_eos__tune_500_qids__image_only__direct,image_only,direct,,,bridge (vision),text-only floor,500,481,exact_full,41.2,31,10.2,,,,,,,100,0,2.218,outputs/eval/tuning/bridge_dinov2_w1qf_bf16_v1_ep2__corrected_chatml_v1_eos__tune_500_qids__image_only__direct_records.json,7efa3841dcb2e2e10a200840dd72af719af01b4811d26cf21be28cdd73732584,,corrected ChatML + supervised EOS on the development tuning slice
corrected_tune500:bridge_dinov2_w1qf_bf16_v1_ep2::bridge_dinov2_w1qf_bf16_v1_ep2__corrected_chatml_v1_eos__tune_500_qids__image_only__direct::vqa_soft,corrected_chatml_v1_eos,chatml_v1_supervised_eos,cluster,,corrected_tune500:bridge_dinov2_w1qf_bf16_v1_ep2,bridge_dinov2_w1qf_bf16_v1_ep2,tune_500_qids,,development_result,dinov2,qformer32,42,2,bridge_dinov2_w1qf_bf16_v1_ep2,,none,bridge_dinov2_w1qf_bf16_v1_ep2__corrected_chatml_v1_eos__tune_500_qids__image_only__direct,image_only,direct,,,bridge (vision),text-only floor,500,481,vqa_soft,41.8,33.8,8,,,,,,,100,0,2.218,outputs/eval/tuning/bridge_dinov2_w1qf_bf16_v1_ep2__corrected_chatml_v1_eos__tune_500_qids__image_only__direct_records.json,7efa3841dcb2e2e10a200840dd72af719af01b4811d26cf21be28cdd73732584,,corrected ChatML + supervised EOS on the development tuning slice
corrected_tune500:bridge_dinov2_w1qf_bf16_v1_ep3::bridge_dinov2_w1qf_bf16_v1_ep3__corrected_chatml_v1_eos__tune_500_qids__image_only__direct::exact,corrected_chatml_v1_eos,chatml_v1_supervised_eos,cluster,,corrected_tune500:bridge_dinov2_w1qf_bf16_v1_ep3,bridge_dinov2_w1qf_bf16_v1_ep3,tune_500_qids,,development_result,dinov2,qformer32,42,3,bridge_dinov2_w1qf_bf16_v1_ep3,,none,bridge_dinov2_w1qf_bf16_v1_ep3__corrected_chatml_v1_eos__tune_500_qids__image_only__direct,image_only,direct,,,bridge (vision),text-only floor,500,481,exact,42.6,31,11.6,,,,,,,100,0,2.222,outputs/eval/tuning/bridge_dinov2_w1qf_bf16_v1_ep3__corrected_chatml_v1_eos__tune_500_qids__image_only__direct_records.json,1af4866493f052a0f7abc92b913faffbed4cb56fba3c5489dd600d1e0b7c6c12,,corrected ChatML + supervised EOS on the development tuning slice
corrected_tune500:bridge_dinov2_w1qf_bf16_v1_ep3::bridge_dinov2_w1qf_bf16_v1_ep3__corrected_chatml_v1_eos__tune_500_qids__image_only__direct::exact_full,corrected_chatml_v1_eos,chatml_v1_supervised_eos,cluster,,corrected_tune500:bridge_dinov2_w1qf_bf16_v1_ep3,bridge_dinov2_w1qf_bf16_v1_ep3,tune_500_qids,,development_result,dinov2,qformer32,42,3,bridge_dinov2_w1qf_bf16_v1_ep3,,none,bridge_dinov2_w1qf_bf16_v1_ep3__corrected_chatml_v1_eos__tune_500_qids__image_only__direct,image_only,direct,,,bridge (vision),text-only floor,500,481,exact_full,42.6,31,11.6,,,,,,,100,0,2.222,outputs/eval/tuning/bridge_dinov2_w1qf_bf16_v1_ep3__corrected_chatml_v1_eos__tune_500_qids__image_only__direct_records.json,1af4866493f052a0f7abc92b913faffbed4cb56fba3c5489dd600d1e0b7c6c12,,corrected ChatML + supervised EOS on the development tuning slice
corrected_tune500:bridge_dinov2_w1qf_bf16_v1_ep3::bridge_dinov2_w1qf_bf16_v1_ep3__corrected_chatml_v1_eos__tune_500_qids__image_only__direct::vqa_soft,corrected_chatml_v1_eos,chatml_v1_supervised_eos,cluster,,corrected_tune500:bridge_dinov2_w1qf_bf16_v1_ep3,bridge_dinov2_w1qf_bf16_v1_ep3,tune_500_qids,,development_result,dinov2,qformer32,42,3,bridge_dinov2_w1qf_bf16_v1_ep3,,none,bridge_dinov2_w1qf_bf16_v1_ep3__corrected_chatml_v1_eos__tune_500_qids__image_only__direct,image_only,direct,,,bridge (vision),text-only floor,500,481,vqa_soft,43,33.8,9.2,,,,,,,100,0,2.222,outputs/eval/tuning/bridge_dinov2_w1qf_bf16_v1_ep3__corrected_chatml_v1_eos__tune_500_qids__image_only__direct_records.json,1af4866493f052a0f7abc92b913faffbed4cb56fba3c5489dd600d1e0b7c6c12,,corrected ChatML + supervised EOS on the development tuning slice
corrected_tune500:bridge_dinov2_w1qf_bf16_v1_ep4::bridge_dinov2_w1qf_bf16_v1_ep4__corrected_chatml_v1_eos__tune_500_qids__image_only__direct::exact,corrected_chatml_v1_eos,chatml_v1_supervised_eos,cluster,,corrected_tune500:bridge_dinov2_w1qf_bf16_v1_ep4,bridge_dinov2_w1qf_bf16_v1_ep4,tune_500_qids,,development_result,dinov2,qformer32,42,4,bridge_dinov2_w1qf_bf16_v1_ep4,,none,bridge_dinov2_w1qf_bf16_v1_ep4__corrected_chatml_v1_eos__tune_500_qids__image_only__direct,image_only,direct,,,bridge (vision),text-only floor,500,481,exact,42,31,11,,,,,,,100,0,2.216,outputs/eval/tuning/bridge_dinov2_w1qf_bf16_v1_ep4__corrected_chatml_v1_eos__tune_500_qids__image_only__direct_records.json,894c83d1932ae3ba6b2bfb5dadaa7aec9df74d9c56e996193810280479beed60,,corrected ChatML + supervised EOS on the development tuning slice
corrected_tune500:bridge_dinov2_w1qf_bf16_v1_ep4::bridge_dinov2_w1qf_bf16_v1_ep4__corrected_chatml_v1_eos__tune_500_qids__image_only__direct::exact_full,corrected_chatml_v1_eos,chatml_v1_supervised_eos,cluster,,corrected_tune500:bridge_dinov2_w1qf_bf16_v1_ep4,bridge_dinov2_w1qf_bf16_v1_ep4,tune_500_qids,,development_result,dinov2,qformer32,42,4,bridge_dinov2_w1qf_bf16_v1_ep4,,none,bridge_dinov2_w1qf_bf16_v1_ep4__corrected_chatml_v1_eos__tune_500_qids__image_only__direct,image_only,direct,,,bridge (vision),text-only floor,500,481,exact_full,42,31,11,,,,,,,100,0,2.216,outputs/eval/tuning/bridge_dinov2_w1qf_bf16_v1_ep4__corrected_chatml_v1_eos__tune_500_qids__image_only__direct_records.json,894c83d1932ae3ba6b2bfb5dadaa7aec9df74d9c56e996193810280479beed60,,corrected ChatML + supervised EOS on the development tuning slice
corrected_tune500:bridge_dinov2_w1qf_bf16_v1_ep4::bridge_dinov2_w1qf_bf16_v1_ep4__corrected_chatml_v1_eos__tune_500_qids__image_only__direct::vqa_soft,corrected_chatml_v1_eos,chatml_v1_supervised_eos,cluster,,corrected_tune500:bridge_dinov2_w1qf_bf16_v1_ep4,bridge_dinov2_w1qf_bf16_v1_ep4,tune_500_qids,,development_result,dinov2,qformer32,42,4,bridge_dinov2_w1qf_bf16_v1_ep4,,none,bridge_dinov2_w1qf_bf16_v1_ep4__corrected_chatml_v1_eos__tune_500_qids__image_only__direct,image_only,direct,,,bridge (vision),text-only floor,500,481,vqa_soft,42.4,33.8,8.6,,,,,,,100,0,2.216,outputs/eval/tuning/bridge_dinov2_w1qf_bf16_v1_ep4__corrected_chatml_v1_eos__tune_500_qids__image_only__direct_records.json,894c83d1932ae3ba6b2bfb5dadaa7aec9df74d9c56e996193810280479beed60,,corrected ChatML + supervised EOS on the development tuning slice
corrected_tune500:bridge_dinov2_w1qf_bf16_v1_ep5::bridge_dinov2_w1qf_bf16_v1_ep5__corrected_chatml_v1_eos__tune_500_qids__image_only__direct::exact,corrected_chatml_v1_eos,chatml_v1_supervised_eos,cluster,,corrected_tune500:bridge_dinov2_w1qf_bf16_v1_ep5,bridge_dinov2_w1qf_bf16_v1_ep5,tune_500_qids,,development_result,dinov2,qformer32,42,5,bridge_dinov2_w1qf_bf16_v1_ep5,,none,bridge_dinov2_w1qf_bf16_v1_ep5__corrected_chatml_v1_eos__tune_500_qids__image_only__direct,image_only,direct,,,bridge (vision),text-only floor,500,481,exact,43.8,31,12.8,,,,,,,100,0,2.258,outputs/eval/tuning/bridge_dinov2_w1qf_bf16_v1_ep5__corrected_chatml_v1_eos__tune_500_qids__image_only__direct_records.json,3c9ed19c7908fac918195574ca9c5b50043a211209521662f60ddc5befd8aeac,,corrected ChatML + supervised EOS on the development tuning slice
corrected_tune500:bridge_dinov2_w1qf_bf16_v1_ep5::bridge_dinov2_w1qf_bf16_v1_ep5__corrected_chatml_v1_eos__tune_500_qids__image_only__direct::exact_full,corrected_chatml_v1_eos,chatml_v1_supervised_eos,cluster,,corrected_tune500:bridge_dinov2_w1qf_bf16_v1_ep5,bridge_dinov2_w1qf_bf16_v1_ep5,tune_500_qids,,development_result,dinov2,qformer32,42,5,bridge_dinov2_w1qf_bf16_v1_ep5,,none,bridge_dinov2_w1qf_bf16_v1_ep5__corrected_chatml_v1_eos__tune_500_qids__image_only__direct,image_only,direct,,,bridge (vision),text-only floor,500,481,exact_full,43.8,31,12.8,,,,,,,100,0,2.258,outputs/eval/tuning/bridge_dinov2_w1qf_bf16_v1_ep5__corrected_chatml_v1_eos__tune_500_qids__image_only__direct_records.json,3c9ed19c7908fac918195574ca9c5b50043a211209521662f60ddc5befd8aeac,,corrected ChatML + supervised EOS on the development tuning slice
corrected_tune500:bridge_dinov2_w1qf_bf16_v1_ep5::bridge_dinov2_w1qf_bf16_v1_ep5__corrected_chatml_v1_eos__tune_500_qids__image_only__direct::vqa_soft,corrected_chatml_v1_eos,chatml_v1_supervised_eos,cluster,,corrected_tune500:bridge_dinov2_w1qf_bf16_v1_ep5,bridge_dinov2_w1qf_bf16_v1_ep5,tune_500_qids,,development_result,dinov2,qformer32,42,5,bridge_dinov2_w1qf_bf16_v1_ep5,,none,bridge_dinov2_w1qf_bf16_v1_ep5__corrected_chatml_v1_eos__tune_500_qids__image_only__direct,image_only,direct,,,bridge (vision),text-only floor,500,481,vqa_soft,44.2,33.8,10.4,,,,,,,100,0,2.258,outputs/eval/tuning/bridge_dinov2_w1qf_bf16_v1_ep5__corrected_chatml_v1_eos__tune_500_qids__image_only__direct_records.json,3c9ed19c7908fac918195574ca9c5b50043a211209521662f60ddc5befd8aeac,,corrected ChatML + supervised EOS on the development tuning slice
corrected_tune500:bridge_ijepa_prec4bit_v1_ep1::bridge_ijepa_prec4bit_v1_ep1__corrected_chatml_v1_eos__tune_500_qids__image_only__direct::exact,corrected_chatml_v1_eos,chatml_v1_supervised_eos,cluster,,corrected_tune500:bridge_ijepa_prec4bit_v1_ep1,bridge_ijepa_prec4bit_v1_ep1,tune_500_qids,,development_result,ijepa,,42,1,bridge_ijepa_prec4bit_v1_ep1,,none,bridge_ijepa_prec4bit_v1_ep1__corrected_chatml_v1_eos__tune_500_qids__image_only__direct,image_only,direct,,,bridge (vision),text-only floor,500,481,exact,38.4,31.4,7,,,,,,,100,0,2.184,outputs/eval/tuning/bridge_ijepa_prec4bit_v1_ep1__corrected_chatml_v1_eos__tune_500_qids__image_only__direct_records.json,2402a3eeec1adfda888b41ddcad6424ab52dc023d3662f1ef7492542adfc31fd,,corrected ChatML + supervised EOS on the development tuning slice
corrected_tune500:bridge_ijepa_prec4bit_v1_ep1::bridge_ijepa_prec4bit_v1_ep1__corrected_chatml_v1_eos__tune_500_qids__image_only__direct::exact_full,corrected_chatml_v1_eos,chatml_v1_supervised_eos,cluster,,corrected_tune500:bridge_ijepa_prec4bit_v1_ep1,bridge_ijepa_prec4bit_v1_ep1,tune_500_qids,,development_result,ijepa,,42,1,bridge_ijepa_prec4bit_v1_ep1,,none,bridge_ijepa_prec4bit_v1_ep1__corrected_chatml_v1_eos__tune_500_qids__image_only__direct,image_only,direct,,,bridge (vision),text-only floor,500,481,exact_full,38.4,31.4,7,,,,,,,100,0,2.184,outputs/eval/tuning/bridge_ijepa_prec4bit_v1_ep1__corrected_chatml_v1_eos__tune_500_qids__image_only__direct_records.json,2402a3eeec1adfda888b41ddcad6424ab52dc023d3662f1ef7492542adfc31fd,,corrected ChatML + supervised EOS on the development tuning slice
corrected_tune500:bridge_ijepa_prec4bit_v1_ep1::bridge_ijepa_prec4bit_v1_ep1__corrected_chatml_v1_eos__tune_500_qids__image_only__direct::vqa_soft,corrected_chatml_v1_eos,chatml_v1_supervised_eos,cluster,,corrected_tune500:bridge_ijepa_prec4bit_v1_ep1,bridge_ijepa_prec4bit_v1_ep1,tune_500_qids,,development_result,ijepa,,42,1,bridge_ijepa_prec4bit_v1_ep1,,none,bridge_ijepa_prec4bit_v1_ep1__corrected_chatml_v1_eos__tune_500_qids__image_only__direct,image_only,direct,,,bridge (vision),text-only floor,500,481,vqa_soft,38.4,32.2,6.2,,,,,,,100,0,2.184,outputs/eval/tuning/bridge_ijepa_prec4bit_v1_ep1__corrected_chatml_v1_eos__tune_500_qids__image_only__direct_records.json,2402a3eeec1adfda888b41ddcad6424ab52dc023d3662f1ef7492542adfc31fd,,corrected ChatML + supervised EOS on the development tuning slice
corrected_tune500:bridge_ijepa_precbf16_v1_ep1::bridge_ijepa_precbf16_v1_ep1__corrected_chatml_v1_eos__tune_500_qids__image_only__direct::exact,corrected_chatml_v1_eos,chatml_v1_supervised_eos,cluster,,corrected_tune500:bridge_ijepa_precbf16_v1_ep1,bridge_ijepa_precbf16_v1_ep1,tune_500_qids,,development_result,ijepa,,42,1,bridge_ijepa_precbf16_v1_ep1,,none,bridge_ijepa_precbf16_v1_ep1__corrected_chatml_v1_eos__tune_500_qids__image_only__direct,image_only,direct,,,bridge (vision),text-only floor,500,481,exact,35.6,31,4.6,,,,,,,100,0,2.19,outputs/eval/tuning/bridge_ijepa_precbf16_v1_ep1__corrected_chatml_v1_eos__tune_500_qids__image_only__direct_records.json,ab1173ef63818608aaa1ebfb7d6ed744d629abf8ecf0395b16d0623b5c1b543b,,corrected ChatML + supervised EOS on the development tuning slice
corrected_tune500:bridge_ijepa_precbf16_v1_ep1::bridge_ijepa_precbf16_v1_ep1__corrected_chatml_v1_eos__tune_500_qids__image_only__direct::exact_full,corrected_chatml_v1_eos,chatml_v1_supervised_eos,cluster,,corrected_tune500:bridge_ijepa_precbf16_v1_ep1,bridge_ijepa_precbf16_v1_ep1,tune_500_qids,,development_result,ijepa,,42,1,bridge_ijepa_precbf16_v1_ep1,,none,bridge_ijepa_precbf16_v1_ep1__corrected_chatml_v1_eos__tune_500_qids__image_only__direct,image_only,direct,,,bridge (vision),text-only floor,500,481,exact_full,35.6,31,4.6,,,,,,,100,0,2.19,outputs/eval/tuning/bridge_ijepa_precbf16_v1_ep1__corrected_chatml_v1_eos__tune_500_qids__image_only__direct_records.json,ab1173ef63818608aaa1ebfb7d6ed744d629abf8ecf0395b16d0623b5c1b543b,,corrected ChatML + supervised EOS on the development tuning slice
corrected_tune500:bridge_ijepa_precbf16_v1_ep1::bridge_ijepa_precbf16_v1_ep1__corrected_chatml_v1_eos__tune_500_qids__image_only__direct::vqa_soft,corrected_chatml_v1_eos,chatml_v1_supervised_eos,cluster,,corrected_tune500:bridge_ijepa_precbf16_v1_ep1,bridge_ijepa_precbf16_v1_ep1,tune_500_qids,,development_result,ijepa,,42,1,bridge_ijepa_precbf16_v1_ep1,,none,bridge_ijepa_precbf16_v1_ep1__corrected_chatml_v1_eos__tune_500_qids__image_only__direct,image_only,direct,,,bridge (vision),text-only floor,500,481,vqa_soft,36,33.8,2.2,,,,,,,100,0,2.19,outputs/eval/tuning/bridge_ijepa_precbf16_v1_ep1__corrected_chatml_v1_eos__tune_500_qids__image_only__direct_records.json,ab1173ef63818608aaa1ebfb7d6ed744d629abf8ecf0395b16d0623b5c1b543b,,corrected ChatML + supervised EOS on the development tuning slice
corrected_tune500:bridge_ijepa_w1_bf16_v1_ep1::bridge_ijepa_w1_bf16_v1_ep1__corrected_chatml_v1_eos__tune_500_qids__image_only__direct::exact,corrected_chatml_v1_eos,chatml_v1_supervised_eos,cluster,,corrected_tune500:bridge_ijepa_w1_bf16_v1_ep1,bridge_ijepa_w1_bf16_v1_ep1,tune_500_qids,,development_result,ijepa,mlp256,42,1,bridge_ijepa_w1_bf16_v1_ep1,,none,bridge_ijepa_w1_bf16_v1_ep1__corrected_chatml_v1_eos__tune_500_qids__image_only__direct,image_only,direct,,,bridge (vision),text-only floor,500,481,exact,40.8,31,9.8,,,,,,,100,0,2.218,outputs/eval/tuning/bridge_ijepa_w1_bf16_v1_ep1__corrected_chatml_v1_eos__tune_500_qids__image_only__direct_records.json,c53d38498d905db53098d1638815267eb9f31b83d25d2edc3333c53a7abf7cdd,,corrected ChatML + supervised EOS on the development tuning slice
corrected_tune500:bridge_ijepa_w1_bf16_v1_ep1::bridge_ijepa_w1_bf16_v1_ep1__corrected_chatml_v1_eos__tune_500_qids__image_only__direct::exact_full,corrected_chatml_v1_eos,chatml_v1_supervised_eos,cluster,,corrected_tune500:bridge_ijepa_w1_bf16_v1_ep1,bridge_ijepa_w1_bf16_v1_ep1,tune_500_qids,,development_result,ijepa,mlp256,42,1,bridge_ijepa_w1_bf16_v1_ep1,,none,bridge_ijepa_w1_bf16_v1_ep1__corrected_chatml_v1_eos__tune_500_qids__image_only__direct,image_only,direct,,,bridge (vision),text-only floor,500,481,exact_full,40.8,31,9.8,,,,,,,100,0,2.218,outputs/eval/tuning/bridge_ijepa_w1_bf16_v1_ep1__corrected_chatml_v1_eos__tune_500_qids__image_only__direct_records.json,c53d38498d905db53098d1638815267eb9f31b83d25d2edc3333c53a7abf7cdd,,corrected ChatML + supervised EOS on the development tuning slice
corrected_tune500:bridge_ijepa_w1_bf16_v1_ep1::bridge_ijepa_w1_bf16_v1_ep1__corrected_chatml_v1_eos__tune_500_qids__image_only__direct::vqa_soft,corrected_chatml_v1_eos,chatml_v1_supervised_eos,cluster,,corrected_tune500:bridge_ijepa_w1_bf16_v1_ep1,bridge_ijepa_w1_bf16_v1_ep1,tune_500_qids,,development_result,ijepa,mlp256,42,1,bridge_ijepa_w1_bf16_v1_ep1,,none,bridge_ijepa_w1_bf16_v1_ep1__corrected_chatml_v1_eos__tune_500_qids__image_only__direct,image_only,direct,,,bridge (vision),text-only floor,500,481,vqa_soft,41.4,33.8,7.6,,,,,,,100,0,2.218,outputs/eval/tuning/bridge_ijepa_w1_bf16_v1_ep1__corrected_chatml_v1_eos__tune_500_qids__image_only__direct_records.json,c53d38498d905db53098d1638815267eb9f31b83d25d2edc3333c53a7abf7cdd,,corrected ChatML + supervised EOS on the development tuning slice
corrected_tune500:bridge_ijepa_w1_bf16_v1_ep2::bridge_ijepa_w1_bf16_v1_ep2__corrected_chatml_v1_eos__tune_500_qids__image_only__direct::exact,corrected_chatml_v1_eos,chatml_v1_supervised_eos,cluster,,corrected_tune500:bridge_ijepa_w1_bf16_v1_ep2,bridge_ijepa_w1_bf16_v1_ep2,tune_500_qids,,development_result,ijepa,mlp256,42,2,bridge_ijepa_w1_bf16_v1_ep2,,none,bridge_ijepa_w1_bf16_v1_ep2__corrected_chatml_v1_eos__tune_500_qids__image_only__direct,image_only,direct,,,bridge (vision),text-only floor,500,481,exact,43.4,31,12.4,,,,,,,100,0,2.188,outputs/eval/tuning/bridge_ijepa_w1_bf16_v1_ep2__corrected_chatml_v1_eos__tune_500_qids__image_only__direct_records.json,8e222ecf11407344f12cec3407ae1cb7e92509b396ebf196a26bc2eae5490ad8,,corrected ChatML + supervised EOS on the development tuning slice
corrected_tune500:bridge_ijepa_w1_bf16_v1_ep2::bridge_ijepa_w1_bf16_v1_ep2__corrected_chatml_v1_eos__tune_500_qids__image_only__direct::exact_full,corrected_chatml_v1_eos,chatml_v1_supervised_eos,cluster,,corrected_tune500:bridge_ijepa_w1_bf16_v1_ep2,bridge_ijepa_w1_bf16_v1_ep2,tune_500_qids,,development_result,ijepa,mlp256,42,2,bridge_ijepa_w1_bf16_v1_ep2,,none,bridge_ijepa_w1_bf16_v1_ep2__corrected_chatml_v1_eos__tune_500_qids__image_only__direct,image_only,direct,,,bridge (vision),text-only floor,500,481,exact_full,43.4,31,12.4,,,,,,,100,0,2.188,outputs/eval/tuning/bridge_ijepa_w1_bf16_v1_ep2__corrected_chatml_v1_eos__tune_500_qids__image_only__direct_records.json,8e222ecf11407344f12cec3407ae1cb7e92509b396ebf196a26bc2eae5490ad8,,corrected ChatML + supervised EOS on the development tuning slice
corrected_tune500:bridge_ijepa_w1_bf16_v1_ep2::bridge_ijepa_w1_bf16_v1_ep2__corrected_chatml_v1_eos__tune_500_qids__image_only__direct::vqa_soft,corrected_chatml_v1_eos,chatml_v1_supervised_eos,cluster,,corrected_tune500:bridge_ijepa_w1_bf16_v1_ep2,bridge_ijepa_w1_bf16_v1_ep2,tune_500_qids,,development_result,ijepa,mlp256,42,2,bridge_ijepa_w1_bf16_v1_ep2,,none,bridge_ijepa_w1_bf16_v1_ep2__corrected_chatml_v1_eos__tune_500_qids__image_only__direct,image_only,direct,,,bridge (vision),text-only floor,500,481,vqa_soft,43.8,33.8,10,,,,,,,100,0,2.188,outputs/eval/tuning/bridge_ijepa_w1_bf16_v1_ep2__corrected_chatml_v1_eos__tune_500_qids__image_only__direct_records.json,8e222ecf11407344f12cec3407ae1cb7e92509b396ebf196a26bc2eae5490ad8,,corrected ChatML + supervised EOS on the development tuning slice
corrected_tune500:bridge_ijepa_w1_bf16_v1_ep3::bridge_ijepa_w1_bf16_v1_ep3__corrected_chatml_v1_eos__tune_500_qids__image_only__direct::exact,corrected_chatml_v1_eos,chatml_v1_supervised_eos,cluster,,corrected_tune500:bridge_ijepa_w1_bf16_v1_ep3,bridge_ijepa_w1_bf16_v1_ep3,tune_500_qids,,development_result,ijepa,mlp256,42,3,bridge_ijepa_w1_bf16_v1_ep3,,none,bridge_ijepa_w1_bf16_v1_ep3__corrected_chatml_v1_eos__tune_500_qids__image_only__direct,image_only,direct,,,bridge (vision),text-only floor,500,481,exact,45.6,31,14.6,,,,,,,100,0,2.212,outputs/eval/tuning/bridge_ijepa_w1_bf16_v1_ep3__corrected_chatml_v1_eos__tune_500_qids__image_only__direct_records.json,6f2719d2e14383550a8d11dcc429b38e698240954bd7d558bc386fa7b42c81bf,,corrected ChatML + supervised EOS on the development tuning slice
corrected_tune500:bridge_ijepa_w1_bf16_v1_ep3::bridge_ijepa_w1_bf16_v1_ep3__corrected_chatml_v1_eos__tune_500_qids__image_only__direct::exact_full,corrected_chatml_v1_eos,chatml_v1_supervised_eos,cluster,,corrected_tune500:bridge_ijepa_w1_bf16_v1_ep3,bridge_ijepa_w1_bf16_v1_ep3,tune_500_qids,,development_result,ijepa,mlp256,42,3,bridge_ijepa_w1_bf16_v1_ep3,,none,bridge_ijepa_w1_bf16_v1_ep3__corrected_chatml_v1_eos__tune_500_qids__image_only__direct,image_only,direct,,,bridge (vision),text-only floor,500,481,exact_full,45.6,31,14.6,,,,,,,100,0,2.212,outputs/eval/tuning/bridge_ijepa_w1_bf16_v1_ep3__corrected_chatml_v1_eos__tune_500_qids__image_only__direct_records.json,6f2719d2e14383550a8d11dcc429b38e698240954bd7d558bc386fa7b42c81bf,,corrected ChatML + supervised EOS on the development tuning slice
corrected_tune500:bridge_ijepa_w1_bf16_v1_ep3::bridge_ijepa_w1_bf16_v1_ep3__corrected_chatml_v1_eos__tune_500_qids__image_only__direct::vqa_soft,corrected_chatml_v1_eos,chatml_v1_supervised_eos,cluster,,corrected_tune500:bridge_ijepa_w1_bf16_v1_ep3,bridge_ijepa_w1_bf16_v1_ep3,tune_500_qids,,development_result,ijepa,mlp256,42,3,bridge_ijepa_w1_bf16_v1_ep3,,none,bridge_ijepa_w1_bf16_v1_ep3__corrected_chatml_v1_eos__tune_500_qids__image_only__direct,image_only,direct,,,bridge (vision),text-only floor,500,481,vqa_soft,45.8,33.8,12,,,,,,,100,0,2.212,outputs/eval/tuning/bridge_ijepa_w1_bf16_v1_ep3__corrected_chatml_v1_eos__tune_500_qids__image_only__direct_records.json,6f2719d2e14383550a8d11dcc429b38e698240954bd7d558bc386fa7b42c81bf,,corrected ChatML + supervised EOS on the development tuning slice
corrected_tune500:bridge_ijepa_w1_bf16_v1_ep4::bridge_ijepa_w1_bf16_v1_ep4__corrected_chatml_v1_eos__tune_500_qids__image_only__direct::exact,corrected_chatml_v1_eos,chatml_v1_supervised_eos,cluster,,corrected_tune500:bridge_ijepa_w1_bf16_v1_ep4,bridge_ijepa_w1_bf16_v1_ep4,tune_500_qids,,development_result,ijepa,mlp256,42,4,bridge_ijepa_w1_bf16_v1_ep4,,none,bridge_ijepa_w1_bf16_v1_ep4__corrected_chatml_v1_eos__tune_500_qids__image_only__direct,image_only,direct,,,bridge (vision),text-only floor,500,481,exact,46,31,15,,,,,,,100,0,2.238,outputs/eval/tuning/bridge_ijepa_w1_bf16_v1_ep4__corrected_chatml_v1_eos__tune_500_qids__image_only__direct_records.json,dc0c49ef087170e74fed623387e6b5f1e740feb1bdf5c07ad56cac392934157a,,corrected ChatML + supervised EOS on the development tuning slice
corrected_tune500:bridge_ijepa_w1_bf16_v1_ep4::bridge_ijepa_w1_bf16_v1_ep4__corrected_chatml_v1_eos__tune_500_qids__image_only__direct::exact_full,corrected_chatml_v1_eos,chatml_v1_supervised_eos,cluster,,corrected_tune500:bridge_ijepa_w1_bf16_v1_ep4,bridge_ijepa_w1_bf16_v1_ep4,tune_500_qids,,development_result,ijepa,mlp256,42,4,bridge_ijepa_w1_bf16_v1_ep4,,none,bridge_ijepa_w1_bf16_v1_ep4__corrected_chatml_v1_eos__tune_500_qids__image_only__direct,image_only,direct,,,bridge (vision),text-only floor,500,481,exact_full,46,31,15,,,,,,,100,0,2.238,outputs/eval/tuning/bridge_ijepa_w1_bf16_v1_ep4__corrected_chatml_v1_eos__tune_500_qids__image_only__direct_records.json,dc0c49ef087170e74fed623387e6b5f1e740feb1bdf5c07ad56cac392934157a,,corrected ChatML + supervised EOS on the development tuning slice
corrected_tune500:bridge_ijepa_w1_bf16_v1_ep4::bridge_ijepa_w1_bf16_v1_ep4__corrected_chatml_v1_eos__tune_500_qids__image_only__direct::vqa_soft,corrected_chatml_v1_eos,chatml_v1_supervised_eos,cluster,,corrected_tune500:bridge_ijepa_w1_bf16_v1_ep4,bridge_ijepa_w1_bf16_v1_ep4,tune_500_qids,,development_result,ijepa,mlp256,42,4,bridge_ijepa_w1_bf16_v1_ep4,,none,bridge_ijepa_w1_bf16_v1_ep4__corrected_chatml_v1_eos__tune_500_qids__image_only__direct,image_only,direct,,,bridge (vision),text-only floor,500,481,vqa_soft,46.6,33.8,12.8,,,,,,,100,0,2.238,outputs/eval/tuning/bridge_ijepa_w1_bf16_v1_ep4__corrected_chatml_v1_eos__tune_500_qids__image_only__direct_records.json,dc0c49ef087170e74fed623387e6b5f1e740feb1bdf5c07ad56cac392934157a,,corrected ChatML + supervised EOS on the development tuning slice
corrected_tune500:bridge_ijepa_w1_bf16_v1_ep5::bridge_ijepa_w1_bf16_v1_ep5__corrected_chatml_v1_eos__tune_500_qids__image_only__direct::exact,corrected_chatml_v1_eos,chatml_v1_supervised_eos,cluster,,corrected_tune500:bridge_ijepa_w1_bf16_v1_ep5,bridge_ijepa_w1_bf16_v1_ep5,tune_500_qids,,development_result,ijepa,mlp256,42,5,bridge_ijepa_w1_bf16_v1_ep5,,none,bridge_ijepa_w1_bf16_v1_ep5__corrected_chatml_v1_eos__tune_500_qids__image_only__direct,image_only,direct,,,bridge (vision),text-only floor,500,481,exact,46.2,31,15.2,,,,,,,100,0,2.248,outputs/eval/tuning/bridge_ijepa_w1_bf16_v1_ep5__corrected_chatml_v1_eos__tune_500_qids__image_only__direct_records.json,aa4f15b53828003e5b0bf8867d08245d297d9b05312f2574acb0b209a5bb161f,,corrected ChatML + supervised EOS on the development tuning slice
corrected_tune500:bridge_ijepa_w1_bf16_v1_ep5::bridge_ijepa_w1_bf16_v1_ep5__corrected_chatml_v1_eos__tune_500_qids__image_only__direct::exact_full,corrected_chatml_v1_eos,chatml_v1_supervised_eos,cluster,,corrected_tune500:bridge_ijepa_w1_bf16_v1_ep5,bridge_ijepa_w1_bf16_v1_ep5,tune_500_qids,,development_result,ijepa,mlp256,42,5,bridge_ijepa_w1_bf16_v1_ep5,,none,bridge_ijepa_w1_bf16_v1_ep5__corrected_chatml_v1_eos__tune_500_qids__image_only__direct,image_only,direct,,,bridge (vision),text-only floor,500,481,exact_full,46.2,31,15.2,,,,,,,100,0,2.248,outputs/eval/tuning/bridge_ijepa_w1_bf16_v1_ep5__corrected_chatml_v1_eos__tune_500_qids__image_only__direct_records.json,aa4f15b53828003e5b0bf8867d08245d297d9b05312f2574acb0b209a5bb161f,,corrected ChatML + supervised EOS on the development tuning slice
corrected_tune500:bridge_ijepa_w1_bf16_v1_ep5::bridge_ijepa_w1_bf16_v1_ep5__corrected_chatml_v1_eos__tune_500_qids__image_only__direct::vqa_soft,corrected_chatml_v1_eos,chatml_v1_supervised_eos,cluster,,corrected_tune500:bridge_ijepa_w1_bf16_v1_ep5,bridge_ijepa_w1_bf16_v1_ep5,tune_500_qids,,development_result,ijepa,mlp256,42,5,bridge_ijepa_w1_bf16_v1_ep5,,none,bridge_ijepa_w1_bf16_v1_ep5__corrected_chatml_v1_eos__tune_500_qids__image_only__direct,image_only,direct,,,bridge (vision),text-only floor,500,481,vqa_soft,46.2,33.8,12.4,,,,,,,100,0,2.248,outputs/eval/tuning/bridge_ijepa_w1_bf16_v1_ep5__corrected_chatml_v1_eos__tune_500_qids__image_only__direct_records.json,aa4f15b53828003e5b0bf8867d08245d297d9b05312f2574acb0b209a5bb161f,,corrected ChatML + supervised EOS on the development tuning slice
corrected_tune500:bridge_ijepa_w1qf_bf16_v1_ep1::bridge_ijepa_w1qf_bf16_v1_ep1__corrected_chatml_v1_eos__tune_500_qids__image_only__direct::exact,corrected_chatml_v1_eos,chatml_v1_supervised_eos,cluster,,corrected_tune500:bridge_ijepa_w1qf_bf16_v1_ep1,bridge_ijepa_w1qf_bf16_v1_ep1,tune_500_qids,,development_result,ijepa,qformer32,42,1,bridge_ijepa_w1qf_bf16_v1_ep1,,none,bridge_ijepa_w1qf_bf16_v1_ep1__corrected_chatml_v1_eos__tune_500_qids__image_only__direct,image_only,direct,,,bridge (vision),text-only floor,500,481,exact,39.6,30.6,9,,,,,,,100,0,2.226,outputs/eval/tuning/bridge_ijepa_w1qf_bf16_v1_ep1__corrected_chatml_v1_eos__tune_500_qids__image_only__direct_records.json,52b1ec634e9ff767edba15225d1f087284cbcee485f4e631ac74adb7f5e01e7d,,corrected ChatML + supervised EOS on the development tuning slice
corrected_tune500:bridge_ijepa_w1qf_bf16_v1_ep1::bridge_ijepa_w1qf_bf16_v1_ep1__corrected_chatml_v1_eos__tune_500_qids__image_only__direct::exact_full,corrected_chatml_v1_eos,chatml_v1_supervised_eos,cluster,,corrected_tune500:bridge_ijepa_w1qf_bf16_v1_ep1,bridge_ijepa_w1qf_bf16_v1_ep1,tune_500_qids,,development_result,ijepa,qformer32,42,1,bridge_ijepa_w1qf_bf16_v1_ep1,,none,bridge_ijepa_w1qf_bf16_v1_ep1__corrected_chatml_v1_eos__tune_500_qids__image_only__direct,image_only,direct,,,bridge (vision),text-only floor,500,481,exact_full,39.6,30.6,9,,,,,,,100,0,2.226,outputs/eval/tuning/bridge_ijepa_w1qf_bf16_v1_ep1__corrected_chatml_v1_eos__tune_500_qids__image_only__direct_records.json,52b1ec634e9ff767edba15225d1f087284cbcee485f4e631ac74adb7f5e01e7d,,corrected ChatML + supervised EOS on the development tuning slice
corrected_tune500:bridge_ijepa_w1qf_bf16_v1_ep1::bridge_ijepa_w1qf_bf16_v1_ep1__corrected_chatml_v1_eos__tune_500_qids__image_only__direct::vqa_soft,corrected_chatml_v1_eos,chatml_v1_supervised_eos,cluster,,corrected_tune500:bridge_ijepa_w1qf_bf16_v1_ep1,bridge_ijepa_w1qf_bf16_v1_ep1,tune_500_qids,,development_result,ijepa,qformer32,42,1,bridge_ijepa_w1qf_bf16_v1_ep1,,none,bridge_ijepa_w1qf_bf16_v1_ep1__corrected_chatml_v1_eos__tune_500_qids__image_only__direct,image_only,direct,,,bridge (vision),text-only floor,500,481,vqa_soft,40,33.2,6.8,,,,,,,100,0,2.226,outputs/eval/tuning/bridge_ijepa_w1qf_bf16_v1_ep1__corrected_chatml_v1_eos__tune_500_qids__image_only__direct_records.json,52b1ec634e9ff767edba15225d1f087284cbcee485f4e631ac74adb7f5e01e7d,,corrected ChatML + supervised EOS on the development tuning slice
corrected_tune500:bridge_ijepa_w1qf_bf16_v1_ep1::bridge_ijepa_w1qf_bf16_v1_ep1__corrected_chatml_v1_eos__tune_500_qids__image_only__direct__blackwell::exact,corrected_chatml_v1_eos,chatml_v1_supervised_eos,cluster,,corrected_tune500:bridge_ijepa_w1qf_bf16_v1_ep1,bridge_ijepa_w1qf_bf16_v1_ep1,tune_500_qids,,development_result,ijepa,qformer32,42,1,bridge_ijepa_w1qf_bf16_v1_ep1,,none,bridge_ijepa_w1qf_bf16_v1_ep1__corrected_chatml_v1_eos__tune_500_qids__image_only__direct__blackwell,image_only,direct,,,bridge (vision),text-only floor,500,481,exact,38.8,31,7.8,,,,,,,100,0,2.226,outputs/eval/tuning/bridge_ijepa_w1qf_bf16_v1_ep1__corrected_chatml_v1_eos__tune_500_qids__image_only__direct__blackwell_records.json,9150b99db435cb40a67587b1cd10cd5036cf93507cdcd8430a30d1bab263dd2a,,corrected ChatML + supervised EOS on the development tuning slice
corrected_tune500:bridge_ijepa_w1qf_bf16_v1_ep1::bridge_ijepa_w1qf_bf16_v1_ep1__corrected_chatml_v1_eos__tune_500_qids__image_only__direct__blackwell::exact_full,corrected_chatml_v1_eos,chatml_v1_supervised_eos,cluster,,corrected_tune500:bridge_ijepa_w1qf_bf16_v1_ep1,bridge_ijepa_w1qf_bf16_v1_ep1,tune_500_qids,,development_result,ijepa,qformer32,42,1,bridge_ijepa_w1qf_bf16_v1_ep1,,none,bridge_ijepa_w1qf_bf16_v1_ep1__corrected_chatml_v1_eos__tune_500_qids__image_only__direct__blackwell,image_only,direct,,,bridge (vision),text-only floor,500,481,exact_full,38.8,31,7.8,,,,,,,100,0,2.226,outputs/eval/tuning/bridge_ijepa_w1qf_bf16_v1_ep1__corrected_chatml_v1_eos__tune_500_qids__image_only__direct__blackwell_records.json,9150b99db435cb40a67587b1cd10cd5036cf93507cdcd8430a30d1bab263dd2a,,corrected ChatML + supervised EOS on the development tuning slice
corrected_tune500:bridge_ijepa_w1qf_bf16_v1_ep1::bridge_ijepa_w1qf_bf16_v1_ep1__corrected_chatml_v1_eos__tune_500_qids__image_only__direct__blackwell::vqa_soft,corrected_chatml_v1_eos,chatml_v1_supervised_eos,cluster,,corrected_tune500:bridge_ijepa_w1qf_bf16_v1_ep1,bridge_ijepa_w1qf_bf16_v1_ep1,tune_500_qids,,development_result,ijepa,qformer32,42,1,bridge_ijepa_w1qf_bf16_v1_ep1,,none,bridge_ijepa_w1qf_bf16_v1_ep1__corrected_chatml_v1_eos__tune_500_qids__image_only__direct__blackwell,image_only,direct,,,bridge (vision),text-only floor,500,481,vqa_soft,39.2,33.8,5.4,,,,,,,100,0,2.226,outputs/eval/tuning/bridge_ijepa_w1qf_bf16_v1_ep1__corrected_chatml_v1_eos__tune_500_qids__image_only__direct__blackwell_records.json,9150b99db435cb40a67587b1cd10cd5036cf93507cdcd8430a30d1bab263dd2a,,corrected ChatML + supervised EOS on the development tuning slice
corrected_tune500:bridge_ijepa_w1qf_bf16_v1_ep2::bridge_ijepa_w1qf_bf16_v1_ep2__corrected_chatml_v1_eos__tune_500_qids__image_only__direct::exact,corrected_chatml_v1_eos,chatml_v1_supervised_eos,cluster,,corrected_tune500:bridge_ijepa_w1qf_bf16_v1_ep2,bridge_ijepa_w1qf_bf16_v1_ep2,tune_500_qids,,development_result,ijepa,qformer32,42,2,bridge_ijepa_w1qf_bf16_v1_ep2,,none,bridge_ijepa_w1qf_bf16_v1_ep2__corrected_chatml_v1_eos__tune_500_qids__image_only__direct,image_only,direct,,,bridge (vision),text-only floor,500,481,exact,38.4,30.6,7.8,,,,,,,100,0,2.18,outputs/eval/tuning/bridge_ijepa_w1qf_bf16_v1_ep2__corrected_chatml_v1_eos__tune_500_qids__image_only__direct_records.json,0b0fed9ed27f291ef07281bc8199c6a39ab69b5722dc6a791a8b67bb84433170,,corrected ChatML + supervised EOS on the development tuning slice
corrected_tune500:bridge_ijepa_w1qf_bf16_v1_ep2::bridge_ijepa_w1qf_bf16_v1_ep2__corrected_chatml_v1_eos__tune_500_qids__image_only__direct::exact_full,corrected_chatml_v1_eos,chatml_v1_supervised_eos,cluster,,corrected_tune500:bridge_ijepa_w1qf_bf16_v1_ep2,bridge_ijepa_w1qf_bf16_v1_ep2,tune_500_qids,,development_result,ijepa,qformer32,42,2,bridge_ijepa_w1qf_bf16_v1_ep2,,none,bridge_ijepa_w1qf_bf16_v1_ep2__corrected_chatml_v1_eos__tune_500_qids__image_only__direct,image_only,direct,,,bridge (vision),text-only floor,500,481,exact_full,38.4,30.6,7.8,,,,,,,100,0,2.18,outputs/eval/tuning/bridge_ijepa_w1qf_bf16_v1_ep2__corrected_chatml_v1_eos__tune_500_qids__image_only__direct_records.json,0b0fed9ed27f291ef07281bc8199c6a39ab69b5722dc6a791a8b67bb84433170,,corrected ChatML + supervised EOS on the development tuning slice
corrected_tune500:bridge_ijepa_w1qf_bf16_v1_ep2::bridge_ijepa_w1qf_bf16_v1_ep2__corrected_chatml_v1_eos__tune_500_qids__image_only__direct::vqa_soft,corrected_chatml_v1_eos,chatml_v1_supervised_eos,cluster,,corrected_tune500:bridge_ijepa_w1qf_bf16_v1_ep2,bridge_ijepa_w1qf_bf16_v1_ep2,tune_500_qids,,development_result,ijepa,qformer32,42,2,bridge_ijepa_w1qf_bf16_v1_ep2,,none,bridge_ijepa_w1qf_bf16_v1_ep2__corrected_chatml_v1_eos__tune_500_qids__image_only__direct,image_only,direct,,,bridge (vision),text-only floor,500,481,vqa_soft,38.8,33.2,5.6,,,,,,,100,0,2.18,outputs/eval/tuning/bridge_ijepa_w1qf_bf16_v1_ep2__corrected_chatml_v1_eos__tune_500_qids__image_only__direct_records.json,0b0fed9ed27f291ef07281bc8199c6a39ab69b5722dc6a791a8b67bb84433170,,corrected ChatML + supervised EOS on the development tuning slice
corrected_tune500:bridge_ijepa_w1qf_bf16_v1_ep2::bridge_ijepa_w1qf_bf16_v1_ep2__corrected_chatml_v1_eos__tune_500_qids__image_only__direct__blackwell::exact,corrected_chatml_v1_eos,chatml_v1_supervised_eos,cluster,,corrected_tune500:bridge_ijepa_w1qf_bf16_v1_ep2,bridge_ijepa_w1qf_bf16_v1_ep2,tune_500_qids,,development_result,ijepa,qformer32,42,2,bridge_ijepa_w1qf_bf16_v1_ep2,,none,bridge_ijepa_w1qf_bf16_v1_ep2__corrected_chatml_v1_eos__tune_500_qids__image_only__direct__blackwell,image_only,direct,,,bridge (vision),text-only floor,500,481,exact,38.6,31,7.6,,,,,,,100,0,2.188,outputs/eval/tuning/bridge_ijepa_w1qf_bf16_v1_ep2__corrected_chatml_v1_eos__tune_500_qids__image_only__direct__blackwell_records.json,f501aa867e9eb6b2ff183b3a5fbcb98fc1a568d2b1cd144a61afb98cdf350040,,corrected ChatML + supervised EOS on the development tuning slice
corrected_tune500:bridge_ijepa_w1qf_bf16_v1_ep2::bridge_ijepa_w1qf_bf16_v1_ep2__corrected_chatml_v1_eos__tune_500_qids__image_only__direct__blackwell::exact_full,corrected_chatml_v1_eos,chatml_v1_supervised_eos,cluster,,corrected_tune500:bridge_ijepa_w1qf_bf16_v1_ep2,bridge_ijepa_w1qf_bf16_v1_ep2,tune_500_qids,,development_result,ijepa,qformer32,42,2,bridge_ijepa_w1qf_bf16_v1_ep2,,none,bridge_ijepa_w1qf_bf16_v1_ep2__corrected_chatml_v1_eos__tune_500_qids__image_only__direct__blackwell,image_only,direct,,,bridge (vision),text-only floor,500,481,exact_full,38.6,31,7.6,,,,,,,100,0,2.188,outputs/eval/tuning/bridge_ijepa_w1qf_bf16_v1_ep2__corrected_chatml_v1_eos__tune_500_qids__image_only__direct__blackwell_records.json,f501aa867e9eb6b2ff183b3a5fbcb98fc1a568d2b1cd144a61afb98cdf350040,,corrected ChatML + supervised EOS on the development tuning slice
corrected_tune500:bridge_ijepa_w1qf_bf16_v1_ep2::bridge_ijepa_w1qf_bf16_v1_ep2__corrected_chatml_v1_eos__tune_500_qids__image_only__direct__blackwell::vqa_soft,corrected_chatml_v1_eos,chatml_v1_supervised_eos,cluster,,corrected_tune500:bridge_ijepa_w1qf_bf16_v1_ep2,bridge_ijepa_w1qf_bf16_v1_ep2,tune_500_qids,,development_result,ijepa,qformer32,42,2,bridge_ijepa_w1qf_bf16_v1_ep2,,none,bridge_ijepa_w1qf_bf16_v1_ep2__corrected_chatml_v1_eos__tune_500_qids__image_only__direct__blackwell,image_only,direct,,,bridge (vision),text-only floor,500,481,vqa_soft,39,33.8,5.2,,,,,,,100,0,2.188,outputs/eval/tuning/bridge_ijepa_w1qf_bf16_v1_ep2__corrected_chatml_v1_eos__tune_500_qids__image_only__direct__blackwell_records.json,f501aa867e9eb6b2ff183b3a5fbcb98fc1a568d2b1cd144a61afb98cdf350040,,corrected ChatML + supervised EOS on the development tuning slice
corrected_tune500:bridge_ijepa_w1qf_bf16_v1_ep3::bridge_ijepa_w1qf_bf16_v1_ep3__corrected_chatml_v1_eos__tune_500_qids__image_only__direct::exact,corrected_chatml_v1_eos,chatml_v1_supervised_eos,cluster,,corrected_tune500:bridge_ijepa_w1qf_bf16_v1_ep3,bridge_ijepa_w1qf_bf16_v1_ep3,tune_500_qids,,development_result,ijepa,qformer32,42,3,bridge_ijepa_w1qf_bf16_v1_ep3,,none,bridge_ijepa_w1qf_bf16_v1_ep3__corrected_chatml_v1_eos__tune_500_qids__image_only__direct,image_only,direct,,,bridge (vision),text-only floor,500,481,exact,40.4,30.6,9.8,,,,,,,100,0,2.2,outputs/eval/tuning/bridge_ijepa_w1qf_bf16_v1_ep3__corrected_chatml_v1_eos__tune_500_qids__image_only__direct_records.json,d2f1026667449a3d72f20c5cb4ff060d433c94a3de1f0e546f692cdb7780005b,,corrected ChatML + supervised EOS on the development tuning slice
corrected_tune500:bridge_ijepa_w1qf_bf16_v1_ep3::bridge_ijepa_w1qf_bf16_v1_ep3__corrected_chatml_v1_eos__tune_500_qids__image_only__direct::exact_full,corrected_chatml_v1_eos,chatml_v1_supervised_eos,cluster,,corrected_tune500:bridge_ijepa_w1qf_bf16_v1_ep3,bridge_ijepa_w1qf_bf16_v1_ep3,tune_500_qids,,development_result,ijepa,qformer32,42,3,bridge_ijepa_w1qf_bf16_v1_ep3,,none,bridge_ijepa_w1qf_bf16_v1_ep3__corrected_chatml_v1_eos__tune_500_qids__image_only__direct,image_only,direct,,,bridge (vision),text-only floor,500,481,exact_full,40.4,30.6,9.8,,,,,,,100,0,2.2,outputs/eval/tuning/bridge_ijepa_w1qf_bf16_v1_ep3__corrected_chatml_v1_eos__tune_500_qids__image_only__direct_records.json,d2f1026667449a3d72f20c5cb4ff060d433c94a3de1f0e546f692cdb7780005b,,corrected ChatML + supervised EOS on the development tuning slice
corrected_tune500:bridge_ijepa_w1qf_bf16_v1_ep3::bridge_ijepa_w1qf_bf16_v1_ep3__corrected_chatml_v1_eos__tune_500_qids__image_only__direct::vqa_soft,corrected_chatml_v1_eos,chatml_v1_supervised_eos,cluster,,corrected_tune500:bridge_ijepa_w1qf_bf16_v1_ep3,bridge_ijepa_w1qf_bf16_v1_ep3,tune_500_qids,,development_result,ijepa,qformer32,42,3,bridge_ijepa_w1qf_bf16_v1_ep3,,none,bridge_ijepa_w1qf_bf16_v1_ep3__corrected_chatml_v1_eos__tune_500_qids__image_only__direct,image_only,direct,,,bridge (vision),text-only floor,500,481,vqa_soft,41.2,33.2,8,,,,,,,100,0,2.2,outputs/eval/tuning/bridge_ijepa_w1qf_bf16_v1_ep3__corrected_chatml_v1_eos__tune_500_qids__image_only__direct_records.json,d2f1026667449a3d72f20c5cb4ff060d433c94a3de1f0e546f692cdb7780005b,,corrected ChatML + supervised EOS on the development tuning slice
corrected_tune500:bridge_ijepa_w1qf_bf16_v1_ep3::bridge_ijepa_w1qf_bf16_v1_ep3__corrected_chatml_v1_eos__tune_500_qids__image_only__direct__blackwell::exact,corrected_chatml_v1_eos,chatml_v1_supervised_eos,cluster,,corrected_tune500:bridge_ijepa_w1qf_bf16_v1_ep3,bridge_ijepa_w1qf_bf16_v1_ep3,tune_500_qids,,development_result,ijepa,qformer32,42,3,bridge_ijepa_w1qf_bf16_v1_ep3,,none,bridge_ijepa_w1qf_bf16_v1_ep3__corrected_chatml_v1_eos__tune_500_qids__image_only__direct__blackwell,image_only,direct,,,bridge (vision),text-only floor,500,481,exact,40.8,31,9.8,,,,,,,100,0,2.198,outputs/eval/tuning/bridge_ijepa_w1qf_bf16_v1_ep3__corrected_chatml_v1_eos__tune_500_qids__image_only__direct__blackwell_records.json,86280242134d3153641ee8663fbc1436b13e3156834375bd7a9596f3ed092298,,corrected ChatML + supervised EOS on the development tuning slice
corrected_tune500:bridge_ijepa_w1qf_bf16_v1_ep3::bridge_ijepa_w1qf_bf16_v1_ep3__corrected_chatml_v1_eos__tune_500_qids__image_only__direct__blackwell::exact_full,corrected_chatml_v1_eos,chatml_v1_supervised_eos,cluster,,corrected_tune500:bridge_ijepa_w1qf_bf16_v1_ep3,bridge_ijepa_w1qf_bf16_v1_ep3,tune_500_qids,,development_result,ijepa,qformer32,42,3,bridge_ijepa_w1qf_bf16_v1_ep3,,none,bridge_ijepa_w1qf_bf16_v1_ep3__corrected_chatml_v1_eos__tune_500_qids__image_only__direct__blackwell,image_only,direct,,,bridge (vision),text-only floor,500,481,exact_full,40.8,31,9.8,,,,,,,100,0,2.198,outputs/eval/tuning/bridge_ijepa_w1qf_bf16_v1_ep3__corrected_chatml_v1_eos__tune_500_qids__image_only__direct__blackwell_records.json,86280242134d3153641ee8663fbc1436b13e3156834375bd7a9596f3ed092298,,corrected ChatML + supervised EOS on the development tuning slice
corrected_tune500:bridge_ijepa_w1qf_bf16_v1_ep3::bridge_ijepa_w1qf_bf16_v1_ep3__corrected_chatml_v1_eos__tune_500_qids__image_only__direct__blackwell::vqa_soft,corrected_chatml_v1_eos,chatml_v1_supervised_eos,cluster,,corrected_tune500:bridge_ijepa_w1qf_bf16_v1_ep3,bridge_ijepa_w1qf_bf16_v1_ep3,tune_500_qids,,development_result,ijepa,qformer32,42,3,bridge_ijepa_w1qf_bf16_v1_ep3,,none,bridge_ijepa_w1qf_bf16_v1_ep3__corrected_chatml_v1_eos__tune_500_qids__image_only__direct__blackwell,image_only,direct,,,bridge (vision),text-only floor,500,481,vqa_soft,41.6,33.8,7.8,,,,,,,100,0,2.198,outputs/eval/tuning/bridge_ijepa_w1qf_bf16_v1_ep3__corrected_chatml_v1_eos__tune_500_qids__image_only__direct__blackwell_records.json,86280242134d3153641ee8663fbc1436b13e3156834375bd7a9596f3ed092298,,corrected ChatML + supervised EOS on the development tuning slice
corrected_tune500:bridge_ijepa_w1qf_bf16_v1_ep4::bridge_ijepa_w1qf_bf16_v1_ep4__corrected_chatml_v1_eos__tune_500_qids__image_only__direct::exact,corrected_chatml_v1_eos,chatml_v1_supervised_eos,cluster,,corrected_tune500:bridge_ijepa_w1qf_bf16_v1_ep4,bridge_ijepa_w1qf_bf16_v1_ep4,tune_500_qids,,development_result,ijepa,qformer32,42,4,bridge_ijepa_w1qf_bf16_v1_ep4,,none,bridge_ijepa_w1qf_bf16_v1_ep4__corrected_chatml_v1_eos__tune_500_qids__image_only__direct,image_only,direct,,,bridge (vision),text-only floor,500,481,exact,43.2,30.6,12.6,,,,,,,100,0,2.194,outputs/eval/tuning/bridge_ijepa_w1qf_bf16_v1_ep4__corrected_chatml_v1_eos__tune_500_qids__image_only__direct_records.json,fe4dca91961bc4b97eb37ee6c751f3d4b8c2591a1a8bcd118f0bbea3a2889c67,,corrected ChatML + supervised EOS on the development tuning slice
corrected_tune500:bridge_ijepa_w1qf_bf16_v1_ep4::bridge_ijepa_w1qf_bf16_v1_ep4__corrected_chatml_v1_eos__tune_500_qids__image_only__direct::exact_full,corrected_chatml_v1_eos,chatml_v1_supervised_eos,cluster,,corrected_tune500:bridge_ijepa_w1qf_bf16_v1_ep4,bridge_ijepa_w1qf_bf16_v1_ep4,tune_500_qids,,development_result,ijepa,qformer32,42,4,bridge_ijepa_w1qf_bf16_v1_ep4,,none,bridge_ijepa_w1qf_bf16_v1_ep4__corrected_chatml_v1_eos__tune_500_qids__image_only__direct,image_only,direct,,,bridge (vision),text-only floor,500,481,exact_full,43.2,30.6,12.6,,,,,,,100,0,2.194,outputs/eval/tuning/bridge_ijepa_w1qf_bf16_v1_ep4__corrected_chatml_v1_eos__tune_500_qids__image_only__direct_records.json,fe4dca91961bc4b97eb37ee6c751f3d4b8c2591a1a8bcd118f0bbea3a2889c67,,corrected ChatML + supervised EOS on the development tuning slice
corrected_tune500:bridge_ijepa_w1qf_bf16_v1_ep4::bridge_ijepa_w1qf_bf16_v1_ep4__corrected_chatml_v1_eos__tune_500_qids__image_only__direct::vqa_soft,corrected_chatml_v1_eos,chatml_v1_supervised_eos,cluster,,corrected_tune500:bridge_ijepa_w1qf_bf16_v1_ep4,bridge_ijepa_w1qf_bf16_v1_ep4,tune_500_qids,,development_result,ijepa,qformer32,42,4,bridge_ijepa_w1qf_bf16_v1_ep4,,none,bridge_ijepa_w1qf_bf16_v1_ep4__corrected_chatml_v1_eos__tune_500_qids__image_only__direct,image_only,direct,,,bridge (vision),text-only floor,500,481,vqa_soft,43.8,33.2,10.6,,,,,,,100,0,2.194,outputs/eval/tuning/bridge_ijepa_w1qf_bf16_v1_ep4__corrected_chatml_v1_eos__tune_500_qids__image_only__direct_records.json,fe4dca91961bc4b97eb37ee6c751f3d4b8c2591a1a8bcd118f0bbea3a2889c67,,corrected ChatML + supervised EOS on the development tuning slice
corrected_tune500:bridge_ijepa_w1qf_bf16_v1_ep4::bridge_ijepa_w1qf_bf16_v1_ep4__corrected_chatml_v1_eos__tune_500_qids__image_only__direct__blackwell::exact,corrected_chatml_v1_eos,chatml_v1_supervised_eos,cluster,,corrected_tune500:bridge_ijepa_w1qf_bf16_v1_ep4,bridge_ijepa_w1qf_bf16_v1_ep4,tune_500_qids,,development_result,ijepa,qformer32,42,4,bridge_ijepa_w1qf_bf16_v1_ep4,,none,bridge_ijepa_w1qf_bf16_v1_ep4__corrected_chatml_v1_eos__tune_500_qids__image_only__direct__blackwell,image_only,direct,,,bridge (vision),text-only floor,500,481,exact,42.6,31,11.6,,,,,,,100,0,2.196,outputs/eval/tuning/bridge_ijepa_w1qf_bf16_v1_ep4__corrected_chatml_v1_eos__tune_500_qids__image_only__direct__blackwell_records.json,f0c95e84abe8b8ebc7f7b2c2dbeea2beef132f904648f0318dadfcd5d93756ef,,corrected ChatML + supervised EOS on the development tuning slice
corrected_tune500:bridge_ijepa_w1qf_bf16_v1_ep4::bridge_ijepa_w1qf_bf16_v1_ep4__corrected_chatml_v1_eos__tune_500_qids__image_only__direct__blackwell::exact_full,corrected_chatml_v1_eos,chatml_v1_supervised_eos,cluster,,corrected_tune500:bridge_ijepa_w1qf_bf16_v1_ep4,bridge_ijepa_w1qf_bf16_v1_ep4,tune_500_qids,,development_result,ijepa,qformer32,42,4,bridge_ijepa_w1qf_bf16_v1_ep4,,none,bridge_ijepa_w1qf_bf16_v1_ep4__corrected_chatml_v1_eos__tune_500_qids__image_only__direct__blackwell,image_only,direct,,,bridge (vision),text-only floor,500,481,exact_full,42.6,31,11.6,,,,,,,100,0,2.196,outputs/eval/tuning/bridge_ijepa_w1qf_bf16_v1_ep4__corrected_chatml_v1_eos__tune_500_qids__image_only__direct__blackwell_records.json,f0c95e84abe8b8ebc7f7b2c2dbeea2beef132f904648f0318dadfcd5d93756ef,,corrected ChatML + supervised EOS on the development tuning slice
corrected_tune500:bridge_ijepa_w1qf_bf16_v1_ep4::bridge_ijepa_w1qf_bf16_v1_ep4__corrected_chatml_v1_eos__tune_500_qids__image_only__direct__blackwell::vqa_soft,corrected_chatml_v1_eos,chatml_v1_supervised_eos,cluster,,corrected_tune500:bridge_ijepa_w1qf_bf16_v1_ep4,bridge_ijepa_w1qf_bf16_v1_ep4,tune_500_qids,,development_result,ijepa,qformer32,42,4,bridge_ijepa_w1qf_bf16_v1_ep4,,none,bridge_ijepa_w1qf_bf16_v1_ep4__corrected_chatml_v1_eos__tune_500_qids__image_only__direct__blackwell,image_only,direct,,,bridge (vision),text-only floor,500,481,vqa_soft,43.2,33.8,9.4,,,,,,,100,0,2.196,outputs/eval/tuning/bridge_ijepa_w1qf_bf16_v1_ep4__corrected_chatml_v1_eos__tune_500_qids__image_only__direct__blackwell_records.json,f0c95e84abe8b8ebc7f7b2c2dbeea2beef132f904648f0318dadfcd5d93756ef,,corrected ChatML + supervised EOS on the development tuning slice
corrected_tune500:bridge_ijepa_w1qf_bf16_v1_ep5::bridge_ijepa_w1qf_bf16_v1_ep5__corrected_chatml_v1_eos__tune_500_qids__image_only__direct::exact,corrected_chatml_v1_eos,chatml_v1_supervised_eos,cluster,,corrected_tune500:bridge_ijepa_w1qf_bf16_v1_ep5,bridge_ijepa_w1qf_bf16_v1_ep5,tune_500_qids,,development_result,ijepa,qformer32,42,5,bridge_ijepa_w1qf_bf16_v1_ep5,,none,bridge_ijepa_w1qf_bf16_v1_ep5__corrected_chatml_v1_eos__tune_500_qids__image_only__direct,image_only,direct,,,bridge (vision),text-only floor,500,481,exact,42.4,30.6,11.8,,,,,,,100,0,2.236,outputs/eval/tuning/bridge_ijepa_w1qf_bf16_v1_ep5__corrected_chatml_v1_eos__tune_500_qids__image_only__direct_records.json,2a5a6683bddadfb82bffb12c6d2e067fedf83468076c069fa6d8ef45dbc2efd6,,corrected ChatML + supervised EOS on the development tuning slice
corrected_tune500:bridge_ijepa_w1qf_bf16_v1_ep5::bridge_ijepa_w1qf_bf16_v1_ep5__corrected_chatml_v1_eos__tune_500_qids__image_only__direct::exact_full,corrected_chatml_v1_eos,chatml_v1_supervised_eos,cluster,,corrected_tune500:bridge_ijepa_w1qf_bf16_v1_ep5,bridge_ijepa_w1qf_bf16_v1_ep5,tune_500_qids,,development_result,ijepa,qformer32,42,5,bridge_ijepa_w1qf_bf16_v1_ep5,,none,bridge_ijepa_w1qf_bf16_v1_ep5__corrected_chatml_v1_eos__tune_500_qids__image_only__direct,image_only,direct,,,bridge (vision),text-only floor,500,481,exact_full,42.4,30.6,11.8,,,,,,,100,0,2.236,outputs/eval/tuning/bridge_ijepa_w1qf_bf16_v1_ep5__corrected_chatml_v1_eos__tune_500_qids__image_only__direct_records.json,2a5a6683bddadfb82bffb12c6d2e067fedf83468076c069fa6d8ef45dbc2efd6,,corrected ChatML + supervised EOS on the development tuning slice
corrected_tune500:bridge_ijepa_w1qf_bf16_v1_ep5::bridge_ijepa_w1qf_bf16_v1_ep5__corrected_chatml_v1_eos__tune_500_qids__image_only__direct::vqa_soft,corrected_chatml_v1_eos,chatml_v1_supervised_eos,cluster,,corrected_tune500:bridge_ijepa_w1qf_bf16_v1_ep5,bridge_ijepa_w1qf_bf16_v1_ep5,tune_500_qids,,development_result,ijepa,qformer32,42,5,bridge_ijepa_w1qf_bf16_v1_ep5,,none,bridge_ijepa_w1qf_bf16_v1_ep5__corrected_chatml_v1_eos__tune_500_qids__image_only__direct,image_only,direct,,,bridge (vision),text-only floor,500,481,vqa_soft,42.8,33.2,9.6,,,,,,,100,0,2.236,outputs/eval/tuning/bridge_ijepa_w1qf_bf16_v1_ep5__corrected_chatml_v1_eos__tune_500_qids__image_only__direct_records.json,2a5a6683bddadfb82bffb12c6d2e067fedf83468076c069fa6d8ef45dbc2efd6,,corrected ChatML + supervised EOS on the development tuning slice
corrected_tune500:bridge_ijepa_w1qf_bf16_v1_ep5::bridge_ijepa_w1qf_bf16_v1_ep5__corrected_chatml_v1_eos__tune_500_qids__image_only__direct__blackwell::exact,corrected_chatml_v1_eos,chatml_v1_supervised_eos,cluster,,corrected_tune500:bridge_ijepa_w1qf_bf16_v1_ep5,bridge_ijepa_w1qf_bf16_v1_ep5,tune_500_qids,,development_result,ijepa,qformer32,42,5,bridge_ijepa_w1qf_bf16_v1_ep5,,none,bridge_ijepa_w1qf_bf16_v1_ep5__corrected_chatml_v1_eos__tune_500_qids__image_only__direct__blackwell,image_only,direct,,,bridge (vision),text-only floor,500,481,exact,42.4,31,11.4,,,,,,,100,0,2.24,outputs/eval/tuning/bridge_ijepa_w1qf_bf16_v1_ep5__corrected_chatml_v1_eos__tune_500_qids__image_only__direct__blackwell_records.json,39adffd7b9198aa35d4c98df60c43554676e39f4977435c61d5ed94be5a465de,,corrected ChatML + supervised EOS on the development tuning slice
corrected_tune500:bridge_ijepa_w1qf_bf16_v1_ep5::bridge_ijepa_w1qf_bf16_v1_ep5__corrected_chatml_v1_eos__tune_500_qids__image_only__direct__blackwell::exact_full,corrected_chatml_v1_eos,chatml_v1_supervised_eos,cluster,,corrected_tune500:bridge_ijepa_w1qf_bf16_v1_ep5,bridge_ijepa_w1qf_bf16_v1_ep5,tune_500_qids,,development_result,ijepa,qformer32,42,5,bridge_ijepa_w1qf_bf16_v1_ep5,,none,bridge_ijepa_w1qf_bf16_v1_ep5__corrected_chatml_v1_eos__tune_500_qids__image_only__direct__blackwell,image_only,direct,,,bridge (vision),text-only floor,500,481,exact_full,42.4,31,11.4,,,,,,,100,0,2.24,outputs/eval/tuning/bridge_ijepa_w1qf_bf16_v1_ep5__corrected_chatml_v1_eos__tune_500_qids__image_only__direct__blackwell_records.json,39adffd7b9198aa35d4c98df60c43554676e39f4977435c61d5ed94be5a465de,,corrected ChatML + supervised EOS on the development tuning slice
corrected_tune500:bridge_ijepa_w1qf_bf16_v1_ep5::bridge_ijepa_w1qf_bf16_v1_ep5__corrected_chatml_v1_eos__tune_500_qids__image_only__direct__blackwell::vqa_soft,corrected_chatml_v1_eos,chatml_v1_supervised_eos,cluster,,corrected_tune500:bridge_ijepa_w1qf_bf16_v1_ep5,bridge_ijepa_w1qf_bf16_v1_ep5,tune_500_qids,,development_result,ijepa,qformer32,42,5,bridge_ijepa_w1qf_bf16_v1_ep5,,none,bridge_ijepa_w1qf_bf16_v1_ep5__corrected_chatml_v1_eos__tune_500_qids__image_only__direct__blackwell,image_only,direct,,,bridge (vision),text-only floor,500,481,vqa_soft,42.8,33.8,9,,,,,,,100,0,2.24,outputs/eval/tuning/bridge_ijepa_w1qf_bf16_v1_ep5__corrected_chatml_v1_eos__tune_500_qids__image_only__direct__blackwell_records.json,39adffd7b9198aa35d4c98df60c43554676e39f4977435c61d5ed94be5a465de,,corrected ChatML + supervised EOS on the development tuning slice
crop_stage_a:clip:global_only::exact_full,corrected_chatml_v1_eos,chatml_v1_supervised_eos,cluster,2291920,crop_stage_a:clip:global_only,Stage A oracle crop clip global_only,data/gqa/tune_500_qids.json,6ddd9ca773a7ffdf09734a396dcf5436adb43cd0199e54833da6f3aa54e58a8e,development_result,clip,mlp256,42,5,bridge_clip_w1_bf16_v1_ep5,1ec71a916804f7195298f98b16f1ba71562f3c4fffafa4c1ab79bbec62e8e6e3,oracle_crop_stage_a,global_only,image_plus_crop,direct,,true,global_only,,300,290,exact_full,51.333333,,,,,,,,,,,,outputs/crop_augment/stage_a_2291920/crop_records.json,5833c3d7fc91e33b18214ff540fef28373cc05c55d33d351cbc52ea0c0d4b16d,,oracle question-conditioned crops; the relevant crop comes from GQA ground truth and is not deployable
crop_stage_a:clip:global_plus_irrelevant_crop::exact_full,corrected_chatml_v1_eos,chatml_v1_supervised_eos,cluster,2291920,crop_stage_a:clip:global_plus_irrelevant_crop,Stage A oracle crop clip global_plus_irrelevant_crop,data/gqa/tune_500_qids.json,6ddd9ca773a7ffdf09734a396dcf5436adb43cd0199e54833da6f3aa54e58a8e,development_result,clip,mlp256,42,5,bridge_clip_w1_bf16_v1_ep5,1ec71a916804f7195298f98b16f1ba71562f3c4fffafa4c1ab79bbec62e8e6e3,oracle_crop_stage_a,global_plus_irrelevant_crop,image_plus_crop,direct,,true,global_plus_irrelevant_crop,,99,98,exact_full,48.484848,,,,,,,,,,,,outputs/crop_augment/stage_a_2291920/crop_records.json,5833c3d7fc91e33b18214ff540fef28373cc05c55d33d351cbc52ea0c0d4b16d,,oracle question-conditioned crops; the relevant crop comes from GQA ground truth and is not deployable
crop_stage_a:clip:global_plus_relevant_crop::exact_full,corrected_chatml_v1_eos,chatml_v1_supervised_eos,cluster,2291920,crop_stage_a:clip:global_plus_relevant_crop,Stage A oracle crop clip global_plus_relevant_crop,data/gqa/tune_500_qids.json,6ddd9ca773a7ffdf09734a396dcf5436adb43cd0199e54833da6f3aa54e58a8e,development_result,clip,mlp256,42,5,bridge_clip_w1_bf16_v1_ep5,1ec71a916804f7195298f98b16f1ba71562f3c4fffafa4c1ab79bbec62e8e6e3,oracle_crop_stage_a,global_plus_relevant_crop,image_plus_crop,direct,,true,global_plus_relevant_crop,,300,290,exact_full,51.333333,,,,,,,,,,,,outputs/crop_augment/stage_a_2291920/crop_records.json,5833c3d7fc91e33b18214ff540fef28373cc05c55d33d351cbc52ea0c0d4b16d,,oracle question-conditioned crops; the relevant crop comes from GQA ground truth and is not deployable
crop_stage_a:clip:global_plus_wrong_crop::exact_full,corrected_chatml_v1_eos,chatml_v1_supervised_eos,cluster,2291920,crop_stage_a:clip:global_plus_wrong_crop,Stage A oracle crop clip global_plus_wrong_crop,data/gqa/tune_500_qids.json,6ddd9ca773a7ffdf09734a396dcf5436adb43cd0199e54833da6f3aa54e58a8e,development_result,clip,mlp256,42,5,bridge_clip_w1_bf16_v1_ep5,1ec71a916804f7195298f98b16f1ba71562f3c4fffafa4c1ab79bbec62e8e6e3,oracle_crop_stage_a,global_plus_wrong_crop,image_plus_crop,direct,,true,global_plus_wrong_crop,,300,290,exact_full,44.333333,,,,,,,,,,,,outputs/crop_augment/stage_a_2291920/crop_records.json,5833c3d7fc91e33b18214ff540fef28373cc05c55d33d351cbc52ea0c0d4b16d,,oracle question-conditioned crops; the relevant crop comes from GQA ground truth and is not deployable
crop_stage_a:clip:relevant_crop_only::exact_full,corrected_chatml_v1_eos,chatml_v1_supervised_eos,cluster,2291920,crop_stage_a:clip:relevant_crop_only,Stage A oracle crop clip relevant_crop_only,data/gqa/tune_500_qids.json,6ddd9ca773a7ffdf09734a396dcf5436adb43cd0199e54833da6f3aa54e58a8e,development_result,clip,mlp256,42,5,bridge_clip_w1_bf16_v1_ep5,1ec71a916804f7195298f98b16f1ba71562f3c4fffafa4c1ab79bbec62e8e6e3,oracle_crop_stage_a,relevant_crop_only,image_plus_crop,direct,,true,relevant_crop_only,,300,290,exact_full,51.666667,,,,,,,,,,,,outputs/crop_augment/stage_a_2291920/crop_records.json,5833c3d7fc91e33b18214ff540fef28373cc05c55d33d351cbc52ea0c0d4b16d,,oracle question-conditioned crops; the relevant crop comes from GQA ground truth and is not deployable
crop_stage_a:ijepa:global_only::exact_full,corrected_chatml_v1_eos,chatml_v1_supervised_eos,cluster,2291920,crop_stage_a:ijepa:global_only,Stage A oracle crop ijepa global_only,data/gqa/tune_500_qids.json,6ddd9ca773a7ffdf09734a396dcf5436adb43cd0199e54833da6f3aa54e58a8e,development_result,ijepa,mlp256,42,5,bridge_ijepa_w1_bf16_v1_ep5,a9014757fc0d72dbef48fed5a132c92838a47e4efbda47c0b93646eac1dec2b2,oracle_crop_stage_a,global_only,image_plus_crop,direct,,true,global_only,,300,290,exact_full,45.666667,,,,,,,,,,,,outputs/crop_augment/stage_a_2291920/crop_records.json,5833c3d7fc91e33b18214ff540fef28373cc05c55d33d351cbc52ea0c0d4b16d,,oracle question-conditioned crops; the relevant crop comes from GQA ground truth and is not deployable
crop_stage_a:ijepa:global_plus_irrelevant_crop::exact_full,corrected_chatml_v1_eos,chatml_v1_supervised_eos,cluster,2291920,crop_stage_a:ijepa:global_plus_irrelevant_crop,Stage A oracle crop ijepa global_plus_irrelevant_crop,data/gqa/tune_500_qids.json,6ddd9ca773a7ffdf09734a396dcf5436adb43cd0199e54833da6f3aa54e58a8e,development_result,ijepa,mlp256,42,5,bridge_ijepa_w1_bf16_v1_ep5,a9014757fc0d72dbef48fed5a132c92838a47e4efbda47c0b93646eac1dec2b2,oracle_crop_stage_a,global_plus_irrelevant_crop,image_plus_crop,direct,,true,global_plus_irrelevant_crop,,99,98,exact_full,50.505051,,,,,,,,,,,,outputs/crop_augment/stage_a_2291920/crop_records.json,5833c3d7fc91e33b18214ff540fef28373cc05c55d33d351cbc52ea0c0d4b16d,,oracle question-conditioned crops; the relevant crop comes from GQA ground truth and is not deployable
crop_stage_a:ijepa:global_plus_relevant_crop::exact_full,corrected_chatml_v1_eos,chatml_v1_supervised_eos,cluster,2291920,crop_stage_a:ijepa:global_plus_relevant_crop,Stage A oracle crop ijepa global_plus_relevant_crop,data/gqa/tune_500_qids.json,6ddd9ca773a7ffdf09734a396dcf5436adb43cd0199e54833da6f3aa54e58a8e,development_result,ijepa,mlp256,42,5,bridge_ijepa_w1_bf16_v1_ep5,a9014757fc0d72dbef48fed5a132c92838a47e4efbda47c0b93646eac1dec2b2,oracle_crop_stage_a,global_plus_relevant_crop,image_plus_crop,direct,,true,global_plus_relevant_crop,,300,290,exact_full,48.666667,,,,,,,,,,,,outputs/crop_augment/stage_a_2291920/crop_records.json,5833c3d7fc91e33b18214ff540fef28373cc05c55d33d351cbc52ea0c0d4b16d,,oracle question-conditioned crops; the relevant crop comes from GQA ground truth and is not deployable
crop_stage_a:ijepa:global_plus_wrong_crop::exact_full,corrected_chatml_v1_eos,chatml_v1_supervised_eos,cluster,2291920,crop_stage_a:ijepa:global_plus_wrong_crop,Stage A oracle crop ijepa global_plus_wrong_crop,data/gqa/tune_500_qids.json,6ddd9ca773a7ffdf09734a396dcf5436adb43cd0199e54833da6f3aa54e58a8e,development_result,ijepa,mlp256,42,5,bridge_ijepa_w1_bf16_v1_ep5,a9014757fc0d72dbef48fed5a132c92838a47e4efbda47c0b93646eac1dec2b2,oracle_crop_stage_a,global_plus_wrong_crop,image_plus_crop,direct,,true,global_plus_wrong_crop,,300,290,exact_full,43.666667,,,,,,,,,,,,outputs/crop_augment/stage_a_2291920/crop_records.json,5833c3d7fc91e33b18214ff540fef28373cc05c55d33d351cbc52ea0c0d4b16d,,oracle question-conditioned crops; the relevant crop comes from GQA ground truth and is not deployable
crop_stage_a:ijepa:relevant_crop_only::exact_full,corrected_chatml_v1_eos,chatml_v1_supervised_eos,cluster,2291920,crop_stage_a:ijepa:relevant_crop_only,Stage A oracle crop ijepa relevant_crop_only,data/gqa/tune_500_qids.json,6ddd9ca773a7ffdf09734a396dcf5436adb43cd0199e54833da6f3aa54e58a8e,development_result,ijepa,mlp256,42,5,bridge_ijepa_w1_bf16_v1_ep5,a9014757fc0d72dbef48fed5a132c92838a47e4efbda47c0b93646eac1dec2b2,oracle_crop_stage_a,relevant_crop_only,image_plus_crop,direct,,true,relevant_crop_only,,300,290,exact_full,45,,,,,,,,,,,,outputs/crop_augment/stage_a_2291920/crop_records.json,5833c3d7fc91e33b18214ff540fef28373cc05c55d33d351cbc52ea0c0d4b16d,,oracle question-conditioned crops; the relevant crop comes from GQA ground truth and is not deployable
crop_stage_b:adapter_correct_crop::exact_full,corrected_chatml_v1_eos,chatml_v1_supervised_eos,cluster,2292438,crop_stage_b:adapter_correct_crop,Stage B supervised crop adapter adapter_correct_crop,data/gqa/tune_500_qids.json,6ddd9ca773a7ffdf09734a396dcf5436adb43cd0199e54833da6f3aa54e58a8e,development_result,clip,mlp256,42,2,bridge_clip_w1_bf16_v1_ep5,1ec71a916804f7195298f98b16f1ba71562f3c4fffafa4c1ab79bbec62e8e6e3,crop_adapter_stage_b,adapter_correct_crop,image_plus_adapter_evidence_tokens,direct,,true,adapter_correct_crop,,300,290,exact_full,58,,,,,,,,,100,0,2.126667,submit/analysis/crop_adapter_2292438_records.json,1b332268090d30ac38a1fd6776f7f5bd7e63a230e5267ec64ff186447765b525,399d7ab5da1d6d2544a73fd082e118c4862c8eb7,"EXPLORATORY supervised GQA oracle-region adapter; TRAINED on the GQA train split and therefore NOT ZERO-SHOT, unlike every other row in this catalogue; oracle ground-truth crop boxes; one seed; not deployable"
crop_stage_b:adapter_irrelevant_crop::exact_full,corrected_chatml_v1_eos,chatml_v1_supervised_eos,cluster,2292438,crop_stage_b:adapter_irrelevant_crop,Stage B supervised crop adapter adapter_irrelevant_crop,data/gqa/tune_500_qids.json,6ddd9ca773a7ffdf09734a396dcf5436adb43cd0199e54833da6f3aa54e58a8e,development_result,clip,mlp256,42,2,bridge_clip_w1_bf16_v1_ep5,1ec71a916804f7195298f98b16f1ba71562f3c4fffafa4c1ab79bbec62e8e6e3,crop_adapter_stage_b,adapter_irrelevant_crop,image_plus_adapter_evidence_tokens,direct,,true,adapter_irrelevant_crop,,99,98,exact_full,53.535354,,,,,,,,,100,0,2.060606,submit/analysis/crop_adapter_2292438_records.json,1b332268090d30ac38a1fd6776f7f5bd7e63a230e5267ec64ff186447765b525,399d7ab5da1d6d2544a73fd082e118c4862c8eb7,"EXPLORATORY supervised GQA oracle-region adapter; TRAINED on the GQA train split and therefore NOT ZERO-SHOT, unlike every other row in this catalogue; oracle ground-truth crop boxes; one seed; not deployable"
crop_stage_b:adapter_null_visual::exact_full,corrected_chatml_v1_eos,chatml_v1_supervised_eos,cluster,2292438,crop_stage_b:adapter_null_visual,Stage B supervised crop adapter adapter_null_visual,data/gqa/tune_500_qids.json,6ddd9ca773a7ffdf09734a396dcf5436adb43cd0199e54833da6f3aa54e58a8e,development_result,clip,mlp256,42,2,bridge_clip_w1_bf16_v1_ep5,1ec71a916804f7195298f98b16f1ba71562f3c4fffafa4c1ab79bbec62e8e6e3,crop_adapter_stage_b,adapter_null_visual,image_plus_adapter_evidence_tokens,direct,,true,adapter_null_visual,,300,290,exact_full,56.666667,,,,,,,,,100,0,2.126667,submit/analysis/crop_adapter_2292438_records.json,1b332268090d30ac38a1fd6776f7f5bd7e63a230e5267ec64ff186447765b525,399d7ab5da1d6d2544a73fd082e118c4862c8eb7,"EXPLORATORY supervised GQA oracle-region adapter; TRAINED on the GQA train split and therefore NOT ZERO-SHOT, unlike every other row in this catalogue; oracle ground-truth crop boxes; one seed; not deployable"
crop_stage_b:adapter_wrong_crop::exact_full,corrected_chatml_v1_eos,chatml_v1_supervised_eos,cluster,2292438,crop_stage_b:adapter_wrong_crop,Stage B supervised crop adapter adapter_wrong_crop,data/gqa/tune_500_qids.json,6ddd9ca773a7ffdf09734a396dcf5436adb43cd0199e54833da6f3aa54e58a8e,development_result,clip,mlp256,42,2,bridge_clip_w1_bf16_v1_ep5,1ec71a916804f7195298f98b16f1ba71562f3c4fffafa4c1ab79bbec62e8e6e3,crop_adapter_stage_b,adapter_wrong_crop,image_plus_adapter_evidence_tokens,direct,,true,adapter_wrong_crop,,300,290,exact_full,59.333333,,,,,,,,,100,0,2.133333,submit/analysis/crop_adapter_2292438_records.json,1b332268090d30ac38a1fd6776f7f5bd7e63a230e5267ec64ff186447765b525,399d7ab5da1d6d2544a73fd082e118c4862c8eb7,"EXPLORATORY supervised GQA oracle-region adapter; TRAINED on the GQA train split and therefore NOT ZERO-SHOT, unlike every other row in this catalogue; oracle ground-truth crop boxes; one seed; not deployable"
crop_stage_b:adapter_zero_gate::exact_full,corrected_chatml_v1_eos,chatml_v1_supervised_eos,cluster,2292438,crop_stage_b:adapter_zero_gate,Stage B supervised crop adapter adapter_zero_gate,data/gqa/tune_500_qids.json,6ddd9ca773a7ffdf09734a396dcf5436adb43cd0199e54833da6f3aa54e58a8e,development_result,clip,mlp256,42,2,bridge_clip_w1_bf16_v1_ep5,1ec71a916804f7195298f98b16f1ba71562f3c4fffafa4c1ab79bbec62e8e6e3,crop_adapter_stage_b,adapter_zero_gate,image_plus_adapter_evidence_tokens,direct,,true,adapter_zero_gate,,300,290,exact_full,48,,,,,,,,,100,0,2.226667,submit/analysis/crop_adapter_2292438_records.json,1b332268090d30ac38a1fd6776f7f5bd7e63a230e5267ec64ff186447765b525,399d7ab5da1d6d2544a73fd082e118c4862c8eb7,"EXPLORATORY supervised GQA oracle-region adapter; TRAINED on the GQA train split and therefore NOT ZERO-SHOT, unlike every other row in this catalogue; oracle ground-truth crop boxes; one seed; not deployable"
crop_stage_b:baseline_frozen::exact_full,corrected_chatml_v1_eos,chatml_v1_supervised_eos,cluster,2292438,crop_stage_b:baseline_frozen,Stage B supervised crop adapter baseline_frozen,data/gqa/tune_500_qids.json,6ddd9ca773a7ffdf09734a396dcf5436adb43cd0199e54833da6f3aa54e58a8e,development_result,clip,mlp256,42,2,bridge_clip_w1_bf16_v1_ep5,1ec71a916804f7195298f98b16f1ba71562f3c4fffafa4c1ab79bbec62e8e6e3,crop_adapter_stage_b,baseline_frozen,image_plus_adapter_evidence_tokens,direct,,true,baseline_frozen,,300,290,exact_full,51.333333,,,,,,,,,100,0,2.226667,submit/analysis/crop_adapter_2292438_records.json,1b332268090d30ac38a1fd6776f7f5bd7e63a230e5267ec64ff186447765b525,399d7ab5da1d6d2544a73fd082e118c4862c8eb7,"EXPLORATORY supervised GQA oracle-region adapter; TRAINED on the GQA train split and therefore NOT ZERO-SHOT, unlike every other row in this catalogue; oracle ground-truth crop boxes; one seed; not deployable"
crop_stage_b:no_adapter_span::exact_full,corrected_chatml_v1_eos,chatml_v1_supervised_eos,cluster,2292438,crop_stage_b:no_adapter_span,Stage B supervised crop adapter no_adapter_span,data/gqa/tune_500_qids.json,6ddd9ca773a7ffdf09734a396dcf5436adb43cd0199e54833da6f3aa54e58a8e,development_result,clip,mlp256,42,2,bridge_clip_w1_bf16_v1_ep5,1ec71a916804f7195298f98b16f1ba71562f3c4fffafa4c1ab79bbec62e8e6e3,crop_adapter_stage_b,no_adapter_span,image_plus_adapter_evidence_tokens,direct,,true,no_adapter_span,,300,290,exact_full,51.333333,,,,,,,,,100,0,2.226667,submit/analysis/crop_adapter_2292438_records.json,1b332268090d30ac38a1fd6776f7f5bd7e63a230e5267ec64ff186447765b525,399d7ab5da1d6d2544a73fd082e118c4862c8eb7,"EXPLORATORY supervised GQA oracle-region adapter; TRAINED on the GQA train split and therefore NOT ZERO-SHOT, unlike every other row in this catalogue; oracle ground-truth crop boxes; one seed; not deployable"
graph_trust_owlv2:objects_filtered::bridge_clip_w1_bf16_v1_ep5__corrected_chatml_v1_eos__tune_500_qids__image_plus_graph__direct__objects_filtered::exact,corrected_chatml_v1_eos,chatml_v1_supervised_eos,cluster,2290580,graph_trust_owlv2:objects_filtered,graph_trust_owlv2 objects_filtered,tune_500_qids,,development_result,clip,mlp256,42,5,bridge_clip_w1_bf16_v1_ep5,1ec71a916804f7195298f98b16f1ba71562f3c4fffafa4c1ab79bbec62e8e6e3,scene_graph_control,bridge_clip_w1_bf16_v1_ep5__corrected_chatml_v1_eos__tune_500_qids__image_plus_graph__direct__objects_filtered,image_plus_graph,direct,owlv2_objects_filtered,false,image+graph (objects_filtered),image only (no graph),500,481,exact,53,51,2,,,,,,,100,0,2.218,outputs/eval/graph_trust_2290580/bridge_clip_w1_bf16_v1_ep5__corrected_chatml_v1_eos__tune_500_qids__image_plus_graph__direct__objects_filtered_records.json,e18db9afc7c8269327d35b91ca1fa655356f6c0f7e2ee369fb2a07c9efdec221,,"OWLv2 predicted scene graphs and their controls; the oracle arm is GQA ground truth and is a ceiling, not a method"
graph_trust_owlv2:objects_filtered::bridge_clip_w1_bf16_v1_ep5__corrected_chatml_v1_eos__tune_500_qids__image_plus_graph__direct__objects_filtered::exact_full,corrected_chatml_v1_eos,chatml_v1_supervised_eos,cluster,2290580,graph_trust_owlv2:objects_filtered,graph_trust_owlv2 objects_filtered,tune_500_qids,,development_result,clip,mlp256,42,5,bridge_clip_w1_bf16_v1_ep5,1ec71a916804f7195298f98b16f1ba71562f3c4fffafa4c1ab79bbec62e8e6e3,scene_graph_control,bridge_clip_w1_bf16_v1_ep5__corrected_chatml_v1_eos__tune_500_qids__image_plus_graph__direct__objects_filtered,image_plus_graph,direct,owlv2_objects_filtered,false,image+graph (objects_filtered),image only (no graph),500,481,exact_full,53,51,2,,,,,,,100,0,2.218,outputs/eval/graph_trust_2290580/bridge_clip_w1_bf16_v1_ep5__corrected_chatml_v1_eos__tune_500_qids__image_plus_graph__direct__objects_filtered_records.json,e18db9afc7c8269327d35b91ca1fa655356f6c0f7e2ee369fb2a07c9efdec221,,"OWLv2 predicted scene graphs and their controls; the oracle arm is GQA ground truth and is a ceiling, not a method"
graph_trust_owlv2:objects_filtered::bridge_clip_w1_bf16_v1_ep5__corrected_chatml_v1_eos__tune_500_qids__image_plus_graph__direct__objects_filtered::vqa_soft,corrected_chatml_v1_eos,chatml_v1_supervised_eos,cluster,2290580,graph_trust_owlv2:objects_filtered,graph_trust_owlv2 objects_filtered,tune_500_qids,,development_result,clip,mlp256,42,5,bridge_clip_w1_bf16_v1_ep5,1ec71a916804f7195298f98b16f1ba71562f3c4fffafa4c1ab79bbec62e8e6e3,scene_graph_control,bridge_clip_w1_bf16_v1_ep5__corrected_chatml_v1_eos__tune_500_qids__image_plus_graph__direct__objects_filtered,image_plus_graph,direct,owlv2_objects_filtered,false,image+graph (objects_filtered),image only (no graph),500,481,vqa_soft,53.4,51.2,2.2,,,,,,,100,0,2.218,outputs/eval/graph_trust_2290580/bridge_clip_w1_bf16_v1_ep5__corrected_chatml_v1_eos__tune_500_qids__image_plus_graph__direct__objects_filtered_records.json,e18db9afc7c8269327d35b91ca1fa655356f6c0f7e2ee369fb2a07c9efdec221,,"OWLv2 predicted scene graphs and their controls; the oracle arm is GQA ground truth and is a ceiling, not a method"
graph_trust_owlv2:objects_only::bridge_clip_w1_bf16_v1_ep5__corrected_chatml_v1_eos__tune_500_qids__image_plus_graph__direct__objects_only::exact,corrected_chatml_v1_eos,chatml_v1_supervised_eos,cluster,2290580,graph_trust_owlv2:objects_only,graph_trust_owlv2 objects_only,tune_500_qids,,development_result,clip,mlp256,42,5,bridge_clip_w1_bf16_v1_ep5,1ec71a916804f7195298f98b16f1ba71562f3c4fffafa4c1ab79bbec62e8e6e3,scene_graph_control,bridge_clip_w1_bf16_v1_ep5__corrected_chatml_v1_eos__tune_500_qids__image_plus_graph__direct__objects_only,image_plus_graph,direct,owlv2_objects_only,false,image+graph (objects_only),image only (no graph),500,481,exact,51.2,51,0.2,,,,,,,100,0,2.202,outputs/eval/graph_trust_2290580/bridge_clip_w1_bf16_v1_ep5__corrected_chatml_v1_eos__tune_500_qids__image_plus_graph__direct__objects_only_records.json,394e7e338a0f972a75d1c2f2068f2b23bd21421a64f48dbb62afbe84afca6d25,,"OWLv2 predicted scene graphs and their controls; the oracle arm is GQA ground truth and is a ceiling, not a method"
graph_trust_owlv2:objects_only::bridge_clip_w1_bf16_v1_ep5__corrected_chatml_v1_eos__tune_500_qids__image_plus_graph__direct__objects_only::exact_full,corrected_chatml_v1_eos,chatml_v1_supervised_eos,cluster,2290580,graph_trust_owlv2:objects_only,graph_trust_owlv2 objects_only,tune_500_qids,,development_result,clip,mlp256,42,5,bridge_clip_w1_bf16_v1_ep5,1ec71a916804f7195298f98b16f1ba71562f3c4fffafa4c1ab79bbec62e8e6e3,scene_graph_control,bridge_clip_w1_bf16_v1_ep5__corrected_chatml_v1_eos__tune_500_qids__image_plus_graph__direct__objects_only,image_plus_graph,direct,owlv2_objects_only,false,image+graph (objects_only),image only (no graph),500,481,exact_full,51.2,51,0.2,,,,,,,100,0,2.202,outputs/eval/graph_trust_2290580/bridge_clip_w1_bf16_v1_ep5__corrected_chatml_v1_eos__tune_500_qids__image_plus_graph__direct__objects_only_records.json,394e7e338a0f972a75d1c2f2068f2b23bd21421a64f48dbb62afbe84afca6d25,,"OWLv2 predicted scene graphs and their controls; the oracle arm is GQA ground truth and is a ceiling, not a method"
graph_trust_owlv2:objects_only::bridge_clip_w1_bf16_v1_ep5__corrected_chatml_v1_eos__tune_500_qids__image_plus_graph__direct__objects_only::vqa_soft,corrected_chatml_v1_eos,chatml_v1_supervised_eos,cluster,2290580,graph_trust_owlv2:objects_only,graph_trust_owlv2 objects_only,tune_500_qids,,development_result,clip,mlp256,42,5,bridge_clip_w1_bf16_v1_ep5,1ec71a916804f7195298f98b16f1ba71562f3c4fffafa4c1ab79bbec62e8e6e3,scene_graph_control,bridge_clip_w1_bf16_v1_ep5__corrected_chatml_v1_eos__tune_500_qids__image_plus_graph__direct__objects_only,image_plus_graph,direct,owlv2_objects_only,false,image+graph (objects_only),image only (no graph),500,481,vqa_soft,51.6,51.2,0.4,,,,,,,100,0,2.202,outputs/eval/graph_trust_2290580/bridge_clip_w1_bf16_v1_ep5__corrected_chatml_v1_eos__tune_500_qids__image_plus_graph__direct__objects_only_records.json,394e7e338a0f972a75d1c2f2068f2b23bd21421a64f48dbb62afbe84afca6d25,,"OWLv2 predicted scene graphs and their controls; the oracle arm is GQA ground truth and is a ceiling, not a method"
graph_trust_owlv2:oracle::bridge_clip_w1_bf16_v1_ep5__corrected_chatml_v1_eos__tune_500_qids__image_plus_graph__direct__oracle::exact,corrected_chatml_v1_eos,chatml_v1_supervised_eos,cluster,2290580,graph_trust_owlv2:oracle,graph_trust_owlv2 oracle,tune_500_qids,,development_result,clip,mlp256,42,5,bridge_clip_w1_bf16_v1_ep5,1ec71a916804f7195298f98b16f1ba71562f3c4fffafa4c1ab79bbec62e8e6e3,scene_graph_oracle,bridge_clip_w1_bf16_v1_ep5__corrected_chatml_v1_eos__tune_500_qids__image_plus_graph__direct__oracle,image_plus_graph,direct,gqa_ground_truth,true,image+graph (oracle),image only (no graph),500,481,exact,68.2,51,17.2,,,,,,,100,0,2.272,outputs/eval/graph_trust_2290580/bridge_clip_w1_bf16_v1_ep5__corrected_chatml_v1_eos__tune_500_qids__image_plus_graph__direct__oracle_records.json,c3c1126b5f283ffd6e2da2bac7032a35d1cebc115eb10da8c58f2494aaa683ac,,"OWLv2 predicted scene graphs and their controls; the oracle arm is GQA ground truth and is a ceiling, not a method"
graph_trust_owlv2:oracle::bridge_clip_w1_bf16_v1_ep5__corrected_chatml_v1_eos__tune_500_qids__image_plus_graph__direct__oracle::exact_full,corrected_chatml_v1_eos,chatml_v1_supervised_eos,cluster,2290580,graph_trust_owlv2:oracle,graph_trust_owlv2 oracle,tune_500_qids,,development_result,clip,mlp256,42,5,bridge_clip_w1_bf16_v1_ep5,1ec71a916804f7195298f98b16f1ba71562f3c4fffafa4c1ab79bbec62e8e6e3,scene_graph_oracle,bridge_clip_w1_bf16_v1_ep5__corrected_chatml_v1_eos__tune_500_qids__image_plus_graph__direct__oracle,image_plus_graph,direct,gqa_ground_truth,true,image+graph (oracle),image only (no graph),500,481,exact_full,68.2,51,17.2,,,,,,,100,0,2.272,outputs/eval/graph_trust_2290580/bridge_clip_w1_bf16_v1_ep5__corrected_chatml_v1_eos__tune_500_qids__image_plus_graph__direct__oracle_records.json,c3c1126b5f283ffd6e2da2bac7032a35d1cebc115eb10da8c58f2494aaa683ac,,"OWLv2 predicted scene graphs and their controls; the oracle arm is GQA ground truth and is a ceiling, not a method"
graph_trust_owlv2:oracle::bridge_clip_w1_bf16_v1_ep5__corrected_chatml_v1_eos__tune_500_qids__image_plus_graph__direct__oracle::vqa_soft,corrected_chatml_v1_eos,chatml_v1_supervised_eos,cluster,2290580,graph_trust_owlv2:oracle,graph_trust_owlv2 oracle,tune_500_qids,,development_result,clip,mlp256,42,5,bridge_clip_w1_bf16_v1_ep5,1ec71a916804f7195298f98b16f1ba71562f3c4fffafa4c1ab79bbec62e8e6e3,scene_graph_oracle,bridge_clip_w1_bf16_v1_ep5__corrected_chatml_v1_eos__tune_500_qids__image_plus_graph__direct__oracle,image_plus_graph,direct,gqa_ground_truth,true,image+graph (oracle),image only (no graph),500,481,vqa_soft,69.6,51.2,18.4,,,,,,,100,0,2.272,outputs/eval/graph_trust_2290580/bridge_clip_w1_bf16_v1_ep5__corrected_chatml_v1_eos__tune_500_qids__image_plus_graph__direct__oracle_records.json,c3c1126b5f283ffd6e2da2bac7032a35d1cebc115eb10da8c58f2494aaa683ac,,"OWLv2 predicted scene graphs and their controls; the oracle arm is GQA ground truth and is a ceiling, not a method"
graph_trust_owlv2:pred::bridge_clip_w1_bf16_v1_ep5__corrected_chatml_v1_eos__tune_500_qids__image_plus_graph__direct__pred::exact,corrected_chatml_v1_eos,chatml_v1_supervised_eos,cluster,2290580,graph_trust_owlv2:pred,graph_trust_owlv2 pred,tune_500_qids,,development_result,clip,mlp256,42,5,bridge_clip_w1_bf16_v1_ep5,1ec71a916804f7195298f98b16f1ba71562f3c4fffafa4c1ab79bbec62e8e6e3,scene_graph_predicted_owlv2,bridge_clip_w1_bf16_v1_ep5__corrected_chatml_v1_eos__tune_500_qids__image_plus_graph__direct__pred,image_plus_graph,direct,owlv2,false,image+graph (pred),image only (no graph),500,481,exact,53,51,2,,,,,,,100,0,2.21,outputs/eval/graph_trust_2290580/bridge_clip_w1_bf16_v1_ep5__corrected_chatml_v1_eos__tune_500_qids__image_plus_graph__direct__pred_records.json,2a535de48fbcdf931f00682873a5f414a8e7583fdfa43434e69f3d337777f59b,,"OWLv2 predicted scene graphs and their controls; the oracle arm is GQA ground truth and is a ceiling, not a method"
graph_trust_owlv2:pred::bridge_clip_w1_bf16_v1_ep5__corrected_chatml_v1_eos__tune_500_qids__image_plus_graph__direct__pred::exact_full,corrected_chatml_v1_eos,chatml_v1_supervised_eos,cluster,2290580,graph_trust_owlv2:pred,graph_trust_owlv2 pred,tune_500_qids,,development_result,clip,mlp256,42,5,bridge_clip_w1_bf16_v1_ep5,1ec71a916804f7195298f98b16f1ba71562f3c4fffafa4c1ab79bbec62e8e6e3,scene_graph_predicted_owlv2,bridge_clip_w1_bf16_v1_ep5__corrected_chatml_v1_eos__tune_500_qids__image_plus_graph__direct__pred,image_plus_graph,direct,owlv2,false,image+graph (pred),image only (no graph),500,481,exact_full,53,51,2,,,,,,,100,0,2.21,outputs/eval/graph_trust_2290580/bridge_clip_w1_bf16_v1_ep5__corrected_chatml_v1_eos__tune_500_qids__image_plus_graph__direct__pred_records.json,2a535de48fbcdf931f00682873a5f414a8e7583fdfa43434e69f3d337777f59b,,"OWLv2 predicted scene graphs and their controls; the oracle arm is GQA ground truth and is a ceiling, not a method"
graph_trust_owlv2:pred::bridge_clip_w1_bf16_v1_ep5__corrected_chatml_v1_eos__tune_500_qids__image_plus_graph__direct__pred::vqa_soft,corrected_chatml_v1_eos,chatml_v1_supervised_eos,cluster,2290580,graph_trust_owlv2:pred,graph_trust_owlv2 pred,tune_500_qids,,development_result,clip,mlp256,42,5,bridge_clip_w1_bf16_v1_ep5,1ec71a916804f7195298f98b16f1ba71562f3c4fffafa4c1ab79bbec62e8e6e3,scene_graph_predicted_owlv2,bridge_clip_w1_bf16_v1_ep5__corrected_chatml_v1_eos__tune_500_qids__image_plus_graph__direct__pred,image_plus_graph,direct,owlv2,false,image+graph (pred),image only (no graph),500,481,vqa_soft,53.6,51.2,2.4,,,,,,,100,0,2.21,outputs/eval/graph_trust_2290580/bridge_clip_w1_bf16_v1_ep5__corrected_chatml_v1_eos__tune_500_qids__image_plus_graph__direct__pred_records.json,2a535de48fbcdf931f00682873a5f414a8e7583fdfa43434e69f3d337777f59b,,"OWLv2 predicted scene graphs and their controls; the oracle arm is GQA ground truth and is a ceiling, not a method"
graph_trust_owlv2:pred_q::bridge_clip_w1_bf16_v1_ep5__corrected_chatml_v1_eos__tune_500_qids__image_plus_graph__direct__pred_q::exact,corrected_chatml_v1_eos,chatml_v1_supervised_eos,cluster,2290580,graph_trust_owlv2:pred_q,graph_trust_owlv2 pred_q,tune_500_qids,,development_result,clip,mlp256,42,5,bridge_clip_w1_bf16_v1_ep5,1ec71a916804f7195298f98b16f1ba71562f3c4fffafa4c1ab79bbec62e8e6e3,scene_graph_predicted_owlv2,bridge_clip_w1_bf16_v1_ep5__corrected_chatml_v1_eos__tune_500_qids__image_plus_graph__direct__pred_q,image_plus_graph,direct,owlv2_question_conditioned,false,image+graph (pred_q),image only (no graph),500,481,exact,53.2,51,2.2,,,,,,,100,0,2.256,outputs/eval/graph_trust_2290580/bridge_clip_w1_bf16_v1_ep5__corrected_chatml_v1_eos__tune_500_qids__image_plus_graph__direct__pred_q_records.json,076920b4dedc4170f4ec473b367761443df7dea0b098e69f593e1faccdcb6f1f,,"OWLv2 predicted scene graphs and their controls; the oracle arm is GQA ground truth and is a ceiling, not a method"
graph_trust_owlv2:pred_q::bridge_clip_w1_bf16_v1_ep5__corrected_chatml_v1_eos__tune_500_qids__image_plus_graph__direct__pred_q::exact_full,corrected_chatml_v1_eos,chatml_v1_supervised_eos,cluster,2290580,graph_trust_owlv2:pred_q,graph_trust_owlv2 pred_q,tune_500_qids,,development_result,clip,mlp256,42,5,bridge_clip_w1_bf16_v1_ep5,1ec71a916804f7195298f98b16f1ba71562f3c4fffafa4c1ab79bbec62e8e6e3,scene_graph_predicted_owlv2,bridge_clip_w1_bf16_v1_ep5__corrected_chatml_v1_eos__tune_500_qids__image_plus_graph__direct__pred_q,image_plus_graph,direct,owlv2_question_conditioned,false,image+graph (pred_q),image only (no graph),500,481,exact_full,53.2,51,2.2,,,,,,,100,0,2.256,outputs/eval/graph_trust_2290580/bridge_clip_w1_bf16_v1_ep5__corrected_chatml_v1_eos__tune_500_qids__image_plus_graph__direct__pred_q_records.json,076920b4dedc4170f4ec473b367761443df7dea0b098e69f593e1faccdcb6f1f,,"OWLv2 predicted scene graphs and their controls; the oracle arm is GQA ground truth and is a ceiling, not a method"
graph_trust_owlv2:pred_q::bridge_clip_w1_bf16_v1_ep5__corrected_chatml_v1_eos__tune_500_qids__image_plus_graph__direct__pred_q::vqa_soft,corrected_chatml_v1_eos,chatml_v1_supervised_eos,cluster,2290580,graph_trust_owlv2:pred_q,graph_trust_owlv2 pred_q,tune_500_qids,,development_result,clip,mlp256,42,5,bridge_clip_w1_bf16_v1_ep5,1ec71a916804f7195298f98b16f1ba71562f3c4fffafa4c1ab79bbec62e8e6e3,scene_graph_predicted_owlv2,bridge_clip_w1_bf16_v1_ep5__corrected_chatml_v1_eos__tune_500_qids__image_plus_graph__direct__pred_q,image_plus_graph,direct,owlv2_question_conditioned,false,image+graph (pred_q),image only (no graph),500,481,vqa_soft,53.8,51.2,2.6,,,,,,,100,0,2.256,outputs/eval/graph_trust_2290580/bridge_clip_w1_bf16_v1_ep5__corrected_chatml_v1_eos__tune_500_qids__image_plus_graph__direct__pred_q_records.json,076920b4dedc4170f4ec473b367761443df7dea0b098e69f593e1faccdcb6f1f,,"OWLv2 predicted scene graphs and their controls; the oracle arm is GQA ground truth and is a ceiling, not a method"
graph_trust_owlv2:relations_shuffled::bridge_clip_w1_bf16_v1_ep5__corrected_chatml_v1_eos__tune_500_qids__image_plus_graph__direct__relations_shuffled::exact,corrected_chatml_v1_eos,chatml_v1_supervised_eos,cluster,2290580,graph_trust_owlv2:relations_shuffled,graph_trust_owlv2 relations_shuffled,tune_500_qids,,development_result,clip,mlp256,42,5,bridge_clip_w1_bf16_v1_ep5,1ec71a916804f7195298f98b16f1ba71562f3c4fffafa4c1ab79bbec62e8e6e3,scene_graph_control,bridge_clip_w1_bf16_v1_ep5__corrected_chatml_v1_eos__tune_500_qids__image_plus_graph__direct__relations_shuffled,image_plus_graph,direct,owlv2_relations_shuffled,false,image+graph (relations_shuffled),image only (no graph),500,481,exact,52.6,51,1.6,,,,,,,100,0,2.212,outputs/eval/graph_trust_2290580/bridge_clip_w1_bf16_v1_ep5__corrected_chatml_v1_eos__tune_500_qids__image_plus_graph__direct__relations_shuffled_records.json,5ea8cbfc9dbf8c652925d23199e2990e62522af0a687a43e5163e6814288c56c,,"OWLv2 predicted scene graphs and their controls; the oracle arm is GQA ground truth and is a ceiling, not a method"
graph_trust_owlv2:relations_shuffled::bridge_clip_w1_bf16_v1_ep5__corrected_chatml_v1_eos__tune_500_qids__image_plus_graph__direct__relations_shuffled::exact_full,corrected_chatml_v1_eos,chatml_v1_supervised_eos,cluster,2290580,graph_trust_owlv2:relations_shuffled,graph_trust_owlv2 relations_shuffled,tune_500_qids,,development_result,clip,mlp256,42,5,bridge_clip_w1_bf16_v1_ep5,1ec71a916804f7195298f98b16f1ba71562f3c4fffafa4c1ab79bbec62e8e6e3,scene_graph_control,bridge_clip_w1_bf16_v1_ep5__corrected_chatml_v1_eos__tune_500_qids__image_plus_graph__direct__relations_shuffled,image_plus_graph,direct,owlv2_relations_shuffled,false,image+graph (relations_shuffled),image only (no graph),500,481,exact_full,52.6,51,1.6,,,,,,,100,0,2.212,outputs/eval/graph_trust_2290580/bridge_clip_w1_bf16_v1_ep5__corrected_chatml_v1_eos__tune_500_qids__image_plus_graph__direct__relations_shuffled_records.json,5ea8cbfc9dbf8c652925d23199e2990e62522af0a687a43e5163e6814288c56c,,"OWLv2 predicted scene graphs and their controls; the oracle arm is GQA ground truth and is a ceiling, not a method"
graph_trust_owlv2:relations_shuffled::bridge_clip_w1_bf16_v1_ep5__corrected_chatml_v1_eos__tune_500_qids__image_plus_graph__direct__relations_shuffled::vqa_soft,corrected_chatml_v1_eos,chatml_v1_supervised_eos,cluster,2290580,graph_trust_owlv2:relations_shuffled,graph_trust_owlv2 relations_shuffled,tune_500_qids,,development_result,clip,mlp256,42,5,bridge_clip_w1_bf16_v1_ep5,1ec71a916804f7195298f98b16f1ba71562f3c4fffafa4c1ab79bbec62e8e6e3,scene_graph_control,bridge_clip_w1_bf16_v1_ep5__corrected_chatml_v1_eos__tune_500_qids__image_plus_graph__direct__relations_shuffled,image_plus_graph,direct,owlv2_relations_shuffled,false,image+graph (relations_shuffled),image only (no graph),500,481,vqa_soft,53,51.2,1.8,,,,,,,100,0,2.212,outputs/eval/graph_trust_2290580/bridge_clip_w1_bf16_v1_ep5__corrected_chatml_v1_eos__tune_500_qids__image_plus_graph__direct__relations_shuffled_records.json,5ea8cbfc9dbf8c652925d23199e2990e62522af0a687a43e5163e6814288c56c,,"OWLv2 predicted scene graphs and their controls; the oracle arm is GQA ground truth and is a ceiling, not a method"
graph_trust_owlv2:wrong_image::bridge_clip_w1_bf16_v1_ep5__corrected_chatml_v1_eos__tune_500_qids__image_plus_graph__direct__wrong_image::exact,corrected_chatml_v1_eos,chatml_v1_supervised_eos,cluster,2290580,graph_trust_owlv2:wrong_image,graph_trust_owlv2 wrong_image,tune_500_qids,,development_result,clip,mlp256,42,5,bridge_clip_w1_bf16_v1_ep5,1ec71a916804f7195298f98b16f1ba71562f3c4fffafa4c1ab79bbec62e8e6e3,scene_graph_control,bridge_clip_w1_bf16_v1_ep5__corrected_chatml_v1_eos__tune_500_qids__image_plus_graph__direct__wrong_image,image_plus_graph,direct,owlv2_wrong_image,false,image+graph (wrong_image),image only (no graph),500,481,exact,53,51,2,,,,,,,100,0,2.238,outputs/eval/graph_trust_2290580/bridge_clip_w1_bf16_v1_ep5__corrected_chatml_v1_eos__tune_500_qids__image_plus_graph__direct__wrong_image_records.json,135b6904f812a8800ffb0dbbe52922a784685b6891dcbeaa9335a5780b983350,,"OWLv2 predicted scene graphs and their controls; the oracle arm is GQA ground truth and is a ceiling, not a method"
graph_trust_owlv2:wrong_image::bridge_clip_w1_bf16_v1_ep5__corrected_chatml_v1_eos__tune_500_qids__image_plus_graph__direct__wrong_image::exact_full,corrected_chatml_v1_eos,chatml_v1_supervised_eos,cluster,2290580,graph_trust_owlv2:wrong_image,graph_trust_owlv2 wrong_image,tune_500_qids,,development_result,clip,mlp256,42,5,bridge_clip_w1_bf16_v1_ep5,1ec71a916804f7195298f98b16f1ba71562f3c4fffafa4c1ab79bbec62e8e6e3,scene_graph_control,bridge_clip_w1_bf16_v1_ep5__corrected_chatml_v1_eos__tune_500_qids__image_plus_graph__direct__wrong_image,image_plus_graph,direct,owlv2_wrong_image,false,image+graph (wrong_image),image only (no graph),500,481,exact_full,53,51,2,,,,,,,100,0,2.238,outputs/eval/graph_trust_2290580/bridge_clip_w1_bf16_v1_ep5__corrected_chatml_v1_eos__tune_500_qids__image_plus_graph__direct__wrong_image_records.json,135b6904f812a8800ffb0dbbe52922a784685b6891dcbeaa9335a5780b983350,,"OWLv2 predicted scene graphs and their controls; the oracle arm is GQA ground truth and is a ceiling, not a method"
graph_trust_owlv2:wrong_image::bridge_clip_w1_bf16_v1_ep5__corrected_chatml_v1_eos__tune_500_qids__image_plus_graph__direct__wrong_image::vqa_soft,corrected_chatml_v1_eos,chatml_v1_supervised_eos,cluster,2290580,graph_trust_owlv2:wrong_image,graph_trust_owlv2 wrong_image,tune_500_qids,,development_result,clip,mlp256,42,5,bridge_clip_w1_bf16_v1_ep5,1ec71a916804f7195298f98b16f1ba71562f3c4fffafa4c1ab79bbec62e8e6e3,scene_graph_control,bridge_clip_w1_bf16_v1_ep5__corrected_chatml_v1_eos__tune_500_qids__image_plus_graph__direct__wrong_image,image_plus_graph,direct,owlv2_wrong_image,false,image+graph (wrong_image),image only (no graph),500,481,vqa_soft,53.6,51.2,2.4,,,,,,,100,0,2.238,outputs/eval/graph_trust_2290580/bridge_clip_w1_bf16_v1_ep5__corrected_chatml_v1_eos__tune_500_qids__image_plus_graph__direct__wrong_image_records.json,135b6904f812a8800ffb0dbbe52922a784685b6891dcbeaa9335a5780b983350,,"OWLv2 predicted scene graphs and their controls; the oracle arm is GQA ground truth and is a ceiling, not a method"
reltr_learned_sgg:oracle::bridge_clip_w1_bf16_v1_ep5__corrected_chatml_v1_eos__tune_500_reltr_clean_qids__image_plus_graph__direct__oracle::exact,corrected_chatml_v1_eos,chatml_v1_supervised_eos,cluster,2291451,reltr_learned_sgg:oracle,reltr_learned_sgg oracle,tune_500_reltr_clean_qids,,development_result,clip,mlp256,42,5,bridge_clip_w1_bf16_v1_ep5,1ec71a916804f7195298f98b16f1ba71562f3c4fffafa4c1ab79bbec62e8e6e3,scene_graph_oracle,bridge_clip_w1_bf16_v1_ep5__corrected_chatml_v1_eos__tune_500_reltr_clean_qids__image_plus_graph__direct__oracle,image_plus_graph,direct,gqa_ground_truth,true,image+graph (oracle),image only (no graph),485,466,exact,68.659794,51.340206,17.319588,,,,,,,100,0,2.272165,outputs/eval/reltr_2291451/bridge_clip_w1_bf16_v1_ep5__corrected_chatml_v1_eos__tune_500_reltr_clean_qids__image_plus_graph__direct__oracle_records.json,1cc20d39f5dc8b76d5b7a801093fa19bfd70d9b6f921f405324cc99d97644d95,,"RelTR trained on Open Images V6; the oracle arm is GQA ground truth and is a ceiling, not a method"
reltr_learned_sgg:oracle::bridge_clip_w1_bf16_v1_ep5__corrected_chatml_v1_eos__tune_500_reltr_clean_qids__image_plus_graph__direct__oracle::exact_full,corrected_chatml_v1_eos,chatml_v1_supervised_eos,cluster,2291451,reltr_learned_sgg:oracle,reltr_learned_sgg oracle,tune_500_reltr_clean_qids,,development_result,clip,mlp256,42,5,bridge_clip_w1_bf16_v1_ep5,1ec71a916804f7195298f98b16f1ba71562f3c4fffafa4c1ab79bbec62e8e6e3,scene_graph_oracle,bridge_clip_w1_bf16_v1_ep5__corrected_chatml_v1_eos__tune_500_reltr_clean_qids__image_plus_graph__direct__oracle,image_plus_graph,direct,gqa_ground_truth,true,image+graph (oracle),image only (no graph),485,466,exact_full,68.659794,51.340206,17.319588,,,,,,,100,0,2.272165,outputs/eval/reltr_2291451/bridge_clip_w1_bf16_v1_ep5__corrected_chatml_v1_eos__tune_500_reltr_clean_qids__image_plus_graph__direct__oracle_records.json,1cc20d39f5dc8b76d5b7a801093fa19bfd70d9b6f921f405324cc99d97644d95,,"RelTR trained on Open Images V6; the oracle arm is GQA ground truth and is a ceiling, not a method"
reltr_learned_sgg:oracle::bridge_clip_w1_bf16_v1_ep5__corrected_chatml_v1_eos__tune_500_reltr_clean_qids__image_plus_graph__direct__oracle::vqa_soft,corrected_chatml_v1_eos,chatml_v1_supervised_eos,cluster,2291451,reltr_learned_sgg:oracle,reltr_learned_sgg oracle,tune_500_reltr_clean_qids,,development_result,clip,mlp256,42,5,bridge_clip_w1_bf16_v1_ep5,1ec71a916804f7195298f98b16f1ba71562f3c4fffafa4c1ab79bbec62e8e6e3,scene_graph_oracle,bridge_clip_w1_bf16_v1_ep5__corrected_chatml_v1_eos__tune_500_reltr_clean_qids__image_plus_graph__direct__oracle,image_plus_graph,direct,gqa_ground_truth,true,image+graph (oracle),image only (no graph),485,466,vqa_soft,70.103093,51.546392,18.556701,,,,,,,100,0,2.272165,outputs/eval/reltr_2291451/bridge_clip_w1_bf16_v1_ep5__corrected_chatml_v1_eos__tune_500_reltr_clean_qids__image_plus_graph__direct__oracle_records.json,1cc20d39f5dc8b76d5b7a801093fa19bfd70d9b6f921f405324cc99d97644d95,,"RelTR trained on Open Images V6; the oracle arm is GQA ground truth and is a ceiling, not a method"
reltr_learned_sgg:reltr::bridge_clip_w1_bf16_v1_ep5__corrected_chatml_v1_eos__tune_500_reltr_clean_qids__image_plus_graph__direct__reltr::exact,corrected_chatml_v1_eos,chatml_v1_supervised_eos,cluster,2291451,reltr_learned_sgg:reltr,reltr_learned_sgg reltr,tune_500_reltr_clean_qids,,development_result,clip,mlp256,42,5,bridge_clip_w1_bf16_v1_ep5,1ec71a916804f7195298f98b16f1ba71562f3c4fffafa4c1ab79bbec62e8e6e3,scene_graph_predicted_reltr,bridge_clip_w1_bf16_v1_ep5__corrected_chatml_v1_eos__tune_500_reltr_clean_qids__image_plus_graph__direct__reltr,image_plus_graph,direct,reltr_open_images_v6,false,image+graph (reltr),image only (no graph),485,466,exact,50.927835,51.340206,-0.412371,,,,,,,100,0,2.237113,outputs/eval/reltr_2291451/bridge_clip_w1_bf16_v1_ep5__corrected_chatml_v1_eos__tune_500_reltr_clean_qids__image_plus_graph__direct__reltr_records.json,05da709e92f17b66fb8475d0f8b41004a1151c3d435bde24dddae6fa94ebddf0,,"RelTR trained on Open Images V6; the oracle arm is GQA ground truth and is a ceiling, not a method"
reltr_learned_sgg:reltr::bridge_clip_w1_bf16_v1_ep5__corrected_chatml_v1_eos__tune_500_reltr_clean_qids__image_plus_graph__direct__reltr::exact_full,corrected_chatml_v1_eos,chatml_v1_supervised_eos,cluster,2291451,reltr_learned_sgg:reltr,reltr_learned_sgg reltr,tune_500_reltr_clean_qids,,development_result,clip,mlp256,42,5,bridge_clip_w1_bf16_v1_ep5,1ec71a916804f7195298f98b16f1ba71562f3c4fffafa4c1ab79bbec62e8e6e3,scene_graph_predicted_reltr,bridge_clip_w1_bf16_v1_ep5__corrected_chatml_v1_eos__tune_500_reltr_clean_qids__image_plus_graph__direct__reltr,image_plus_graph,direct,reltr_open_images_v6,false,image+graph (reltr),image only (no graph),485,466,exact_full,50.927835,51.340206,-0.412371,,,,,,,100,0,2.237113,outputs/eval/reltr_2291451/bridge_clip_w1_bf16_v1_ep5__corrected_chatml_v1_eos__tune_500_reltr_clean_qids__image_plus_graph__direct__reltr_records.json,05da709e92f17b66fb8475d0f8b41004a1151c3d435bde24dddae6fa94ebddf0,,"RelTR trained on Open Images V6; the oracle arm is GQA ground truth and is a ceiling, not a method"
reltr_learned_sgg:reltr::bridge_clip_w1_bf16_v1_ep5__corrected_chatml_v1_eos__tune_500_reltr_clean_qids__image_plus_graph__direct__reltr::vqa_soft,corrected_chatml_v1_eos,chatml_v1_supervised_eos,cluster,2291451,reltr_learned_sgg:reltr,reltr_learned_sgg reltr,tune_500_reltr_clean_qids,,development_result,clip,mlp256,42,5,bridge_clip_w1_bf16_v1_ep5,1ec71a916804f7195298f98b16f1ba71562f3c4fffafa4c1ab79bbec62e8e6e3,scene_graph_predicted_reltr,bridge_clip_w1_bf16_v1_ep5__corrected_chatml_v1_eos__tune_500_reltr_clean_qids__image_plus_graph__direct__reltr,image_plus_graph,direct,reltr_open_images_v6,false,image+graph (reltr),image only (no graph),485,466,vqa_soft,51.340206,51.546392,-0.206186,,,,,,,100,0,2.237113,outputs/eval/reltr_2291451/bridge_clip_w1_bf16_v1_ep5__corrected_chatml_v1_eos__tune_500_reltr_clean_qids__image_plus_graph__direct__reltr_records.json,05da709e92f17b66fb8475d0f8b41004a1151c3d435bde24dddae6fa94ebddf0,,"RelTR trained on Open Images V6; the oracle arm is GQA ground truth and is a ceiling, not a method"
reltr_learned_sgg:reltr_wrong_image::bridge_clip_w1_bf16_v1_ep5__corrected_chatml_v1_eos__tune_500_reltr_clean_qids__image_plus_graph__direct__reltr_wrong_image::exact,corrected_chatml_v1_eos,chatml_v1_supervised_eos,cluster,2291451,reltr_learned_sgg:reltr_wrong_image,reltr_learned_sgg reltr_wrong_image,tune_500_reltr_clean_qids,,development_result,clip,mlp256,42,5,bridge_clip_w1_bf16_v1_ep5,1ec71a916804f7195298f98b16f1ba71562f3c4fffafa4c1ab79bbec62e8e6e3,scene_graph_control,bridge_clip_w1_bf16_v1_ep5__corrected_chatml_v1_eos__tune_500_reltr_clean_qids__image_plus_graph__direct__reltr_wrong_image,image_plus_graph,direct,reltr_wrong_image,false,image+graph (reltr_wrong_image),image only (no graph),485,466,exact,50.927835,51.340206,-0.412371,,,,,,,100,0,2.253608,outputs/eval/reltr_2291451/bridge_clip_w1_bf16_v1_ep5__corrected_chatml_v1_eos__tune_500_reltr_clean_qids__image_plus_graph__direct__reltr_wrong_image_records.json,b8e0f08f1ddf0e5020a15c1d57b2ab2229a65e1c9b3708e2c53b2fb290e855e1,,"RelTR trained on Open Images V6; the oracle arm is GQA ground truth and is a ceiling, not a method"
reltr_learned_sgg:reltr_wrong_image::bridge_clip_w1_bf16_v1_ep5__corrected_chatml_v1_eos__tune_500_reltr_clean_qids__image_plus_graph__direct__reltr_wrong_image::exact_full,corrected_chatml_v1_eos,chatml_v1_supervised_eos,cluster,2291451,reltr_learned_sgg:reltr_wrong_image,reltr_learned_sgg reltr_wrong_image,tune_500_reltr_clean_qids,,development_result,clip,mlp256,42,5,bridge_clip_w1_bf16_v1_ep5,1ec71a916804f7195298f98b16f1ba71562f3c4fffafa4c1ab79bbec62e8e6e3,scene_graph_control,bridge_clip_w1_bf16_v1_ep5__corrected_chatml_v1_eos__tune_500_reltr_clean_qids__image_plus_graph__direct__reltr_wrong_image,image_plus_graph,direct,reltr_wrong_image,false,image+graph (reltr_wrong_image),image only (no graph),485,466,exact_full,50.927835,51.340206,-0.412371,,,,,,,100,0,2.253608,outputs/eval/reltr_2291451/bridge_clip_w1_bf16_v1_ep5__corrected_chatml_v1_eos__tune_500_reltr_clean_qids__image_plus_graph__direct__reltr_wrong_image_records.json,b8e0f08f1ddf0e5020a15c1d57b2ab2229a65e1c9b3708e2c53b2fb290e855e1,,"RelTR trained on Open Images V6; the oracle arm is GQA ground truth and is a ceiling, not a method"
reltr_learned_sgg:reltr_wrong_image::bridge_clip_w1_bf16_v1_ep5__corrected_chatml_v1_eos__tune_500_reltr_clean_qids__image_plus_graph__direct__reltr_wrong_image::vqa_soft,corrected_chatml_v1_eos,chatml_v1_supervised_eos,cluster,2291451,reltr_learned_sgg:reltr_wrong_image,reltr_learned_sgg reltr_wrong_image,tune_500_reltr_clean_qids,,development_result,clip,mlp256,42,5,bridge_clip_w1_bf16_v1_ep5,1ec71a916804f7195298f98b16f1ba71562f3c4fffafa4c1ab79bbec62e8e6e3,scene_graph_control,bridge_clip_w1_bf16_v1_ep5__corrected_chatml_v1_eos__tune_500_reltr_clean_qids__image_plus_graph__direct__reltr_wrong_image,image_plus_graph,direct,reltr_wrong_image,false,image+graph (reltr_wrong_image),image only (no graph),485,466,vqa_soft,51.546392,51.546392,0,,,,,,,100,0,2.253608,outputs/eval/reltr_2291451/bridge_clip_w1_bf16_v1_ep5__corrected_chatml_v1_eos__tune_500_reltr_clean_qids__image_plus_graph__direct__reltr_wrong_image_records.json,b8e0f08f1ddf0e5020a15c1d57b2ab2229a65e1c9b3708e2c53b2fb290e855e1,,"RelTR trained on Open Images V6; the oracle arm is GQA ground truth and is a ceiling, not a method"
visual_audit:mlp256:correct::exact_full,corrected_chatml_v1_eos,chatml_v1_supervised_eos,cluster,2291794,visual_audit:mlp256:correct,visual audit mlp256 correct,data/gqa/tune_500_qids.json,,development_result,clip,mlp256,,,bridge_clip_w1_bf16_v1_ep5,1ec71a916804f7195298f98b16f1ba71562f3c4fffafa4c1ab79bbec62e8e6e3,visual_audit,correct,image_only,direct,,false,correct,,268,261,exact_full,47.014925,,,,,,,,,,,,outputs/visual_audit/eval_2291794/visual_audit_records.json,275e1aa9b4ef6b9e1c3f3fc02ffa92c02c825c837563963221c0394ebf438f4d,,"six visual conditions x three CLIP connectors; development slice, exploratory"
visual_audit:mlp256:mask_irrelevant::exact_full,corrected_chatml_v1_eos,chatml_v1_supervised_eos,cluster,2291794,visual_audit:mlp256:mask_irrelevant,visual audit mlp256 mask_irrelevant,data/gqa/tune_500_qids.json,,development_result,clip,mlp256,,,bridge_clip_w1_bf16_v1_ep5,1ec71a916804f7195298f98b16f1ba71562f3c4fffafa4c1ab79bbec62e8e6e3,visual_audit,mask_irrelevant,image_only,direct,,false,mask_irrelevant,,268,261,exact_full,46.268657,,,,,,,,,,,,outputs/visual_audit/eval_2291794/visual_audit_records.json,275e1aa9b4ef6b9e1c3f3fc02ffa92c02c825c837563963221c0394ebf438f4d,,"six visual conditions x three CLIP connectors; development slice, exploratory"
visual_audit:mlp256:mask_relevant::exact_full,corrected_chatml_v1_eos,chatml_v1_supervised_eos,cluster,2291794,visual_audit:mlp256:mask_relevant,visual audit mlp256 mask_relevant,data/gqa/tune_500_qids.json,,development_result,clip,mlp256,,,bridge_clip_w1_bf16_v1_ep5,1ec71a916804f7195298f98b16f1ba71562f3c4fffafa4c1ab79bbec62e8e6e3,visual_audit,mask_relevant,image_only,direct,,false,mask_relevant,,268,261,exact_full,41.41791,,,,,,,,,,,,outputs/visual_audit/eval_2291794/visual_audit_records.json,275e1aa9b4ef6b9e1c3f3fc02ffa92c02c825c837563963221c0394ebf438f4d,,"six visual conditions x three CLIP connectors; development slice, exploratory"
visual_audit:mlp256:shuffled::exact_full,corrected_chatml_v1_eos,chatml_v1_supervised_eos,cluster,2291794,visual_audit:mlp256:shuffled,visual audit mlp256 shuffled,data/gqa/tune_500_qids.json,,development_result,clip,mlp256,,,bridge_clip_w1_bf16_v1_ep5,1ec71a916804f7195298f98b16f1ba71562f3c4fffafa4c1ab79bbec62e8e6e3,visual_audit,shuffled,image_only,direct,,false,shuffled,,268,261,exact_full,45.522388,,,,,,,,,,,,outputs/visual_audit/eval_2291794/visual_audit_records.json,275e1aa9b4ef6b9e1c3f3fc02ffa92c02c825c837563963221c0394ebf438f4d,,"six visual conditions x three CLIP connectors; development slice, exploratory"
visual_audit:mlp256:wrong_image::exact_full,corrected_chatml_v1_eos,chatml_v1_supervised_eos,cluster,2291794,visual_audit:mlp256:wrong_image,visual audit mlp256 wrong_image,data/gqa/tune_500_qids.json,,development_result,clip,mlp256,,,bridge_clip_w1_bf16_v1_ep5,1ec71a916804f7195298f98b16f1ba71562f3c4fffafa4c1ab79bbec62e8e6e3,visual_audit,wrong_image,image_only,direct,,false,wrong_image,,268,261,exact_full,31.343284,,,,,,,,,,,,outputs/visual_audit/eval_2291794/visual_audit_records.json,275e1aa9b4ef6b9e1c3f3fc02ffa92c02c825c837563963221c0394ebf438f4d,,"six visual conditions x three CLIP connectors; development slice, exploratory"
visual_audit:pool32:correct::exact_full,corrected_chatml_v1_eos,chatml_v1_supervised_eos,cluster,2291794,visual_audit:pool32:correct,visual audit pool32 correct,data/gqa/tune_500_qids.json,,development_result,clip,pool32,,,bridge_clip_w1pool_bf16_v1_ep5,e34dc0dc42eeafa0340c802bbd0e1ebc36eacdf908dc77e4f4145c06935084d8,visual_audit,correct,image_only,direct,,false,correct,,268,261,exact_full,41.41791,,,,,,,,,,,,outputs/visual_audit/eval_2291794/visual_audit_records.json,275e1aa9b4ef6b9e1c3f3fc02ffa92c02c825c837563963221c0394ebf438f4d,,"six visual conditions x three CLIP connectors; development slice, exploratory"
visual_audit:pool32:mask_irrelevant::exact_full,corrected_chatml_v1_eos,chatml_v1_supervised_eos,cluster,2291794,visual_audit:pool32:mask_irrelevant,visual audit pool32 mask_irrelevant,data/gqa/tune_500_qids.json,,development_result,clip,pool32,,,bridge_clip_w1pool_bf16_v1_ep5,e34dc0dc42eeafa0340c802bbd0e1ebc36eacdf908dc77e4f4145c06935084d8,visual_audit,mask_irrelevant,image_only,direct,,false,mask_irrelevant,,268,261,exact_full,41.791045,,,,,,,,,,,,outputs/visual_audit/eval_2291794/visual_audit_records.json,275e1aa9b4ef6b9e1c3f3fc02ffa92c02c825c837563963221c0394ebf438f4d,,"six visual conditions x three CLIP connectors; development slice, exploratory"
visual_audit:pool32:mask_relevant::exact_full,corrected_chatml_v1_eos,chatml_v1_supervised_eos,cluster,2291794,visual_audit:pool32:mask_relevant,visual audit pool32 mask_relevant,data/gqa/tune_500_qids.json,,development_result,clip,pool32,,,bridge_clip_w1pool_bf16_v1_ep5,e34dc0dc42eeafa0340c802bbd0e1ebc36eacdf908dc77e4f4145c06935084d8,visual_audit,mask_relevant,image_only,direct,,false,mask_relevant,,268,261,exact_full,36.940299,,,,,,,,,,,,outputs/visual_audit/eval_2291794/visual_audit_records.json,275e1aa9b4ef6b9e1c3f3fc02ffa92c02c825c837563963221c0394ebf438f4d,,"six visual conditions x three CLIP connectors; development slice, exploratory"
visual_audit:pool32:shuffled::exact_full,corrected_chatml_v1_eos,chatml_v1_supervised_eos,cluster,2291794,visual_audit:pool32:shuffled,visual audit pool32 shuffled,data/gqa/tune_500_qids.json,,development_result,clip,pool32,,,bridge_clip_w1pool_bf16_v1_ep5,e34dc0dc42eeafa0340c802bbd0e1ebc36eacdf908dc77e4f4145c06935084d8,visual_audit,shuffled,image_only,direct,,false,shuffled,,268,261,exact_full,40.671642,,,,,,,,,,,,outputs/visual_audit/eval_2291794/visual_audit_records.json,275e1aa9b4ef6b9e1c3f3fc02ffa92c02c825c837563963221c0394ebf438f4d,,"six visual conditions x three CLIP connectors; development slice, exploratory"
visual_audit:pool32:wrong_image::exact_full,corrected_chatml_v1_eos,chatml_v1_supervised_eos,cluster,2291794,visual_audit:pool32:wrong_image,visual audit pool32 wrong_image,data/gqa/tune_500_qids.json,,development_result,clip,pool32,,,bridge_clip_w1pool_bf16_v1_ep5,e34dc0dc42eeafa0340c802bbd0e1ebc36eacdf908dc77e4f4145c06935084d8,visual_audit,wrong_image,image_only,direct,,false,wrong_image,,268,261,exact_full,30.223881,,,,,,,,,,,,outputs/visual_audit/eval_2291794/visual_audit_records.json,275e1aa9b4ef6b9e1c3f3fc02ffa92c02c825c837563963221c0394ebf438f4d,,"six visual conditions x three CLIP connectors; development slice, exploratory"
visual_audit:qformer32:correct::exact_full,corrected_chatml_v1_eos,chatml_v1_supervised_eos,cluster,2291794,visual_audit:qformer32:correct,visual audit qformer32 correct,data/gqa/tune_500_qids.json,,development_result,clip,qformer32,,,bridge_clip_w1qf_bf16_v1_ep5,670f820dd009257ba9303c1dd0e915c7b7fab7d1dfd661dfea94e4ca3b6e84b9,visual_audit,correct,image_only,direct,,false,correct,,268,261,exact_full,41.791045,,,,,,,,,,,,outputs/visual_audit/eval_2291794/visual_audit_records.json,275e1aa9b4ef6b9e1c3f3fc02ffa92c02c825c837563963221c0394ebf438f4d,,"six visual conditions x three CLIP connectors; development slice, exploratory"
visual_audit:qformer32:mask_irrelevant::exact_full,corrected_chatml_v1_eos,chatml_v1_supervised_eos,cluster,2291794,visual_audit:qformer32:mask_irrelevant,visual audit qformer32 mask_irrelevant,data/gqa/tune_500_qids.json,,development_result,clip,qformer32,,,bridge_clip_w1qf_bf16_v1_ep5,670f820dd009257ba9303c1dd0e915c7b7fab7d1dfd661dfea94e4ca3b6e84b9,visual_audit,mask_irrelevant,image_only,direct,,false,mask_irrelevant,,268,261,exact_full,41.41791,,,,,,,,,,,,outputs/visual_audit/eval_2291794/visual_audit_records.json,275e1aa9b4ef6b9e1c3f3fc02ffa92c02c825c837563963221c0394ebf438f4d,,"six visual conditions x three CLIP connectors; development slice, exploratory"
visual_audit:qformer32:mask_relevant::exact_full,corrected_chatml_v1_eos,chatml_v1_supervised_eos,cluster,2291794,visual_audit:qformer32:mask_relevant,visual audit qformer32 mask_relevant,data/gqa/tune_500_qids.json,,development_result,clip,qformer32,,,bridge_clip_w1qf_bf16_v1_ep5,670f820dd009257ba9303c1dd0e915c7b7fab7d1dfd661dfea94e4ca3b6e84b9,visual_audit,mask_relevant,image_only,direct,,false,mask_relevant,,268,261,exact_full,40.298507,,,,,,,,,,,,outputs/visual_audit/eval_2291794/visual_audit_records.json,275e1aa9b4ef6b9e1c3f3fc02ffa92c02c825c837563963221c0394ebf438f4d,,"six visual conditions x three CLIP connectors; development slice, exploratory"
visual_audit:qformer32:shuffled::exact_full,corrected_chatml_v1_eos,chatml_v1_supervised_eos,cluster,2291794,visual_audit:qformer32:shuffled,visual audit qformer32 shuffled,data/gqa/tune_500_qids.json,,development_result,clip,qformer32,,,bridge_clip_w1qf_bf16_v1_ep5,670f820dd009257ba9303c1dd0e915c7b7fab7d1dfd661dfea94e4ca3b6e84b9,visual_audit,shuffled,image_only,direct,,false,shuffled,,268,261,exact_full,41.791045,,,,,,,,,,,,outputs/visual_audit/eval_2291794/visual_audit_records.json,275e1aa9b4ef6b9e1c3f3fc02ffa92c02c825c837563963221c0394ebf438f4d,,"six visual conditions x three CLIP connectors; development slice, exploratory"
visual_audit:qformer32:wrong_image::exact_full,corrected_chatml_v1_eos,chatml_v1_supervised_eos,cluster,2291794,visual_audit:qformer32:wrong_image,visual audit qformer32 wrong_image,data/gqa/tune_500_qids.json,,development_result,clip,qformer32,,,bridge_clip_w1qf_bf16_v1_ep5,670f820dd009257ba9303c1dd0e915c7b7fab7d1dfd661dfea94e4ca3b6e84b9,visual_audit,wrong_image,image_only,direct,,false,wrong_image,,268,261,exact_full,29.850746,,,,,,,,,,,,outputs/visual_audit/eval_2291794/visual_audit_records.json,275e1aa9b4ef6b9e1c3f3fc02ffa92c02c825c837563963221c0394ebf438f4d,,"six visual conditions x three CLIP connectors; development slice, exploratory"
visual_audit:shared:no_visual::exact_full,corrected_chatml_v1_eos,chatml_v1_supervised_eos,cluster,2291794,visual_audit:shared:no_visual,visual audit shared control no_visual,data/gqa/tune_500_qids.json,,development_result,clip,,,,,,visual_audit,no_visual,image_only,direct,,false,no_visual,,268,261,exact_full,31.343284,,,,,,,,,,,,outputs/visual_audit/eval_2291794/visual_audit_records.json,275e1aa9b4ef6b9e1c3f3fc02ffa92c02c825c837563963221c0394ebf438f4d,,"six visual conditions x three CLIP connectors; development slice, exploratory; SHARED across all three connectors — carries no visual tokens, so the artifact stores it once and it is reported once"
