result_id,evidence_layer,experiment_code,split,encoder,connector,augmentation,category,n,metric,model_score,comparator_score,effect,source_artifact
corrected_confirm3000:bridge_clip_w1_bf16_v1_ep5::bridge_clip_w1_bf16_v1_ep5__corrected_chatml_v1_eos__confirm_3000_qids__image_only__direct::exact,corrected_chatml_v1_eos,corrected_confirm3000:bridge_clip_w1_bf16_v1_ep5,confirm_3000_qids,clip,mlp256,none,choose,368,exact,59.782609,49.184783,10.597826,outputs/eval/confirm/bridge_clip_w1_bf16_v1_ep5__corrected_chatml_v1_eos__confirm_3000_qids__image_only__direct_records.json
corrected_confirm3000:bridge_clip_w1_bf16_v1_ep5::bridge_clip_w1_bf16_v1_ep5__corrected_chatml_v1_eos__confirm_3000_qids__image_only__direct::exact,corrected_chatml_v1_eos,corrected_confirm3000:bridge_clip_w1_bf16_v1_ep5,confirm_3000_qids,clip,mlp256,none,compare,96,exact,45.833333,35.416667,10.416667,outputs/eval/confirm/bridge_clip_w1_bf16_v1_ep5__corrected_chatml_v1_eos__confirm_3000_qids__image_only__direct_records.json
corrected_confirm3000:bridge_clip_w1_bf16_v1_ep5::bridge_clip_w1_bf16_v1_ep5__corrected_chatml_v1_eos__confirm_3000_qids__image_only__direct::exact,corrected_chatml_v1_eos,corrected_confirm3000:bridge_clip_w1_bf16_v1_ep5,confirm_3000_qids,clip,mlp256,none,exist,532,exact,63.157895,41.729323,21.428571,outputs/eval/confirm/bridge_clip_w1_bf16_v1_ep5__corrected_chatml_v1_eos__confirm_3000_qids__image_only__direct_records.json
corrected_confirm3000:bridge_clip_w1_bf16_v1_ep5::bridge_clip_w1_bf16_v1_ep5__corrected_chatml_v1_eos__confirm_3000_qids__image_only__direct::exact,corrected_chatml_v1_eos,corrected_confirm3000:bridge_clip_w1_bf16_v1_ep5,confirm_3000_qids,clip,mlp256,none,other,955,exact,51.727749,28.376963,23.350785,outputs/eval/confirm/bridge_clip_w1_bf16_v1_ep5__corrected_chatml_v1_eos__confirm_3000_qids__image_only__direct_records.json
corrected_confirm3000:bridge_clip_w1_bf16_v1_ep5::bridge_clip_w1_bf16_v1_ep5__corrected_chatml_v1_eos__confirm_3000_qids__image_only__direct::exact,corrected_chatml_v1_eos,corrected_confirm3000:bridge_clip_w1_bf16_v1_ep5,confirm_3000_qids,clip,mlp256,none,relate,1049,exact,42.516683,14.585319,27.931363,outputs/eval/confirm/bridge_clip_w1_bf16_v1_ep5__corrected_chatml_v1_eos__confirm_3000_qids__image_only__direct_records.json
corrected_confirm3000:bridge_clip_w1_bf16_v1_ep5::bridge_clip_w1_bf16_v1_ep5__corrected_chatml_v1_eos__confirm_3000_qids__image_only__direct::exact_full,corrected_chatml_v1_eos,corrected_confirm3000:bridge_clip_w1_bf16_v1_ep5,confirm_3000_qids,clip,mlp256,none,choose,368,exact_full,59.782609,49.184783,10.597826,outputs/eval/confirm/bridge_clip_w1_bf16_v1_ep5__corrected_chatml_v1_eos__confirm_3000_qids__image_only__direct_records.json
corrected_confirm3000:bridge_clip_w1_bf16_v1_ep5::bridge_clip_w1_bf16_v1_ep5__corrected_chatml_v1_eos__confirm_3000_qids__image_only__direct::exact_full,corrected_chatml_v1_eos,corrected_confirm3000:bridge_clip_w1_bf16_v1_ep5,confirm_3000_qids,clip,mlp256,none,compare,96,exact_full,45.833333,35.416667,10.416667,outputs/eval/confirm/bridge_clip_w1_bf16_v1_ep5__corrected_chatml_v1_eos__confirm_3000_qids__image_only__direct_records.json
corrected_confirm3000:bridge_clip_w1_bf16_v1_ep5::bridge_clip_w1_bf16_v1_ep5__corrected_chatml_v1_eos__confirm_3000_qids__image_only__direct::exact_full,corrected_chatml_v1_eos,corrected_confirm3000:bridge_clip_w1_bf16_v1_ep5,confirm_3000_qids,clip,mlp256,none,exist,532,exact_full,63.157895,41.729323,21.428571,outputs/eval/confirm/bridge_clip_w1_bf16_v1_ep5__corrected_chatml_v1_eos__confirm_3000_qids__image_only__direct_records.json
corrected_confirm3000:bridge_clip_w1_bf16_v1_ep5::bridge_clip_w1_bf16_v1_ep5__corrected_chatml_v1_eos__confirm_3000_qids__image_only__direct::exact_full,corrected_chatml_v1_eos,corrected_confirm3000:bridge_clip_w1_bf16_v1_ep5,confirm_3000_qids,clip,mlp256,none,other,955,exact_full,51.727749,28.376963,23.350785,outputs/eval/confirm/bridge_clip_w1_bf16_v1_ep5__corrected_chatml_v1_eos__confirm_3000_qids__image_only__direct_records.json
corrected_confirm3000:bridge_clip_w1_bf16_v1_ep5::bridge_clip_w1_bf16_v1_ep5__corrected_chatml_v1_eos__confirm_3000_qids__image_only__direct::exact_full,corrected_chatml_v1_eos,corrected_confirm3000:bridge_clip_w1_bf16_v1_ep5,confirm_3000_qids,clip,mlp256,none,relate,1049,exact_full,42.516683,14.585319,27.931363,outputs/eval/confirm/bridge_clip_w1_bf16_v1_ep5__corrected_chatml_v1_eos__confirm_3000_qids__image_only__direct_records.json
corrected_confirm3000:bridge_clip_w1_bf16_v1_ep5::bridge_clip_w1_bf16_v1_ep5__corrected_chatml_v1_eos__confirm_3000_qids__image_only__direct::vqa_soft,corrected_chatml_v1_eos,corrected_confirm3000:bridge_clip_w1_bf16_v1_ep5,confirm_3000_qids,clip,mlp256,none,choose,368,vqa_soft,60.054348,50,10.054348,outputs/eval/confirm/bridge_clip_w1_bf16_v1_ep5__corrected_chatml_v1_eos__confirm_3000_qids__image_only__direct_records.json
corrected_confirm3000:bridge_clip_w1_bf16_v1_ep5::bridge_clip_w1_bf16_v1_ep5__corrected_chatml_v1_eos__confirm_3000_qids__image_only__direct::vqa_soft,corrected_chatml_v1_eos,corrected_confirm3000:bridge_clip_w1_bf16_v1_ep5,confirm_3000_qids,clip,mlp256,none,compare,96,vqa_soft,45.833333,39.583333,6.25,outputs/eval/confirm/bridge_clip_w1_bf16_v1_ep5__corrected_chatml_v1_eos__confirm_3000_qids__image_only__direct_records.json
corrected_confirm3000:bridge_clip_w1_bf16_v1_ep5::bridge_clip_w1_bf16_v1_ep5__corrected_chatml_v1_eos__confirm_3000_qids__image_only__direct::vqa_soft,corrected_chatml_v1_eos,corrected_confirm3000:bridge_clip_w1_bf16_v1_ep5,confirm_3000_qids,clip,mlp256,none,exist,532,vqa_soft,63.157895,50.37594,12.781955,outputs/eval/confirm/bridge_clip_w1_bf16_v1_ep5__corrected_chatml_v1_eos__confirm_3000_qids__image_only__direct_records.json
corrected_confirm3000:bridge_clip_w1_bf16_v1_ep5::bridge_clip_w1_bf16_v1_ep5__corrected_chatml_v1_eos__confirm_3000_qids__image_only__direct::vqa_soft,corrected_chatml_v1_eos,corrected_confirm3000:bridge_clip_w1_bf16_v1_ep5,confirm_3000_qids,clip,mlp256,none,other,955,vqa_soft,52.774869,30.680628,22.094241,outputs/eval/confirm/bridge_clip_w1_bf16_v1_ep5__corrected_chatml_v1_eos__confirm_3000_qids__image_only__direct_records.json
corrected_confirm3000:bridge_clip_w1_bf16_v1_ep5::bridge_clip_w1_bf16_v1_ep5__corrected_chatml_v1_eos__confirm_3000_qids__image_only__direct::vqa_soft,corrected_chatml_v1_eos,corrected_confirm3000:bridge_clip_w1_bf16_v1_ep5,confirm_3000_qids,clip,mlp256,none,relate,1049,vqa_soft,43.374643,15.34795,28.026692,outputs/eval/confirm/bridge_clip_w1_bf16_v1_ep5__corrected_chatml_v1_eos__confirm_3000_qids__image_only__direct_records.json
corrected_confirm3000:bridge_clip_w1_s43_v1_ep5::bridge_clip_w1_s43_v1_ep5__corrected_chatml_v1_eos__confirm_3000_qids__image_only__direct::exact,corrected_chatml_v1_eos,corrected_confirm3000:bridge_clip_w1_s43_v1_ep5,confirm_3000_qids,clip,mlp256,none,choose,368,exact,63.858696,49.184783,14.673913,outputs/eval/confirm/bridge_clip_w1_s43_v1_ep5__corrected_chatml_v1_eos__confirm_3000_qids__image_only__direct_records.json
corrected_confirm3000:bridge_clip_w1_s43_v1_ep5::bridge_clip_w1_s43_v1_ep5__corrected_chatml_v1_eos__confirm_3000_qids__image_only__direct::exact,corrected_chatml_v1_eos,corrected_confirm3000:bridge_clip_w1_s43_v1_ep5,confirm_3000_qids,clip,mlp256,none,compare,96,exact,50,35.416667,14.583333,outputs/eval/confirm/bridge_clip_w1_s43_v1_ep5__corrected_chatml_v1_eos__confirm_3000_qids__image_only__direct_records.json
corrected_confirm3000:bridge_clip_w1_s43_v1_ep5::bridge_clip_w1_s43_v1_ep5__corrected_chatml_v1_eos__confirm_3000_qids__image_only__direct::exact,corrected_chatml_v1_eos,corrected_confirm3000:bridge_clip_w1_s43_v1_ep5,confirm_3000_qids,clip,mlp256,none,exist,532,exact,58.834586,41.729323,17.105263,outputs/eval/confirm/bridge_clip_w1_s43_v1_ep5__corrected_chatml_v1_eos__confirm_3000_qids__image_only__direct_records.json
corrected_confirm3000:bridge_clip_w1_s43_v1_ep5::bridge_clip_w1_s43_v1_ep5__corrected_chatml_v1_eos__confirm_3000_qids__image_only__direct::exact,corrected_chatml_v1_eos,corrected_confirm3000:bridge_clip_w1_s43_v1_ep5,confirm_3000_qids,clip,mlp256,none,other,955,exact,51.099476,28.376963,22.722513,outputs/eval/confirm/bridge_clip_w1_s43_v1_ep5__corrected_chatml_v1_eos__confirm_3000_qids__image_only__direct_records.json
corrected_confirm3000:bridge_clip_w1_s43_v1_ep5::bridge_clip_w1_s43_v1_ep5__corrected_chatml_v1_eos__confirm_3000_qids__image_only__direct::exact,corrected_chatml_v1_eos,corrected_confirm3000:bridge_clip_w1_s43_v1_ep5,confirm_3000_qids,clip,mlp256,none,relate,1049,exact,43.469971,14.585319,28.884652,outputs/eval/confirm/bridge_clip_w1_s43_v1_ep5__corrected_chatml_v1_eos__confirm_3000_qids__image_only__direct_records.json
corrected_confirm3000:bridge_clip_w1_s43_v1_ep5::bridge_clip_w1_s43_v1_ep5__corrected_chatml_v1_eos__confirm_3000_qids__image_only__direct::exact_full,corrected_chatml_v1_eos,corrected_confirm3000:bridge_clip_w1_s43_v1_ep5,confirm_3000_qids,clip,mlp256,none,choose,368,exact_full,63.858696,49.184783,14.673913,outputs/eval/confirm/bridge_clip_w1_s43_v1_ep5__corrected_chatml_v1_eos__confirm_3000_qids__image_only__direct_records.json
corrected_confirm3000:bridge_clip_w1_s43_v1_ep5::bridge_clip_w1_s43_v1_ep5__corrected_chatml_v1_eos__confirm_3000_qids__image_only__direct::exact_full,corrected_chatml_v1_eos,corrected_confirm3000:bridge_clip_w1_s43_v1_ep5,confirm_3000_qids,clip,mlp256,none,compare,96,exact_full,50,35.416667,14.583333,outputs/eval/confirm/bridge_clip_w1_s43_v1_ep5__corrected_chatml_v1_eos__confirm_3000_qids__image_only__direct_records.json
corrected_confirm3000:bridge_clip_w1_s43_v1_ep5::bridge_clip_w1_s43_v1_ep5__corrected_chatml_v1_eos__confirm_3000_qids__image_only__direct::exact_full,corrected_chatml_v1_eos,corrected_confirm3000:bridge_clip_w1_s43_v1_ep5,confirm_3000_qids,clip,mlp256,none,exist,532,exact_full,58.834586,41.729323,17.105263,outputs/eval/confirm/bridge_clip_w1_s43_v1_ep5__corrected_chatml_v1_eos__confirm_3000_qids__image_only__direct_records.json
corrected_confirm3000:bridge_clip_w1_s43_v1_ep5::bridge_clip_w1_s43_v1_ep5__corrected_chatml_v1_eos__confirm_3000_qids__image_only__direct::exact_full,corrected_chatml_v1_eos,corrected_confirm3000:bridge_clip_w1_s43_v1_ep5,confirm_3000_qids,clip,mlp256,none,other,955,exact_full,51.099476,28.376963,22.722513,outputs/eval/confirm/bridge_clip_w1_s43_v1_ep5__corrected_chatml_v1_eos__confirm_3000_qids__image_only__direct_records.json
corrected_confirm3000:bridge_clip_w1_s43_v1_ep5::bridge_clip_w1_s43_v1_ep5__corrected_chatml_v1_eos__confirm_3000_qids__image_only__direct::exact_full,corrected_chatml_v1_eos,corrected_confirm3000:bridge_clip_w1_s43_v1_ep5,confirm_3000_qids,clip,mlp256,none,relate,1049,exact_full,43.469971,14.585319,28.884652,outputs/eval/confirm/bridge_clip_w1_s43_v1_ep5__corrected_chatml_v1_eos__confirm_3000_qids__image_only__direct_records.json
corrected_confirm3000:bridge_clip_w1_s43_v1_ep5::bridge_clip_w1_s43_v1_ep5__corrected_chatml_v1_eos__confirm_3000_qids__image_only__direct::vqa_soft,corrected_chatml_v1_eos,corrected_confirm3000:bridge_clip_w1_s43_v1_ep5,confirm_3000_qids,clip,mlp256,none,choose,368,vqa_soft,63.858696,50,13.858696,outputs/eval/confirm/bridge_clip_w1_s43_v1_ep5__corrected_chatml_v1_eos__confirm_3000_qids__image_only__direct_records.json
corrected_confirm3000:bridge_clip_w1_s43_v1_ep5::bridge_clip_w1_s43_v1_ep5__corrected_chatml_v1_eos__confirm_3000_qids__image_only__direct::vqa_soft,corrected_chatml_v1_eos,corrected_confirm3000:bridge_clip_w1_s43_v1_ep5,confirm_3000_qids,clip,mlp256,none,compare,96,vqa_soft,50,39.583333,10.416667,outputs/eval/confirm/bridge_clip_w1_s43_v1_ep5__corrected_chatml_v1_eos__confirm_3000_qids__image_only__direct_records.json
corrected_confirm3000:bridge_clip_w1_s43_v1_ep5::bridge_clip_w1_s43_v1_ep5__corrected_chatml_v1_eos__confirm_3000_qids__image_only__direct::vqa_soft,corrected_chatml_v1_eos,corrected_confirm3000:bridge_clip_w1_s43_v1_ep5,confirm_3000_qids,clip,mlp256,none,exist,532,vqa_soft,58.834586,50.37594,8.458647,outputs/eval/confirm/bridge_clip_w1_s43_v1_ep5__corrected_chatml_v1_eos__confirm_3000_qids__image_only__direct_records.json
corrected_confirm3000:bridge_clip_w1_s43_v1_ep5::bridge_clip_w1_s43_v1_ep5__corrected_chatml_v1_eos__confirm_3000_qids__image_only__direct::vqa_soft,corrected_chatml_v1_eos,corrected_confirm3000:bridge_clip_w1_s43_v1_ep5,confirm_3000_qids,clip,mlp256,none,other,955,vqa_soft,52.146597,30.680628,21.465969,outputs/eval/confirm/bridge_clip_w1_s43_v1_ep5__corrected_chatml_v1_eos__confirm_3000_qids__image_only__direct_records.json
corrected_confirm3000:bridge_clip_w1_s43_v1_ep5::bridge_clip_w1_s43_v1_ep5__corrected_chatml_v1_eos__confirm_3000_qids__image_only__direct::vqa_soft,corrected_chatml_v1_eos,corrected_confirm3000:bridge_clip_w1_s43_v1_ep5,confirm_3000_qids,clip,mlp256,none,relate,1049,vqa_soft,44.613918,15.34795,29.265968,outputs/eval/confirm/bridge_clip_w1_s43_v1_ep5__corrected_chatml_v1_eos__confirm_3000_qids__image_only__direct_records.json
corrected_confirm3000:bridge_clip_w1_s44_v1_ep5::bridge_clip_w1_s44_v1_ep5__corrected_chatml_v1_eos__confirm_3000_qids__image_only__direct::exact,corrected_chatml_v1_eos,corrected_confirm3000:bridge_clip_w1_s44_v1_ep5,confirm_3000_qids,clip,mlp256,none,choose,368,exact,60.597826,49.184783,11.413043,outputs/eval/confirm/bridge_clip_w1_s44_v1_ep5__corrected_chatml_v1_eos__confirm_3000_qids__image_only__direct_records.json
corrected_confirm3000:bridge_clip_w1_s44_v1_ep5::bridge_clip_w1_s44_v1_ep5__corrected_chatml_v1_eos__confirm_3000_qids__image_only__direct::exact,corrected_chatml_v1_eos,corrected_confirm3000:bridge_clip_w1_s44_v1_ep5,confirm_3000_qids,clip,mlp256,none,compare,96,exact,45.833333,35.416667,10.416667,outputs/eval/confirm/bridge_clip_w1_s44_v1_ep5__corrected_chatml_v1_eos__confirm_3000_qids__image_only__direct_records.json
corrected_confirm3000:bridge_clip_w1_s44_v1_ep5::bridge_clip_w1_s44_v1_ep5__corrected_chatml_v1_eos__confirm_3000_qids__image_only__direct::exact,corrected_chatml_v1_eos,corrected_confirm3000:bridge_clip_w1_s44_v1_ep5,confirm_3000_qids,clip,mlp256,none,exist,532,exact,58.834586,41.729323,17.105263,outputs/eval/confirm/bridge_clip_w1_s44_v1_ep5__corrected_chatml_v1_eos__confirm_3000_qids__image_only__direct_records.json
corrected_confirm3000:bridge_clip_w1_s44_v1_ep5::bridge_clip_w1_s44_v1_ep5__corrected_chatml_v1_eos__confirm_3000_qids__image_only__direct::exact,corrected_chatml_v1_eos,corrected_confirm3000:bridge_clip_w1_s44_v1_ep5,confirm_3000_qids,clip,mlp256,none,other,955,exact,52.984293,28.376963,24.60733,outputs/eval/confirm/bridge_clip_w1_s44_v1_ep5__corrected_chatml_v1_eos__confirm_3000_qids__image_only__direct_records.json
corrected_confirm3000:bridge_clip_w1_s44_v1_ep5::bridge_clip_w1_s44_v1_ep5__corrected_chatml_v1_eos__confirm_3000_qids__image_only__direct::exact,corrected_chatml_v1_eos,corrected_confirm3000:bridge_clip_w1_s44_v1_ep5,confirm_3000_qids,clip,mlp256,none,relate,1049,exact,41.658723,14.585319,27.073403,outputs/eval/confirm/bridge_clip_w1_s44_v1_ep5__corrected_chatml_v1_eos__confirm_3000_qids__image_only__direct_records.json
corrected_confirm3000:bridge_clip_w1_s44_v1_ep5::bridge_clip_w1_s44_v1_ep5__corrected_chatml_v1_eos__confirm_3000_qids__image_only__direct::exact_full,corrected_chatml_v1_eos,corrected_confirm3000:bridge_clip_w1_s44_v1_ep5,confirm_3000_qids,clip,mlp256,none,choose,368,exact_full,60.597826,49.184783,11.413043,outputs/eval/confirm/bridge_clip_w1_s44_v1_ep5__corrected_chatml_v1_eos__confirm_3000_qids__image_only__direct_records.json
corrected_confirm3000:bridge_clip_w1_s44_v1_ep5::bridge_clip_w1_s44_v1_ep5__corrected_chatml_v1_eos__confirm_3000_qids__image_only__direct::exact_full,corrected_chatml_v1_eos,corrected_confirm3000:bridge_clip_w1_s44_v1_ep5,confirm_3000_qids,clip,mlp256,none,compare,96,exact_full,45.833333,35.416667,10.416667,outputs/eval/confirm/bridge_clip_w1_s44_v1_ep5__corrected_chatml_v1_eos__confirm_3000_qids__image_only__direct_records.json
corrected_confirm3000:bridge_clip_w1_s44_v1_ep5::bridge_clip_w1_s44_v1_ep5__corrected_chatml_v1_eos__confirm_3000_qids__image_only__direct::exact_full,corrected_chatml_v1_eos,corrected_confirm3000:bridge_clip_w1_s44_v1_ep5,confirm_3000_qids,clip,mlp256,none,exist,532,exact_full,58.834586,41.729323,17.105263,outputs/eval/confirm/bridge_clip_w1_s44_v1_ep5__corrected_chatml_v1_eos__confirm_3000_qids__image_only__direct_records.json
corrected_confirm3000:bridge_clip_w1_s44_v1_ep5::bridge_clip_w1_s44_v1_ep5__corrected_chatml_v1_eos__confirm_3000_qids__image_only__direct::exact_full,corrected_chatml_v1_eos,corrected_confirm3000:bridge_clip_w1_s44_v1_ep5,confirm_3000_qids,clip,mlp256,none,other,955,exact_full,52.984293,28.376963,24.60733,outputs/eval/confirm/bridge_clip_w1_s44_v1_ep5__corrected_chatml_v1_eos__confirm_3000_qids__image_only__direct_records.json
corrected_confirm3000:bridge_clip_w1_s44_v1_ep5::bridge_clip_w1_s44_v1_ep5__corrected_chatml_v1_eos__confirm_3000_qids__image_only__direct::exact_full,corrected_chatml_v1_eos,corrected_confirm3000:bridge_clip_w1_s44_v1_ep5,confirm_3000_qids,clip,mlp256,none,relate,1049,exact_full,41.658723,14.585319,27.073403,outputs/eval/confirm/bridge_clip_w1_s44_v1_ep5__corrected_chatml_v1_eos__confirm_3000_qids__image_only__direct_records.json
corrected_confirm3000:bridge_clip_w1_s44_v1_ep5::bridge_clip_w1_s44_v1_ep5__corrected_chatml_v1_eos__confirm_3000_qids__image_only__direct::vqa_soft,corrected_chatml_v1_eos,corrected_confirm3000:bridge_clip_w1_s44_v1_ep5,confirm_3000_qids,clip,mlp256,none,choose,368,vqa_soft,60.869565,50,10.869565,outputs/eval/confirm/bridge_clip_w1_s44_v1_ep5__corrected_chatml_v1_eos__confirm_3000_qids__image_only__direct_records.json
corrected_confirm3000:bridge_clip_w1_s44_v1_ep5::bridge_clip_w1_s44_v1_ep5__corrected_chatml_v1_eos__confirm_3000_qids__image_only__direct::vqa_soft,corrected_chatml_v1_eos,corrected_confirm3000:bridge_clip_w1_s44_v1_ep5,confirm_3000_qids,clip,mlp256,none,compare,96,vqa_soft,45.833333,39.583333,6.25,outputs/eval/confirm/bridge_clip_w1_s44_v1_ep5__corrected_chatml_v1_eos__confirm_3000_qids__image_only__direct_records.json
corrected_confirm3000:bridge_clip_w1_s44_v1_ep5::bridge_clip_w1_s44_v1_ep5__corrected_chatml_v1_eos__confirm_3000_qids__image_only__direct::vqa_soft,corrected_chatml_v1_eos,corrected_confirm3000:bridge_clip_w1_s44_v1_ep5,confirm_3000_qids,clip,mlp256,none,exist,532,vqa_soft,58.834586,50.37594,8.458647,outputs/eval/confirm/bridge_clip_w1_s44_v1_ep5__corrected_chatml_v1_eos__confirm_3000_qids__image_only__direct_records.json
corrected_confirm3000:bridge_clip_w1_s44_v1_ep5::bridge_clip_w1_s44_v1_ep5__corrected_chatml_v1_eos__confirm_3000_qids__image_only__direct::vqa_soft,corrected_chatml_v1_eos,corrected_confirm3000:bridge_clip_w1_s44_v1_ep5,confirm_3000_qids,clip,mlp256,none,other,955,vqa_soft,54.136126,30.680628,23.455497,outputs/eval/confirm/bridge_clip_w1_s44_v1_ep5__corrected_chatml_v1_eos__confirm_3000_qids__image_only__direct_records.json
corrected_confirm3000:bridge_clip_w1_s44_v1_ep5::bridge_clip_w1_s44_v1_ep5__corrected_chatml_v1_eos__confirm_3000_qids__image_only__direct::vqa_soft,corrected_chatml_v1_eos,corrected_confirm3000:bridge_clip_w1_s44_v1_ep5,confirm_3000_qids,clip,mlp256,none,relate,1049,vqa_soft,42.993327,15.34795,27.645377,outputs/eval/confirm/bridge_clip_w1_s44_v1_ep5__corrected_chatml_v1_eos__confirm_3000_qids__image_only__direct_records.json
corrected_confirm3000:bridge_clip_w1pool_bf16_v1_ep5::bridge_clip_w1pool_bf16_v1_ep5__corrected_chatml_v1_eos__confirm_3000_qids__image_only__direct::exact,corrected_chatml_v1_eos,corrected_confirm3000:bridge_clip_w1pool_bf16_v1_ep5,confirm_3000_qids,clip,pool32,none,choose,368,exact,55.706522,49.184783,6.521739,outputs/eval/confirm/bridge_clip_w1pool_bf16_v1_ep5__corrected_chatml_v1_eos__confirm_3000_qids__image_only__direct_records.json
corrected_confirm3000:bridge_clip_w1pool_bf16_v1_ep5::bridge_clip_w1pool_bf16_v1_ep5__corrected_chatml_v1_eos__confirm_3000_qids__image_only__direct::exact,corrected_chatml_v1_eos,corrected_confirm3000:bridge_clip_w1pool_bf16_v1_ep5,confirm_3000_qids,clip,pool32,none,compare,96,exact,44.791667,35.416667,9.375,outputs/eval/confirm/bridge_clip_w1pool_bf16_v1_ep5__corrected_chatml_v1_eos__confirm_3000_qids__image_only__direct_records.json
corrected_confirm3000:bridge_clip_w1pool_bf16_v1_ep5::bridge_clip_w1pool_bf16_v1_ep5__corrected_chatml_v1_eos__confirm_3000_qids__image_only__direct::exact,corrected_chatml_v1_eos,corrected_confirm3000:bridge_clip_w1pool_bf16_v1_ep5,confirm_3000_qids,clip,pool32,none,exist,532,exact,54.135338,41.729323,12.406015,outputs/eval/confirm/bridge_clip_w1pool_bf16_v1_ep5__corrected_chatml_v1_eos__confirm_3000_qids__image_only__direct_records.json
corrected_confirm3000:bridge_clip_w1pool_bf16_v1_ep5::bridge_clip_w1pool_bf16_v1_ep5__corrected_chatml_v1_eos__confirm_3000_qids__image_only__direct::exact,corrected_chatml_v1_eos,corrected_confirm3000:bridge_clip_w1pool_bf16_v1_ep5,confirm_3000_qids,clip,pool32,none,other,955,exact,42.722513,28.376963,14.34555,outputs/eval/confirm/bridge_clip_w1pool_bf16_v1_ep5__corrected_chatml_v1_eos__confirm_3000_qids__image_only__direct_records.json
corrected_confirm3000:bridge_clip_w1pool_bf16_v1_ep5::bridge_clip_w1pool_bf16_v1_ep5__corrected_chatml_v1_eos__confirm_3000_qids__image_only__direct::exact,corrected_chatml_v1_eos,corrected_confirm3000:bridge_clip_w1pool_bf16_v1_ep5,confirm_3000_qids,clip,pool32,none,relate,1049,exact,36.701621,14.585319,22.116301,outputs/eval/confirm/bridge_clip_w1pool_bf16_v1_ep5__corrected_chatml_v1_eos__confirm_3000_qids__image_only__direct_records.json
corrected_confirm3000:bridge_clip_w1pool_bf16_v1_ep5::bridge_clip_w1pool_bf16_v1_ep5__corrected_chatml_v1_eos__confirm_3000_qids__image_only__direct::exact_full,corrected_chatml_v1_eos,corrected_confirm3000:bridge_clip_w1pool_bf16_v1_ep5,confirm_3000_qids,clip,pool32,none,choose,368,exact_full,55.706522,49.184783,6.521739,outputs/eval/confirm/bridge_clip_w1pool_bf16_v1_ep5__corrected_chatml_v1_eos__confirm_3000_qids__image_only__direct_records.json
corrected_confirm3000:bridge_clip_w1pool_bf16_v1_ep5::bridge_clip_w1pool_bf16_v1_ep5__corrected_chatml_v1_eos__confirm_3000_qids__image_only__direct::exact_full,corrected_chatml_v1_eos,corrected_confirm3000:bridge_clip_w1pool_bf16_v1_ep5,confirm_3000_qids,clip,pool32,none,compare,96,exact_full,44.791667,35.416667,9.375,outputs/eval/confirm/bridge_clip_w1pool_bf16_v1_ep5__corrected_chatml_v1_eos__confirm_3000_qids__image_only__direct_records.json
corrected_confirm3000:bridge_clip_w1pool_bf16_v1_ep5::bridge_clip_w1pool_bf16_v1_ep5__corrected_chatml_v1_eos__confirm_3000_qids__image_only__direct::exact_full,corrected_chatml_v1_eos,corrected_confirm3000:bridge_clip_w1pool_bf16_v1_ep5,confirm_3000_qids,clip,pool32,none,exist,532,exact_full,54.135338,41.729323,12.406015,outputs/eval/confirm/bridge_clip_w1pool_bf16_v1_ep5__corrected_chatml_v1_eos__confirm_3000_qids__image_only__direct_records.json
corrected_confirm3000:bridge_clip_w1pool_bf16_v1_ep5::bridge_clip_w1pool_bf16_v1_ep5__corrected_chatml_v1_eos__confirm_3000_qids__image_only__direct::exact_full,corrected_chatml_v1_eos,corrected_confirm3000:bridge_clip_w1pool_bf16_v1_ep5,confirm_3000_qids,clip,pool32,none,other,955,exact_full,42.722513,28.376963,14.34555,outputs/eval/confirm/bridge_clip_w1pool_bf16_v1_ep5__corrected_chatml_v1_eos__confirm_3000_qids__image_only__direct_records.json
corrected_confirm3000:bridge_clip_w1pool_bf16_v1_ep5::bridge_clip_w1pool_bf16_v1_ep5__corrected_chatml_v1_eos__confirm_3000_qids__image_only__direct::exact_full,corrected_chatml_v1_eos,corrected_confirm3000:bridge_clip_w1pool_bf16_v1_ep5,confirm_3000_qids,clip,pool32,none,relate,1049,exact_full,36.701621,14.585319,22.116301,outputs/eval/confirm/bridge_clip_w1pool_bf16_v1_ep5__corrected_chatml_v1_eos__confirm_3000_qids__image_only__direct_records.json
corrected_confirm3000:bridge_clip_w1pool_bf16_v1_ep5::bridge_clip_w1pool_bf16_v1_ep5__corrected_chatml_v1_eos__confirm_3000_qids__image_only__direct::vqa_soft,corrected_chatml_v1_eos,corrected_confirm3000:bridge_clip_w1pool_bf16_v1_ep5,confirm_3000_qids,clip,pool32,none,choose,368,vqa_soft,55.978261,50,5.978261,outputs/eval/confirm/bridge_clip_w1pool_bf16_v1_ep5__corrected_chatml_v1_eos__confirm_3000_qids__image_only__direct_records.json
corrected_confirm3000:bridge_clip_w1pool_bf16_v1_ep5::bridge_clip_w1pool_bf16_v1_ep5__corrected_chatml_v1_eos__confirm_3000_qids__image_only__direct::vqa_soft,corrected_chatml_v1_eos,corrected_confirm3000:bridge_clip_w1pool_bf16_v1_ep5,confirm_3000_qids,clip,pool32,none,compare,96,vqa_soft,44.791667,39.583333,5.208333,outputs/eval/confirm/bridge_clip_w1pool_bf16_v1_ep5__corrected_chatml_v1_eos__confirm_3000_qids__image_only__direct_records.json
corrected_confirm3000:bridge_clip_w1pool_bf16_v1_ep5::bridge_clip_w1pool_bf16_v1_ep5__corrected_chatml_v1_eos__confirm_3000_qids__image_only__direct::vqa_soft,corrected_chatml_v1_eos,corrected_confirm3000:bridge_clip_w1pool_bf16_v1_ep5,confirm_3000_qids,clip,pool32,none,exist,532,vqa_soft,54.135338,50.37594,3.759398,outputs/eval/confirm/bridge_clip_w1pool_bf16_v1_ep5__corrected_chatml_v1_eos__confirm_3000_qids__image_only__direct_records.json
corrected_confirm3000:bridge_clip_w1pool_bf16_v1_ep5::bridge_clip_w1pool_bf16_v1_ep5__corrected_chatml_v1_eos__confirm_3000_qids__image_only__direct::vqa_soft,corrected_chatml_v1_eos,corrected_confirm3000:bridge_clip_w1pool_bf16_v1_ep5,confirm_3000_qids,clip,pool32,none,other,955,vqa_soft,43.560209,30.680628,12.879581,outputs/eval/confirm/bridge_clip_w1pool_bf16_v1_ep5__corrected_chatml_v1_eos__confirm_3000_qids__image_only__direct_records.json
corrected_confirm3000:bridge_clip_w1pool_bf16_v1_ep5::bridge_clip_w1pool_bf16_v1_ep5__corrected_chatml_v1_eos__confirm_3000_qids__image_only__direct::vqa_soft,corrected_chatml_v1_eos,corrected_confirm3000:bridge_clip_w1pool_bf16_v1_ep5,confirm_3000_qids,clip,pool32,none,relate,1049,vqa_soft,37.750238,15.34795,22.402288,outputs/eval/confirm/bridge_clip_w1pool_bf16_v1_ep5__corrected_chatml_v1_eos__confirm_3000_qids__image_only__direct_records.json
corrected_confirm3000:bridge_clip_w1qf_bf16_v1_ep5::bridge_clip_w1qf_bf16_v1_ep5__corrected_chatml_v1_eos__confirm_3000_qids__image_only__direct::exact,corrected_chatml_v1_eos,corrected_confirm3000:bridge_clip_w1qf_bf16_v1_ep5,confirm_3000_qids,clip,qformer32,none,choose,368,exact,57.880435,49.184783,8.695652,outputs/eval/confirm/bridge_clip_w1qf_bf16_v1_ep5__corrected_chatml_v1_eos__confirm_3000_qids__image_only__direct_records.json
corrected_confirm3000:bridge_clip_w1qf_bf16_v1_ep5::bridge_clip_w1qf_bf16_v1_ep5__corrected_chatml_v1_eos__confirm_3000_qids__image_only__direct::exact,corrected_chatml_v1_eos,corrected_confirm3000:bridge_clip_w1qf_bf16_v1_ep5,confirm_3000_qids,clip,qformer32,none,compare,96,exact,36.458333,35.416667,1.041667,outputs/eval/confirm/bridge_clip_w1qf_bf16_v1_ep5__corrected_chatml_v1_eos__confirm_3000_qids__image_only__direct_records.json
corrected_confirm3000:bridge_clip_w1qf_bf16_v1_ep5::bridge_clip_w1qf_bf16_v1_ep5__corrected_chatml_v1_eos__confirm_3000_qids__image_only__direct::exact,corrected_chatml_v1_eos,corrected_confirm3000:bridge_clip_w1qf_bf16_v1_ep5,confirm_3000_qids,clip,qformer32,none,exist,532,exact,57.894737,41.729323,16.165414,outputs/eval/confirm/bridge_clip_w1qf_bf16_v1_ep5__corrected_chatml_v1_eos__confirm_3000_qids__image_only__direct_records.json
corrected_confirm3000:bridge_clip_w1qf_bf16_v1_ep5::bridge_clip_w1qf_bf16_v1_ep5__corrected_chatml_v1_eos__confirm_3000_qids__image_only__direct::exact,corrected_chatml_v1_eos,corrected_confirm3000:bridge_clip_w1qf_bf16_v1_ep5,confirm_3000_qids,clip,qformer32,none,other,955,exact,42.094241,28.376963,13.717277,outputs/eval/confirm/bridge_clip_w1qf_bf16_v1_ep5__corrected_chatml_v1_eos__confirm_3000_qids__image_only__direct_records.json
corrected_confirm3000:bridge_clip_w1qf_bf16_v1_ep5::bridge_clip_w1qf_bf16_v1_ep5__corrected_chatml_v1_eos__confirm_3000_qids__image_only__direct::exact,corrected_chatml_v1_eos,corrected_confirm3000:bridge_clip_w1qf_bf16_v1_ep5,confirm_3000_qids,clip,qformer32,none,relate,1049,exact,35.843661,14.585319,21.258341,outputs/eval/confirm/bridge_clip_w1qf_bf16_v1_ep5__corrected_chatml_v1_eos__confirm_3000_qids__image_only__direct_records.json
corrected_confirm3000:bridge_clip_w1qf_bf16_v1_ep5::bridge_clip_w1qf_bf16_v1_ep5__corrected_chatml_v1_eos__confirm_3000_qids__image_only__direct::exact_full,corrected_chatml_v1_eos,corrected_confirm3000:bridge_clip_w1qf_bf16_v1_ep5,confirm_3000_qids,clip,qformer32,none,choose,368,exact_full,57.880435,49.184783,8.695652,outputs/eval/confirm/bridge_clip_w1qf_bf16_v1_ep5__corrected_chatml_v1_eos__confirm_3000_qids__image_only__direct_records.json
corrected_confirm3000:bridge_clip_w1qf_bf16_v1_ep5::bridge_clip_w1qf_bf16_v1_ep5__corrected_chatml_v1_eos__confirm_3000_qids__image_only__direct::exact_full,corrected_chatml_v1_eos,corrected_confirm3000:bridge_clip_w1qf_bf16_v1_ep5,confirm_3000_qids,clip,qformer32,none,compare,96,exact_full,36.458333,35.416667,1.041667,outputs/eval/confirm/bridge_clip_w1qf_bf16_v1_ep5__corrected_chatml_v1_eos__confirm_3000_qids__image_only__direct_records.json
corrected_confirm3000:bridge_clip_w1qf_bf16_v1_ep5::bridge_clip_w1qf_bf16_v1_ep5__corrected_chatml_v1_eos__confirm_3000_qids__image_only__direct::exact_full,corrected_chatml_v1_eos,corrected_confirm3000:bridge_clip_w1qf_bf16_v1_ep5,confirm_3000_qids,clip,qformer32,none,exist,532,exact_full,57.894737,41.729323,16.165414,outputs/eval/confirm/bridge_clip_w1qf_bf16_v1_ep5__corrected_chatml_v1_eos__confirm_3000_qids__image_only__direct_records.json
corrected_confirm3000:bridge_clip_w1qf_bf16_v1_ep5::bridge_clip_w1qf_bf16_v1_ep5__corrected_chatml_v1_eos__confirm_3000_qids__image_only__direct::exact_full,corrected_chatml_v1_eos,corrected_confirm3000:bridge_clip_w1qf_bf16_v1_ep5,confirm_3000_qids,clip,qformer32,none,other,955,exact_full,42.094241,28.376963,13.717277,outputs/eval/confirm/bridge_clip_w1qf_bf16_v1_ep5__corrected_chatml_v1_eos__confirm_3000_qids__image_only__direct_records.json
corrected_confirm3000:bridge_clip_w1qf_bf16_v1_ep5::bridge_clip_w1qf_bf16_v1_ep5__corrected_chatml_v1_eos__confirm_3000_qids__image_only__direct::exact_full,corrected_chatml_v1_eos,corrected_confirm3000:bridge_clip_w1qf_bf16_v1_ep5,confirm_3000_qids,clip,qformer32,none,relate,1049,exact_full,35.843661,14.585319,21.258341,outputs/eval/confirm/bridge_clip_w1qf_bf16_v1_ep5__corrected_chatml_v1_eos__confirm_3000_qids__image_only__direct_records.json
corrected_confirm3000:bridge_clip_w1qf_bf16_v1_ep5::bridge_clip_w1qf_bf16_v1_ep5__corrected_chatml_v1_eos__confirm_3000_qids__image_only__direct::vqa_soft,corrected_chatml_v1_eos,corrected_confirm3000:bridge_clip_w1qf_bf16_v1_ep5,confirm_3000_qids,clip,qformer32,none,choose,368,vqa_soft,57.880435,50,7.880435,outputs/eval/confirm/bridge_clip_w1qf_bf16_v1_ep5__corrected_chatml_v1_eos__confirm_3000_qids__image_only__direct_records.json
corrected_confirm3000:bridge_clip_w1qf_bf16_v1_ep5::bridge_clip_w1qf_bf16_v1_ep5__corrected_chatml_v1_eos__confirm_3000_qids__image_only__direct::vqa_soft,corrected_chatml_v1_eos,corrected_confirm3000:bridge_clip_w1qf_bf16_v1_ep5,confirm_3000_qids,clip,qformer32,none,compare,96,vqa_soft,36.458333,39.583333,-3.125,outputs/eval/confirm/bridge_clip_w1qf_bf16_v1_ep5__corrected_chatml_v1_eos__confirm_3000_qids__image_only__direct_records.json
corrected_confirm3000:bridge_clip_w1qf_bf16_v1_ep5::bridge_clip_w1qf_bf16_v1_ep5__corrected_chatml_v1_eos__confirm_3000_qids__image_only__direct::vqa_soft,corrected_chatml_v1_eos,corrected_confirm3000:bridge_clip_w1qf_bf16_v1_ep5,confirm_3000_qids,clip,qformer32,none,exist,532,vqa_soft,57.894737,50.37594,7.518797,outputs/eval/confirm/bridge_clip_w1qf_bf16_v1_ep5__corrected_chatml_v1_eos__confirm_3000_qids__image_only__direct_records.json
corrected_confirm3000:bridge_clip_w1qf_bf16_v1_ep5::bridge_clip_w1qf_bf16_v1_ep5__corrected_chatml_v1_eos__confirm_3000_qids__image_only__direct::vqa_soft,corrected_chatml_v1_eos,corrected_confirm3000:bridge_clip_w1qf_bf16_v1_ep5,confirm_3000_qids,clip,qformer32,none,other,955,vqa_soft,43.141361,30.680628,12.460733,outputs/eval/confirm/bridge_clip_w1qf_bf16_v1_ep5__corrected_chatml_v1_eos__confirm_3000_qids__image_only__direct_records.json
corrected_confirm3000:bridge_clip_w1qf_bf16_v1_ep5::bridge_clip_w1qf_bf16_v1_ep5__corrected_chatml_v1_eos__confirm_3000_qids__image_only__direct::vqa_soft,corrected_chatml_v1_eos,corrected_confirm3000:bridge_clip_w1qf_bf16_v1_ep5,confirm_3000_qids,clip,qformer32,none,relate,1049,vqa_soft,36.892278,15.34795,21.544328,outputs/eval/confirm/bridge_clip_w1qf_bf16_v1_ep5__corrected_chatml_v1_eos__confirm_3000_qids__image_only__direct_records.json
corrected_confirm3000:bridge_clip_w1qf_ext7_v1_ep6::bridge_clip_w1qf_ext7_v1_ep6__corrected_chatml_v1_eos__confirm_3000_qids__image_only__direct::exact,corrected_chatml_v1_eos,corrected_confirm3000:bridge_clip_w1qf_ext7_v1_ep6,confirm_3000_qids,clip,qformer32,none,choose,368,exact,60.326087,49.184783,11.141304,outputs/eval/confirm/bridge_clip_w1qf_ext7_v1_ep6__corrected_chatml_v1_eos__confirm_3000_qids__image_only__direct_records.json
corrected_confirm3000:bridge_clip_w1qf_ext7_v1_ep6::bridge_clip_w1qf_ext7_v1_ep6__corrected_chatml_v1_eos__confirm_3000_qids__image_only__direct::exact,corrected_chatml_v1_eos,corrected_confirm3000:bridge_clip_w1qf_ext7_v1_ep6,confirm_3000_qids,clip,qformer32,none,compare,96,exact,45.833333,35.416667,10.416667,outputs/eval/confirm/bridge_clip_w1qf_ext7_v1_ep6__corrected_chatml_v1_eos__confirm_3000_qids__image_only__direct_records.json
corrected_confirm3000:bridge_clip_w1qf_ext7_v1_ep6::bridge_clip_w1qf_ext7_v1_ep6__corrected_chatml_v1_eos__confirm_3000_qids__image_only__direct::exact,corrected_chatml_v1_eos,corrected_confirm3000:bridge_clip_w1qf_ext7_v1_ep6,confirm_3000_qids,clip,qformer32,none,exist,532,exact,57.706767,41.729323,15.977444,outputs/eval/confirm/bridge_clip_w1qf_ext7_v1_ep6__corrected_chatml_v1_eos__confirm_3000_qids__image_only__direct_records.json
corrected_confirm3000:bridge_clip_w1qf_ext7_v1_ep6::bridge_clip_w1qf_ext7_v1_ep6__corrected_chatml_v1_eos__confirm_3000_qids__image_only__direct::exact,corrected_chatml_v1_eos,corrected_confirm3000:bridge_clip_w1qf_ext7_v1_ep6,confirm_3000_qids,clip,qformer32,none,other,955,exact,42.198953,28.376963,13.82199,outputs/eval/confirm/bridge_clip_w1qf_ext7_v1_ep6__corrected_chatml_v1_eos__confirm_3000_qids__image_only__direct_records.json
corrected_confirm3000:bridge_clip_w1qf_ext7_v1_ep6::bridge_clip_w1qf_ext7_v1_ep6__corrected_chatml_v1_eos__confirm_3000_qids__image_only__direct::exact,corrected_chatml_v1_eos,corrected_confirm3000:bridge_clip_w1qf_ext7_v1_ep6,confirm_3000_qids,clip,qformer32,none,relate,1049,exact,35.08103,14.585319,20.49571,outputs/eval/confirm/bridge_clip_w1qf_ext7_v1_ep6__corrected_chatml_v1_eos__confirm_3000_qids__image_only__direct_records.json
corrected_confirm3000:bridge_clip_w1qf_ext7_v1_ep6::bridge_clip_w1qf_ext7_v1_ep6__corrected_chatml_v1_eos__confirm_3000_qids__image_only__direct::exact_full,corrected_chatml_v1_eos,corrected_confirm3000:bridge_clip_w1qf_ext7_v1_ep6,confirm_3000_qids,clip,qformer32,none,choose,368,exact_full,60.326087,49.184783,11.141304,outputs/eval/confirm/bridge_clip_w1qf_ext7_v1_ep6__corrected_chatml_v1_eos__confirm_3000_qids__image_only__direct_records.json
corrected_confirm3000:bridge_clip_w1qf_ext7_v1_ep6::bridge_clip_w1qf_ext7_v1_ep6__corrected_chatml_v1_eos__confirm_3000_qids__image_only__direct::exact_full,corrected_chatml_v1_eos,corrected_confirm3000:bridge_clip_w1qf_ext7_v1_ep6,confirm_3000_qids,clip,qformer32,none,compare,96,exact_full,45.833333,35.416667,10.416667,outputs/eval/confirm/bridge_clip_w1qf_ext7_v1_ep6__corrected_chatml_v1_eos__confirm_3000_qids__image_only__direct_records.json
corrected_confirm3000:bridge_clip_w1qf_ext7_v1_ep6::bridge_clip_w1qf_ext7_v1_ep6__corrected_chatml_v1_eos__confirm_3000_qids__image_only__direct::exact_full,corrected_chatml_v1_eos,corrected_confirm3000:bridge_clip_w1qf_ext7_v1_ep6,confirm_3000_qids,clip,qformer32,none,exist,532,exact_full,57.706767,41.729323,15.977444,outputs/eval/confirm/bridge_clip_w1qf_ext7_v1_ep6__corrected_chatml_v1_eos__confirm_3000_qids__image_only__direct_records.json
corrected_confirm3000:bridge_clip_w1qf_ext7_v1_ep6::bridge_clip_w1qf_ext7_v1_ep6__corrected_chatml_v1_eos__confirm_3000_qids__image_only__direct::exact_full,corrected_chatml_v1_eos,corrected_confirm3000:bridge_clip_w1qf_ext7_v1_ep6,confirm_3000_qids,clip,qformer32,none,other,955,exact_full,42.198953,28.376963,13.82199,outputs/eval/confirm/bridge_clip_w1qf_ext7_v1_ep6__corrected_chatml_v1_eos__confirm_3000_qids__image_only__direct_records.json
corrected_confirm3000:bridge_clip_w1qf_ext7_v1_ep6::bridge_clip_w1qf_ext7_v1_ep6__corrected_chatml_v1_eos__confirm_3000_qids__image_only__direct::exact_full,corrected_chatml_v1_eos,corrected_confirm3000:bridge_clip_w1qf_ext7_v1_ep6,confirm_3000_qids,clip,qformer32,none,relate,1049,exact_full,35.08103,14.585319,20.49571,outputs/eval/confirm/bridge_clip_w1qf_ext7_v1_ep6__corrected_chatml_v1_eos__confirm_3000_qids__image_only__direct_records.json
corrected_confirm3000:bridge_clip_w1qf_ext7_v1_ep6::bridge_clip_w1qf_ext7_v1_ep6__corrected_chatml_v1_eos__confirm_3000_qids__image_only__direct::vqa_soft,corrected_chatml_v1_eos,corrected_confirm3000:bridge_clip_w1qf_ext7_v1_ep6,confirm_3000_qids,clip,qformer32,none,choose,368,vqa_soft,60.326087,50,10.326087,outputs/eval/confirm/bridge_clip_w1qf_ext7_v1_ep6__corrected_chatml_v1_eos__confirm_3000_qids__image_only__direct_records.json
corrected_confirm3000:bridge_clip_w1qf_ext7_v1_ep6::bridge_clip_w1qf_ext7_v1_ep6__corrected_chatml_v1_eos__confirm_3000_qids__image_only__direct::vqa_soft,corrected_chatml_v1_eos,corrected_confirm3000:bridge_clip_w1qf_ext7_v1_ep6,confirm_3000_qids,clip,qformer32,none,compare,96,vqa_soft,45.833333,39.583333,6.25,outputs/eval/confirm/bridge_clip_w1qf_ext7_v1_ep6__corrected_chatml_v1_eos__confirm_3000_qids__image_only__direct_records.json
corrected_confirm3000:bridge_clip_w1qf_ext7_v1_ep6::bridge_clip_w1qf_ext7_v1_ep6__corrected_chatml_v1_eos__confirm_3000_qids__image_only__direct::vqa_soft,corrected_chatml_v1_eos,corrected_confirm3000:bridge_clip_w1qf_ext7_v1_ep6,confirm_3000_qids,clip,qformer32,none,exist,532,vqa_soft,57.706767,50.37594,7.330827,outputs/eval/confirm/bridge_clip_w1qf_ext7_v1_ep6__corrected_chatml_v1_eos__confirm_3000_qids__image_only__direct_records.json
corrected_confirm3000:bridge_clip_w1qf_ext7_v1_ep6::bridge_clip_w1qf_ext7_v1_ep6__corrected_chatml_v1_eos__confirm_3000_qids__image_only__direct::vqa_soft,corrected_chatml_v1_eos,corrected_confirm3000:bridge_clip_w1qf_ext7_v1_ep6,confirm_3000_qids,clip,qformer32,none,other,955,vqa_soft,43.141361,30.680628,12.460733,outputs/eval/confirm/bridge_clip_w1qf_ext7_v1_ep6__corrected_chatml_v1_eos__confirm_3000_qids__image_only__direct_records.json
corrected_confirm3000:bridge_clip_w1qf_ext7_v1_ep6::bridge_clip_w1qf_ext7_v1_ep6__corrected_chatml_v1_eos__confirm_3000_qids__image_only__direct::vqa_soft,corrected_chatml_v1_eos,corrected_confirm3000:bridge_clip_w1qf_ext7_v1_ep6,confirm_3000_qids,clip,qformer32,none,relate,1049,vqa_soft,36.415634,15.34795,21.067684,outputs/eval/confirm/bridge_clip_w1qf_ext7_v1_ep6__corrected_chatml_v1_eos__confirm_3000_qids__image_only__direct_records.json
corrected_confirm3000:bridge_clip_w1qf_ext7_v1_ep7::bridge_clip_w1qf_ext7_v1_ep7__corrected_chatml_v1_eos__confirm_3000_qids__image_only__direct::exact,corrected_chatml_v1_eos,corrected_confirm3000:bridge_clip_w1qf_ext7_v1_ep7,confirm_3000_qids,clip,qformer32,none,choose,368,exact,61.413043,49.184783,12.228261,outputs/eval/confirm/bridge_clip_w1qf_ext7_v1_ep7__corrected_chatml_v1_eos__confirm_3000_qids__image_only__direct_records.json
corrected_confirm3000:bridge_clip_w1qf_ext7_v1_ep7::bridge_clip_w1qf_ext7_v1_ep7__corrected_chatml_v1_eos__confirm_3000_qids__image_only__direct::exact,corrected_chatml_v1_eos,corrected_confirm3000:bridge_clip_w1qf_ext7_v1_ep7,confirm_3000_qids,clip,qformer32,none,compare,96,exact,39.583333,35.416667,4.166667,outputs/eval/confirm/bridge_clip_w1qf_ext7_v1_ep7__corrected_chatml_v1_eos__confirm_3000_qids__image_only__direct_records.json
corrected_confirm3000:bridge_clip_w1qf_ext7_v1_ep7::bridge_clip_w1qf_ext7_v1_ep7__corrected_chatml_v1_eos__confirm_3000_qids__image_only__direct::exact,corrected_chatml_v1_eos,corrected_confirm3000:bridge_clip_w1qf_ext7_v1_ep7,confirm_3000_qids,clip,qformer32,none,exist,532,exact,54.699248,41.729323,12.969925,outputs/eval/confirm/bridge_clip_w1qf_ext7_v1_ep7__corrected_chatml_v1_eos__confirm_3000_qids__image_only__direct_records.json
corrected_confirm3000:bridge_clip_w1qf_ext7_v1_ep7::bridge_clip_w1qf_ext7_v1_ep7__corrected_chatml_v1_eos__confirm_3000_qids__image_only__direct::exact,corrected_chatml_v1_eos,corrected_confirm3000:bridge_clip_w1qf_ext7_v1_ep7,confirm_3000_qids,clip,qformer32,none,other,955,exact,42.408377,28.376963,14.031414,outputs/eval/confirm/bridge_clip_w1qf_ext7_v1_ep7__corrected_chatml_v1_eos__confirm_3000_qids__image_only__direct_records.json
corrected_confirm3000:bridge_clip_w1qf_ext7_v1_ep7::bridge_clip_w1qf_ext7_v1_ep7__corrected_chatml_v1_eos__confirm_3000_qids__image_only__direct::exact,corrected_chatml_v1_eos,corrected_confirm3000:bridge_clip_w1qf_ext7_v1_ep7,confirm_3000_qids,clip,qformer32,none,relate,1049,exact,35.653003,14.585319,21.067684,outputs/eval/confirm/bridge_clip_w1qf_ext7_v1_ep7__corrected_chatml_v1_eos__confirm_3000_qids__image_only__direct_records.json
corrected_confirm3000:bridge_clip_w1qf_ext7_v1_ep7::bridge_clip_w1qf_ext7_v1_ep7__corrected_chatml_v1_eos__confirm_3000_qids__image_only__direct::exact_full,corrected_chatml_v1_eos,corrected_confirm3000:bridge_clip_w1qf_ext7_v1_ep7,confirm_3000_qids,clip,qformer32,none,choose,368,exact_full,61.413043,49.184783,12.228261,outputs/eval/confirm/bridge_clip_w1qf_ext7_v1_ep7__corrected_chatml_v1_eos__confirm_3000_qids__image_only__direct_records.json
corrected_confirm3000:bridge_clip_w1qf_ext7_v1_ep7::bridge_clip_w1qf_ext7_v1_ep7__corrected_chatml_v1_eos__confirm_3000_qids__image_only__direct::exact_full,corrected_chatml_v1_eos,corrected_confirm3000:bridge_clip_w1qf_ext7_v1_ep7,confirm_3000_qids,clip,qformer32,none,compare,96,exact_full,39.583333,35.416667,4.166667,outputs/eval/confirm/bridge_clip_w1qf_ext7_v1_ep7__corrected_chatml_v1_eos__confirm_3000_qids__image_only__direct_records.json
corrected_confirm3000:bridge_clip_w1qf_ext7_v1_ep7::bridge_clip_w1qf_ext7_v1_ep7__corrected_chatml_v1_eos__confirm_3000_qids__image_only__direct::exact_full,corrected_chatml_v1_eos,corrected_confirm3000:bridge_clip_w1qf_ext7_v1_ep7,confirm_3000_qids,clip,qformer32,none,exist,532,exact_full,54.699248,41.729323,12.969925,outputs/eval/confirm/bridge_clip_w1qf_ext7_v1_ep7__corrected_chatml_v1_eos__confirm_3000_qids__image_only__direct_records.json
corrected_confirm3000:bridge_clip_w1qf_ext7_v1_ep7::bridge_clip_w1qf_ext7_v1_ep7__corrected_chatml_v1_eos__confirm_3000_qids__image_only__direct::exact_full,corrected_chatml_v1_eos,corrected_confirm3000:bridge_clip_w1qf_ext7_v1_ep7,confirm_3000_qids,clip,qformer32,none,other,955,exact_full,42.408377,28.376963,14.031414,outputs/eval/confirm/bridge_clip_w1qf_ext7_v1_ep7__corrected_chatml_v1_eos__confirm_3000_qids__image_only__direct_records.json
corrected_confirm3000:bridge_clip_w1qf_ext7_v1_ep7::bridge_clip_w1qf_ext7_v1_ep7__corrected_chatml_v1_eos__confirm_3000_qids__image_only__direct::exact_full,corrected_chatml_v1_eos,corrected_confirm3000:bridge_clip_w1qf_ext7_v1_ep7,confirm_3000_qids,clip,qformer32,none,relate,1049,exact_full,35.653003,14.585319,21.067684,outputs/eval/confirm/bridge_clip_w1qf_ext7_v1_ep7__corrected_chatml_v1_eos__confirm_3000_qids__image_only__direct_records.json
corrected_confirm3000:bridge_clip_w1qf_ext7_v1_ep7::bridge_clip_w1qf_ext7_v1_ep7__corrected_chatml_v1_eos__confirm_3000_qids__image_only__direct::vqa_soft,corrected_chatml_v1_eos,corrected_confirm3000:bridge_clip_w1qf_ext7_v1_ep7,confirm_3000_qids,clip,qformer32,none,choose,368,vqa_soft,61.413043,50,11.413043,outputs/eval/confirm/bridge_clip_w1qf_ext7_v1_ep7__corrected_chatml_v1_eos__confirm_3000_qids__image_only__direct_records.json
corrected_confirm3000:bridge_clip_w1qf_ext7_v1_ep7::bridge_clip_w1qf_ext7_v1_ep7__corrected_chatml_v1_eos__confirm_3000_qids__image_only__direct::vqa_soft,corrected_chatml_v1_eos,corrected_confirm3000:bridge_clip_w1qf_ext7_v1_ep7,confirm_3000_qids,clip,qformer32,none,compare,96,vqa_soft,39.583333,39.583333,0,outputs/eval/confirm/bridge_clip_w1qf_ext7_v1_ep7__corrected_chatml_v1_eos__confirm_3000_qids__image_only__direct_records.json
corrected_confirm3000:bridge_clip_w1qf_ext7_v1_ep7::bridge_clip_w1qf_ext7_v1_ep7__corrected_chatml_v1_eos__confirm_3000_qids__image_only__direct::vqa_soft,corrected_chatml_v1_eos,corrected_confirm3000:bridge_clip_w1qf_ext7_v1_ep7,confirm_3000_qids,clip,qformer32,none,exist,532,vqa_soft,54.699248,50.37594,4.323308,outputs/eval/confirm/bridge_clip_w1qf_ext7_v1_ep7__corrected_chatml_v1_eos__confirm_3000_qids__image_only__direct_records.json
corrected_confirm3000:bridge_clip_w1qf_ext7_v1_ep7::bridge_clip_w1qf_ext7_v1_ep7__corrected_chatml_v1_eos__confirm_3000_qids__image_only__direct::vqa_soft,corrected_chatml_v1_eos,corrected_confirm3000:bridge_clip_w1qf_ext7_v1_ep7,confirm_3000_qids,clip,qformer32,none,other,955,vqa_soft,43.350785,30.680628,12.670157,outputs/eval/confirm/bridge_clip_w1qf_ext7_v1_ep7__corrected_chatml_v1_eos__confirm_3000_qids__image_only__direct_records.json
corrected_confirm3000:bridge_clip_w1qf_ext7_v1_ep7::bridge_clip_w1qf_ext7_v1_ep7__corrected_chatml_v1_eos__confirm_3000_qids__image_only__direct::vqa_soft,corrected_chatml_v1_eos,corrected_confirm3000:bridge_clip_w1qf_ext7_v1_ep7,confirm_3000_qids,clip,qformer32,none,relate,1049,vqa_soft,36.415634,15.34795,21.067684,outputs/eval/confirm/bridge_clip_w1qf_ext7_v1_ep7__corrected_chatml_v1_eos__confirm_3000_qids__image_only__direct_records.json
corrected_confirm3000:bridge_clip_w1qf_s43_v1_ep5::bridge_clip_w1qf_s43_v1_ep5__corrected_chatml_v1_eos__confirm_3000_qids__image_only__direct::exact,corrected_chatml_v1_eos,corrected_confirm3000:bridge_clip_w1qf_s43_v1_ep5,confirm_3000_qids,clip,qformer32,none,choose,368,exact,57.608696,49.184783,8.423913,outputs/eval/confirm/bridge_clip_w1qf_s43_v1_ep5__corrected_chatml_v1_eos__confirm_3000_qids__image_only__direct_records.json
corrected_confirm3000:bridge_clip_w1qf_s43_v1_ep5::bridge_clip_w1qf_s43_v1_ep5__corrected_chatml_v1_eos__confirm_3000_qids__image_only__direct::exact,corrected_chatml_v1_eos,corrected_confirm3000:bridge_clip_w1qf_s43_v1_ep5,confirm_3000_qids,clip,qformer32,none,compare,96,exact,41.666667,35.416667,6.25,outputs/eval/confirm/bridge_clip_w1qf_s43_v1_ep5__corrected_chatml_v1_eos__confirm_3000_qids__image_only__direct_records.json
corrected_confirm3000:bridge_clip_w1qf_s43_v1_ep5::bridge_clip_w1qf_s43_v1_ep5__corrected_chatml_v1_eos__confirm_3000_qids__image_only__direct::exact,corrected_chatml_v1_eos,corrected_confirm3000:bridge_clip_w1qf_s43_v1_ep5,confirm_3000_qids,clip,qformer32,none,exist,532,exact,52.067669,41.729323,10.338346,outputs/eval/confirm/bridge_clip_w1qf_s43_v1_ep5__corrected_chatml_v1_eos__confirm_3000_qids__image_only__direct_records.json
corrected_confirm3000:bridge_clip_w1qf_s43_v1_ep5::bridge_clip_w1qf_s43_v1_ep5__corrected_chatml_v1_eos__confirm_3000_qids__image_only__direct::exact,corrected_chatml_v1_eos,corrected_confirm3000:bridge_clip_w1qf_s43_v1_ep5,confirm_3000_qids,clip,qformer32,none,other,955,exact,41.04712,28.376963,12.670157,outputs/eval/confirm/bridge_clip_w1qf_s43_v1_ep5__corrected_chatml_v1_eos__confirm_3000_qids__image_only__direct_records.json
corrected_confirm3000:bridge_clip_w1qf_s43_v1_ep5::bridge_clip_w1qf_s43_v1_ep5__corrected_chatml_v1_eos__confirm_3000_qids__image_only__direct::exact,corrected_chatml_v1_eos,corrected_confirm3000:bridge_clip_w1qf_s43_v1_ep5,confirm_3000_qids,clip,qformer32,none,relate,1049,exact,33.841754,14.585319,19.256435,outputs/eval/confirm/bridge_clip_w1qf_s43_v1_ep5__corrected_chatml_v1_eos__confirm_3000_qids__image_only__direct_records.json
corrected_confirm3000:bridge_clip_w1qf_s43_v1_ep5::bridge_clip_w1qf_s43_v1_ep5__corrected_chatml_v1_eos__confirm_3000_qids__image_only__direct::exact_full,corrected_chatml_v1_eos,corrected_confirm3000:bridge_clip_w1qf_s43_v1_ep5,confirm_3000_qids,clip,qformer32,none,choose,368,exact_full,57.608696,49.184783,8.423913,outputs/eval/confirm/bridge_clip_w1qf_s43_v1_ep5__corrected_chatml_v1_eos__confirm_3000_qids__image_only__direct_records.json
corrected_confirm3000:bridge_clip_w1qf_s43_v1_ep5::bridge_clip_w1qf_s43_v1_ep5__corrected_chatml_v1_eos__confirm_3000_qids__image_only__direct::exact_full,corrected_chatml_v1_eos,corrected_confirm3000:bridge_clip_w1qf_s43_v1_ep5,confirm_3000_qids,clip,qformer32,none,compare,96,exact_full,41.666667,35.416667,6.25,outputs/eval/confirm/bridge_clip_w1qf_s43_v1_ep5__corrected_chatml_v1_eos__confirm_3000_qids__image_only__direct_records.json
corrected_confirm3000:bridge_clip_w1qf_s43_v1_ep5::bridge_clip_w1qf_s43_v1_ep5__corrected_chatml_v1_eos__confirm_3000_qids__image_only__direct::exact_full,corrected_chatml_v1_eos,corrected_confirm3000:bridge_clip_w1qf_s43_v1_ep5,confirm_3000_qids,clip,qformer32,none,exist,532,exact_full,52.067669,41.729323,10.338346,outputs/eval/confirm/bridge_clip_w1qf_s43_v1_ep5__corrected_chatml_v1_eos__confirm_3000_qids__image_only__direct_records.json
corrected_confirm3000:bridge_clip_w1qf_s43_v1_ep5::bridge_clip_w1qf_s43_v1_ep5__corrected_chatml_v1_eos__confirm_3000_qids__image_only__direct::exact_full,corrected_chatml_v1_eos,corrected_confirm3000:bridge_clip_w1qf_s43_v1_ep5,confirm_3000_qids,clip,qformer32,none,other,955,exact_full,41.04712,28.376963,12.670157,outputs/eval/confirm/bridge_clip_w1qf_s43_v1_ep5__corrected_chatml_v1_eos__confirm_3000_qids__image_only__direct_records.json
corrected_confirm3000:bridge_clip_w1qf_s43_v1_ep5::bridge_clip_w1qf_s43_v1_ep5__corrected_chatml_v1_eos__confirm_3000_qids__image_only__direct::exact_full,corrected_chatml_v1_eos,corrected_confirm3000:bridge_clip_w1qf_s43_v1_ep5,confirm_3000_qids,clip,qformer32,none,relate,1049,exact_full,33.841754,14.585319,19.256435,outputs/eval/confirm/bridge_clip_w1qf_s43_v1_ep5__corrected_chatml_v1_eos__confirm_3000_qids__image_only__direct_records.json
corrected_confirm3000:bridge_clip_w1qf_s43_v1_ep5::bridge_clip_w1qf_s43_v1_ep5__corrected_chatml_v1_eos__confirm_3000_qids__image_only__direct::vqa_soft,corrected_chatml_v1_eos,corrected_confirm3000:bridge_clip_w1qf_s43_v1_ep5,confirm_3000_qids,clip,qformer32,none,choose,368,vqa_soft,57.608696,50,7.608696,outputs/eval/confirm/bridge_clip_w1qf_s43_v1_ep5__corrected_chatml_v1_eos__confirm_3000_qids__image_only__direct_records.json
corrected_confirm3000:bridge_clip_w1qf_s43_v1_ep5::bridge_clip_w1qf_s43_v1_ep5__corrected_chatml_v1_eos__confirm_3000_qids__image_only__direct::vqa_soft,corrected_chatml_v1_eos,corrected_confirm3000:bridge_clip_w1qf_s43_v1_ep5,confirm_3000_qids,clip,qformer32,none,compare,96,vqa_soft,41.666667,39.583333,2.083333,outputs/eval/confirm/bridge_clip_w1qf_s43_v1_ep5__corrected_chatml_v1_eos__confirm_3000_qids__image_only__direct_records.json
corrected_confirm3000:bridge_clip_w1qf_s43_v1_ep5::bridge_clip_w1qf_s43_v1_ep5__corrected_chatml_v1_eos__confirm_3000_qids__image_only__direct::vqa_soft,corrected_chatml_v1_eos,corrected_confirm3000:bridge_clip_w1qf_s43_v1_ep5,confirm_3000_qids,clip,qformer32,none,exist,532,vqa_soft,52.067669,50.37594,1.691729,outputs/eval/confirm/bridge_clip_w1qf_s43_v1_ep5__corrected_chatml_v1_eos__confirm_3000_qids__image_only__direct_records.json
corrected_confirm3000:bridge_clip_w1qf_s43_v1_ep5::bridge_clip_w1qf_s43_v1_ep5__corrected_chatml_v1_eos__confirm_3000_qids__image_only__direct::vqa_soft,corrected_chatml_v1_eos,corrected_confirm3000:bridge_clip_w1qf_s43_v1_ep5,confirm_3000_qids,clip,qformer32,none,other,955,vqa_soft,41.465969,30.680628,10.78534,outputs/eval/confirm/bridge_clip_w1qf_s43_v1_ep5__corrected_chatml_v1_eos__confirm_3000_qids__image_only__direct_records.json
corrected_confirm3000:bridge_clip_w1qf_s43_v1_ep5::bridge_clip_w1qf_s43_v1_ep5__corrected_chatml_v1_eos__confirm_3000_qids__image_only__direct::vqa_soft,corrected_chatml_v1_eos,corrected_confirm3000:bridge_clip_w1qf_s43_v1_ep5,confirm_3000_qids,clip,qformer32,none,relate,1049,vqa_soft,34.509056,15.34795,19.161106,outputs/eval/confirm/bridge_clip_w1qf_s43_v1_ep5__corrected_chatml_v1_eos__confirm_3000_qids__image_only__direct_records.json
corrected_confirm3000:bridge_clip_w1qf_s44_v1_ep5::bridge_clip_w1qf_s44_v1_ep5__corrected_chatml_v1_eos__confirm_3000_qids__image_only__direct::exact,corrected_chatml_v1_eos,corrected_confirm3000:bridge_clip_w1qf_s44_v1_ep5,confirm_3000_qids,clip,qformer32,none,choose,368,exact,57.336957,49.184783,8.152174,outputs/eval/confirm/bridge_clip_w1qf_s44_v1_ep5__corrected_chatml_v1_eos__confirm_3000_qids__image_only__direct_records.json
corrected_confirm3000:bridge_clip_w1qf_s44_v1_ep5::bridge_clip_w1qf_s44_v1_ep5__corrected_chatml_v1_eos__confirm_3000_qids__image_only__direct::exact,corrected_chatml_v1_eos,corrected_confirm3000:bridge_clip_w1qf_s44_v1_ep5,confirm_3000_qids,clip,qformer32,none,compare,96,exact,38.541667,35.416667,3.125,outputs/eval/confirm/bridge_clip_w1qf_s44_v1_ep5__corrected_chatml_v1_eos__confirm_3000_qids__image_only__direct_records.json
corrected_confirm3000:bridge_clip_w1qf_s44_v1_ep5::bridge_clip_w1qf_s44_v1_ep5__corrected_chatml_v1_eos__confirm_3000_qids__image_only__direct::exact,corrected_chatml_v1_eos,corrected_confirm3000:bridge_clip_w1qf_s44_v1_ep5,confirm_3000_qids,clip,qformer32,none,exist,532,exact,53.947368,41.729323,12.218045,outputs/eval/confirm/bridge_clip_w1qf_s44_v1_ep5__corrected_chatml_v1_eos__confirm_3000_qids__image_only__direct_records.json
corrected_confirm3000:bridge_clip_w1qf_s44_v1_ep5::bridge_clip_w1qf_s44_v1_ep5__corrected_chatml_v1_eos__confirm_3000_qids__image_only__direct::exact,corrected_chatml_v1_eos,corrected_confirm3000:bridge_clip_w1qf_s44_v1_ep5,confirm_3000_qids,clip,qformer32,none,other,955,exact,44.397906,28.376963,16.020942,outputs/eval/confirm/bridge_clip_w1qf_s44_v1_ep5__corrected_chatml_v1_eos__confirm_3000_qids__image_only__direct_records.json
corrected_confirm3000:bridge_clip_w1qf_s44_v1_ep5::bridge_clip_w1qf_s44_v1_ep5__corrected_chatml_v1_eos__confirm_3000_qids__image_only__direct::exact,corrected_chatml_v1_eos,corrected_confirm3000:bridge_clip_w1qf_s44_v1_ep5,confirm_3000_qids,clip,qformer32,none,relate,1049,exact,34.699714,14.585319,20.114395,outputs/eval/confirm/bridge_clip_w1qf_s44_v1_ep5__corrected_chatml_v1_eos__confirm_3000_qids__image_only__direct_records.json
corrected_confirm3000:bridge_clip_w1qf_s44_v1_ep5::bridge_clip_w1qf_s44_v1_ep5__corrected_chatml_v1_eos__confirm_3000_qids__image_only__direct::exact_full,corrected_chatml_v1_eos,corrected_confirm3000:bridge_clip_w1qf_s44_v1_ep5,confirm_3000_qids,clip,qformer32,none,choose,368,exact_full,57.336957,49.184783,8.152174,outputs/eval/confirm/bridge_clip_w1qf_s44_v1_ep5__corrected_chatml_v1_eos__confirm_3000_qids__image_only__direct_records.json
corrected_confirm3000:bridge_clip_w1qf_s44_v1_ep5::bridge_clip_w1qf_s44_v1_ep5__corrected_chatml_v1_eos__confirm_3000_qids__image_only__direct::exact_full,corrected_chatml_v1_eos,corrected_confirm3000:bridge_clip_w1qf_s44_v1_ep5,confirm_3000_qids,clip,qformer32,none,compare,96,exact_full,38.541667,35.416667,3.125,outputs/eval/confirm/bridge_clip_w1qf_s44_v1_ep5__corrected_chatml_v1_eos__confirm_3000_qids__image_only__direct_records.json
corrected_confirm3000:bridge_clip_w1qf_s44_v1_ep5::bridge_clip_w1qf_s44_v1_ep5__corrected_chatml_v1_eos__confirm_3000_qids__image_only__direct::exact_full,corrected_chatml_v1_eos,corrected_confirm3000:bridge_clip_w1qf_s44_v1_ep5,confirm_3000_qids,clip,qformer32,none,exist,532,exact_full,53.947368,41.729323,12.218045,outputs/eval/confirm/bridge_clip_w1qf_s44_v1_ep5__corrected_chatml_v1_eos__confirm_3000_qids__image_only__direct_records.json
corrected_confirm3000:bridge_clip_w1qf_s44_v1_ep5::bridge_clip_w1qf_s44_v1_ep5__corrected_chatml_v1_eos__confirm_3000_qids__image_only__direct::exact_full,corrected_chatml_v1_eos,corrected_confirm3000:bridge_clip_w1qf_s44_v1_ep5,confirm_3000_qids,clip,qformer32,none,other,955,exact_full,44.397906,28.376963,16.020942,outputs/eval/confirm/bridge_clip_w1qf_s44_v1_ep5__corrected_chatml_v1_eos__confirm_3000_qids__image_only__direct_records.json
corrected_confirm3000:bridge_clip_w1qf_s44_v1_ep5::bridge_clip_w1qf_s44_v1_ep5__corrected_chatml_v1_eos__confirm_3000_qids__image_only__direct::exact_full,corrected_chatml_v1_eos,corrected_confirm3000:bridge_clip_w1qf_s44_v1_ep5,confirm_3000_qids,clip,qformer32,none,relate,1049,exact_full,34.699714,14.585319,20.114395,outputs/eval/confirm/bridge_clip_w1qf_s44_v1_ep5__corrected_chatml_v1_eos__confirm_3000_qids__image_only__direct_records.json
corrected_confirm3000:bridge_clip_w1qf_s44_v1_ep5::bridge_clip_w1qf_s44_v1_ep5__corrected_chatml_v1_eos__confirm_3000_qids__image_only__direct::vqa_soft,corrected_chatml_v1_eos,corrected_confirm3000:bridge_clip_w1qf_s44_v1_ep5,confirm_3000_qids,clip,qformer32,none,choose,368,vqa_soft,57.608696,50,7.608696,outputs/eval/confirm/bridge_clip_w1qf_s44_v1_ep5__corrected_chatml_v1_eos__confirm_3000_qids__image_only__direct_records.json
corrected_confirm3000:bridge_clip_w1qf_s44_v1_ep5::bridge_clip_w1qf_s44_v1_ep5__corrected_chatml_v1_eos__confirm_3000_qids__image_only__direct::vqa_soft,corrected_chatml_v1_eos,corrected_confirm3000:bridge_clip_w1qf_s44_v1_ep5,confirm_3000_qids,clip,qformer32,none,compare,96,vqa_soft,38.541667,39.583333,-1.041667,outputs/eval/confirm/bridge_clip_w1qf_s44_v1_ep5__corrected_chatml_v1_eos__confirm_3000_qids__image_only__direct_records.json
corrected_confirm3000:bridge_clip_w1qf_s44_v1_ep5::bridge_clip_w1qf_s44_v1_ep5__corrected_chatml_v1_eos__confirm_3000_qids__image_only__direct::vqa_soft,corrected_chatml_v1_eos,corrected_confirm3000:bridge_clip_w1qf_s44_v1_ep5,confirm_3000_qids,clip,qformer32,none,exist,532,vqa_soft,53.947368,50.37594,3.571429,outputs/eval/confirm/bridge_clip_w1qf_s44_v1_ep5__corrected_chatml_v1_eos__confirm_3000_qids__image_only__direct_records.json
corrected_confirm3000:bridge_clip_w1qf_s44_v1_ep5::bridge_clip_w1qf_s44_v1_ep5__corrected_chatml_v1_eos__confirm_3000_qids__image_only__direct::vqa_soft,corrected_chatml_v1_eos,corrected_confirm3000:bridge_clip_w1qf_s44_v1_ep5,confirm_3000_qids,clip,qformer32,none,other,955,vqa_soft,45.235602,30.680628,14.554974,outputs/eval/confirm/bridge_clip_w1qf_s44_v1_ep5__corrected_chatml_v1_eos__confirm_3000_qids__image_only__direct_records.json
corrected_confirm3000:bridge_clip_w1qf_s44_v1_ep5::bridge_clip_w1qf_s44_v1_ep5__corrected_chatml_v1_eos__confirm_3000_qids__image_only__direct::vqa_soft,corrected_chatml_v1_eos,corrected_confirm3000:bridge_clip_w1qf_s44_v1_ep5,confirm_3000_qids,clip,qformer32,none,relate,1049,vqa_soft,35.271687,15.34795,19.923737,outputs/eval/confirm/bridge_clip_w1qf_s44_v1_ep5__corrected_chatml_v1_eos__confirm_3000_qids__image_only__direct_records.json
corrected_confirm3000:bridge_dinov2_w1_bf16_v1_ep5::bridge_dinov2_w1_bf16_v1_ep5__corrected_chatml_v1_eos__confirm_3000_qids__image_only__direct::exact,corrected_chatml_v1_eos,corrected_confirm3000:bridge_dinov2_w1_bf16_v1_ep5,confirm_3000_qids,dinov2,mlp256,none,choose,368,exact,63.858696,49.184783,14.673913,outputs/eval/confirm/bridge_dinov2_w1_bf16_v1_ep5__corrected_chatml_v1_eos__confirm_3000_qids__image_only__direct_records.json
corrected_confirm3000:bridge_dinov2_w1_bf16_v1_ep5::bridge_dinov2_w1_bf16_v1_ep5__corrected_chatml_v1_eos__confirm_3000_qids__image_only__direct::exact,corrected_chatml_v1_eos,corrected_confirm3000:bridge_dinov2_w1_bf16_v1_ep5,confirm_3000_qids,dinov2,mlp256,none,compare,96,exact,53.125,35.416667,17.708333,outputs/eval/confirm/bridge_dinov2_w1_bf16_v1_ep5__corrected_chatml_v1_eos__confirm_3000_qids__image_only__direct_records.json
corrected_confirm3000:bridge_dinov2_w1_bf16_v1_ep5::bridge_dinov2_w1_bf16_v1_ep5__corrected_chatml_v1_eos__confirm_3000_qids__image_only__direct::exact,corrected_chatml_v1_eos,corrected_confirm3000:bridge_dinov2_w1_bf16_v1_ep5,confirm_3000_qids,dinov2,mlp256,none,exist,532,exact,56.578947,41.729323,14.849624,outputs/eval/confirm/bridge_dinov2_w1_bf16_v1_ep5__corrected_chatml_v1_eos__confirm_3000_qids__image_only__direct_records.json
corrected_confirm3000:bridge_dinov2_w1_bf16_v1_ep5::bridge_dinov2_w1_bf16_v1_ep5__corrected_chatml_v1_eos__confirm_3000_qids__image_only__direct::exact,corrected_chatml_v1_eos,corrected_confirm3000:bridge_dinov2_w1_bf16_v1_ep5,confirm_3000_qids,dinov2,mlp256,none,other,955,exact,50.366492,28.376963,21.989529,outputs/eval/confirm/bridge_dinov2_w1_bf16_v1_ep5__corrected_chatml_v1_eos__confirm_3000_qids__image_only__direct_records.json
corrected_confirm3000:bridge_dinov2_w1_bf16_v1_ep5::bridge_dinov2_w1_bf16_v1_ep5__corrected_chatml_v1_eos__confirm_3000_qids__image_only__direct::exact,corrected_chatml_v1_eos,corrected_confirm3000:bridge_dinov2_w1_bf16_v1_ep5,confirm_3000_qids,dinov2,mlp256,none,relate,1049,exact,40.99142,14.585319,26.406101,outputs/eval/confirm/bridge_dinov2_w1_bf16_v1_ep5__corrected_chatml_v1_eos__confirm_3000_qids__image_only__direct_records.json
corrected_confirm3000:bridge_dinov2_w1_bf16_v1_ep5::bridge_dinov2_w1_bf16_v1_ep5__corrected_chatml_v1_eos__confirm_3000_qids__image_only__direct::exact_full,corrected_chatml_v1_eos,corrected_confirm3000:bridge_dinov2_w1_bf16_v1_ep5,confirm_3000_qids,dinov2,mlp256,none,choose,368,exact_full,63.858696,49.184783,14.673913,outputs/eval/confirm/bridge_dinov2_w1_bf16_v1_ep5__corrected_chatml_v1_eos__confirm_3000_qids__image_only__direct_records.json
corrected_confirm3000:bridge_dinov2_w1_bf16_v1_ep5::bridge_dinov2_w1_bf16_v1_ep5__corrected_chatml_v1_eos__confirm_3000_qids__image_only__direct::exact_full,corrected_chatml_v1_eos,corrected_confirm3000:bridge_dinov2_w1_bf16_v1_ep5,confirm_3000_qids,dinov2,mlp256,none,compare,96,exact_full,53.125,35.416667,17.708333,outputs/eval/confirm/bridge_dinov2_w1_bf16_v1_ep5__corrected_chatml_v1_eos__confirm_3000_qids__image_only__direct_records.json
corrected_confirm3000:bridge_dinov2_w1_bf16_v1_ep5::bridge_dinov2_w1_bf16_v1_ep5__corrected_chatml_v1_eos__confirm_3000_qids__image_only__direct::exact_full,corrected_chatml_v1_eos,corrected_confirm3000:bridge_dinov2_w1_bf16_v1_ep5,confirm_3000_qids,dinov2,mlp256,none,exist,532,exact_full,56.578947,41.729323,14.849624,outputs/eval/confirm/bridge_dinov2_w1_bf16_v1_ep5__corrected_chatml_v1_eos__confirm_3000_qids__image_only__direct_records.json
corrected_confirm3000:bridge_dinov2_w1_bf16_v1_ep5::bridge_dinov2_w1_bf16_v1_ep5__corrected_chatml_v1_eos__confirm_3000_qids__image_only__direct::exact_full,corrected_chatml_v1_eos,corrected_confirm3000:bridge_dinov2_w1_bf16_v1_ep5,confirm_3000_qids,dinov2,mlp256,none,other,955,exact_full,50.366492,28.376963,21.989529,outputs/eval/confirm/bridge_dinov2_w1_bf16_v1_ep5__corrected_chatml_v1_eos__confirm_3000_qids__image_only__direct_records.json
corrected_confirm3000:bridge_dinov2_w1_bf16_v1_ep5::bridge_dinov2_w1_bf16_v1_ep5__corrected_chatml_v1_eos__confirm_3000_qids__image_only__direct::exact_full,corrected_chatml_v1_eos,corrected_confirm3000:bridge_dinov2_w1_bf16_v1_ep5,confirm_3000_qids,dinov2,mlp256,none,relate,1049,exact_full,40.99142,14.585319,26.406101,outputs/eval/confirm/bridge_dinov2_w1_bf16_v1_ep5__corrected_chatml_v1_eos__confirm_3000_qids__image_only__direct_records.json
corrected_confirm3000:bridge_dinov2_w1_bf16_v1_ep5::bridge_dinov2_w1_bf16_v1_ep5__corrected_chatml_v1_eos__confirm_3000_qids__image_only__direct::vqa_soft,corrected_chatml_v1_eos,corrected_confirm3000:bridge_dinov2_w1_bf16_v1_ep5,confirm_3000_qids,dinov2,mlp256,none,choose,368,vqa_soft,63.858696,50,13.858696,outputs/eval/confirm/bridge_dinov2_w1_bf16_v1_ep5__corrected_chatml_v1_eos__confirm_3000_qids__image_only__direct_records.json
corrected_confirm3000:bridge_dinov2_w1_bf16_v1_ep5::bridge_dinov2_w1_bf16_v1_ep5__corrected_chatml_v1_eos__confirm_3000_qids__image_only__direct::vqa_soft,corrected_chatml_v1_eos,corrected_confirm3000:bridge_dinov2_w1_bf16_v1_ep5,confirm_3000_qids,dinov2,mlp256,none,compare,96,vqa_soft,53.125,39.583333,13.541667,outputs/eval/confirm/bridge_dinov2_w1_bf16_v1_ep5__corrected_chatml_v1_eos__confirm_3000_qids__image_only__direct_records.json
corrected_confirm3000:bridge_dinov2_w1_bf16_v1_ep5::bridge_dinov2_w1_bf16_v1_ep5__corrected_chatml_v1_eos__confirm_3000_qids__image_only__direct::vqa_soft,corrected_chatml_v1_eos,corrected_confirm3000:bridge_dinov2_w1_bf16_v1_ep5,confirm_3000_qids,dinov2,mlp256,none,exist,532,vqa_soft,56.578947,50.37594,6.203008,outputs/eval/confirm/bridge_dinov2_w1_bf16_v1_ep5__corrected_chatml_v1_eos__confirm_3000_qids__image_only__direct_records.json
corrected_confirm3000:bridge_dinov2_w1_bf16_v1_ep5::bridge_dinov2_w1_bf16_v1_ep5__corrected_chatml_v1_eos__confirm_3000_qids__image_only__direct::vqa_soft,corrected_chatml_v1_eos,corrected_confirm3000:bridge_dinov2_w1_bf16_v1_ep5,confirm_3000_qids,dinov2,mlp256,none,other,955,vqa_soft,51.308901,30.680628,20.628272,outputs/eval/confirm/bridge_dinov2_w1_bf16_v1_ep5__corrected_chatml_v1_eos__confirm_3000_qids__image_only__direct_records.json
corrected_confirm3000:bridge_dinov2_w1_bf16_v1_ep5::bridge_dinov2_w1_bf16_v1_ep5__corrected_chatml_v1_eos__confirm_3000_qids__image_only__direct::vqa_soft,corrected_chatml_v1_eos,corrected_confirm3000:bridge_dinov2_w1_bf16_v1_ep5,confirm_3000_qids,dinov2,mlp256,none,relate,1049,vqa_soft,42.516683,15.34795,27.168732,outputs/eval/confirm/bridge_dinov2_w1_bf16_v1_ep5__corrected_chatml_v1_eos__confirm_3000_qids__image_only__direct_records.json
corrected_confirm3000:bridge_dinov2_w1qf_bf16_v1_ep5::bridge_dinov2_w1qf_bf16_v1_ep5__corrected_chatml_v1_eos__confirm_3000_qids__image_only__direct::exact,corrected_chatml_v1_eos,corrected_confirm3000:bridge_dinov2_w1qf_bf16_v1_ep5,confirm_3000_qids,dinov2,qformer32,none,choose,368,exact,57.880435,49.184783,8.695652,outputs/eval/confirm/bridge_dinov2_w1qf_bf16_v1_ep5__corrected_chatml_v1_eos__confirm_3000_qids__image_only__direct_records.json
corrected_confirm3000:bridge_dinov2_w1qf_bf16_v1_ep5::bridge_dinov2_w1qf_bf16_v1_ep5__corrected_chatml_v1_eos__confirm_3000_qids__image_only__direct::exact,corrected_chatml_v1_eos,corrected_confirm3000:bridge_dinov2_w1qf_bf16_v1_ep5,confirm_3000_qids,dinov2,qformer32,none,compare,96,exact,36.458333,35.416667,1.041667,outputs/eval/confirm/bridge_dinov2_w1qf_bf16_v1_ep5__corrected_chatml_v1_eos__confirm_3000_qids__image_only__direct_records.json
corrected_confirm3000:bridge_dinov2_w1qf_bf16_v1_ep5::bridge_dinov2_w1qf_bf16_v1_ep5__corrected_chatml_v1_eos__confirm_3000_qids__image_only__direct::exact,corrected_chatml_v1_eos,corrected_confirm3000:bridge_dinov2_w1qf_bf16_v1_ep5,confirm_3000_qids,dinov2,qformer32,none,exist,532,exact,55.639098,41.729323,13.909774,outputs/eval/confirm/bridge_dinov2_w1qf_bf16_v1_ep5__corrected_chatml_v1_eos__confirm_3000_qids__image_only__direct_records.json
corrected_confirm3000:bridge_dinov2_w1qf_bf16_v1_ep5::bridge_dinov2_w1qf_bf16_v1_ep5__corrected_chatml_v1_eos__confirm_3000_qids__image_only__direct::exact,corrected_chatml_v1_eos,corrected_confirm3000:bridge_dinov2_w1qf_bf16_v1_ep5,confirm_3000_qids,dinov2,qformer32,none,other,955,exact,42.198953,28.376963,13.82199,outputs/eval/confirm/bridge_dinov2_w1qf_bf16_v1_ep5__corrected_chatml_v1_eos__confirm_3000_qids__image_only__direct_records.json
corrected_confirm3000:bridge_dinov2_w1qf_bf16_v1_ep5::bridge_dinov2_w1qf_bf16_v1_ep5__corrected_chatml_v1_eos__confirm_3000_qids__image_only__direct::exact,corrected_chatml_v1_eos,corrected_confirm3000:bridge_dinov2_w1qf_bf16_v1_ep5,confirm_3000_qids,dinov2,qformer32,none,relate,1049,exact,35.08103,14.585319,20.49571,outputs/eval/confirm/bridge_dinov2_w1qf_bf16_v1_ep5__corrected_chatml_v1_eos__confirm_3000_qids__image_only__direct_records.json
corrected_confirm3000:bridge_dinov2_w1qf_bf16_v1_ep5::bridge_dinov2_w1qf_bf16_v1_ep5__corrected_chatml_v1_eos__confirm_3000_qids__image_only__direct::exact_full,corrected_chatml_v1_eos,corrected_confirm3000:bridge_dinov2_w1qf_bf16_v1_ep5,confirm_3000_qids,dinov2,qformer32,none,choose,368,exact_full,57.880435,49.184783,8.695652,outputs/eval/confirm/bridge_dinov2_w1qf_bf16_v1_ep5__corrected_chatml_v1_eos__confirm_3000_qids__image_only__direct_records.json
corrected_confirm3000:bridge_dinov2_w1qf_bf16_v1_ep5::bridge_dinov2_w1qf_bf16_v1_ep5__corrected_chatml_v1_eos__confirm_3000_qids__image_only__direct::exact_full,corrected_chatml_v1_eos,corrected_confirm3000:bridge_dinov2_w1qf_bf16_v1_ep5,confirm_3000_qids,dinov2,qformer32,none,compare,96,exact_full,36.458333,35.416667,1.041667,outputs/eval/confirm/bridge_dinov2_w1qf_bf16_v1_ep5__corrected_chatml_v1_eos__confirm_3000_qids__image_only__direct_records.json
corrected_confirm3000:bridge_dinov2_w1qf_bf16_v1_ep5::bridge_dinov2_w1qf_bf16_v1_ep5__corrected_chatml_v1_eos__confirm_3000_qids__image_only__direct::exact_full,corrected_chatml_v1_eos,corrected_confirm3000:bridge_dinov2_w1qf_bf16_v1_ep5,confirm_3000_qids,dinov2,qformer32,none,exist,532,exact_full,55.639098,41.729323,13.909774,outputs/eval/confirm/bridge_dinov2_w1qf_bf16_v1_ep5__corrected_chatml_v1_eos__confirm_3000_qids__image_only__direct_records.json
corrected_confirm3000:bridge_dinov2_w1qf_bf16_v1_ep5::bridge_dinov2_w1qf_bf16_v1_ep5__corrected_chatml_v1_eos__confirm_3000_qids__image_only__direct::exact_full,corrected_chatml_v1_eos,corrected_confirm3000:bridge_dinov2_w1qf_bf16_v1_ep5,confirm_3000_qids,dinov2,qformer32,none,other,955,exact_full,42.198953,28.376963,13.82199,outputs/eval/confirm/bridge_dinov2_w1qf_bf16_v1_ep5__corrected_chatml_v1_eos__confirm_3000_qids__image_only__direct_records.json
corrected_confirm3000:bridge_dinov2_w1qf_bf16_v1_ep5::bridge_dinov2_w1qf_bf16_v1_ep5__corrected_chatml_v1_eos__confirm_3000_qids__image_only__direct::exact_full,corrected_chatml_v1_eos,corrected_confirm3000:bridge_dinov2_w1qf_bf16_v1_ep5,confirm_3000_qids,dinov2,qformer32,none,relate,1049,exact_full,35.08103,14.585319,20.49571,outputs/eval/confirm/bridge_dinov2_w1qf_bf16_v1_ep5__corrected_chatml_v1_eos__confirm_3000_qids__image_only__direct_records.json
corrected_confirm3000:bridge_dinov2_w1qf_bf16_v1_ep5::bridge_dinov2_w1qf_bf16_v1_ep5__corrected_chatml_v1_eos__confirm_3000_qids__image_only__direct::vqa_soft,corrected_chatml_v1_eos,corrected_confirm3000:bridge_dinov2_w1qf_bf16_v1_ep5,confirm_3000_qids,dinov2,qformer32,none,choose,368,vqa_soft,57.880435,50,7.880435,outputs/eval/confirm/bridge_dinov2_w1qf_bf16_v1_ep5__corrected_chatml_v1_eos__confirm_3000_qids__image_only__direct_records.json
corrected_confirm3000:bridge_dinov2_w1qf_bf16_v1_ep5::bridge_dinov2_w1qf_bf16_v1_ep5__corrected_chatml_v1_eos__confirm_3000_qids__image_only__direct::vqa_soft,corrected_chatml_v1_eos,corrected_confirm3000:bridge_dinov2_w1qf_bf16_v1_ep5,confirm_3000_qids,dinov2,qformer32,none,compare,96,vqa_soft,36.458333,39.583333,-3.125,outputs/eval/confirm/bridge_dinov2_w1qf_bf16_v1_ep5__corrected_chatml_v1_eos__confirm_3000_qids__image_only__direct_records.json
corrected_confirm3000:bridge_dinov2_w1qf_bf16_v1_ep5::bridge_dinov2_w1qf_bf16_v1_ep5__corrected_chatml_v1_eos__confirm_3000_qids__image_only__direct::vqa_soft,corrected_chatml_v1_eos,corrected_confirm3000:bridge_dinov2_w1qf_bf16_v1_ep5,confirm_3000_qids,dinov2,qformer32,none,exist,532,vqa_soft,55.639098,50.37594,5.263158,outputs/eval/confirm/bridge_dinov2_w1qf_bf16_v1_ep5__corrected_chatml_v1_eos__confirm_3000_qids__image_only__direct_records.json
corrected_confirm3000:bridge_dinov2_w1qf_bf16_v1_ep5::bridge_dinov2_w1qf_bf16_v1_ep5__corrected_chatml_v1_eos__confirm_3000_qids__image_only__direct::vqa_soft,corrected_chatml_v1_eos,corrected_confirm3000:bridge_dinov2_w1qf_bf16_v1_ep5,confirm_3000_qids,dinov2,qformer32,none,other,955,vqa_soft,42.827225,30.680628,12.146597,outputs/eval/confirm/bridge_dinov2_w1qf_bf16_v1_ep5__corrected_chatml_v1_eos__confirm_3000_qids__image_only__direct_records.json
corrected_confirm3000:bridge_dinov2_w1qf_bf16_v1_ep5::bridge_dinov2_w1qf_bf16_v1_ep5__corrected_chatml_v1_eos__confirm_3000_qids__image_only__direct::vqa_soft,corrected_chatml_v1_eos,corrected_confirm3000:bridge_dinov2_w1qf_bf16_v1_ep5,confirm_3000_qids,dinov2,qformer32,none,relate,1049,vqa_soft,36.320305,15.34795,20.972355,outputs/eval/confirm/bridge_dinov2_w1qf_bf16_v1_ep5__corrected_chatml_v1_eos__confirm_3000_qids__image_only__direct_records.json
corrected_confirm3000:bridge_ijepa_w1_bf16_v1_ep5::bridge_ijepa_w1_bf16_v1_ep5__corrected_chatml_v1_eos__confirm_3000_qids__image_only__direct::exact,corrected_chatml_v1_eos,corrected_confirm3000:bridge_ijepa_w1_bf16_v1_ep5,confirm_3000_qids,ijepa,mlp256,none,choose,368,exact,60.326087,49.184783,11.141304,outputs/eval/confirm/bridge_ijepa_w1_bf16_v1_ep5__corrected_chatml_v1_eos__confirm_3000_qids__image_only__direct_records.json
corrected_confirm3000:bridge_ijepa_w1_bf16_v1_ep5::bridge_ijepa_w1_bf16_v1_ep5__corrected_chatml_v1_eos__confirm_3000_qids__image_only__direct::exact,corrected_chatml_v1_eos,corrected_confirm3000:bridge_ijepa_w1_bf16_v1_ep5,confirm_3000_qids,ijepa,mlp256,none,compare,96,exact,43.75,35.416667,8.333333,outputs/eval/confirm/bridge_ijepa_w1_bf16_v1_ep5__corrected_chatml_v1_eos__confirm_3000_qids__image_only__direct_records.json
corrected_confirm3000:bridge_ijepa_w1_bf16_v1_ep5::bridge_ijepa_w1_bf16_v1_ep5__corrected_chatml_v1_eos__confirm_3000_qids__image_only__direct::exact,corrected_chatml_v1_eos,corrected_confirm3000:bridge_ijepa_w1_bf16_v1_ep5,confirm_3000_qids,ijepa,mlp256,none,exist,532,exact,53.759398,41.729323,12.030075,outputs/eval/confirm/bridge_ijepa_w1_bf16_v1_ep5__corrected_chatml_v1_eos__confirm_3000_qids__image_only__direct_records.json
corrected_confirm3000:bridge_ijepa_w1_bf16_v1_ep5::bridge_ijepa_w1_bf16_v1_ep5__corrected_chatml_v1_eos__confirm_3000_qids__image_only__direct::exact,corrected_chatml_v1_eos,corrected_confirm3000:bridge_ijepa_w1_bf16_v1_ep5,confirm_3000_qids,ijepa,mlp256,none,other,955,exact,46.596859,28.376963,18.219895,outputs/eval/confirm/bridge_ijepa_w1_bf16_v1_ep5__corrected_chatml_v1_eos__confirm_3000_qids__image_only__direct_records.json
corrected_confirm3000:bridge_ijepa_w1_bf16_v1_ep5::bridge_ijepa_w1_bf16_v1_ep5__corrected_chatml_v1_eos__confirm_3000_qids__image_only__direct::exact,corrected_chatml_v1_eos,corrected_confirm3000:bridge_ijepa_w1_bf16_v1_ep5,confirm_3000_qids,ijepa,mlp256,none,relate,1049,exact,34.890372,14.585319,20.305052,outputs/eval/confirm/bridge_ijepa_w1_bf16_v1_ep5__corrected_chatml_v1_eos__confirm_3000_qids__image_only__direct_records.json
corrected_confirm3000:bridge_ijepa_w1_bf16_v1_ep5::bridge_ijepa_w1_bf16_v1_ep5__corrected_chatml_v1_eos__confirm_3000_qids__image_only__direct::exact_full,corrected_chatml_v1_eos,corrected_confirm3000:bridge_ijepa_w1_bf16_v1_ep5,confirm_3000_qids,ijepa,mlp256,none,choose,368,exact_full,60.326087,49.184783,11.141304,outputs/eval/confirm/bridge_ijepa_w1_bf16_v1_ep5__corrected_chatml_v1_eos__confirm_3000_qids__image_only__direct_records.json
corrected_confirm3000:bridge_ijepa_w1_bf16_v1_ep5::bridge_ijepa_w1_bf16_v1_ep5__corrected_chatml_v1_eos__confirm_3000_qids__image_only__direct::exact_full,corrected_chatml_v1_eos,corrected_confirm3000:bridge_ijepa_w1_bf16_v1_ep5,confirm_3000_qids,ijepa,mlp256,none,compare,96,exact_full,43.75,35.416667,8.333333,outputs/eval/confirm/bridge_ijepa_w1_bf16_v1_ep5__corrected_chatml_v1_eos__confirm_3000_qids__image_only__direct_records.json
corrected_confirm3000:bridge_ijepa_w1_bf16_v1_ep5::bridge_ijepa_w1_bf16_v1_ep5__corrected_chatml_v1_eos__confirm_3000_qids__image_only__direct::exact_full,corrected_chatml_v1_eos,corrected_confirm3000:bridge_ijepa_w1_bf16_v1_ep5,confirm_3000_qids,ijepa,mlp256,none,exist,532,exact_full,53.759398,41.729323,12.030075,outputs/eval/confirm/bridge_ijepa_w1_bf16_v1_ep5__corrected_chatml_v1_eos__confirm_3000_qids__image_only__direct_records.json
corrected_confirm3000:bridge_ijepa_w1_bf16_v1_ep5::bridge_ijepa_w1_bf16_v1_ep5__corrected_chatml_v1_eos__confirm_3000_qids__image_only__direct::exact_full,corrected_chatml_v1_eos,corrected_confirm3000:bridge_ijepa_w1_bf16_v1_ep5,confirm_3000_qids,ijepa,mlp256,none,other,955,exact_full,46.596859,28.376963,18.219895,outputs/eval/confirm/bridge_ijepa_w1_bf16_v1_ep5__corrected_chatml_v1_eos__confirm_3000_qids__image_only__direct_records.json
corrected_confirm3000:bridge_ijepa_w1_bf16_v1_ep5::bridge_ijepa_w1_bf16_v1_ep5__corrected_chatml_v1_eos__confirm_3000_qids__image_only__direct::exact_full,corrected_chatml_v1_eos,corrected_confirm3000:bridge_ijepa_w1_bf16_v1_ep5,confirm_3000_qids,ijepa,mlp256,none,relate,1049,exact_full,34.890372,14.585319,20.305052,outputs/eval/confirm/bridge_ijepa_w1_bf16_v1_ep5__corrected_chatml_v1_eos__confirm_3000_qids__image_only__direct_records.json
corrected_confirm3000:bridge_ijepa_w1_bf16_v1_ep5::bridge_ijepa_w1_bf16_v1_ep5__corrected_chatml_v1_eos__confirm_3000_qids__image_only__direct::vqa_soft,corrected_chatml_v1_eos,corrected_confirm3000:bridge_ijepa_w1_bf16_v1_ep5,confirm_3000_qids,ijepa,mlp256,none,choose,368,vqa_soft,60.326087,50,10.326087,outputs/eval/confirm/bridge_ijepa_w1_bf16_v1_ep5__corrected_chatml_v1_eos__confirm_3000_qids__image_only__direct_records.json
corrected_confirm3000:bridge_ijepa_w1_bf16_v1_ep5::bridge_ijepa_w1_bf16_v1_ep5__corrected_chatml_v1_eos__confirm_3000_qids__image_only__direct::vqa_soft,corrected_chatml_v1_eos,corrected_confirm3000:bridge_ijepa_w1_bf16_v1_ep5,confirm_3000_qids,ijepa,mlp256,none,compare,96,vqa_soft,43.75,39.583333,4.166667,outputs/eval/confirm/bridge_ijepa_w1_bf16_v1_ep5__corrected_chatml_v1_eos__confirm_3000_qids__image_only__direct_records.json
corrected_confirm3000:bridge_ijepa_w1_bf16_v1_ep5::bridge_ijepa_w1_bf16_v1_ep5__corrected_chatml_v1_eos__confirm_3000_qids__image_only__direct::vqa_soft,corrected_chatml_v1_eos,corrected_confirm3000:bridge_ijepa_w1_bf16_v1_ep5,confirm_3000_qids,ijepa,mlp256,none,exist,532,vqa_soft,53.759398,50.37594,3.383459,outputs/eval/confirm/bridge_ijepa_w1_bf16_v1_ep5__corrected_chatml_v1_eos__confirm_3000_qids__image_only__direct_records.json
corrected_confirm3000:bridge_ijepa_w1_bf16_v1_ep5::bridge_ijepa_w1_bf16_v1_ep5__corrected_chatml_v1_eos__confirm_3000_qids__image_only__direct::vqa_soft,corrected_chatml_v1_eos,corrected_confirm3000:bridge_ijepa_w1_bf16_v1_ep5,confirm_3000_qids,ijepa,mlp256,none,other,955,vqa_soft,47.748691,30.680628,17.068063,outputs/eval/confirm/bridge_ijepa_w1_bf16_v1_ep5__corrected_chatml_v1_eos__confirm_3000_qids__image_only__direct_records.json
corrected_confirm3000:bridge_ijepa_w1_bf16_v1_ep5::bridge_ijepa_w1_bf16_v1_ep5__corrected_chatml_v1_eos__confirm_3000_qids__image_only__direct::vqa_soft,corrected_chatml_v1_eos,corrected_confirm3000:bridge_ijepa_w1_bf16_v1_ep5,confirm_3000_qids,ijepa,mlp256,none,relate,1049,vqa_soft,36.320305,15.34795,20.972355,outputs/eval/confirm/bridge_ijepa_w1_bf16_v1_ep5__corrected_chatml_v1_eos__confirm_3000_qids__image_only__direct_records.json
corrected_confirm3000:bridge_ijepa_w1_s43_v1_ep5::bridge_ijepa_w1_s43_v1_ep5__corrected_chatml_v1_eos__confirm_3000_qids__image_only__direct::exact,corrected_chatml_v1_eos,corrected_confirm3000:bridge_ijepa_w1_s43_v1_ep5,confirm_3000_qids,ijepa,mlp256,none,choose,368,exact,60.326087,49.184783,11.141304,outputs/eval/confirm/bridge_ijepa_w1_s43_v1_ep5__corrected_chatml_v1_eos__confirm_3000_qids__image_only__direct_records.json
corrected_confirm3000:bridge_ijepa_w1_s43_v1_ep5::bridge_ijepa_w1_s43_v1_ep5__corrected_chatml_v1_eos__confirm_3000_qids__image_only__direct::exact,corrected_chatml_v1_eos,corrected_confirm3000:bridge_ijepa_w1_s43_v1_ep5,confirm_3000_qids,ijepa,mlp256,none,compare,96,exact,41.666667,35.416667,6.25,outputs/eval/confirm/bridge_ijepa_w1_s43_v1_ep5__corrected_chatml_v1_eos__confirm_3000_qids__image_only__direct_records.json
corrected_confirm3000:bridge_ijepa_w1_s43_v1_ep5::bridge_ijepa_w1_s43_v1_ep5__corrected_chatml_v1_eos__confirm_3000_qids__image_only__direct::exact,corrected_chatml_v1_eos,corrected_confirm3000:bridge_ijepa_w1_s43_v1_ep5,confirm_3000_qids,ijepa,mlp256,none,exist,532,exact,50.18797,41.729323,8.458647,outputs/eval/confirm/bridge_ijepa_w1_s43_v1_ep5__corrected_chatml_v1_eos__confirm_3000_qids__image_only__direct_records.json
corrected_confirm3000:bridge_ijepa_w1_s43_v1_ep5::bridge_ijepa_w1_s43_v1_ep5__corrected_chatml_v1_eos__confirm_3000_qids__image_only__direct::exact,corrected_chatml_v1_eos,corrected_confirm3000:bridge_ijepa_w1_s43_v1_ep5,confirm_3000_qids,ijepa,mlp256,none,other,955,exact,46.596859,28.376963,18.219895,outputs/eval/confirm/bridge_ijepa_w1_s43_v1_ep5__corrected_chatml_v1_eos__confirm_3000_qids__image_only__direct_records.json
corrected_confirm3000:bridge_ijepa_w1_s43_v1_ep5::bridge_ijepa_w1_s43_v1_ep5__corrected_chatml_v1_eos__confirm_3000_qids__image_only__direct::exact,corrected_chatml_v1_eos,corrected_confirm3000:bridge_ijepa_w1_s43_v1_ep5,confirm_3000_qids,ijepa,mlp256,none,relate,1049,exact,35.08103,14.585319,20.49571,outputs/eval/confirm/bridge_ijepa_w1_s43_v1_ep5__corrected_chatml_v1_eos__confirm_3000_qids__image_only__direct_records.json
corrected_confirm3000:bridge_ijepa_w1_s43_v1_ep5::bridge_ijepa_w1_s43_v1_ep5__corrected_chatml_v1_eos__confirm_3000_qids__image_only__direct::exact_full,corrected_chatml_v1_eos,corrected_confirm3000:bridge_ijepa_w1_s43_v1_ep5,confirm_3000_qids,ijepa,mlp256,none,choose,368,exact_full,60.326087,49.184783,11.141304,outputs/eval/confirm/bridge_ijepa_w1_s43_v1_ep5__corrected_chatml_v1_eos__confirm_3000_qids__image_only__direct_records.json
corrected_confirm3000:bridge_ijepa_w1_s43_v1_ep5::bridge_ijepa_w1_s43_v1_ep5__corrected_chatml_v1_eos__confirm_3000_qids__image_only__direct::exact_full,corrected_chatml_v1_eos,corrected_confirm3000:bridge_ijepa_w1_s43_v1_ep5,confirm_3000_qids,ijepa,mlp256,none,compare,96,exact_full,41.666667,35.416667,6.25,outputs/eval/confirm/bridge_ijepa_w1_s43_v1_ep5__corrected_chatml_v1_eos__confirm_3000_qids__image_only__direct_records.json
corrected_confirm3000:bridge_ijepa_w1_s43_v1_ep5::bridge_ijepa_w1_s43_v1_ep5__corrected_chatml_v1_eos__confirm_3000_qids__image_only__direct::exact_full,corrected_chatml_v1_eos,corrected_confirm3000:bridge_ijepa_w1_s43_v1_ep5,confirm_3000_qids,ijepa,mlp256,none,exist,532,exact_full,50.18797,41.729323,8.458647,outputs/eval/confirm/bridge_ijepa_w1_s43_v1_ep5__corrected_chatml_v1_eos__confirm_3000_qids__image_only__direct_records.json
corrected_confirm3000:bridge_ijepa_w1_s43_v1_ep5::bridge_ijepa_w1_s43_v1_ep5__corrected_chatml_v1_eos__confirm_3000_qids__image_only__direct::exact_full,corrected_chatml_v1_eos,corrected_confirm3000:bridge_ijepa_w1_s43_v1_ep5,confirm_3000_qids,ijepa,mlp256,none,other,955,exact_full,46.596859,28.376963,18.219895,outputs/eval/confirm/bridge_ijepa_w1_s43_v1_ep5__corrected_chatml_v1_eos__confirm_3000_qids__image_only__direct_records.json
corrected_confirm3000:bridge_ijepa_w1_s43_v1_ep5::bridge_ijepa_w1_s43_v1_ep5__corrected_chatml_v1_eos__confirm_3000_qids__image_only__direct::exact_full,corrected_chatml_v1_eos,corrected_confirm3000:bridge_ijepa_w1_s43_v1_ep5,confirm_3000_qids,ijepa,mlp256,none,relate,1049,exact_full,35.08103,14.585319,20.49571,outputs/eval/confirm/bridge_ijepa_w1_s43_v1_ep5__corrected_chatml_v1_eos__confirm_3000_qids__image_only__direct_records.json
corrected_confirm3000:bridge_ijepa_w1_s43_v1_ep5::bridge_ijepa_w1_s43_v1_ep5__corrected_chatml_v1_eos__confirm_3000_qids__image_only__direct::vqa_soft,corrected_chatml_v1_eos,corrected_confirm3000:bridge_ijepa_w1_s43_v1_ep5,confirm_3000_qids,ijepa,mlp256,none,choose,368,vqa_soft,60.326087,50,10.326087,outputs/eval/confirm/bridge_ijepa_w1_s43_v1_ep5__corrected_chatml_v1_eos__confirm_3000_qids__image_only__direct_records.json
corrected_confirm3000:bridge_ijepa_w1_s43_v1_ep5::bridge_ijepa_w1_s43_v1_ep5__corrected_chatml_v1_eos__confirm_3000_qids__image_only__direct::vqa_soft,corrected_chatml_v1_eos,corrected_confirm3000:bridge_ijepa_w1_s43_v1_ep5,confirm_3000_qids,ijepa,mlp256,none,compare,96,vqa_soft,41.666667,39.583333,2.083333,outputs/eval/confirm/bridge_ijepa_w1_s43_v1_ep5__corrected_chatml_v1_eos__confirm_3000_qids__image_only__direct_records.json
corrected_confirm3000:bridge_ijepa_w1_s43_v1_ep5::bridge_ijepa_w1_s43_v1_ep5__corrected_chatml_v1_eos__confirm_3000_qids__image_only__direct::vqa_soft,corrected_chatml_v1_eos,corrected_confirm3000:bridge_ijepa_w1_s43_v1_ep5,confirm_3000_qids,ijepa,mlp256,none,exist,532,vqa_soft,50.18797,50.37594,-0.18797,outputs/eval/confirm/bridge_ijepa_w1_s43_v1_ep5__corrected_chatml_v1_eos__confirm_3000_qids__image_only__direct_records.json
corrected_confirm3000:bridge_ijepa_w1_s43_v1_ep5::bridge_ijepa_w1_s43_v1_ep5__corrected_chatml_v1_eos__confirm_3000_qids__image_only__direct::vqa_soft,corrected_chatml_v1_eos,corrected_confirm3000:bridge_ijepa_w1_s43_v1_ep5,confirm_3000_qids,ijepa,mlp256,none,other,955,vqa_soft,47.539267,30.680628,16.858639,outputs/eval/confirm/bridge_ijepa_w1_s43_v1_ep5__corrected_chatml_v1_eos__confirm_3000_qids__image_only__direct_records.json
corrected_confirm3000:bridge_ijepa_w1_s43_v1_ep5::bridge_ijepa_w1_s43_v1_ep5__corrected_chatml_v1_eos__confirm_3000_qids__image_only__direct::vqa_soft,corrected_chatml_v1_eos,corrected_confirm3000:bridge_ijepa_w1_s43_v1_ep5,confirm_3000_qids,ijepa,mlp256,none,relate,1049,vqa_soft,36.510963,15.34795,21.163012,outputs/eval/confirm/bridge_ijepa_w1_s43_v1_ep5__corrected_chatml_v1_eos__confirm_3000_qids__image_only__direct_records.json
corrected_confirm3000:bridge_ijepa_w1_s44_v1_ep5::bridge_ijepa_w1_s44_v1_ep5__corrected_chatml_v1_eos__confirm_3000_qids__image_only__direct::exact,corrected_chatml_v1_eos,corrected_confirm3000:bridge_ijepa_w1_s44_v1_ep5,confirm_3000_qids,ijepa,mlp256,none,choose,368,exact,57.608696,49.184783,8.423913,outputs/eval/confirm/bridge_ijepa_w1_s44_v1_ep5__corrected_chatml_v1_eos__confirm_3000_qids__image_only__direct_records.json
corrected_confirm3000:bridge_ijepa_w1_s44_v1_ep5::bridge_ijepa_w1_s44_v1_ep5__corrected_chatml_v1_eos__confirm_3000_qids__image_only__direct::exact,corrected_chatml_v1_eos,corrected_confirm3000:bridge_ijepa_w1_s44_v1_ep5,confirm_3000_qids,ijepa,mlp256,none,compare,96,exact,47.916667,35.416667,12.5,outputs/eval/confirm/bridge_ijepa_w1_s44_v1_ep5__corrected_chatml_v1_eos__confirm_3000_qids__image_only__direct_records.json
corrected_confirm3000:bridge_ijepa_w1_s44_v1_ep5::bridge_ijepa_w1_s44_v1_ep5__corrected_chatml_v1_eos__confirm_3000_qids__image_only__direct::exact,corrected_chatml_v1_eos,corrected_confirm3000:bridge_ijepa_w1_s44_v1_ep5,confirm_3000_qids,ijepa,mlp256,none,exist,532,exact,54.511278,41.729323,12.781955,outputs/eval/confirm/bridge_ijepa_w1_s44_v1_ep5__corrected_chatml_v1_eos__confirm_3000_qids__image_only__direct_records.json
corrected_confirm3000:bridge_ijepa_w1_s44_v1_ep5::bridge_ijepa_w1_s44_v1_ep5__corrected_chatml_v1_eos__confirm_3000_qids__image_only__direct::exact,corrected_chatml_v1_eos,corrected_confirm3000:bridge_ijepa_w1_s44_v1_ep5,confirm_3000_qids,ijepa,mlp256,none,other,955,exact,44.08377,28.376963,15.706806,outputs/eval/confirm/bridge_ijepa_w1_s44_v1_ep5__corrected_chatml_v1_eos__confirm_3000_qids__image_only__direct_records.json
corrected_confirm3000:bridge_ijepa_w1_s44_v1_ep5::bridge_ijepa_w1_s44_v1_ep5__corrected_chatml_v1_eos__confirm_3000_qids__image_only__direct::exact,corrected_chatml_v1_eos,corrected_confirm3000:bridge_ijepa_w1_s44_v1_ep5,confirm_3000_qids,ijepa,mlp256,none,relate,1049,exact,32.221163,14.585319,17.635844,outputs/eval/confirm/bridge_ijepa_w1_s44_v1_ep5__corrected_chatml_v1_eos__confirm_3000_qids__image_only__direct_records.json
corrected_confirm3000:bridge_ijepa_w1_s44_v1_ep5::bridge_ijepa_w1_s44_v1_ep5__corrected_chatml_v1_eos__confirm_3000_qids__image_only__direct::exact_full,corrected_chatml_v1_eos,corrected_confirm3000:bridge_ijepa_w1_s44_v1_ep5,confirm_3000_qids,ijepa,mlp256,none,choose,368,exact_full,57.608696,49.184783,8.423913,outputs/eval/confirm/bridge_ijepa_w1_s44_v1_ep5__corrected_chatml_v1_eos__confirm_3000_qids__image_only__direct_records.json
corrected_confirm3000:bridge_ijepa_w1_s44_v1_ep5::bridge_ijepa_w1_s44_v1_ep5__corrected_chatml_v1_eos__confirm_3000_qids__image_only__direct::exact_full,corrected_chatml_v1_eos,corrected_confirm3000:bridge_ijepa_w1_s44_v1_ep5,confirm_3000_qids,ijepa,mlp256,none,compare,96,exact_full,47.916667,35.416667,12.5,outputs/eval/confirm/bridge_ijepa_w1_s44_v1_ep5__corrected_chatml_v1_eos__confirm_3000_qids__image_only__direct_records.json
corrected_confirm3000:bridge_ijepa_w1_s44_v1_ep5::bridge_ijepa_w1_s44_v1_ep5__corrected_chatml_v1_eos__confirm_3000_qids__image_only__direct::exact_full,corrected_chatml_v1_eos,corrected_confirm3000:bridge_ijepa_w1_s44_v1_ep5,confirm_3000_qids,ijepa,mlp256,none,exist,532,exact_full,54.511278,41.729323,12.781955,outputs/eval/confirm/bridge_ijepa_w1_s44_v1_ep5__corrected_chatml_v1_eos__confirm_3000_qids__image_only__direct_records.json
corrected_confirm3000:bridge_ijepa_w1_s44_v1_ep5::bridge_ijepa_w1_s44_v1_ep5__corrected_chatml_v1_eos__confirm_3000_qids__image_only__direct::exact_full,corrected_chatml_v1_eos,corrected_confirm3000:bridge_ijepa_w1_s44_v1_ep5,confirm_3000_qids,ijepa,mlp256,none,other,955,exact_full,44.08377,28.376963,15.706806,outputs/eval/confirm/bridge_ijepa_w1_s44_v1_ep5__corrected_chatml_v1_eos__confirm_3000_qids__image_only__direct_records.json
corrected_confirm3000:bridge_ijepa_w1_s44_v1_ep5::bridge_ijepa_w1_s44_v1_ep5__corrected_chatml_v1_eos__confirm_3000_qids__image_only__direct::exact_full,corrected_chatml_v1_eos,corrected_confirm3000:bridge_ijepa_w1_s44_v1_ep5,confirm_3000_qids,ijepa,mlp256,none,relate,1049,exact_full,32.221163,14.585319,17.635844,outputs/eval/confirm/bridge_ijepa_w1_s44_v1_ep5__corrected_chatml_v1_eos__confirm_3000_qids__image_only__direct_records.json
corrected_confirm3000:bridge_ijepa_w1_s44_v1_ep5::bridge_ijepa_w1_s44_v1_ep5__corrected_chatml_v1_eos__confirm_3000_qids__image_only__direct::vqa_soft,corrected_chatml_v1_eos,corrected_confirm3000:bridge_ijepa_w1_s44_v1_ep5,confirm_3000_qids,ijepa,mlp256,none,choose,368,vqa_soft,57.608696,50,7.608696,outputs/eval/confirm/bridge_ijepa_w1_s44_v1_ep5__corrected_chatml_v1_eos__confirm_3000_qids__image_only__direct_records.json
corrected_confirm3000:bridge_ijepa_w1_s44_v1_ep5::bridge_ijepa_w1_s44_v1_ep5__corrected_chatml_v1_eos__confirm_3000_qids__image_only__direct::vqa_soft,corrected_chatml_v1_eos,corrected_confirm3000:bridge_ijepa_w1_s44_v1_ep5,confirm_3000_qids,ijepa,mlp256,none,compare,96,vqa_soft,47.916667,39.583333,8.333333,outputs/eval/confirm/bridge_ijepa_w1_s44_v1_ep5__corrected_chatml_v1_eos__confirm_3000_qids__image_only__direct_records.json
corrected_confirm3000:bridge_ijepa_w1_s44_v1_ep5::bridge_ijepa_w1_s44_v1_ep5__corrected_chatml_v1_eos__confirm_3000_qids__image_only__direct::vqa_soft,corrected_chatml_v1_eos,corrected_confirm3000:bridge_ijepa_w1_s44_v1_ep5,confirm_3000_qids,ijepa,mlp256,none,exist,532,vqa_soft,54.511278,50.37594,4.135338,outputs/eval/confirm/bridge_ijepa_w1_s44_v1_ep5__corrected_chatml_v1_eos__confirm_3000_qids__image_only__direct_records.json
corrected_confirm3000:bridge_ijepa_w1_s44_v1_ep5::bridge_ijepa_w1_s44_v1_ep5__corrected_chatml_v1_eos__confirm_3000_qids__image_only__direct::vqa_soft,corrected_chatml_v1_eos,corrected_confirm3000:bridge_ijepa_w1_s44_v1_ep5,confirm_3000_qids,ijepa,mlp256,none,other,955,vqa_soft,45.026178,30.680628,14.34555,outputs/eval/confirm/bridge_ijepa_w1_s44_v1_ep5__corrected_chatml_v1_eos__confirm_3000_qids__image_only__direct_records.json
corrected_confirm3000:bridge_ijepa_w1_s44_v1_ep5::bridge_ijepa_w1_s44_v1_ep5__corrected_chatml_v1_eos__confirm_3000_qids__image_only__direct::vqa_soft,corrected_chatml_v1_eos,corrected_confirm3000:bridge_ijepa_w1_s44_v1_ep5,confirm_3000_qids,ijepa,mlp256,none,relate,1049,vqa_soft,33.555767,15.34795,18.207817,outputs/eval/confirm/bridge_ijepa_w1_s44_v1_ep5__corrected_chatml_v1_eos__confirm_3000_qids__image_only__direct_records.json
corrected_confirm3000:bridge_ijepa_w1pool_bf16_v1_ep5::bridge_ijepa_w1pool_bf16_v1_ep5__corrected_chatml_v1_eos__confirm_3000_qids__image_only__direct::exact,corrected_chatml_v1_eos,corrected_confirm3000:bridge_ijepa_w1pool_bf16_v1_ep5,confirm_3000_qids,ijepa,pool32,none,choose,368,exact,57.065217,49.184783,7.880435,outputs/eval/confirm/bridge_ijepa_w1pool_bf16_v1_ep5__corrected_chatml_v1_eos__confirm_3000_qids__image_only__direct_records.json
corrected_confirm3000:bridge_ijepa_w1pool_bf16_v1_ep5::bridge_ijepa_w1pool_bf16_v1_ep5__corrected_chatml_v1_eos__confirm_3000_qids__image_only__direct::exact,corrected_chatml_v1_eos,corrected_confirm3000:bridge_ijepa_w1pool_bf16_v1_ep5,confirm_3000_qids,ijepa,pool32,none,compare,96,exact,39.583333,35.416667,4.166667,outputs/eval/confirm/bridge_ijepa_w1pool_bf16_v1_ep5__corrected_chatml_v1_eos__confirm_3000_qids__image_only__direct_records.json
corrected_confirm3000:bridge_ijepa_w1pool_bf16_v1_ep5::bridge_ijepa_w1pool_bf16_v1_ep5__corrected_chatml_v1_eos__confirm_3000_qids__image_only__direct::exact,corrected_chatml_v1_eos,corrected_confirm3000:bridge_ijepa_w1pool_bf16_v1_ep5,confirm_3000_qids,ijepa,pool32,none,exist,532,exact,48.87218,41.729323,7.142857,outputs/eval/confirm/bridge_ijepa_w1pool_bf16_v1_ep5__corrected_chatml_v1_eos__confirm_3000_qids__image_only__direct_records.json
corrected_confirm3000:bridge_ijepa_w1pool_bf16_v1_ep5::bridge_ijepa_w1pool_bf16_v1_ep5__corrected_chatml_v1_eos__confirm_3000_qids__image_only__direct::exact,corrected_chatml_v1_eos,corrected_confirm3000:bridge_ijepa_w1pool_bf16_v1_ep5,confirm_3000_qids,ijepa,pool32,none,other,955,exact,41.989529,28.376963,13.612565,outputs/eval/confirm/bridge_ijepa_w1pool_bf16_v1_ep5__corrected_chatml_v1_eos__confirm_3000_qids__image_only__direct_records.json
corrected_confirm3000:bridge_ijepa_w1pool_bf16_v1_ep5::bridge_ijepa_w1pool_bf16_v1_ep5__corrected_chatml_v1_eos__confirm_3000_qids__image_only__direct::exact,corrected_chatml_v1_eos,corrected_confirm3000:bridge_ijepa_w1pool_bf16_v1_ep5,confirm_3000_qids,ijepa,pool32,none,relate,1049,exact,32.888465,14.585319,18.303146,outputs/eval/confirm/bridge_ijepa_w1pool_bf16_v1_ep5__corrected_chatml_v1_eos__confirm_3000_qids__image_only__direct_records.json
corrected_confirm3000:bridge_ijepa_w1pool_bf16_v1_ep5::bridge_ijepa_w1pool_bf16_v1_ep5__corrected_chatml_v1_eos__confirm_3000_qids__image_only__direct::exact_full,corrected_chatml_v1_eos,corrected_confirm3000:bridge_ijepa_w1pool_bf16_v1_ep5,confirm_3000_qids,ijepa,pool32,none,choose,368,exact_full,57.065217,49.184783,7.880435,outputs/eval/confirm/bridge_ijepa_w1pool_bf16_v1_ep5__corrected_chatml_v1_eos__confirm_3000_qids__image_only__direct_records.json
corrected_confirm3000:bridge_ijepa_w1pool_bf16_v1_ep5::bridge_ijepa_w1pool_bf16_v1_ep5__corrected_chatml_v1_eos__confirm_3000_qids__image_only__direct::exact_full,corrected_chatml_v1_eos,corrected_confirm3000:bridge_ijepa_w1pool_bf16_v1_ep5,confirm_3000_qids,ijepa,pool32,none,compare,96,exact_full,39.583333,35.416667,4.166667,outputs/eval/confirm/bridge_ijepa_w1pool_bf16_v1_ep5__corrected_chatml_v1_eos__confirm_3000_qids__image_only__direct_records.json
corrected_confirm3000:bridge_ijepa_w1pool_bf16_v1_ep5::bridge_ijepa_w1pool_bf16_v1_ep5__corrected_chatml_v1_eos__confirm_3000_qids__image_only__direct::exact_full,corrected_chatml_v1_eos,corrected_confirm3000:bridge_ijepa_w1pool_bf16_v1_ep5,confirm_3000_qids,ijepa,pool32,none,exist,532,exact_full,48.87218,41.729323,7.142857,outputs/eval/confirm/bridge_ijepa_w1pool_bf16_v1_ep5__corrected_chatml_v1_eos__confirm_3000_qids__image_only__direct_records.json
corrected_confirm3000:bridge_ijepa_w1pool_bf16_v1_ep5::bridge_ijepa_w1pool_bf16_v1_ep5__corrected_chatml_v1_eos__confirm_3000_qids__image_only__direct::exact_full,corrected_chatml_v1_eos,corrected_confirm3000:bridge_ijepa_w1pool_bf16_v1_ep5,confirm_3000_qids,ijepa,pool32,none,other,955,exact_full,41.989529,28.376963,13.612565,outputs/eval/confirm/bridge_ijepa_w1pool_bf16_v1_ep5__corrected_chatml_v1_eos__confirm_3000_qids__image_only__direct_records.json
corrected_confirm3000:bridge_ijepa_w1pool_bf16_v1_ep5::bridge_ijepa_w1pool_bf16_v1_ep5__corrected_chatml_v1_eos__confirm_3000_qids__image_only__direct::exact_full,corrected_chatml_v1_eos,corrected_confirm3000:bridge_ijepa_w1pool_bf16_v1_ep5,confirm_3000_qids,ijepa,pool32,none,relate,1049,exact_full,32.888465,14.585319,18.303146,outputs/eval/confirm/bridge_ijepa_w1pool_bf16_v1_ep5__corrected_chatml_v1_eos__confirm_3000_qids__image_only__direct_records.json
corrected_confirm3000:bridge_ijepa_w1pool_bf16_v1_ep5::bridge_ijepa_w1pool_bf16_v1_ep5__corrected_chatml_v1_eos__confirm_3000_qids__image_only__direct::vqa_soft,corrected_chatml_v1_eos,corrected_confirm3000:bridge_ijepa_w1pool_bf16_v1_ep5,confirm_3000_qids,ijepa,pool32,none,choose,368,vqa_soft,57.065217,50,7.065217,outputs/eval/confirm/bridge_ijepa_w1pool_bf16_v1_ep5__corrected_chatml_v1_eos__confirm_3000_qids__image_only__direct_records.json
corrected_confirm3000:bridge_ijepa_w1pool_bf16_v1_ep5::bridge_ijepa_w1pool_bf16_v1_ep5__corrected_chatml_v1_eos__confirm_3000_qids__image_only__direct::vqa_soft,corrected_chatml_v1_eos,corrected_confirm3000:bridge_ijepa_w1pool_bf16_v1_ep5,confirm_3000_qids,ijepa,pool32,none,compare,96,vqa_soft,39.583333,39.583333,0,outputs/eval/confirm/bridge_ijepa_w1pool_bf16_v1_ep5__corrected_chatml_v1_eos__confirm_3000_qids__image_only__direct_records.json
corrected_confirm3000:bridge_ijepa_w1pool_bf16_v1_ep5::bridge_ijepa_w1pool_bf16_v1_ep5__corrected_chatml_v1_eos__confirm_3000_qids__image_only__direct::vqa_soft,corrected_chatml_v1_eos,corrected_confirm3000:bridge_ijepa_w1pool_bf16_v1_ep5,confirm_3000_qids,ijepa,pool32,none,exist,532,vqa_soft,48.87218,50.37594,-1.503759,outputs/eval/confirm/bridge_ijepa_w1pool_bf16_v1_ep5__corrected_chatml_v1_eos__confirm_3000_qids__image_only__direct_records.json
corrected_confirm3000:bridge_ijepa_w1pool_bf16_v1_ep5::bridge_ijepa_w1pool_bf16_v1_ep5__corrected_chatml_v1_eos__confirm_3000_qids__image_only__direct::vqa_soft,corrected_chatml_v1_eos,corrected_confirm3000:bridge_ijepa_w1pool_bf16_v1_ep5,confirm_3000_qids,ijepa,pool32,none,other,955,vqa_soft,42.931937,30.680628,12.251309,outputs/eval/confirm/bridge_ijepa_w1pool_bf16_v1_ep5__corrected_chatml_v1_eos__confirm_3000_qids__image_only__direct_records.json
corrected_confirm3000:bridge_ijepa_w1pool_bf16_v1_ep5::bridge_ijepa_w1pool_bf16_v1_ep5__corrected_chatml_v1_eos__confirm_3000_qids__image_only__direct::vqa_soft,corrected_chatml_v1_eos,corrected_confirm3000:bridge_ijepa_w1pool_bf16_v1_ep5,confirm_3000_qids,ijepa,pool32,none,relate,1049,vqa_soft,34.032412,15.34795,18.684461,outputs/eval/confirm/bridge_ijepa_w1pool_bf16_v1_ep5__corrected_chatml_v1_eos__confirm_3000_qids__image_only__direct_records.json
corrected_confirm3000:bridge_ijepa_w1qf_bf16_v1_ep5::bridge_ijepa_w1qf_bf16_v1_ep5__corrected_chatml_v1_eos__confirm_3000_qids__image_only__direct::exact,corrected_chatml_v1_eos,corrected_confirm3000:bridge_ijepa_w1qf_bf16_v1_ep5,confirm_3000_qids,ijepa,qformer32,none,choose,368,exact,56.521739,49.184783,7.336957,outputs/eval/confirm/bridge_ijepa_w1qf_bf16_v1_ep5__corrected_chatml_v1_eos__confirm_3000_qids__image_only__direct_records.json
corrected_confirm3000:bridge_ijepa_w1qf_bf16_v1_ep5::bridge_ijepa_w1qf_bf16_v1_ep5__corrected_chatml_v1_eos__confirm_3000_qids__image_only__direct::exact,corrected_chatml_v1_eos,corrected_confirm3000:bridge_ijepa_w1qf_bf16_v1_ep5,confirm_3000_qids,ijepa,qformer32,none,compare,96,exact,47.916667,35.416667,12.5,outputs/eval/confirm/bridge_ijepa_w1qf_bf16_v1_ep5__corrected_chatml_v1_eos__confirm_3000_qids__image_only__direct_records.json
corrected_confirm3000:bridge_ijepa_w1qf_bf16_v1_ep5::bridge_ijepa_w1qf_bf16_v1_ep5__corrected_chatml_v1_eos__confirm_3000_qids__image_only__direct::exact,corrected_chatml_v1_eos,corrected_confirm3000:bridge_ijepa_w1qf_bf16_v1_ep5,confirm_3000_qids,ijepa,qformer32,none,exist,532,exact,51.503759,41.729323,9.774436,outputs/eval/confirm/bridge_ijepa_w1qf_bf16_v1_ep5__corrected_chatml_v1_eos__confirm_3000_qids__image_only__direct_records.json
corrected_confirm3000:bridge_ijepa_w1qf_bf16_v1_ep5::bridge_ijepa_w1qf_bf16_v1_ep5__corrected_chatml_v1_eos__confirm_3000_qids__image_only__direct::exact,corrected_chatml_v1_eos,corrected_confirm3000:bridge_ijepa_w1qf_bf16_v1_ep5,confirm_3000_qids,ijepa,qformer32,none,other,955,exact,41.151832,28.376963,12.774869,outputs/eval/confirm/bridge_ijepa_w1qf_bf16_v1_ep5__corrected_chatml_v1_eos__confirm_3000_qids__image_only__direct_records.json
corrected_confirm3000:bridge_ijepa_w1qf_bf16_v1_ep5::bridge_ijepa_w1qf_bf16_v1_ep5__corrected_chatml_v1_eos__confirm_3000_qids__image_only__direct::exact,corrected_chatml_v1_eos,corrected_confirm3000:bridge_ijepa_w1qf_bf16_v1_ep5,confirm_3000_qids,ijepa,qformer32,none,relate,1049,exact,30.505243,14.585319,15.919924,outputs/eval/confirm/bridge_ijepa_w1qf_bf16_v1_ep5__corrected_chatml_v1_eos__confirm_3000_qids__image_only__direct_records.json
corrected_confirm3000:bridge_ijepa_w1qf_bf16_v1_ep5::bridge_ijepa_w1qf_bf16_v1_ep5__corrected_chatml_v1_eos__confirm_3000_qids__image_only__direct::exact_full,corrected_chatml_v1_eos,corrected_confirm3000:bridge_ijepa_w1qf_bf16_v1_ep5,confirm_3000_qids,ijepa,qformer32,none,choose,368,exact_full,56.521739,49.184783,7.336957,outputs/eval/confirm/bridge_ijepa_w1qf_bf16_v1_ep5__corrected_chatml_v1_eos__confirm_3000_qids__image_only__direct_records.json
corrected_confirm3000:bridge_ijepa_w1qf_bf16_v1_ep5::bridge_ijepa_w1qf_bf16_v1_ep5__corrected_chatml_v1_eos__confirm_3000_qids__image_only__direct::exact_full,corrected_chatml_v1_eos,corrected_confirm3000:bridge_ijepa_w1qf_bf16_v1_ep5,confirm_3000_qids,ijepa,qformer32,none,compare,96,exact_full,47.916667,35.416667,12.5,outputs/eval/confirm/bridge_ijepa_w1qf_bf16_v1_ep5__corrected_chatml_v1_eos__confirm_3000_qids__image_only__direct_records.json
corrected_confirm3000:bridge_ijepa_w1qf_bf16_v1_ep5::bridge_ijepa_w1qf_bf16_v1_ep5__corrected_chatml_v1_eos__confirm_3000_qids__image_only__direct::exact_full,corrected_chatml_v1_eos,corrected_confirm3000:bridge_ijepa_w1qf_bf16_v1_ep5,confirm_3000_qids,ijepa,qformer32,none,exist,532,exact_full,51.503759,41.729323,9.774436,outputs/eval/confirm/bridge_ijepa_w1qf_bf16_v1_ep5__corrected_chatml_v1_eos__confirm_3000_qids__image_only__direct_records.json
corrected_confirm3000:bridge_ijepa_w1qf_bf16_v1_ep5::bridge_ijepa_w1qf_bf16_v1_ep5__corrected_chatml_v1_eos__confirm_3000_qids__image_only__direct::exact_full,corrected_chatml_v1_eos,corrected_confirm3000:bridge_ijepa_w1qf_bf16_v1_ep5,confirm_3000_qids,ijepa,qformer32,none,other,955,exact_full,41.151832,28.376963,12.774869,outputs/eval/confirm/bridge_ijepa_w1qf_bf16_v1_ep5__corrected_chatml_v1_eos__confirm_3000_qids__image_only__direct_records.json
corrected_confirm3000:bridge_ijepa_w1qf_bf16_v1_ep5::bridge_ijepa_w1qf_bf16_v1_ep5__corrected_chatml_v1_eos__confirm_3000_qids__image_only__direct::exact_full,corrected_chatml_v1_eos,corrected_confirm3000:bridge_ijepa_w1qf_bf16_v1_ep5,confirm_3000_qids,ijepa,qformer32,none,relate,1049,exact_full,30.505243,14.585319,15.919924,outputs/eval/confirm/bridge_ijepa_w1qf_bf16_v1_ep5__corrected_chatml_v1_eos__confirm_3000_qids__image_only__direct_records.json
corrected_confirm3000:bridge_ijepa_w1qf_bf16_v1_ep5::bridge_ijepa_w1qf_bf16_v1_ep5__corrected_chatml_v1_eos__confirm_3000_qids__image_only__direct::vqa_soft,corrected_chatml_v1_eos,corrected_confirm3000:bridge_ijepa_w1qf_bf16_v1_ep5,confirm_3000_qids,ijepa,qformer32,none,choose,368,vqa_soft,57.065217,50,7.065217,outputs/eval/confirm/bridge_ijepa_w1qf_bf16_v1_ep5__corrected_chatml_v1_eos__confirm_3000_qids__image_only__direct_records.json
corrected_confirm3000:bridge_ijepa_w1qf_bf16_v1_ep5::bridge_ijepa_w1qf_bf16_v1_ep5__corrected_chatml_v1_eos__confirm_3000_qids__image_only__direct::vqa_soft,corrected_chatml_v1_eos,corrected_confirm3000:bridge_ijepa_w1qf_bf16_v1_ep5,confirm_3000_qids,ijepa,qformer32,none,compare,96,vqa_soft,47.916667,39.583333,8.333333,outputs/eval/confirm/bridge_ijepa_w1qf_bf16_v1_ep5__corrected_chatml_v1_eos__confirm_3000_qids__image_only__direct_records.json
corrected_confirm3000:bridge_ijepa_w1qf_bf16_v1_ep5::bridge_ijepa_w1qf_bf16_v1_ep5__corrected_chatml_v1_eos__confirm_3000_qids__image_only__direct::vqa_soft,corrected_chatml_v1_eos,corrected_confirm3000:bridge_ijepa_w1qf_bf16_v1_ep5,confirm_3000_qids,ijepa,qformer32,none,exist,532,vqa_soft,51.503759,50.37594,1.12782,outputs/eval/confirm/bridge_ijepa_w1qf_bf16_v1_ep5__corrected_chatml_v1_eos__confirm_3000_qids__image_only__direct_records.json
corrected_confirm3000:bridge_ijepa_w1qf_bf16_v1_ep5::bridge_ijepa_w1qf_bf16_v1_ep5__corrected_chatml_v1_eos__confirm_3000_qids__image_only__direct::vqa_soft,corrected_chatml_v1_eos,corrected_confirm3000:bridge_ijepa_w1qf_bf16_v1_ep5,confirm_3000_qids,ijepa,qformer32,none,other,955,vqa_soft,41.884817,30.680628,11.204188,outputs/eval/confirm/bridge_ijepa_w1qf_bf16_v1_ep5__corrected_chatml_v1_eos__confirm_3000_qids__image_only__direct_records.json
corrected_confirm3000:bridge_ijepa_w1qf_bf16_v1_ep5::bridge_ijepa_w1qf_bf16_v1_ep5__corrected_chatml_v1_eos__confirm_3000_qids__image_only__direct::vqa_soft,corrected_chatml_v1_eos,corrected_confirm3000:bridge_ijepa_w1qf_bf16_v1_ep5,confirm_3000_qids,ijepa,qformer32,none,relate,1049,vqa_soft,31.458532,15.34795,16.110582,outputs/eval/confirm/bridge_ijepa_w1qf_bf16_v1_ep5__corrected_chatml_v1_eos__confirm_3000_qids__image_only__direct_records.json
corrected_confirm3000:bridge_ijepa_w1qf_ext7_v1_ep6::bridge_ijepa_w1qf_ext7_v1_ep6__corrected_chatml_v1_eos__confirm_3000_qids__image_only__direct::exact,corrected_chatml_v1_eos,corrected_confirm3000:bridge_ijepa_w1qf_ext7_v1_ep6,confirm_3000_qids,ijepa,qformer32,none,choose,368,exact,55.978261,49.184783,6.793478,outputs/eval/confirm/bridge_ijepa_w1qf_ext7_v1_ep6__corrected_chatml_v1_eos__confirm_3000_qids__image_only__direct_records.json
corrected_confirm3000:bridge_ijepa_w1qf_ext7_v1_ep6::bridge_ijepa_w1qf_ext7_v1_ep6__corrected_chatml_v1_eos__confirm_3000_qids__image_only__direct::exact,corrected_chatml_v1_eos,corrected_confirm3000:bridge_ijepa_w1qf_ext7_v1_ep6,confirm_3000_qids,ijepa,qformer32,none,compare,96,exact,52.083333,35.416667,16.666667,outputs/eval/confirm/bridge_ijepa_w1qf_ext7_v1_ep6__corrected_chatml_v1_eos__confirm_3000_qids__image_only__direct_records.json
corrected_confirm3000:bridge_ijepa_w1qf_ext7_v1_ep6::bridge_ijepa_w1qf_ext7_v1_ep6__corrected_chatml_v1_eos__confirm_3000_qids__image_only__direct::exact,corrected_chatml_v1_eos,corrected_confirm3000:bridge_ijepa_w1qf_ext7_v1_ep6,confirm_3000_qids,ijepa,qformer32,none,exist,532,exact,53.571429,41.729323,11.842105,outputs/eval/confirm/bridge_ijepa_w1qf_ext7_v1_ep6__corrected_chatml_v1_eos__confirm_3000_qids__image_only__direct_records.json
corrected_confirm3000:bridge_ijepa_w1qf_ext7_v1_ep6::bridge_ijepa_w1qf_ext7_v1_ep6__corrected_chatml_v1_eos__confirm_3000_qids__image_only__direct::exact,corrected_chatml_v1_eos,corrected_confirm3000:bridge_ijepa_w1qf_ext7_v1_ep6,confirm_3000_qids,ijepa,qformer32,none,other,955,exact,38.95288,28.376963,10.575916,outputs/eval/confirm/bridge_ijepa_w1qf_ext7_v1_ep6__corrected_chatml_v1_eos__confirm_3000_qids__image_only__direct_records.json
corrected_confirm3000:bridge_ijepa_w1qf_ext7_v1_ep6::bridge_ijepa_w1qf_ext7_v1_ep6__corrected_chatml_v1_eos__confirm_3000_qids__image_only__direct::exact,corrected_chatml_v1_eos,corrected_confirm3000:bridge_ijepa_w1qf_ext7_v1_ep6,confirm_3000_qids,ijepa,qformer32,none,relate,1049,exact,31.363203,14.585319,16.777884,outputs/eval/confirm/bridge_ijepa_w1qf_ext7_v1_ep6__corrected_chatml_v1_eos__confirm_3000_qids__image_only__direct_records.json
corrected_confirm3000:bridge_ijepa_w1qf_ext7_v1_ep6::bridge_ijepa_w1qf_ext7_v1_ep6__corrected_chatml_v1_eos__confirm_3000_qids__image_only__direct::exact_full,corrected_chatml_v1_eos,corrected_confirm3000:bridge_ijepa_w1qf_ext7_v1_ep6,confirm_3000_qids,ijepa,qformer32,none,choose,368,exact_full,55.978261,49.184783,6.793478,outputs/eval/confirm/bridge_ijepa_w1qf_ext7_v1_ep6__corrected_chatml_v1_eos__confirm_3000_qids__image_only__direct_records.json
corrected_confirm3000:bridge_ijepa_w1qf_ext7_v1_ep6::bridge_ijepa_w1qf_ext7_v1_ep6__corrected_chatml_v1_eos__confirm_3000_qids__image_only__direct::exact_full,corrected_chatml_v1_eos,corrected_confirm3000:bridge_ijepa_w1qf_ext7_v1_ep6,confirm_3000_qids,ijepa,qformer32,none,compare,96,exact_full,52.083333,35.416667,16.666667,outputs/eval/confirm/bridge_ijepa_w1qf_ext7_v1_ep6__corrected_chatml_v1_eos__confirm_3000_qids__image_only__direct_records.json
corrected_confirm3000:bridge_ijepa_w1qf_ext7_v1_ep6::bridge_ijepa_w1qf_ext7_v1_ep6__corrected_chatml_v1_eos__confirm_3000_qids__image_only__direct::exact_full,corrected_chatml_v1_eos,corrected_confirm3000:bridge_ijepa_w1qf_ext7_v1_ep6,confirm_3000_qids,ijepa,qformer32,none,exist,532,exact_full,53.571429,41.729323,11.842105,outputs/eval/confirm/bridge_ijepa_w1qf_ext7_v1_ep6__corrected_chatml_v1_eos__confirm_3000_qids__image_only__direct_records.json
corrected_confirm3000:bridge_ijepa_w1qf_ext7_v1_ep6::bridge_ijepa_w1qf_ext7_v1_ep6__corrected_chatml_v1_eos__confirm_3000_qids__image_only__direct::exact_full,corrected_chatml_v1_eos,corrected_confirm3000:bridge_ijepa_w1qf_ext7_v1_ep6,confirm_3000_qids,ijepa,qformer32,none,other,955,exact_full,38.95288,28.376963,10.575916,outputs/eval/confirm/bridge_ijepa_w1qf_ext7_v1_ep6__corrected_chatml_v1_eos__confirm_3000_qids__image_only__direct_records.json
corrected_confirm3000:bridge_ijepa_w1qf_ext7_v1_ep6::bridge_ijepa_w1qf_ext7_v1_ep6__corrected_chatml_v1_eos__confirm_3000_qids__image_only__direct::exact_full,corrected_chatml_v1_eos,corrected_confirm3000:bridge_ijepa_w1qf_ext7_v1_ep6,confirm_3000_qids,ijepa,qformer32,none,relate,1049,exact_full,31.363203,14.585319,16.777884,outputs/eval/confirm/bridge_ijepa_w1qf_ext7_v1_ep6__corrected_chatml_v1_eos__confirm_3000_qids__image_only__direct_records.json
corrected_confirm3000:bridge_ijepa_w1qf_ext7_v1_ep6::bridge_ijepa_w1qf_ext7_v1_ep6__corrected_chatml_v1_eos__confirm_3000_qids__image_only__direct::vqa_soft,corrected_chatml_v1_eos,corrected_confirm3000:bridge_ijepa_w1qf_ext7_v1_ep6,confirm_3000_qids,ijepa,qformer32,none,choose,368,vqa_soft,56.25,50,6.25,outputs/eval/confirm/bridge_ijepa_w1qf_ext7_v1_ep6__corrected_chatml_v1_eos__confirm_3000_qids__image_only__direct_records.json
corrected_confirm3000:bridge_ijepa_w1qf_ext7_v1_ep6::bridge_ijepa_w1qf_ext7_v1_ep6__corrected_chatml_v1_eos__confirm_3000_qids__image_only__direct::vqa_soft,corrected_chatml_v1_eos,corrected_confirm3000:bridge_ijepa_w1qf_ext7_v1_ep6,confirm_3000_qids,ijepa,qformer32,none,compare,96,vqa_soft,52.083333,39.583333,12.5,outputs/eval/confirm/bridge_ijepa_w1qf_ext7_v1_ep6__corrected_chatml_v1_eos__confirm_3000_qids__image_only__direct_records.json
corrected_confirm3000:bridge_ijepa_w1qf_ext7_v1_ep6::bridge_ijepa_w1qf_ext7_v1_ep6__corrected_chatml_v1_eos__confirm_3000_qids__image_only__direct::vqa_soft,corrected_chatml_v1_eos,corrected_confirm3000:bridge_ijepa_w1qf_ext7_v1_ep6,confirm_3000_qids,ijepa,qformer32,none,exist,532,vqa_soft,53.571429,50.37594,3.195489,outputs/eval/confirm/bridge_ijepa_w1qf_ext7_v1_ep6__corrected_chatml_v1_eos__confirm_3000_qids__image_only__direct_records.json
corrected_confirm3000:bridge_ijepa_w1qf_ext7_v1_ep6::bridge_ijepa_w1qf_ext7_v1_ep6__corrected_chatml_v1_eos__confirm_3000_qids__image_only__direct::vqa_soft,corrected_chatml_v1_eos,corrected_confirm3000:bridge_ijepa_w1qf_ext7_v1_ep6,confirm_3000_qids,ijepa,qformer32,none,other,955,vqa_soft,39.685864,30.680628,9.005236,outputs/eval/confirm/bridge_ijepa_w1qf_ext7_v1_ep6__corrected_chatml_v1_eos__confirm_3000_qids__image_only__direct_records.json
corrected_confirm3000:bridge_ijepa_w1qf_ext7_v1_ep6::bridge_ijepa_w1qf_ext7_v1_ep6__corrected_chatml_v1_eos__confirm_3000_qids__image_only__direct::vqa_soft,corrected_chatml_v1_eos,corrected_confirm3000:bridge_ijepa_w1qf_ext7_v1_ep6,confirm_3000_qids,ijepa,qformer32,none,relate,1049,vqa_soft,32.316492,15.34795,16.968541,outputs/eval/confirm/bridge_ijepa_w1qf_ext7_v1_ep6__corrected_chatml_v1_eos__confirm_3000_qids__image_only__direct_records.json
corrected_confirm3000:bridge_ijepa_w1qf_ext7_v1_ep7::bridge_ijepa_w1qf_ext7_v1_ep7__corrected_chatml_v1_eos__confirm_3000_qids__image_only__direct::exact,corrected_chatml_v1_eos,corrected_confirm3000:bridge_ijepa_w1qf_ext7_v1_ep7,confirm_3000_qids,ijepa,qformer32,none,choose,368,exact,59.23913,49.184783,10.054348,outputs/eval/confirm/bridge_ijepa_w1qf_ext7_v1_ep7__corrected_chatml_v1_eos__confirm_3000_qids__image_only__direct_records.json
corrected_confirm3000:bridge_ijepa_w1qf_ext7_v1_ep7::bridge_ijepa_w1qf_ext7_v1_ep7__corrected_chatml_v1_eos__confirm_3000_qids__image_only__direct::exact,corrected_chatml_v1_eos,corrected_confirm3000:bridge_ijepa_w1qf_ext7_v1_ep7,confirm_3000_qids,ijepa,qformer32,none,compare,96,exact,47.916667,35.416667,12.5,outputs/eval/confirm/bridge_ijepa_w1qf_ext7_v1_ep7__corrected_chatml_v1_eos__confirm_3000_qids__image_only__direct_records.json
corrected_confirm3000:bridge_ijepa_w1qf_ext7_v1_ep7::bridge_ijepa_w1qf_ext7_v1_ep7__corrected_chatml_v1_eos__confirm_3000_qids__image_only__direct::exact,corrected_chatml_v1_eos,corrected_confirm3000:bridge_ijepa_w1qf_ext7_v1_ep7,confirm_3000_qids,ijepa,qformer32,none,exist,532,exact,51.503759,41.729323,9.774436,outputs/eval/confirm/bridge_ijepa_w1qf_ext7_v1_ep7__corrected_chatml_v1_eos__confirm_3000_qids__image_only__direct_records.json
corrected_confirm3000:bridge_ijepa_w1qf_ext7_v1_ep7::bridge_ijepa_w1qf_ext7_v1_ep7__corrected_chatml_v1_eos__confirm_3000_qids__image_only__direct::exact,corrected_chatml_v1_eos,corrected_confirm3000:bridge_ijepa_w1qf_ext7_v1_ep7,confirm_3000_qids,ijepa,qformer32,none,other,955,exact,41.884817,28.376963,13.507853,outputs/eval/confirm/bridge_ijepa_w1qf_ext7_v1_ep7__corrected_chatml_v1_eos__confirm_3000_qids__image_only__direct_records.json
corrected_confirm3000:bridge_ijepa_w1qf_ext7_v1_ep7::bridge_ijepa_w1qf_ext7_v1_ep7__corrected_chatml_v1_eos__confirm_3000_qids__image_only__direct::exact,corrected_chatml_v1_eos,corrected_confirm3000:bridge_ijepa_w1qf_ext7_v1_ep7,confirm_3000_qids,ijepa,qformer32,none,relate,1049,exact,30.028599,14.585319,15.443279,outputs/eval/confirm/bridge_ijepa_w1qf_ext7_v1_ep7__corrected_chatml_v1_eos__confirm_3000_qids__image_only__direct_records.json
corrected_confirm3000:bridge_ijepa_w1qf_ext7_v1_ep7::bridge_ijepa_w1qf_ext7_v1_ep7__corrected_chatml_v1_eos__confirm_3000_qids__image_only__direct::exact_full,corrected_chatml_v1_eos,corrected_confirm3000:bridge_ijepa_w1qf_ext7_v1_ep7,confirm_3000_qids,ijepa,qformer32,none,choose,368,exact_full,59.23913,49.184783,10.054348,outputs/eval/confirm/bridge_ijepa_w1qf_ext7_v1_ep7__corrected_chatml_v1_eos__confirm_3000_qids__image_only__direct_records.json
corrected_confirm3000:bridge_ijepa_w1qf_ext7_v1_ep7::bridge_ijepa_w1qf_ext7_v1_ep7__corrected_chatml_v1_eos__confirm_3000_qids__image_only__direct::exact_full,corrected_chatml_v1_eos,corrected_confirm3000:bridge_ijepa_w1qf_ext7_v1_ep7,confirm_3000_qids,ijepa,qformer32,none,compare,96,exact_full,47.916667,35.416667,12.5,outputs/eval/confirm/bridge_ijepa_w1qf_ext7_v1_ep7__corrected_chatml_v1_eos__confirm_3000_qids__image_only__direct_records.json
corrected_confirm3000:bridge_ijepa_w1qf_ext7_v1_ep7::bridge_ijepa_w1qf_ext7_v1_ep7__corrected_chatml_v1_eos__confirm_3000_qids__image_only__direct::exact_full,corrected_chatml_v1_eos,corrected_confirm3000:bridge_ijepa_w1qf_ext7_v1_ep7,confirm_3000_qids,ijepa,qformer32,none,exist,532,exact_full,51.503759,41.729323,9.774436,outputs/eval/confirm/bridge_ijepa_w1qf_ext7_v1_ep7__corrected_chatml_v1_eos__confirm_3000_qids__image_only__direct_records.json
corrected_confirm3000:bridge_ijepa_w1qf_ext7_v1_ep7::bridge_ijepa_w1qf_ext7_v1_ep7__corrected_chatml_v1_eos__confirm_3000_qids__image_only__direct::exact_full,corrected_chatml_v1_eos,corrected_confirm3000:bridge_ijepa_w1qf_ext7_v1_ep7,confirm_3000_qids,ijepa,qformer32,none,other,955,exact_full,41.884817,28.376963,13.507853,outputs/eval/confirm/bridge_ijepa_w1qf_ext7_v1_ep7__corrected_chatml_v1_eos__confirm_3000_qids__image_only__direct_records.json
corrected_confirm3000:bridge_ijepa_w1qf_ext7_v1_ep7::bridge_ijepa_w1qf_ext7_v1_ep7__corrected_chatml_v1_eos__confirm_3000_qids__image_only__direct::exact_full,corrected_chatml_v1_eos,corrected_confirm3000:bridge_ijepa_w1qf_ext7_v1_ep7,confirm_3000_qids,ijepa,qformer32,none,relate,1049,exact_full,30.028599,14.585319,15.443279,outputs/eval/confirm/bridge_ijepa_w1qf_ext7_v1_ep7__corrected_chatml_v1_eos__confirm_3000_qids__image_only__direct_records.json
corrected_confirm3000:bridge_ijepa_w1qf_ext7_v1_ep7::bridge_ijepa_w1qf_ext7_v1_ep7__corrected_chatml_v1_eos__confirm_3000_qids__image_only__direct::vqa_soft,corrected_chatml_v1_eos,corrected_confirm3000:bridge_ijepa_w1qf_ext7_v1_ep7,confirm_3000_qids,ijepa,qformer32,none,choose,368,vqa_soft,59.23913,50,9.23913,outputs/eval/confirm/bridge_ijepa_w1qf_ext7_v1_ep7__corrected_chatml_v1_eos__confirm_3000_qids__image_only__direct_records.json
corrected_confirm3000:bridge_ijepa_w1qf_ext7_v1_ep7::bridge_ijepa_w1qf_ext7_v1_ep7__corrected_chatml_v1_eos__confirm_3000_qids__image_only__direct::vqa_soft,corrected_chatml_v1_eos,corrected_confirm3000:bridge_ijepa_w1qf_ext7_v1_ep7,confirm_3000_qids,ijepa,qformer32,none,compare,96,vqa_soft,47.916667,39.583333,8.333333,outputs/eval/confirm/bridge_ijepa_w1qf_ext7_v1_ep7__corrected_chatml_v1_eos__confirm_3000_qids__image_only__direct_records.json
corrected_confirm3000:bridge_ijepa_w1qf_ext7_v1_ep7::bridge_ijepa_w1qf_ext7_v1_ep7__corrected_chatml_v1_eos__confirm_3000_qids__image_only__direct::vqa_soft,corrected_chatml_v1_eos,corrected_confirm3000:bridge_ijepa_w1qf_ext7_v1_ep7,confirm_3000_qids,ijepa,qformer32,none,exist,532,vqa_soft,51.503759,50.37594,1.12782,outputs/eval/confirm/bridge_ijepa_w1qf_ext7_v1_ep7__corrected_chatml_v1_eos__confirm_3000_qids__image_only__direct_records.json
corrected_confirm3000:bridge_ijepa_w1qf_ext7_v1_ep7::bridge_ijepa_w1qf_ext7_v1_ep7__corrected_chatml_v1_eos__confirm_3000_qids__image_only__direct::vqa_soft,corrected_chatml_v1_eos,corrected_confirm3000:bridge_ijepa_w1qf_ext7_v1_ep7,confirm_3000_qids,ijepa,qformer32,none,other,955,vqa_soft,42.513089,30.680628,11.832461,outputs/eval/confirm/bridge_ijepa_w1qf_ext7_v1_ep7__corrected_chatml_v1_eos__confirm_3000_qids__image_only__direct_records.json
corrected_confirm3000:bridge_ijepa_w1qf_ext7_v1_ep7::bridge_ijepa_w1qf_ext7_v1_ep7__corrected_chatml_v1_eos__confirm_3000_qids__image_only__direct::vqa_soft,corrected_chatml_v1_eos,corrected_confirm3000:bridge_ijepa_w1qf_ext7_v1_ep7,confirm_3000_qids,ijepa,qformer32,none,relate,1049,vqa_soft,30.79123,15.34795,15.443279,outputs/eval/confirm/bridge_ijepa_w1qf_ext7_v1_ep7__corrected_chatml_v1_eos__confirm_3000_qids__image_only__direct_records.json
corrected_confirm3000:bridge_ijepa_w1qf_s43_v1_ep5::bridge_ijepa_w1qf_s43_v1_ep5__corrected_chatml_v1_eos__confirm_3000_qids__image_only__direct::exact,corrected_chatml_v1_eos,corrected_confirm3000:bridge_ijepa_w1qf_s43_v1_ep5,confirm_3000_qids,ijepa,qformer32,none,choose,368,exact,59.782609,49.184783,10.597826,outputs/eval/confirm/bridge_ijepa_w1qf_s43_v1_ep5__corrected_chatml_v1_eos__confirm_3000_qids__image_only__direct_records.json
corrected_confirm3000:bridge_ijepa_w1qf_s43_v1_ep5::bridge_ijepa_w1qf_s43_v1_ep5__corrected_chatml_v1_eos__confirm_3000_qids__image_only__direct::exact,corrected_chatml_v1_eos,corrected_confirm3000:bridge_ijepa_w1qf_s43_v1_ep5,confirm_3000_qids,ijepa,qformer32,none,compare,96,exact,42.708333,35.416667,7.291667,outputs/eval/confirm/bridge_ijepa_w1qf_s43_v1_ep5__corrected_chatml_v1_eos__confirm_3000_qids__image_only__direct_records.json
corrected_confirm3000:bridge_ijepa_w1qf_s43_v1_ep5::bridge_ijepa_w1qf_s43_v1_ep5__corrected_chatml_v1_eos__confirm_3000_qids__image_only__direct::exact,corrected_chatml_v1_eos,corrected_confirm3000:bridge_ijepa_w1qf_s43_v1_ep5,confirm_3000_qids,ijepa,qformer32,none,exist,532,exact,46.428571,41.729323,4.699248,outputs/eval/confirm/bridge_ijepa_w1qf_s43_v1_ep5__corrected_chatml_v1_eos__confirm_3000_qids__image_only__direct_records.json
corrected_confirm3000:bridge_ijepa_w1qf_s43_v1_ep5::bridge_ijepa_w1qf_s43_v1_ep5__corrected_chatml_v1_eos__confirm_3000_qids__image_only__direct::exact,corrected_chatml_v1_eos,corrected_confirm3000:bridge_ijepa_w1qf_s43_v1_ep5,confirm_3000_qids,ijepa,qformer32,none,other,955,exact,42.303665,28.376963,13.926702,outputs/eval/confirm/bridge_ijepa_w1qf_s43_v1_ep5__corrected_chatml_v1_eos__confirm_3000_qids__image_only__direct_records.json
corrected_confirm3000:bridge_ijepa_w1qf_s43_v1_ep5::bridge_ijepa_w1qf_s43_v1_ep5__corrected_chatml_v1_eos__confirm_3000_qids__image_only__direct::exact,corrected_chatml_v1_eos,corrected_confirm3000:bridge_ijepa_w1qf_s43_v1_ep5,confirm_3000_qids,ijepa,qformer32,none,relate,1049,exact,31.077216,14.585319,16.491897,outputs/eval/confirm/bridge_ijepa_w1qf_s43_v1_ep5__corrected_chatml_v1_eos__confirm_3000_qids__image_only__direct_records.json
corrected_confirm3000:bridge_ijepa_w1qf_s43_v1_ep5::bridge_ijepa_w1qf_s43_v1_ep5__corrected_chatml_v1_eos__confirm_3000_qids__image_only__direct::exact_full,corrected_chatml_v1_eos,corrected_confirm3000:bridge_ijepa_w1qf_s43_v1_ep5,confirm_3000_qids,ijepa,qformer32,none,choose,368,exact_full,59.782609,49.184783,10.597826,outputs/eval/confirm/bridge_ijepa_w1qf_s43_v1_ep5__corrected_chatml_v1_eos__confirm_3000_qids__image_only__direct_records.json
corrected_confirm3000:bridge_ijepa_w1qf_s43_v1_ep5::bridge_ijepa_w1qf_s43_v1_ep5__corrected_chatml_v1_eos__confirm_3000_qids__image_only__direct::exact_full,corrected_chatml_v1_eos,corrected_confirm3000:bridge_ijepa_w1qf_s43_v1_ep5,confirm_3000_qids,ijepa,qformer32,none,compare,96,exact_full,42.708333,35.416667,7.291667,outputs/eval/confirm/bridge_ijepa_w1qf_s43_v1_ep5__corrected_chatml_v1_eos__confirm_3000_qids__image_only__direct_records.json
corrected_confirm3000:bridge_ijepa_w1qf_s43_v1_ep5::bridge_ijepa_w1qf_s43_v1_ep5__corrected_chatml_v1_eos__confirm_3000_qids__image_only__direct::exact_full,corrected_chatml_v1_eos,corrected_confirm3000:bridge_ijepa_w1qf_s43_v1_ep5,confirm_3000_qids,ijepa,qformer32,none,exist,532,exact_full,46.428571,41.729323,4.699248,outputs/eval/confirm/bridge_ijepa_w1qf_s43_v1_ep5__corrected_chatml_v1_eos__confirm_3000_qids__image_only__direct_records.json
corrected_confirm3000:bridge_ijepa_w1qf_s43_v1_ep5::bridge_ijepa_w1qf_s43_v1_ep5__corrected_chatml_v1_eos__confirm_3000_qids__image_only__direct::exact_full,corrected_chatml_v1_eos,corrected_confirm3000:bridge_ijepa_w1qf_s43_v1_ep5,confirm_3000_qids,ijepa,qformer32,none,other,955,exact_full,42.303665,28.376963,13.926702,outputs/eval/confirm/bridge_ijepa_w1qf_s43_v1_ep5__corrected_chatml_v1_eos__confirm_3000_qids__image_only__direct_records.json
corrected_confirm3000:bridge_ijepa_w1qf_s43_v1_ep5::bridge_ijepa_w1qf_s43_v1_ep5__corrected_chatml_v1_eos__confirm_3000_qids__image_only__direct::exact_full,corrected_chatml_v1_eos,corrected_confirm3000:bridge_ijepa_w1qf_s43_v1_ep5,confirm_3000_qids,ijepa,qformer32,none,relate,1049,exact_full,31.077216,14.585319,16.491897,outputs/eval/confirm/bridge_ijepa_w1qf_s43_v1_ep5__corrected_chatml_v1_eos__confirm_3000_qids__image_only__direct_records.json
corrected_confirm3000:bridge_ijepa_w1qf_s43_v1_ep5::bridge_ijepa_w1qf_s43_v1_ep5__corrected_chatml_v1_eos__confirm_3000_qids__image_only__direct::vqa_soft,corrected_chatml_v1_eos,corrected_confirm3000:bridge_ijepa_w1qf_s43_v1_ep5,confirm_3000_qids,ijepa,qformer32,none,choose,368,vqa_soft,60.054348,50,10.054348,outputs/eval/confirm/bridge_ijepa_w1qf_s43_v1_ep5__corrected_chatml_v1_eos__confirm_3000_qids__image_only__direct_records.json
corrected_confirm3000:bridge_ijepa_w1qf_s43_v1_ep5::bridge_ijepa_w1qf_s43_v1_ep5__corrected_chatml_v1_eos__confirm_3000_qids__image_only__direct::vqa_soft,corrected_chatml_v1_eos,corrected_confirm3000:bridge_ijepa_w1qf_s43_v1_ep5,confirm_3000_qids,ijepa,qformer32,none,compare,96,vqa_soft,42.708333,39.583333,3.125,outputs/eval/confirm/bridge_ijepa_w1qf_s43_v1_ep5__corrected_chatml_v1_eos__confirm_3000_qids__image_only__direct_records.json
corrected_confirm3000:bridge_ijepa_w1qf_s43_v1_ep5::bridge_ijepa_w1qf_s43_v1_ep5__corrected_chatml_v1_eos__confirm_3000_qids__image_only__direct::vqa_soft,corrected_chatml_v1_eos,corrected_confirm3000:bridge_ijepa_w1qf_s43_v1_ep5,confirm_3000_qids,ijepa,qformer32,none,exist,532,vqa_soft,46.428571,50.37594,-3.947368,outputs/eval/confirm/bridge_ijepa_w1qf_s43_v1_ep5__corrected_chatml_v1_eos__confirm_3000_qids__image_only__direct_records.json
corrected_confirm3000:bridge_ijepa_w1qf_s43_v1_ep5::bridge_ijepa_w1qf_s43_v1_ep5__corrected_chatml_v1_eos__confirm_3000_qids__image_only__direct::vqa_soft,corrected_chatml_v1_eos,corrected_confirm3000:bridge_ijepa_w1qf_s43_v1_ep5,confirm_3000_qids,ijepa,qformer32,none,other,955,vqa_soft,42.931937,30.680628,12.251309,outputs/eval/confirm/bridge_ijepa_w1qf_s43_v1_ep5__corrected_chatml_v1_eos__confirm_3000_qids__image_only__direct_records.json
corrected_confirm3000:bridge_ijepa_w1qf_s43_v1_ep5::bridge_ijepa_w1qf_s43_v1_ep5__corrected_chatml_v1_eos__confirm_3000_qids__image_only__direct::vqa_soft,corrected_chatml_v1_eos,corrected_confirm3000:bridge_ijepa_w1qf_s43_v1_ep5,confirm_3000_qids,ijepa,qformer32,none,relate,1049,vqa_soft,31.935176,15.34795,16.587226,outputs/eval/confirm/bridge_ijepa_w1qf_s43_v1_ep5__corrected_chatml_v1_eos__confirm_3000_qids__image_only__direct_records.json
corrected_confirm3000:bridge_ijepa_w1qf_s44_v1_ep5::bridge_ijepa_w1qf_s44_v1_ep5__corrected_chatml_v1_eos__confirm_3000_qids__image_only__direct::exact,corrected_chatml_v1_eos,corrected_confirm3000:bridge_ijepa_w1qf_s44_v1_ep5,confirm_3000_qids,ijepa,qformer32,none,choose,368,exact,55.163043,49.184783,5.978261,outputs/eval/confirm/bridge_ijepa_w1qf_s44_v1_ep5__corrected_chatml_v1_eos__confirm_3000_qids__image_only__direct_records.json
corrected_confirm3000:bridge_ijepa_w1qf_s44_v1_ep5::bridge_ijepa_w1qf_s44_v1_ep5__corrected_chatml_v1_eos__confirm_3000_qids__image_only__direct::exact,corrected_chatml_v1_eos,corrected_confirm3000:bridge_ijepa_w1qf_s44_v1_ep5,confirm_3000_qids,ijepa,qformer32,none,compare,96,exact,41.666667,35.416667,6.25,outputs/eval/confirm/bridge_ijepa_w1qf_s44_v1_ep5__corrected_chatml_v1_eos__confirm_3000_qids__image_only__direct_records.json
corrected_confirm3000:bridge_ijepa_w1qf_s44_v1_ep5::bridge_ijepa_w1qf_s44_v1_ep5__corrected_chatml_v1_eos__confirm_3000_qids__image_only__direct::exact,corrected_chatml_v1_eos,corrected_confirm3000:bridge_ijepa_w1qf_s44_v1_ep5,confirm_3000_qids,ijepa,qformer32,none,exist,532,exact,49.62406,41.729323,7.894737,outputs/eval/confirm/bridge_ijepa_w1qf_s44_v1_ep5__corrected_chatml_v1_eos__confirm_3000_qids__image_only__direct_records.json
corrected_confirm3000:bridge_ijepa_w1qf_s44_v1_ep5::bridge_ijepa_w1qf_s44_v1_ep5__corrected_chatml_v1_eos__confirm_3000_qids__image_only__direct::exact,corrected_chatml_v1_eos,corrected_confirm3000:bridge_ijepa_w1qf_s44_v1_ep5,confirm_3000_qids,ijepa,qformer32,none,other,955,exact,40.628272,28.376963,12.251309,outputs/eval/confirm/bridge_ijepa_w1qf_s44_v1_ep5__corrected_chatml_v1_eos__confirm_3000_qids__image_only__direct_records.json
corrected_confirm3000:bridge_ijepa_w1qf_s44_v1_ep5::bridge_ijepa_w1qf_s44_v1_ep5__corrected_chatml_v1_eos__confirm_3000_qids__image_only__direct::exact,corrected_chatml_v1_eos,corrected_confirm3000:bridge_ijepa_w1qf_s44_v1_ep5,confirm_3000_qids,ijepa,qformer32,none,relate,1049,exact,30.600572,14.585319,16.015253,outputs/eval/confirm/bridge_ijepa_w1qf_s44_v1_ep5__corrected_chatml_v1_eos__confirm_3000_qids__image_only__direct_records.json
corrected_confirm3000:bridge_ijepa_w1qf_s44_v1_ep5::bridge_ijepa_w1qf_s44_v1_ep5__corrected_chatml_v1_eos__confirm_3000_qids__image_only__direct::exact_full,corrected_chatml_v1_eos,corrected_confirm3000:bridge_ijepa_w1qf_s44_v1_ep5,confirm_3000_qids,ijepa,qformer32,none,choose,368,exact_full,55.163043,49.184783,5.978261,outputs/eval/confirm/bridge_ijepa_w1qf_s44_v1_ep5__corrected_chatml_v1_eos__confirm_3000_qids__image_only__direct_records.json
corrected_confirm3000:bridge_ijepa_w1qf_s44_v1_ep5::bridge_ijepa_w1qf_s44_v1_ep5__corrected_chatml_v1_eos__confirm_3000_qids__image_only__direct::exact_full,corrected_chatml_v1_eos,corrected_confirm3000:bridge_ijepa_w1qf_s44_v1_ep5,confirm_3000_qids,ijepa,qformer32,none,compare,96,exact_full,41.666667,35.416667,6.25,outputs/eval/confirm/bridge_ijepa_w1qf_s44_v1_ep5__corrected_chatml_v1_eos__confirm_3000_qids__image_only__direct_records.json
corrected_confirm3000:bridge_ijepa_w1qf_s44_v1_ep5::bridge_ijepa_w1qf_s44_v1_ep5__corrected_chatml_v1_eos__confirm_3000_qids__image_only__direct::exact_full,corrected_chatml_v1_eos,corrected_confirm3000:bridge_ijepa_w1qf_s44_v1_ep5,confirm_3000_qids,ijepa,qformer32,none,exist,532,exact_full,49.62406,41.729323,7.894737,outputs/eval/confirm/bridge_ijepa_w1qf_s44_v1_ep5__corrected_chatml_v1_eos__confirm_3000_qids__image_only__direct_records.json
corrected_confirm3000:bridge_ijepa_w1qf_s44_v1_ep5::bridge_ijepa_w1qf_s44_v1_ep5__corrected_chatml_v1_eos__confirm_3000_qids__image_only__direct::exact_full,corrected_chatml_v1_eos,corrected_confirm3000:bridge_ijepa_w1qf_s44_v1_ep5,confirm_3000_qids,ijepa,qformer32,none,other,955,exact_full,40.628272,28.376963,12.251309,outputs/eval/confirm/bridge_ijepa_w1qf_s44_v1_ep5__corrected_chatml_v1_eos__confirm_3000_qids__image_only__direct_records.json
corrected_confirm3000:bridge_ijepa_w1qf_s44_v1_ep5::bridge_ijepa_w1qf_s44_v1_ep5__corrected_chatml_v1_eos__confirm_3000_qids__image_only__direct::exact_full,corrected_chatml_v1_eos,corrected_confirm3000:bridge_ijepa_w1qf_s44_v1_ep5,confirm_3000_qids,ijepa,qformer32,none,relate,1049,exact_full,30.600572,14.585319,16.015253,outputs/eval/confirm/bridge_ijepa_w1qf_s44_v1_ep5__corrected_chatml_v1_eos__confirm_3000_qids__image_only__direct_records.json
corrected_confirm3000:bridge_ijepa_w1qf_s44_v1_ep5::bridge_ijepa_w1qf_s44_v1_ep5__corrected_chatml_v1_eos__confirm_3000_qids__image_only__direct::vqa_soft,corrected_chatml_v1_eos,corrected_confirm3000:bridge_ijepa_w1qf_s44_v1_ep5,confirm_3000_qids,ijepa,qformer32,none,choose,368,vqa_soft,55.434783,50,5.434783,outputs/eval/confirm/bridge_ijepa_w1qf_s44_v1_ep5__corrected_chatml_v1_eos__confirm_3000_qids__image_only__direct_records.json
corrected_confirm3000:bridge_ijepa_w1qf_s44_v1_ep5::bridge_ijepa_w1qf_s44_v1_ep5__corrected_chatml_v1_eos__confirm_3000_qids__image_only__direct::vqa_soft,corrected_chatml_v1_eos,corrected_confirm3000:bridge_ijepa_w1qf_s44_v1_ep5,confirm_3000_qids,ijepa,qformer32,none,compare,96,vqa_soft,41.666667,39.583333,2.083333,outputs/eval/confirm/bridge_ijepa_w1qf_s44_v1_ep5__corrected_chatml_v1_eos__confirm_3000_qids__image_only__direct_records.json
corrected_confirm3000:bridge_ijepa_w1qf_s44_v1_ep5::bridge_ijepa_w1qf_s44_v1_ep5__corrected_chatml_v1_eos__confirm_3000_qids__image_only__direct::vqa_soft,corrected_chatml_v1_eos,corrected_confirm3000:bridge_ijepa_w1qf_s44_v1_ep5,confirm_3000_qids,ijepa,qformer32,none,exist,532,vqa_soft,49.62406,50.37594,-0.75188,outputs/eval/confirm/bridge_ijepa_w1qf_s44_v1_ep5__corrected_chatml_v1_eos__confirm_3000_qids__image_only__direct_records.json
corrected_confirm3000:bridge_ijepa_w1qf_s44_v1_ep5::bridge_ijepa_w1qf_s44_v1_ep5__corrected_chatml_v1_eos__confirm_3000_qids__image_only__direct::vqa_soft,corrected_chatml_v1_eos,corrected_confirm3000:bridge_ijepa_w1qf_s44_v1_ep5,confirm_3000_qids,ijepa,qformer32,none,other,955,vqa_soft,41.256545,30.680628,10.575916,outputs/eval/confirm/bridge_ijepa_w1qf_s44_v1_ep5__corrected_chatml_v1_eos__confirm_3000_qids__image_only__direct_records.json
corrected_confirm3000:bridge_ijepa_w1qf_s44_v1_ep5::bridge_ijepa_w1qf_s44_v1_ep5__corrected_chatml_v1_eos__confirm_3000_qids__image_only__direct::vqa_soft,corrected_chatml_v1_eos,corrected_confirm3000:bridge_ijepa_w1qf_s44_v1_ep5,confirm_3000_qids,ijepa,qformer32,none,relate,1049,vqa_soft,31.458532,15.34795,16.110582,outputs/eval/confirm/bridge_ijepa_w1qf_s44_v1_ep5__corrected_chatml_v1_eos__confirm_3000_qids__image_only__direct_records.json
corrected_locked2000:bridge_clip_w1_bf16_v1_ep5::bridge_clip_w1_bf16_v1_ep5__corrected_chatml_v1_eos__eval_2000_qids__image_only__direct::exact,corrected_chatml_v1_eos,corrected_locked2000:bridge_clip_w1_bf16_v1_ep5,eval_2000_qids,clip,mlp256,none,choose,197,exact,69.035533,56.852792,12.182741,outputs/eval/locked/bridge_clip_w1_bf16_v1_ep5__corrected_chatml_v1_eos__eval_2000_qids__image_only__direct_records.json
corrected_locked2000:bridge_clip_w1_bf16_v1_ep5::bridge_clip_w1_bf16_v1_ep5__corrected_chatml_v1_eos__eval_2000_qids__image_only__direct::exact,corrected_chatml_v1_eos,corrected_locked2000:bridge_clip_w1_bf16_v1_ep5,eval_2000_qids,clip,mlp256,none,compare,58,exact,56.896552,44.827586,12.068966,outputs/eval/locked/bridge_clip_w1_bf16_v1_ep5__corrected_chatml_v1_eos__eval_2000_qids__image_only__direct_records.json
corrected_locked2000:bridge_clip_w1_bf16_v1_ep5::bridge_clip_w1_bf16_v1_ep5__corrected_chatml_v1_eos__eval_2000_qids__image_only__direct::exact,corrected_chatml_v1_eos,corrected_locked2000:bridge_clip_w1_bf16_v1_ep5,eval_2000_qids,clip,mlp256,none,exist,354,exact,69.491525,39.830508,29.661017,outputs/eval/locked/bridge_clip_w1_bf16_v1_ep5__corrected_chatml_v1_eos__eval_2000_qids__image_only__direct_records.json
corrected_locked2000:bridge_clip_w1_bf16_v1_ep5::bridge_clip_w1_bf16_v1_ep5__corrected_chatml_v1_eos__eval_2000_qids__image_only__direct::exact,corrected_chatml_v1_eos,corrected_locked2000:bridge_clip_w1_bf16_v1_ep5,eval_2000_qids,clip,mlp256,none,other,610,exact,47.868852,30,17.868852,outputs/eval/locked/bridge_clip_w1_bf16_v1_ep5__corrected_chatml_v1_eos__eval_2000_qids__image_only__direct_records.json
corrected_locked2000:bridge_clip_w1_bf16_v1_ep5::bridge_clip_w1_bf16_v1_ep5__corrected_chatml_v1_eos__eval_2000_qids__image_only__direct::exact,corrected_chatml_v1_eos,corrected_locked2000:bridge_clip_w1_bf16_v1_ep5,eval_2000_qids,clip,mlp256,none,relate,781,exact,41.869398,14.980794,26.888604,outputs/eval/locked/bridge_clip_w1_bf16_v1_ep5__corrected_chatml_v1_eos__eval_2000_qids__image_only__direct_records.json
corrected_locked2000:bridge_clip_w1_bf16_v1_ep5::bridge_clip_w1_bf16_v1_ep5__corrected_chatml_v1_eos__eval_2000_qids__image_only__direct::exact_full,corrected_chatml_v1_eos,corrected_locked2000:bridge_clip_w1_bf16_v1_ep5,eval_2000_qids,clip,mlp256,none,choose,197,exact_full,69.035533,56.852792,12.182741,outputs/eval/locked/bridge_clip_w1_bf16_v1_ep5__corrected_chatml_v1_eos__eval_2000_qids__image_only__direct_records.json
corrected_locked2000:bridge_clip_w1_bf16_v1_ep5::bridge_clip_w1_bf16_v1_ep5__corrected_chatml_v1_eos__eval_2000_qids__image_only__direct::exact_full,corrected_chatml_v1_eos,corrected_locked2000:bridge_clip_w1_bf16_v1_ep5,eval_2000_qids,clip,mlp256,none,compare,58,exact_full,56.896552,44.827586,12.068966,outputs/eval/locked/bridge_clip_w1_bf16_v1_ep5__corrected_chatml_v1_eos__eval_2000_qids__image_only__direct_records.json
corrected_locked2000:bridge_clip_w1_bf16_v1_ep5::bridge_clip_w1_bf16_v1_ep5__corrected_chatml_v1_eos__eval_2000_qids__image_only__direct::exact_full,corrected_chatml_v1_eos,corrected_locked2000:bridge_clip_w1_bf16_v1_ep5,eval_2000_qids,clip,mlp256,none,exist,354,exact_full,69.491525,39.830508,29.661017,outputs/eval/locked/bridge_clip_w1_bf16_v1_ep5__corrected_chatml_v1_eos__eval_2000_qids__image_only__direct_records.json
corrected_locked2000:bridge_clip_w1_bf16_v1_ep5::bridge_clip_w1_bf16_v1_ep5__corrected_chatml_v1_eos__eval_2000_qids__image_only__direct::exact_full,corrected_chatml_v1_eos,corrected_locked2000:bridge_clip_w1_bf16_v1_ep5,eval_2000_qids,clip,mlp256,none,other,610,exact_full,47.868852,30,17.868852,outputs/eval/locked/bridge_clip_w1_bf16_v1_ep5__corrected_chatml_v1_eos__eval_2000_qids__image_only__direct_records.json
corrected_locked2000:bridge_clip_w1_bf16_v1_ep5::bridge_clip_w1_bf16_v1_ep5__corrected_chatml_v1_eos__eval_2000_qids__image_only__direct::exact_full,corrected_chatml_v1_eos,corrected_locked2000:bridge_clip_w1_bf16_v1_ep5,eval_2000_qids,clip,mlp256,none,relate,781,exact_full,41.869398,14.980794,26.888604,outputs/eval/locked/bridge_clip_w1_bf16_v1_ep5__corrected_chatml_v1_eos__eval_2000_qids__image_only__direct_records.json
corrected_locked2000:bridge_clip_w1_bf16_v1_ep5::bridge_clip_w1_bf16_v1_ep5__corrected_chatml_v1_eos__eval_2000_qids__image_only__direct::vqa_soft,corrected_chatml_v1_eos,corrected_locked2000:bridge_clip_w1_bf16_v1_ep5,eval_2000_qids,clip,mlp256,none,choose,197,vqa_soft,69.543147,57.360406,12.182741,outputs/eval/locked/bridge_clip_w1_bf16_v1_ep5__corrected_chatml_v1_eos__eval_2000_qids__image_only__direct_records.json
corrected_locked2000:bridge_clip_w1_bf16_v1_ep5::bridge_clip_w1_bf16_v1_ep5__corrected_chatml_v1_eos__eval_2000_qids__image_only__direct::vqa_soft,corrected_chatml_v1_eos,corrected_locked2000:bridge_clip_w1_bf16_v1_ep5,eval_2000_qids,clip,mlp256,none,compare,58,vqa_soft,56.896552,46.551724,10.344828,outputs/eval/locked/bridge_clip_w1_bf16_v1_ep5__corrected_chatml_v1_eos__eval_2000_qids__image_only__direct_records.json
corrected_locked2000:bridge_clip_w1_bf16_v1_ep5::bridge_clip_w1_bf16_v1_ep5__corrected_chatml_v1_eos__eval_2000_qids__image_only__direct::vqa_soft,corrected_chatml_v1_eos,corrected_locked2000:bridge_clip_w1_bf16_v1_ep5,eval_2000_qids,clip,mlp256,none,exist,354,vqa_soft,69.491525,46.610169,22.881356,outputs/eval/locked/bridge_clip_w1_bf16_v1_ep5__corrected_chatml_v1_eos__eval_2000_qids__image_only__direct_records.json
corrected_locked2000:bridge_clip_w1_bf16_v1_ep5::bridge_clip_w1_bf16_v1_ep5__corrected_chatml_v1_eos__eval_2000_qids__image_only__direct::vqa_soft,corrected_chatml_v1_eos,corrected_locked2000:bridge_clip_w1_bf16_v1_ep5,eval_2000_qids,clip,mlp256,none,other,610,vqa_soft,49.180328,31.639344,17.540984,outputs/eval/locked/bridge_clip_w1_bf16_v1_ep5__corrected_chatml_v1_eos__eval_2000_qids__image_only__direct_records.json
corrected_locked2000:bridge_clip_w1_bf16_v1_ep5::bridge_clip_w1_bf16_v1_ep5__corrected_chatml_v1_eos__eval_2000_qids__image_only__direct::vqa_soft,corrected_chatml_v1_eos,corrected_locked2000:bridge_clip_w1_bf16_v1_ep5,eval_2000_qids,clip,mlp256,none,relate,781,vqa_soft,42.765685,15.236876,27.528809,outputs/eval/locked/bridge_clip_w1_bf16_v1_ep5__corrected_chatml_v1_eos__eval_2000_qids__image_only__direct_records.json
corrected_locked2000:bridge_clip_w1_s43_v1_ep5::bridge_clip_w1_s43_v1_ep5__corrected_chatml_v1_eos__eval_2000_qids__image_only__direct::exact,corrected_chatml_v1_eos,corrected_locked2000:bridge_clip_w1_s43_v1_ep5,eval_2000_qids,clip,mlp256,none,choose,197,exact,64.467005,56.852792,7.614213,outputs/eval/locked/bridge_clip_w1_s43_v1_ep5__corrected_chatml_v1_eos__eval_2000_qids__image_only__direct_records.json
corrected_locked2000:bridge_clip_w1_s43_v1_ep5::bridge_clip_w1_s43_v1_ep5__corrected_chatml_v1_eos__eval_2000_qids__image_only__direct::exact,corrected_chatml_v1_eos,corrected_locked2000:bridge_clip_w1_s43_v1_ep5,eval_2000_qids,clip,mlp256,none,compare,58,exact,58.62069,44.827586,13.793103,outputs/eval/locked/bridge_clip_w1_s43_v1_ep5__corrected_chatml_v1_eos__eval_2000_qids__image_only__direct_records.json
corrected_locked2000:bridge_clip_w1_s43_v1_ep5::bridge_clip_w1_s43_v1_ep5__corrected_chatml_v1_eos__eval_2000_qids__image_only__direct::exact,corrected_chatml_v1_eos,corrected_locked2000:bridge_clip_w1_s43_v1_ep5,eval_2000_qids,clip,mlp256,none,exist,354,exact,62.429379,39.830508,22.59887,outputs/eval/locked/bridge_clip_w1_s43_v1_ep5__corrected_chatml_v1_eos__eval_2000_qids__image_only__direct_records.json
corrected_locked2000:bridge_clip_w1_s43_v1_ep5::bridge_clip_w1_s43_v1_ep5__corrected_chatml_v1_eos__eval_2000_qids__image_only__direct::exact,corrected_chatml_v1_eos,corrected_locked2000:bridge_clip_w1_s43_v1_ep5,eval_2000_qids,clip,mlp256,none,other,610,exact,49.344262,30,19.344262,outputs/eval/locked/bridge_clip_w1_s43_v1_ep5__corrected_chatml_v1_eos__eval_2000_qids__image_only__direct_records.json
corrected_locked2000:bridge_clip_w1_s43_v1_ep5::bridge_clip_w1_s43_v1_ep5__corrected_chatml_v1_eos__eval_2000_qids__image_only__direct::exact,corrected_chatml_v1_eos,corrected_locked2000:bridge_clip_w1_s43_v1_ep5,eval_2000_qids,clip,mlp256,none,relate,781,exact,42.637644,14.980794,27.65685,outputs/eval/locked/bridge_clip_w1_s43_v1_ep5__corrected_chatml_v1_eos__eval_2000_qids__image_only__direct_records.json
corrected_locked2000:bridge_clip_w1_s43_v1_ep5::bridge_clip_w1_s43_v1_ep5__corrected_chatml_v1_eos__eval_2000_qids__image_only__direct::exact_full,corrected_chatml_v1_eos,corrected_locked2000:bridge_clip_w1_s43_v1_ep5,eval_2000_qids,clip,mlp256,none,choose,197,exact_full,64.467005,56.852792,7.614213,outputs/eval/locked/bridge_clip_w1_s43_v1_ep5__corrected_chatml_v1_eos__eval_2000_qids__image_only__direct_records.json
corrected_locked2000:bridge_clip_w1_s43_v1_ep5::bridge_clip_w1_s43_v1_ep5__corrected_chatml_v1_eos__eval_2000_qids__image_only__direct::exact_full,corrected_chatml_v1_eos,corrected_locked2000:bridge_clip_w1_s43_v1_ep5,eval_2000_qids,clip,mlp256,none,compare,58,exact_full,58.62069,44.827586,13.793103,outputs/eval/locked/bridge_clip_w1_s43_v1_ep5__corrected_chatml_v1_eos__eval_2000_qids__image_only__direct_records.json
corrected_locked2000:bridge_clip_w1_s43_v1_ep5::bridge_clip_w1_s43_v1_ep5__corrected_chatml_v1_eos__eval_2000_qids__image_only__direct::exact_full,corrected_chatml_v1_eos,corrected_locked2000:bridge_clip_w1_s43_v1_ep5,eval_2000_qids,clip,mlp256,none,exist,354,exact_full,62.429379,39.830508,22.59887,outputs/eval/locked/bridge_clip_w1_s43_v1_ep5__corrected_chatml_v1_eos__eval_2000_qids__image_only__direct_records.json
corrected_locked2000:bridge_clip_w1_s43_v1_ep5::bridge_clip_w1_s43_v1_ep5__corrected_chatml_v1_eos__eval_2000_qids__image_only__direct::exact_full,corrected_chatml_v1_eos,corrected_locked2000:bridge_clip_w1_s43_v1_ep5,eval_2000_qids,clip,mlp256,none,other,610,exact_full,49.344262,30,19.344262,outputs/eval/locked/bridge_clip_w1_s43_v1_ep5__corrected_chatml_v1_eos__eval_2000_qids__image_only__direct_records.json
corrected_locked2000:bridge_clip_w1_s43_v1_ep5::bridge_clip_w1_s43_v1_ep5__corrected_chatml_v1_eos__eval_2000_qids__image_only__direct::exact_full,corrected_chatml_v1_eos,corrected_locked2000:bridge_clip_w1_s43_v1_ep5,eval_2000_qids,clip,mlp256,none,relate,781,exact_full,42.637644,14.980794,27.65685,outputs/eval/locked/bridge_clip_w1_s43_v1_ep5__corrected_chatml_v1_eos__eval_2000_qids__image_only__direct_records.json
corrected_locked2000:bridge_clip_w1_s43_v1_ep5::bridge_clip_w1_s43_v1_ep5__corrected_chatml_v1_eos__eval_2000_qids__image_only__direct::vqa_soft,corrected_chatml_v1_eos,corrected_locked2000:bridge_clip_w1_s43_v1_ep5,eval_2000_qids,clip,mlp256,none,choose,197,vqa_soft,64.467005,57.360406,7.106599,outputs/eval/locked/bridge_clip_w1_s43_v1_ep5__corrected_chatml_v1_eos__eval_2000_qids__image_only__direct_records.json
corrected_locked2000:bridge_clip_w1_s43_v1_ep5::bridge_clip_w1_s43_v1_ep5__corrected_chatml_v1_eos__eval_2000_qids__image_only__direct::vqa_soft,corrected_chatml_v1_eos,corrected_locked2000:bridge_clip_w1_s43_v1_ep5,eval_2000_qids,clip,mlp256,none,compare,58,vqa_soft,58.62069,46.551724,12.068966,outputs/eval/locked/bridge_clip_w1_s43_v1_ep5__corrected_chatml_v1_eos__eval_2000_qids__image_only__direct_records.json
corrected_locked2000:bridge_clip_w1_s43_v1_ep5::bridge_clip_w1_s43_v1_ep5__corrected_chatml_v1_eos__eval_2000_qids__image_only__direct::vqa_soft,corrected_chatml_v1_eos,corrected_locked2000:bridge_clip_w1_s43_v1_ep5,eval_2000_qids,clip,mlp256,none,exist,354,vqa_soft,62.429379,46.610169,15.819209,outputs/eval/locked/bridge_clip_w1_s43_v1_ep5__corrected_chatml_v1_eos__eval_2000_qids__image_only__direct_records.json
corrected_locked2000:bridge_clip_w1_s43_v1_ep5::bridge_clip_w1_s43_v1_ep5__corrected_chatml_v1_eos__eval_2000_qids__image_only__direct::vqa_soft,corrected_chatml_v1_eos,corrected_locked2000:bridge_clip_w1_s43_v1_ep5,eval_2000_qids,clip,mlp256,none,other,610,vqa_soft,50.491803,31.639344,18.852459,outputs/eval/locked/bridge_clip_w1_s43_v1_ep5__corrected_chatml_v1_eos__eval_2000_qids__image_only__direct_records.json
corrected_locked2000:bridge_clip_w1_s43_v1_ep5::bridge_clip_w1_s43_v1_ep5__corrected_chatml_v1_eos__eval_2000_qids__image_only__direct::vqa_soft,corrected_chatml_v1_eos,corrected_locked2000:bridge_clip_w1_s43_v1_ep5,eval_2000_qids,clip,mlp256,none,relate,781,vqa_soft,43.533931,15.236876,28.297055,outputs/eval/locked/bridge_clip_w1_s43_v1_ep5__corrected_chatml_v1_eos__eval_2000_qids__image_only__direct_records.json
corrected_locked2000:bridge_clip_w1_s44_v1_ep5::bridge_clip_w1_s44_v1_ep5__corrected_chatml_v1_eos__eval_2000_qids__image_only__direct::exact,corrected_chatml_v1_eos,corrected_locked2000:bridge_clip_w1_s44_v1_ep5,eval_2000_qids,clip,mlp256,none,choose,197,exact,67.51269,56.852792,10.659898,outputs/eval/locked/bridge_clip_w1_s44_v1_ep5__corrected_chatml_v1_eos__eval_2000_qids__image_only__direct_records.json
corrected_locked2000:bridge_clip_w1_s44_v1_ep5::bridge_clip_w1_s44_v1_ep5__corrected_chatml_v1_eos__eval_2000_qids__image_only__direct::exact,corrected_chatml_v1_eos,corrected_locked2000:bridge_clip_w1_s44_v1_ep5,eval_2000_qids,clip,mlp256,none,compare,58,exact,58.62069,44.827586,13.793103,outputs/eval/locked/bridge_clip_w1_s44_v1_ep5__corrected_chatml_v1_eos__eval_2000_qids__image_only__direct_records.json
corrected_locked2000:bridge_clip_w1_s44_v1_ep5::bridge_clip_w1_s44_v1_ep5__corrected_chatml_v1_eos__eval_2000_qids__image_only__direct::exact,corrected_chatml_v1_eos,corrected_locked2000:bridge_clip_w1_s44_v1_ep5,eval_2000_qids,clip,mlp256,none,exist,354,exact,65.254237,39.830508,25.423729,outputs/eval/locked/bridge_clip_w1_s44_v1_ep5__corrected_chatml_v1_eos__eval_2000_qids__image_only__direct_records.json
corrected_locked2000:bridge_clip_w1_s44_v1_ep5::bridge_clip_w1_s44_v1_ep5__corrected_chatml_v1_eos__eval_2000_qids__image_only__direct::exact,corrected_chatml_v1_eos,corrected_locked2000:bridge_clip_w1_s44_v1_ep5,eval_2000_qids,clip,mlp256,none,other,610,exact,48.52459,30,18.52459,outputs/eval/locked/bridge_clip_w1_s44_v1_ep5__corrected_chatml_v1_eos__eval_2000_qids__image_only__direct_records.json
corrected_locked2000:bridge_clip_w1_s44_v1_ep5::bridge_clip_w1_s44_v1_ep5__corrected_chatml_v1_eos__eval_2000_qids__image_only__direct::exact,corrected_chatml_v1_eos,corrected_locked2000:bridge_clip_w1_s44_v1_ep5,eval_2000_qids,clip,mlp256,none,relate,781,exact,38.668374,14.980794,23.68758,outputs/eval/locked/bridge_clip_w1_s44_v1_ep5__corrected_chatml_v1_eos__eval_2000_qids__image_only__direct_records.json
corrected_locked2000:bridge_clip_w1_s44_v1_ep5::bridge_clip_w1_s44_v1_ep5__corrected_chatml_v1_eos__eval_2000_qids__image_only__direct::exact_full,corrected_chatml_v1_eos,corrected_locked2000:bridge_clip_w1_s44_v1_ep5,eval_2000_qids,clip,mlp256,none,choose,197,exact_full,67.51269,56.852792,10.659898,outputs/eval/locked/bridge_clip_w1_s44_v1_ep5__corrected_chatml_v1_eos__eval_2000_qids__image_only__direct_records.json
corrected_locked2000:bridge_clip_w1_s44_v1_ep5::bridge_clip_w1_s44_v1_ep5__corrected_chatml_v1_eos__eval_2000_qids__image_only__direct::exact_full,corrected_chatml_v1_eos,corrected_locked2000:bridge_clip_w1_s44_v1_ep5,eval_2000_qids,clip,mlp256,none,compare,58,exact_full,58.62069,44.827586,13.793103,outputs/eval/locked/bridge_clip_w1_s44_v1_ep5__corrected_chatml_v1_eos__eval_2000_qids__image_only__direct_records.json
corrected_locked2000:bridge_clip_w1_s44_v1_ep5::bridge_clip_w1_s44_v1_ep5__corrected_chatml_v1_eos__eval_2000_qids__image_only__direct::exact_full,corrected_chatml_v1_eos,corrected_locked2000:bridge_clip_w1_s44_v1_ep5,eval_2000_qids,clip,mlp256,none,exist,354,exact_full,65.254237,39.830508,25.423729,outputs/eval/locked/bridge_clip_w1_s44_v1_ep5__corrected_chatml_v1_eos__eval_2000_qids__image_only__direct_records.json
corrected_locked2000:bridge_clip_w1_s44_v1_ep5::bridge_clip_w1_s44_v1_ep5__corrected_chatml_v1_eos__eval_2000_qids__image_only__direct::exact_full,corrected_chatml_v1_eos,corrected_locked2000:bridge_clip_w1_s44_v1_ep5,eval_2000_qids,clip,mlp256,none,other,610,exact_full,48.52459,30,18.52459,outputs/eval/locked/bridge_clip_w1_s44_v1_ep5__corrected_chatml_v1_eos__eval_2000_qids__image_only__direct_records.json
corrected_locked2000:bridge_clip_w1_s44_v1_ep5::bridge_clip_w1_s44_v1_ep5__corrected_chatml_v1_eos__eval_2000_qids__image_only__direct::exact_full,corrected_chatml_v1_eos,corrected_locked2000:bridge_clip_w1_s44_v1_ep5,eval_2000_qids,clip,mlp256,none,relate,781,exact_full,38.668374,14.980794,23.68758,outputs/eval/locked/bridge_clip_w1_s44_v1_ep5__corrected_chatml_v1_eos__eval_2000_qids__image_only__direct_records.json
corrected_locked2000:bridge_clip_w1_s44_v1_ep5::bridge_clip_w1_s44_v1_ep5__corrected_chatml_v1_eos__eval_2000_qids__image_only__direct::vqa_soft,corrected_chatml_v1_eos,corrected_locked2000:bridge_clip_w1_s44_v1_ep5,eval_2000_qids,clip,mlp256,none,choose,197,vqa_soft,68.020305,57.360406,10.659898,outputs/eval/locked/bridge_clip_w1_s44_v1_ep5__corrected_chatml_v1_eos__eval_2000_qids__image_only__direct_records.json
corrected_locked2000:bridge_clip_w1_s44_v1_ep5::bridge_clip_w1_s44_v1_ep5__corrected_chatml_v1_eos__eval_2000_qids__image_only__direct::vqa_soft,corrected_chatml_v1_eos,corrected_locked2000:bridge_clip_w1_s44_v1_ep5,eval_2000_qids,clip,mlp256,none,compare,58,vqa_soft,58.62069,46.551724,12.068966,outputs/eval/locked/bridge_clip_w1_s44_v1_ep5__corrected_chatml_v1_eos__eval_2000_qids__image_only__direct_records.json
corrected_locked2000:bridge_clip_w1_s44_v1_ep5::bridge_clip_w1_s44_v1_ep5__corrected_chatml_v1_eos__eval_2000_qids__image_only__direct::vqa_soft,corrected_chatml_v1_eos,corrected_locked2000:bridge_clip_w1_s44_v1_ep5,eval_2000_qids,clip,mlp256,none,exist,354,vqa_soft,65.254237,46.610169,18.644068,outputs/eval/locked/bridge_clip_w1_s44_v1_ep5__corrected_chatml_v1_eos__eval_2000_qids__image_only__direct_records.json
corrected_locked2000:bridge_clip_w1_s44_v1_ep5::bridge_clip_w1_s44_v1_ep5__corrected_chatml_v1_eos__eval_2000_qids__image_only__direct::vqa_soft,corrected_chatml_v1_eos,corrected_locked2000:bridge_clip_w1_s44_v1_ep5,eval_2000_qids,clip,mlp256,none,other,610,vqa_soft,49.016393,31.639344,17.377049,outputs/eval/locked/bridge_clip_w1_s44_v1_ep5__corrected_chatml_v1_eos__eval_2000_qids__image_only__direct_records.json
corrected_locked2000:bridge_clip_w1_s44_v1_ep5::bridge_clip_w1_s44_v1_ep5__corrected_chatml_v1_eos__eval_2000_qids__image_only__direct::vqa_soft,corrected_chatml_v1_eos,corrected_locked2000:bridge_clip_w1_s44_v1_ep5,eval_2000_qids,clip,mlp256,none,relate,781,vqa_soft,39.948784,15.236876,24.711908,outputs/eval/locked/bridge_clip_w1_s44_v1_ep5__corrected_chatml_v1_eos__eval_2000_qids__image_only__direct_records.json
corrected_locked2000:bridge_clip_w1pool_bf16_v1_ep5::bridge_clip_w1pool_bf16_v1_ep5__corrected_chatml_v1_eos__eval_2000_qids__image_only__direct::exact,corrected_chatml_v1_eos,corrected_locked2000:bridge_clip_w1pool_bf16_v1_ep5,eval_2000_qids,clip,pool32,none,choose,197,exact,59.390863,56.852792,2.538071,outputs/eval/locked/bridge_clip_w1pool_bf16_v1_ep5__corrected_chatml_v1_eos__eval_2000_qids__image_only__direct_records.json
corrected_locked2000:bridge_clip_w1pool_bf16_v1_ep5::bridge_clip_w1pool_bf16_v1_ep5__corrected_chatml_v1_eos__eval_2000_qids__image_only__direct::exact,corrected_chatml_v1_eos,corrected_locked2000:bridge_clip_w1pool_bf16_v1_ep5,eval_2000_qids,clip,pool32,none,compare,58,exact,60.344828,44.827586,15.517241,outputs/eval/locked/bridge_clip_w1pool_bf16_v1_ep5__corrected_chatml_v1_eos__eval_2000_qids__image_only__direct_records.json
corrected_locked2000:bridge_clip_w1pool_bf16_v1_ep5::bridge_clip_w1pool_bf16_v1_ep5__corrected_chatml_v1_eos__eval_2000_qids__image_only__direct::exact,corrected_chatml_v1_eos,corrected_locked2000:bridge_clip_w1pool_bf16_v1_ep5,eval_2000_qids,clip,pool32,none,exist,354,exact,57.062147,39.830508,17.231638,outputs/eval/locked/bridge_clip_w1pool_bf16_v1_ep5__corrected_chatml_v1_eos__eval_2000_qids__image_only__direct_records.json
corrected_locked2000:bridge_clip_w1pool_bf16_v1_ep5::bridge_clip_w1pool_bf16_v1_ep5__corrected_chatml_v1_eos__eval_2000_qids__image_only__direct::exact,corrected_chatml_v1_eos,corrected_locked2000:bridge_clip_w1pool_bf16_v1_ep5,eval_2000_qids,clip,pool32,none,other,610,exact,42.95082,30,12.95082,outputs/eval/locked/bridge_clip_w1pool_bf16_v1_ep5__corrected_chatml_v1_eos__eval_2000_qids__image_only__direct_records.json
corrected_locked2000:bridge_clip_w1pool_bf16_v1_ep5::bridge_clip_w1pool_bf16_v1_ep5__corrected_chatml_v1_eos__eval_2000_qids__image_only__direct::exact,corrected_chatml_v1_eos,corrected_locked2000:bridge_clip_w1pool_bf16_v1_ep5,eval_2000_qids,clip,pool32,none,relate,781,exact,34.18694,14.980794,19.206146,outputs/eval/locked/bridge_clip_w1pool_bf16_v1_ep5__corrected_chatml_v1_eos__eval_2000_qids__image_only__direct_records.json
corrected_locked2000:bridge_clip_w1pool_bf16_v1_ep5::bridge_clip_w1pool_bf16_v1_ep5__corrected_chatml_v1_eos__eval_2000_qids__image_only__direct::exact_full,corrected_chatml_v1_eos,corrected_locked2000:bridge_clip_w1pool_bf16_v1_ep5,eval_2000_qids,clip,pool32,none,choose,197,exact_full,59.390863,56.852792,2.538071,outputs/eval/locked/bridge_clip_w1pool_bf16_v1_ep5__corrected_chatml_v1_eos__eval_2000_qids__image_only__direct_records.json
corrected_locked2000:bridge_clip_w1pool_bf16_v1_ep5::bridge_clip_w1pool_bf16_v1_ep5__corrected_chatml_v1_eos__eval_2000_qids__image_only__direct::exact_full,corrected_chatml_v1_eos,corrected_locked2000:bridge_clip_w1pool_bf16_v1_ep5,eval_2000_qids,clip,pool32,none,compare,58,exact_full,60.344828,44.827586,15.517241,outputs/eval/locked/bridge_clip_w1pool_bf16_v1_ep5__corrected_chatml_v1_eos__eval_2000_qids__image_only__direct_records.json
corrected_locked2000:bridge_clip_w1pool_bf16_v1_ep5::bridge_clip_w1pool_bf16_v1_ep5__corrected_chatml_v1_eos__eval_2000_qids__image_only__direct::exact_full,corrected_chatml_v1_eos,corrected_locked2000:bridge_clip_w1pool_bf16_v1_ep5,eval_2000_qids,clip,pool32,none,exist,354,exact_full,57.062147,39.830508,17.231638,outputs/eval/locked/bridge_clip_w1pool_bf16_v1_ep5__corrected_chatml_v1_eos__eval_2000_qids__image_only__direct_records.json
corrected_locked2000:bridge_clip_w1pool_bf16_v1_ep5::bridge_clip_w1pool_bf16_v1_ep5__corrected_chatml_v1_eos__eval_2000_qids__image_only__direct::exact_full,corrected_chatml_v1_eos,corrected_locked2000:bridge_clip_w1pool_bf16_v1_ep5,eval_2000_qids,clip,pool32,none,other,610,exact_full,42.95082,30,12.95082,outputs/eval/locked/bridge_clip_w1pool_bf16_v1_ep5__corrected_chatml_v1_eos__eval_2000_qids__image_only__direct_records.json
corrected_locked2000:bridge_clip_w1pool_bf16_v1_ep5::bridge_clip_w1pool_bf16_v1_ep5__corrected_chatml_v1_eos__eval_2000_qids__image_only__direct::exact_full,corrected_chatml_v1_eos,corrected_locked2000:bridge_clip_w1pool_bf16_v1_ep5,eval_2000_qids,clip,pool32,none,relate,781,exact_full,34.18694,14.980794,19.206146,outputs/eval/locked/bridge_clip_w1pool_bf16_v1_ep5__corrected_chatml_v1_eos__eval_2000_qids__image_only__direct_records.json
corrected_locked2000:bridge_clip_w1pool_bf16_v1_ep5::bridge_clip_w1pool_bf16_v1_ep5__corrected_chatml_v1_eos__eval_2000_qids__image_only__direct::vqa_soft,corrected_chatml_v1_eos,corrected_locked2000:bridge_clip_w1pool_bf16_v1_ep5,eval_2000_qids,clip,pool32,none,choose,197,vqa_soft,59.898477,57.360406,2.538071,outputs/eval/locked/bridge_clip_w1pool_bf16_v1_ep5__corrected_chatml_v1_eos__eval_2000_qids__image_only__direct_records.json
corrected_locked2000:bridge_clip_w1pool_bf16_v1_ep5::bridge_clip_w1pool_bf16_v1_ep5__corrected_chatml_v1_eos__eval_2000_qids__image_only__direct::vqa_soft,corrected_chatml_v1_eos,corrected_locked2000:bridge_clip_w1pool_bf16_v1_ep5,eval_2000_qids,clip,pool32,none,compare,58,vqa_soft,60.344828,46.551724,13.793103,outputs/eval/locked/bridge_clip_w1pool_bf16_v1_ep5__corrected_chatml_v1_eos__eval_2000_qids__image_only__direct_records.json
corrected_locked2000:bridge_clip_w1pool_bf16_v1_ep5::bridge_clip_w1pool_bf16_v1_ep5__corrected_chatml_v1_eos__eval_2000_qids__image_only__direct::vqa_soft,corrected_chatml_v1_eos,corrected_locked2000:bridge_clip_w1pool_bf16_v1_ep5,eval_2000_qids,clip,pool32,none,exist,354,vqa_soft,57.062147,46.610169,10.451977,outputs/eval/locked/bridge_clip_w1pool_bf16_v1_ep5__corrected_chatml_v1_eos__eval_2000_qids__image_only__direct_records.json
corrected_locked2000:bridge_clip_w1pool_bf16_v1_ep5::bridge_clip_w1pool_bf16_v1_ep5__corrected_chatml_v1_eos__eval_2000_qids__image_only__direct::vqa_soft,corrected_chatml_v1_eos,corrected_locked2000:bridge_clip_w1pool_bf16_v1_ep5,eval_2000_qids,clip,pool32,none,other,610,vqa_soft,43.606557,31.639344,11.967213,outputs/eval/locked/bridge_clip_w1pool_bf16_v1_ep5__corrected_chatml_v1_eos__eval_2000_qids__image_only__direct_records.json
corrected_locked2000:bridge_clip_w1pool_bf16_v1_ep5::bridge_clip_w1pool_bf16_v1_ep5__corrected_chatml_v1_eos__eval_2000_qids__image_only__direct::vqa_soft,corrected_chatml_v1_eos,corrected_locked2000:bridge_clip_w1pool_bf16_v1_ep5,eval_2000_qids,clip,pool32,none,relate,781,vqa_soft,35.211268,15.236876,19.974392,outputs/eval/locked/bridge_clip_w1pool_bf16_v1_ep5__corrected_chatml_v1_eos__eval_2000_qids__image_only__direct_records.json
corrected_locked2000:bridge_clip_w1qf_bf16_v1_ep5::bridge_clip_w1qf_bf16_v1_ep5__corrected_chatml_v1_eos__eval_2000_qids__image_only__direct::exact,corrected_chatml_v1_eos,corrected_locked2000:bridge_clip_w1qf_bf16_v1_ep5,eval_2000_qids,clip,qformer32,none,choose,197,exact,50.761421,56.852792,-6.091371,outputs/eval/locked/bridge_clip_w1qf_bf16_v1_ep5__corrected_chatml_v1_eos__eval_2000_qids__image_only__direct_records.json
corrected_locked2000:bridge_clip_w1qf_bf16_v1_ep5::bridge_clip_w1qf_bf16_v1_ep5__corrected_chatml_v1_eos__eval_2000_qids__image_only__direct::exact,corrected_chatml_v1_eos,corrected_locked2000:bridge_clip_w1qf_bf16_v1_ep5,eval_2000_qids,clip,qformer32,none,compare,58,exact,60.344828,44.827586,15.517241,outputs/eval/locked/bridge_clip_w1qf_bf16_v1_ep5__corrected_chatml_v1_eos__eval_2000_qids__image_only__direct_records.json
corrected_locked2000:bridge_clip_w1qf_bf16_v1_ep5::bridge_clip_w1qf_bf16_v1_ep5__corrected_chatml_v1_eos__eval_2000_qids__image_only__direct::exact,corrected_chatml_v1_eos,corrected_locked2000:bridge_clip_w1qf_bf16_v1_ep5,eval_2000_qids,clip,qformer32,none,exist,354,exact,59.039548,39.830508,19.20904,outputs/eval/locked/bridge_clip_w1qf_bf16_v1_ep5__corrected_chatml_v1_eos__eval_2000_qids__image_only__direct_records.json
corrected_locked2000:bridge_clip_w1qf_bf16_v1_ep5::bridge_clip_w1qf_bf16_v1_ep5__corrected_chatml_v1_eos__eval_2000_qids__image_only__direct::exact,corrected_chatml_v1_eos,corrected_locked2000:bridge_clip_w1qf_bf16_v1_ep5,eval_2000_qids,clip,qformer32,none,other,610,exact,42.786885,30,12.786885,outputs/eval/locked/bridge_clip_w1qf_bf16_v1_ep5__corrected_chatml_v1_eos__eval_2000_qids__image_only__direct_records.json
corrected_locked2000:bridge_clip_w1qf_bf16_v1_ep5::bridge_clip_w1qf_bf16_v1_ep5__corrected_chatml_v1_eos__eval_2000_qids__image_only__direct::exact,corrected_chatml_v1_eos,corrected_locked2000:bridge_clip_w1qf_bf16_v1_ep5,eval_2000_qids,clip,qformer32,none,relate,781,exact,33.674776,14.980794,18.693982,outputs/eval/locked/bridge_clip_w1qf_bf16_v1_ep5__corrected_chatml_v1_eos__eval_2000_qids__image_only__direct_records.json
corrected_locked2000:bridge_clip_w1qf_bf16_v1_ep5::bridge_clip_w1qf_bf16_v1_ep5__corrected_chatml_v1_eos__eval_2000_qids__image_only__direct::exact_full,corrected_chatml_v1_eos,corrected_locked2000:bridge_clip_w1qf_bf16_v1_ep5,eval_2000_qids,clip,qformer32,none,choose,197,exact_full,50.761421,56.852792,-6.091371,outputs/eval/locked/bridge_clip_w1qf_bf16_v1_ep5__corrected_chatml_v1_eos__eval_2000_qids__image_only__direct_records.json
corrected_locked2000:bridge_clip_w1qf_bf16_v1_ep5::bridge_clip_w1qf_bf16_v1_ep5__corrected_chatml_v1_eos__eval_2000_qids__image_only__direct::exact_full,corrected_chatml_v1_eos,corrected_locked2000:bridge_clip_w1qf_bf16_v1_ep5,eval_2000_qids,clip,qformer32,none,compare,58,exact_full,60.344828,44.827586,15.517241,outputs/eval/locked/bridge_clip_w1qf_bf16_v1_ep5__corrected_chatml_v1_eos__eval_2000_qids__image_only__direct_records.json
corrected_locked2000:bridge_clip_w1qf_bf16_v1_ep5::bridge_clip_w1qf_bf16_v1_ep5__corrected_chatml_v1_eos__eval_2000_qids__image_only__direct::exact_full,corrected_chatml_v1_eos,corrected_locked2000:bridge_clip_w1qf_bf16_v1_ep5,eval_2000_qids,clip,qformer32,none,exist,354,exact_full,59.039548,39.830508,19.20904,outputs/eval/locked/bridge_clip_w1qf_bf16_v1_ep5__corrected_chatml_v1_eos__eval_2000_qids__image_only__direct_records.json
corrected_locked2000:bridge_clip_w1qf_bf16_v1_ep5::bridge_clip_w1qf_bf16_v1_ep5__corrected_chatml_v1_eos__eval_2000_qids__image_only__direct::exact_full,corrected_chatml_v1_eos,corrected_locked2000:bridge_clip_w1qf_bf16_v1_ep5,eval_2000_qids,clip,qformer32,none,other,610,exact_full,42.786885,30,12.786885,outputs/eval/locked/bridge_clip_w1qf_bf16_v1_ep5__corrected_chatml_v1_eos__eval_2000_qids__image_only__direct_records.json
corrected_locked2000:bridge_clip_w1qf_bf16_v1_ep5::bridge_clip_w1qf_bf16_v1_ep5__corrected_chatml_v1_eos__eval_2000_qids__image_only__direct::exact_full,corrected_chatml_v1_eos,corrected_locked2000:bridge_clip_w1qf_bf16_v1_ep5,eval_2000_qids,clip,qformer32,none,relate,781,exact_full,33.674776,14.980794,18.693982,outputs/eval/locked/bridge_clip_w1qf_bf16_v1_ep5__corrected_chatml_v1_eos__eval_2000_qids__image_only__direct_records.json
corrected_locked2000:bridge_clip_w1qf_bf16_v1_ep5::bridge_clip_w1qf_bf16_v1_ep5__corrected_chatml_v1_eos__eval_2000_qids__image_only__direct::vqa_soft,corrected_chatml_v1_eos,corrected_locked2000:bridge_clip_w1qf_bf16_v1_ep5,eval_2000_qids,clip,qformer32,none,choose,197,vqa_soft,51.269036,57.360406,-6.091371,outputs/eval/locked/bridge_clip_w1qf_bf16_v1_ep5__corrected_chatml_v1_eos__eval_2000_qids__image_only__direct_records.json
corrected_locked2000:bridge_clip_w1qf_bf16_v1_ep5::bridge_clip_w1qf_bf16_v1_ep5__corrected_chatml_v1_eos__eval_2000_qids__image_only__direct::vqa_soft,corrected_chatml_v1_eos,corrected_locked2000:bridge_clip_w1qf_bf16_v1_ep5,eval_2000_qids,clip,qformer32,none,compare,58,vqa_soft,60.344828,46.551724,13.793103,outputs/eval/locked/bridge_clip_w1qf_bf16_v1_ep5__corrected_chatml_v1_eos__eval_2000_qids__image_only__direct_records.json
corrected_locked2000:bridge_clip_w1qf_bf16_v1_ep5::bridge_clip_w1qf_bf16_v1_ep5__corrected_chatml_v1_eos__eval_2000_qids__image_only__direct::vqa_soft,corrected_chatml_v1_eos,corrected_locked2000:bridge_clip_w1qf_bf16_v1_ep5,eval_2000_qids,clip,qformer32,none,exist,354,vqa_soft,59.039548,46.610169,12.429379,outputs/eval/locked/bridge_clip_w1qf_bf16_v1_ep5__corrected_chatml_v1_eos__eval_2000_qids__image_only__direct_records.json
corrected_locked2000:bridge_clip_w1qf_bf16_v1_ep5::bridge_clip_w1qf_bf16_v1_ep5__corrected_chatml_v1_eos__eval_2000_qids__image_only__direct::vqa_soft,corrected_chatml_v1_eos,corrected_locked2000:bridge_clip_w1qf_bf16_v1_ep5,eval_2000_qids,clip,qformer32,none,other,610,vqa_soft,43.278689,31.639344,11.639344,outputs/eval/locked/bridge_clip_w1qf_bf16_v1_ep5__corrected_chatml_v1_eos__eval_2000_qids__image_only__direct_records.json
corrected_locked2000:bridge_clip_w1qf_bf16_v1_ep5::bridge_clip_w1qf_bf16_v1_ep5__corrected_chatml_v1_eos__eval_2000_qids__image_only__direct::vqa_soft,corrected_chatml_v1_eos,corrected_locked2000:bridge_clip_w1qf_bf16_v1_ep5,eval_2000_qids,clip,qformer32,none,relate,781,vqa_soft,34.18694,15.236876,18.950064,outputs/eval/locked/bridge_clip_w1qf_bf16_v1_ep5__corrected_chatml_v1_eos__eval_2000_qids__image_only__direct_records.json
corrected_locked2000:bridge_clip_w1qf_s43_v1_ep5::bridge_clip_w1qf_s43_v1_ep5__corrected_chatml_v1_eos__eval_2000_qids__image_only__direct::exact,corrected_chatml_v1_eos,corrected_locked2000:bridge_clip_w1qf_s43_v1_ep5,eval_2000_qids,clip,qformer32,none,choose,197,exact,57.360406,56.852792,0.507614,outputs/eval/locked/bridge_clip_w1qf_s43_v1_ep5__corrected_chatml_v1_eos__eval_2000_qids__image_only__direct_records.json
corrected_locked2000:bridge_clip_w1qf_s43_v1_ep5::bridge_clip_w1qf_s43_v1_ep5__corrected_chatml_v1_eos__eval_2000_qids__image_only__direct::exact,corrected_chatml_v1_eos,corrected_locked2000:bridge_clip_w1qf_s43_v1_ep5,eval_2000_qids,clip,qformer32,none,compare,58,exact,62.068966,44.827586,17.241379,outputs/eval/locked/bridge_clip_w1qf_s43_v1_ep5__corrected_chatml_v1_eos__eval_2000_qids__image_only__direct_records.json
corrected_locked2000:bridge_clip_w1qf_s43_v1_ep5::bridge_clip_w1qf_s43_v1_ep5__corrected_chatml_v1_eos__eval_2000_qids__image_only__direct::exact,corrected_chatml_v1_eos,corrected_locked2000:bridge_clip_w1qf_s43_v1_ep5,eval_2000_qids,clip,qformer32,none,exist,354,exact,55.367232,39.830508,15.536723,outputs/eval/locked/bridge_clip_w1qf_s43_v1_ep5__corrected_chatml_v1_eos__eval_2000_qids__image_only__direct_records.json
corrected_locked2000:bridge_clip_w1qf_s43_v1_ep5::bridge_clip_w1qf_s43_v1_ep5__corrected_chatml_v1_eos__eval_2000_qids__image_only__direct::exact,corrected_chatml_v1_eos,corrected_locked2000:bridge_clip_w1qf_s43_v1_ep5,eval_2000_qids,clip,qformer32,none,other,610,exact,42.459016,30,12.459016,outputs/eval/locked/bridge_clip_w1qf_s43_v1_ep5__corrected_chatml_v1_eos__eval_2000_qids__image_only__direct_records.json
corrected_locked2000:bridge_clip_w1qf_s43_v1_ep5::bridge_clip_w1qf_s43_v1_ep5__corrected_chatml_v1_eos__eval_2000_qids__image_only__direct::exact,corrected_chatml_v1_eos,corrected_locked2000:bridge_clip_w1qf_s43_v1_ep5,eval_2000_qids,clip,qformer32,none,relate,781,exact,35.595391,14.980794,20.614597,outputs/eval/locked/bridge_clip_w1qf_s43_v1_ep5__corrected_chatml_v1_eos__eval_2000_qids__image_only__direct_records.json
corrected_locked2000:bridge_clip_w1qf_s43_v1_ep5::bridge_clip_w1qf_s43_v1_ep5__corrected_chatml_v1_eos__eval_2000_qids__image_only__direct::exact_full,corrected_chatml_v1_eos,corrected_locked2000:bridge_clip_w1qf_s43_v1_ep5,eval_2000_qids,clip,qformer32,none,choose,197,exact_full,57.360406,56.852792,0.507614,outputs/eval/locked/bridge_clip_w1qf_s43_v1_ep5__corrected_chatml_v1_eos__eval_2000_qids__image_only__direct_records.json
corrected_locked2000:bridge_clip_w1qf_s43_v1_ep5::bridge_clip_w1qf_s43_v1_ep5__corrected_chatml_v1_eos__eval_2000_qids__image_only__direct::exact_full,corrected_chatml_v1_eos,corrected_locked2000:bridge_clip_w1qf_s43_v1_ep5,eval_2000_qids,clip,qformer32,none,compare,58,exact_full,62.068966,44.827586,17.241379,outputs/eval/locked/bridge_clip_w1qf_s43_v1_ep5__corrected_chatml_v1_eos__eval_2000_qids__image_only__direct_records.json
corrected_locked2000:bridge_clip_w1qf_s43_v1_ep5::bridge_clip_w1qf_s43_v1_ep5__corrected_chatml_v1_eos__eval_2000_qids__image_only__direct::exact_full,corrected_chatml_v1_eos,corrected_locked2000:bridge_clip_w1qf_s43_v1_ep5,eval_2000_qids,clip,qformer32,none,exist,354,exact_full,55.367232,39.830508,15.536723,outputs/eval/locked/bridge_clip_w1qf_s43_v1_ep5__corrected_chatml_v1_eos__eval_2000_qids__image_only__direct_records.json
corrected_locked2000:bridge_clip_w1qf_s43_v1_ep5::bridge_clip_w1qf_s43_v1_ep5__corrected_chatml_v1_eos__eval_2000_qids__image_only__direct::exact_full,corrected_chatml_v1_eos,corrected_locked2000:bridge_clip_w1qf_s43_v1_ep5,eval_2000_qids,clip,qformer32,none,other,610,exact_full,42.459016,30,12.459016,outputs/eval/locked/bridge_clip_w1qf_s43_v1_ep5__corrected_chatml_v1_eos__eval_2000_qids__image_only__direct_records.json
corrected_locked2000:bridge_clip_w1qf_s43_v1_ep5::bridge_clip_w1qf_s43_v1_ep5__corrected_chatml_v1_eos__eval_2000_qids__image_only__direct::exact_full,corrected_chatml_v1_eos,corrected_locked2000:bridge_clip_w1qf_s43_v1_ep5,eval_2000_qids,clip,qformer32,none,relate,781,exact_full,35.595391,14.980794,20.614597,outputs/eval/locked/bridge_clip_w1qf_s43_v1_ep5__corrected_chatml_v1_eos__eval_2000_qids__image_only__direct_records.json
corrected_locked2000:bridge_clip_w1qf_s43_v1_ep5::bridge_clip_w1qf_s43_v1_ep5__corrected_chatml_v1_eos__eval_2000_qids__image_only__direct::vqa_soft,corrected_chatml_v1_eos,corrected_locked2000:bridge_clip_w1qf_s43_v1_ep5,eval_2000_qids,clip,qformer32,none,choose,197,vqa_soft,57.86802,57.360406,0.507614,outputs/eval/locked/bridge_clip_w1qf_s43_v1_ep5__corrected_chatml_v1_eos__eval_2000_qids__image_only__direct_records.json
corrected_locked2000:bridge_clip_w1qf_s43_v1_ep5::bridge_clip_w1qf_s43_v1_ep5__corrected_chatml_v1_eos__eval_2000_qids__image_only__direct::vqa_soft,corrected_chatml_v1_eos,corrected_locked2000:bridge_clip_w1qf_s43_v1_ep5,eval_2000_qids,clip,qformer32,none,compare,58,vqa_soft,62.068966,46.551724,15.517241,outputs/eval/locked/bridge_clip_w1qf_s43_v1_ep5__corrected_chatml_v1_eos__eval_2000_qids__image_only__direct_records.json
corrected_locked2000:bridge_clip_w1qf_s43_v1_ep5::bridge_clip_w1qf_s43_v1_ep5__corrected_chatml_v1_eos__eval_2000_qids__image_only__direct::vqa_soft,corrected_chatml_v1_eos,corrected_locked2000:bridge_clip_w1qf_s43_v1_ep5,eval_2000_qids,clip,qformer32,none,exist,354,vqa_soft,55.367232,46.610169,8.757062,outputs/eval/locked/bridge_clip_w1qf_s43_v1_ep5__corrected_chatml_v1_eos__eval_2000_qids__image_only__direct_records.json
corrected_locked2000:bridge_clip_w1qf_s43_v1_ep5::bridge_clip_w1qf_s43_v1_ep5__corrected_chatml_v1_eos__eval_2000_qids__image_only__direct::vqa_soft,corrected_chatml_v1_eos,corrected_locked2000:bridge_clip_w1qf_s43_v1_ep5,eval_2000_qids,clip,qformer32,none,other,610,vqa_soft,42.95082,31.639344,11.311475,outputs/eval/locked/bridge_clip_w1qf_s43_v1_ep5__corrected_chatml_v1_eos__eval_2000_qids__image_only__direct_records.json
corrected_locked2000:bridge_clip_w1qf_s43_v1_ep5::bridge_clip_w1qf_s43_v1_ep5__corrected_chatml_v1_eos__eval_2000_qids__image_only__direct::vqa_soft,corrected_chatml_v1_eos,corrected_locked2000:bridge_clip_w1qf_s43_v1_ep5,eval_2000_qids,clip,qformer32,none,relate,781,vqa_soft,36.107554,15.236876,20.870679,outputs/eval/locked/bridge_clip_w1qf_s43_v1_ep5__corrected_chatml_v1_eos__eval_2000_qids__image_only__direct_records.json
corrected_locked2000:bridge_clip_w1qf_s44_v1_ep5::bridge_clip_w1qf_s44_v1_ep5__corrected_chatml_v1_eos__eval_2000_qids__image_only__direct::exact,corrected_chatml_v1_eos,corrected_locked2000:bridge_clip_w1qf_s44_v1_ep5,eval_2000_qids,clip,qformer32,none,choose,197,exact,59.898477,56.852792,3.045685,outputs/eval/locked/bridge_clip_w1qf_s44_v1_ep5__corrected_chatml_v1_eos__eval_2000_qids__image_only__direct_records.json
corrected_locked2000:bridge_clip_w1qf_s44_v1_ep5::bridge_clip_w1qf_s44_v1_ep5__corrected_chatml_v1_eos__eval_2000_qids__image_only__direct::exact,corrected_chatml_v1_eos,corrected_locked2000:bridge_clip_w1qf_s44_v1_ep5,eval_2000_qids,clip,qformer32,none,compare,58,exact,51.724138,44.827586,6.896552,outputs/eval/locked/bridge_clip_w1qf_s44_v1_ep5__corrected_chatml_v1_eos__eval_2000_qids__image_only__direct_records.json
corrected_locked2000:bridge_clip_w1qf_s44_v1_ep5::bridge_clip_w1qf_s44_v1_ep5__corrected_chatml_v1_eos__eval_2000_qids__image_only__direct::exact,corrected_chatml_v1_eos,corrected_locked2000:bridge_clip_w1qf_s44_v1_ep5,eval_2000_qids,clip,qformer32,none,exist,354,exact,56.497175,39.830508,16.666667,outputs/eval/locked/bridge_clip_w1qf_s44_v1_ep5__corrected_chatml_v1_eos__eval_2000_qids__image_only__direct_records.json
corrected_locked2000:bridge_clip_w1qf_s44_v1_ep5::bridge_clip_w1qf_s44_v1_ep5__corrected_chatml_v1_eos__eval_2000_qids__image_only__direct::exact,corrected_chatml_v1_eos,corrected_locked2000:bridge_clip_w1qf_s44_v1_ep5,eval_2000_qids,clip,qformer32,none,other,610,exact,41.803279,30,11.803279,outputs/eval/locked/bridge_clip_w1qf_s44_v1_ep5__corrected_chatml_v1_eos__eval_2000_qids__image_only__direct_records.json
corrected_locked2000:bridge_clip_w1qf_s44_v1_ep5::bridge_clip_w1qf_s44_v1_ep5__corrected_chatml_v1_eos__eval_2000_qids__image_only__direct::exact,corrected_chatml_v1_eos,corrected_locked2000:bridge_clip_w1qf_s44_v1_ep5,eval_2000_qids,clip,qformer32,none,relate,781,exact,33.674776,14.980794,18.693982,outputs/eval/locked/bridge_clip_w1qf_s44_v1_ep5__corrected_chatml_v1_eos__eval_2000_qids__image_only__direct_records.json
corrected_locked2000:bridge_clip_w1qf_s44_v1_ep5::bridge_clip_w1qf_s44_v1_ep5__corrected_chatml_v1_eos__eval_2000_qids__image_only__direct::exact_full,corrected_chatml_v1_eos,corrected_locked2000:bridge_clip_w1qf_s44_v1_ep5,eval_2000_qids,clip,qformer32,none,choose,197,exact_full,59.898477,56.852792,3.045685,outputs/eval/locked/bridge_clip_w1qf_s44_v1_ep5__corrected_chatml_v1_eos__eval_2000_qids__image_only__direct_records.json
corrected_locked2000:bridge_clip_w1qf_s44_v1_ep5::bridge_clip_w1qf_s44_v1_ep5__corrected_chatml_v1_eos__eval_2000_qids__image_only__direct::exact_full,corrected_chatml_v1_eos,corrected_locked2000:bridge_clip_w1qf_s44_v1_ep5,eval_2000_qids,clip,qformer32,none,compare,58,exact_full,51.724138,44.827586,6.896552,outputs/eval/locked/bridge_clip_w1qf_s44_v1_ep5__corrected_chatml_v1_eos__eval_2000_qids__image_only__direct_records.json
corrected_locked2000:bridge_clip_w1qf_s44_v1_ep5::bridge_clip_w1qf_s44_v1_ep5__corrected_chatml_v1_eos__eval_2000_qids__image_only__direct::exact_full,corrected_chatml_v1_eos,corrected_locked2000:bridge_clip_w1qf_s44_v1_ep5,eval_2000_qids,clip,qformer32,none,exist,354,exact_full,56.497175,39.830508,16.666667,outputs/eval/locked/bridge_clip_w1qf_s44_v1_ep5__corrected_chatml_v1_eos__eval_2000_qids__image_only__direct_records.json
corrected_locked2000:bridge_clip_w1qf_s44_v1_ep5::bridge_clip_w1qf_s44_v1_ep5__corrected_chatml_v1_eos__eval_2000_qids__image_only__direct::exact_full,corrected_chatml_v1_eos,corrected_locked2000:bridge_clip_w1qf_s44_v1_ep5,eval_2000_qids,clip,qformer32,none,other,610,exact_full,41.803279,30,11.803279,outputs/eval/locked/bridge_clip_w1qf_s44_v1_ep5__corrected_chatml_v1_eos__eval_2000_qids__image_only__direct_records.json
corrected_locked2000:bridge_clip_w1qf_s44_v1_ep5::bridge_clip_w1qf_s44_v1_ep5__corrected_chatml_v1_eos__eval_2000_qids__image_only__direct::exact_full,corrected_chatml_v1_eos,corrected_locked2000:bridge_clip_w1qf_s44_v1_ep5,eval_2000_qids,clip,qformer32,none,relate,781,exact_full,33.674776,14.980794,18.693982,outputs/eval/locked/bridge_clip_w1qf_s44_v1_ep5__corrected_chatml_v1_eos__eval_2000_qids__image_only__direct_records.json
corrected_locked2000:bridge_clip_w1qf_s44_v1_ep5::bridge_clip_w1qf_s44_v1_ep5__corrected_chatml_v1_eos__eval_2000_qids__image_only__direct::vqa_soft,corrected_chatml_v1_eos,corrected_locked2000:bridge_clip_w1qf_s44_v1_ep5,eval_2000_qids,clip,qformer32,none,choose,197,vqa_soft,59.898477,57.360406,2.538071,outputs/eval/locked/bridge_clip_w1qf_s44_v1_ep5__corrected_chatml_v1_eos__eval_2000_qids__image_only__direct_records.json
corrected_locked2000:bridge_clip_w1qf_s44_v1_ep5::bridge_clip_w1qf_s44_v1_ep5__corrected_chatml_v1_eos__eval_2000_qids__image_only__direct::vqa_soft,corrected_chatml_v1_eos,corrected_locked2000:bridge_clip_w1qf_s44_v1_ep5,eval_2000_qids,clip,qformer32,none,compare,58,vqa_soft,51.724138,46.551724,5.172414,outputs/eval/locked/bridge_clip_w1qf_s44_v1_ep5__corrected_chatml_v1_eos__eval_2000_qids__image_only__direct_records.json
corrected_locked2000:bridge_clip_w1qf_s44_v1_ep5::bridge_clip_w1qf_s44_v1_ep5__corrected_chatml_v1_eos__eval_2000_qids__image_only__direct::vqa_soft,corrected_chatml_v1_eos,corrected_locked2000:bridge_clip_w1qf_s44_v1_ep5,eval_2000_qids,clip,qformer32,none,exist,354,vqa_soft,56.497175,46.610169,9.887006,outputs/eval/locked/bridge_clip_w1qf_s44_v1_ep5__corrected_chatml_v1_eos__eval_2000_qids__image_only__direct_records.json
corrected_locked2000:bridge_clip_w1qf_s44_v1_ep5::bridge_clip_w1qf_s44_v1_ep5__corrected_chatml_v1_eos__eval_2000_qids__image_only__direct::vqa_soft,corrected_chatml_v1_eos,corrected_locked2000:bridge_clip_w1qf_s44_v1_ep5,eval_2000_qids,clip,qformer32,none,other,610,vqa_soft,42.459016,31.639344,10.819672,outputs/eval/locked/bridge_clip_w1qf_s44_v1_ep5__corrected_chatml_v1_eos__eval_2000_qids__image_only__direct_records.json
corrected_locked2000:bridge_clip_w1qf_s44_v1_ep5::bridge_clip_w1qf_s44_v1_ep5__corrected_chatml_v1_eos__eval_2000_qids__image_only__direct::vqa_soft,corrected_chatml_v1_eos,corrected_locked2000:bridge_clip_w1qf_s44_v1_ep5,eval_2000_qids,clip,qformer32,none,relate,781,vqa_soft,34.18694,15.236876,18.950064,outputs/eval/locked/bridge_clip_w1qf_s44_v1_ep5__corrected_chatml_v1_eos__eval_2000_qids__image_only__direct_records.json
corrected_locked2000:bridge_dinov2_w1_bf16_v1_ep5::bridge_dinov2_w1_bf16_v1_ep5__corrected_chatml_v1_eos__eval_2000_qids__image_only__direct::exact,corrected_chatml_v1_eos,corrected_locked2000:bridge_dinov2_w1_bf16_v1_ep5,eval_2000_qids,dinov2,mlp256,none,choose,197,exact,67.005076,56.852792,10.152284,outputs/eval/locked/bridge_dinov2_w1_bf16_v1_ep5__corrected_chatml_v1_eos__eval_2000_qids__image_only__direct_records.json
corrected_locked2000:bridge_dinov2_w1_bf16_v1_ep5::bridge_dinov2_w1_bf16_v1_ep5__corrected_chatml_v1_eos__eval_2000_qids__image_only__direct::exact,corrected_chatml_v1_eos,corrected_locked2000:bridge_dinov2_w1_bf16_v1_ep5,eval_2000_qids,dinov2,mlp256,none,compare,58,exact,63.793103,44.827586,18.965517,outputs/eval/locked/bridge_dinov2_w1_bf16_v1_ep5__corrected_chatml_v1_eos__eval_2000_qids__image_only__direct_records.json
corrected_locked2000:bridge_dinov2_w1_bf16_v1_ep5::bridge_dinov2_w1_bf16_v1_ep5__corrected_chatml_v1_eos__eval_2000_qids__image_only__direct::exact,corrected_chatml_v1_eos,corrected_locked2000:bridge_dinov2_w1_bf16_v1_ep5,eval_2000_qids,dinov2,mlp256,none,exist,354,exact,61.864407,39.830508,22.033898,outputs/eval/locked/bridge_dinov2_w1_bf16_v1_ep5__corrected_chatml_v1_eos__eval_2000_qids__image_only__direct_records.json
corrected_locked2000:bridge_dinov2_w1_bf16_v1_ep5::bridge_dinov2_w1_bf16_v1_ep5__corrected_chatml_v1_eos__eval_2000_qids__image_only__direct::exact,corrected_chatml_v1_eos,corrected_locked2000:bridge_dinov2_w1_bf16_v1_ep5,eval_2000_qids,dinov2,mlp256,none,other,610,exact,48.688525,30,18.688525,outputs/eval/locked/bridge_dinov2_w1_bf16_v1_ep5__corrected_chatml_v1_eos__eval_2000_qids__image_only__direct_records.json
corrected_locked2000:bridge_dinov2_w1_bf16_v1_ep5::bridge_dinov2_w1_bf16_v1_ep5__corrected_chatml_v1_eos__eval_2000_qids__image_only__direct::exact,corrected_chatml_v1_eos,corrected_locked2000:bridge_dinov2_w1_bf16_v1_ep5,eval_2000_qids,dinov2,mlp256,none,relate,781,exact,40.076825,14.980794,25.096031,outputs/eval/locked/bridge_dinov2_w1_bf16_v1_ep5__corrected_chatml_v1_eos__eval_2000_qids__image_only__direct_records.json
corrected_locked2000:bridge_dinov2_w1_bf16_v1_ep5::bridge_dinov2_w1_bf16_v1_ep5__corrected_chatml_v1_eos__eval_2000_qids__image_only__direct::exact_full,corrected_chatml_v1_eos,corrected_locked2000:bridge_dinov2_w1_bf16_v1_ep5,eval_2000_qids,dinov2,mlp256,none,choose,197,exact_full,67.005076,56.852792,10.152284,outputs/eval/locked/bridge_dinov2_w1_bf16_v1_ep5__corrected_chatml_v1_eos__eval_2000_qids__image_only__direct_records.json
corrected_locked2000:bridge_dinov2_w1_bf16_v1_ep5::bridge_dinov2_w1_bf16_v1_ep5__corrected_chatml_v1_eos__eval_2000_qids__image_only__direct::exact_full,corrected_chatml_v1_eos,corrected_locked2000:bridge_dinov2_w1_bf16_v1_ep5,eval_2000_qids,dinov2,mlp256,none,compare,58,exact_full,63.793103,44.827586,18.965517,outputs/eval/locked/bridge_dinov2_w1_bf16_v1_ep5__corrected_chatml_v1_eos__eval_2000_qids__image_only__direct_records.json
corrected_locked2000:bridge_dinov2_w1_bf16_v1_ep5::bridge_dinov2_w1_bf16_v1_ep5__corrected_chatml_v1_eos__eval_2000_qids__image_only__direct::exact_full,corrected_chatml_v1_eos,corrected_locked2000:bridge_dinov2_w1_bf16_v1_ep5,eval_2000_qids,dinov2,mlp256,none,exist,354,exact_full,61.864407,39.830508,22.033898,outputs/eval/locked/bridge_dinov2_w1_bf16_v1_ep5__corrected_chatml_v1_eos__eval_2000_qids__image_only__direct_records.json
corrected_locked2000:bridge_dinov2_w1_bf16_v1_ep5::bridge_dinov2_w1_bf16_v1_ep5__corrected_chatml_v1_eos__eval_2000_qids__image_only__direct::exact_full,corrected_chatml_v1_eos,corrected_locked2000:bridge_dinov2_w1_bf16_v1_ep5,eval_2000_qids,dinov2,mlp256,none,other,610,exact_full,48.688525,30,18.688525,outputs/eval/locked/bridge_dinov2_w1_bf16_v1_ep5__corrected_chatml_v1_eos__eval_2000_qids__image_only__direct_records.json
corrected_locked2000:bridge_dinov2_w1_bf16_v1_ep5::bridge_dinov2_w1_bf16_v1_ep5__corrected_chatml_v1_eos__eval_2000_qids__image_only__direct::exact_full,corrected_chatml_v1_eos,corrected_locked2000:bridge_dinov2_w1_bf16_v1_ep5,eval_2000_qids,dinov2,mlp256,none,relate,781,exact_full,40.076825,14.980794,25.096031,outputs/eval/locked/bridge_dinov2_w1_bf16_v1_ep5__corrected_chatml_v1_eos__eval_2000_qids__image_only__direct_records.json
corrected_locked2000:bridge_dinov2_w1_bf16_v1_ep5::bridge_dinov2_w1_bf16_v1_ep5__corrected_chatml_v1_eos__eval_2000_qids__image_only__direct::vqa_soft,corrected_chatml_v1_eos,corrected_locked2000:bridge_dinov2_w1_bf16_v1_ep5,eval_2000_qids,dinov2,mlp256,none,choose,197,vqa_soft,67.005076,57.360406,9.64467,outputs/eval/locked/bridge_dinov2_w1_bf16_v1_ep5__corrected_chatml_v1_eos__eval_2000_qids__image_only__direct_records.json
corrected_locked2000:bridge_dinov2_w1_bf16_v1_ep5::bridge_dinov2_w1_bf16_v1_ep5__corrected_chatml_v1_eos__eval_2000_qids__image_only__direct::vqa_soft,corrected_chatml_v1_eos,corrected_locked2000:bridge_dinov2_w1_bf16_v1_ep5,eval_2000_qids,dinov2,mlp256,none,compare,58,vqa_soft,63.793103,46.551724,17.241379,outputs/eval/locked/bridge_dinov2_w1_bf16_v1_ep5__corrected_chatml_v1_eos__eval_2000_qids__image_only__direct_records.json
corrected_locked2000:bridge_dinov2_w1_bf16_v1_ep5::bridge_dinov2_w1_bf16_v1_ep5__corrected_chatml_v1_eos__eval_2000_qids__image_only__direct::vqa_soft,corrected_chatml_v1_eos,corrected_locked2000:bridge_dinov2_w1_bf16_v1_ep5,eval_2000_qids,dinov2,mlp256,none,exist,354,vqa_soft,61.864407,46.610169,15.254237,outputs/eval/locked/bridge_dinov2_w1_bf16_v1_ep5__corrected_chatml_v1_eos__eval_2000_qids__image_only__direct_records.json
corrected_locked2000:bridge_dinov2_w1_bf16_v1_ep5::bridge_dinov2_w1_bf16_v1_ep5__corrected_chatml_v1_eos__eval_2000_qids__image_only__direct::vqa_soft,corrected_chatml_v1_eos,corrected_locked2000:bridge_dinov2_w1_bf16_v1_ep5,eval_2000_qids,dinov2,mlp256,none,other,610,vqa_soft,49.344262,31.639344,17.704918,outputs/eval/locked/bridge_dinov2_w1_bf16_v1_ep5__corrected_chatml_v1_eos__eval_2000_qids__image_only__direct_records.json
corrected_locked2000:bridge_dinov2_w1_bf16_v1_ep5::bridge_dinov2_w1_bf16_v1_ep5__corrected_chatml_v1_eos__eval_2000_qids__image_only__direct::vqa_soft,corrected_chatml_v1_eos,corrected_locked2000:bridge_dinov2_w1_bf16_v1_ep5,eval_2000_qids,dinov2,mlp256,none,relate,781,vqa_soft,40.717029,15.236876,25.480154,outputs/eval/locked/bridge_dinov2_w1_bf16_v1_ep5__corrected_chatml_v1_eos__eval_2000_qids__image_only__direct_records.json
corrected_locked2000:bridge_dinov2_w1qf_bf16_v1_ep5::bridge_dinov2_w1qf_bf16_v1_ep5__corrected_chatml_v1_eos__eval_2000_qids__image_only__direct::exact,corrected_chatml_v1_eos,corrected_locked2000:bridge_dinov2_w1qf_bf16_v1_ep5,eval_2000_qids,dinov2,qformer32,none,choose,197,exact,56.852792,56.852792,0,outputs/eval/locked/bridge_dinov2_w1qf_bf16_v1_ep5__corrected_chatml_v1_eos__eval_2000_qids__image_only__direct_records.json
corrected_locked2000:bridge_dinov2_w1qf_bf16_v1_ep5::bridge_dinov2_w1qf_bf16_v1_ep5__corrected_chatml_v1_eos__eval_2000_qids__image_only__direct::exact,corrected_chatml_v1_eos,corrected_locked2000:bridge_dinov2_w1qf_bf16_v1_ep5,eval_2000_qids,dinov2,qformer32,none,compare,58,exact,58.62069,44.827586,13.793103,outputs/eval/locked/bridge_dinov2_w1qf_bf16_v1_ep5__corrected_chatml_v1_eos__eval_2000_qids__image_only__direct_records.json
corrected_locked2000:bridge_dinov2_w1qf_bf16_v1_ep5::bridge_dinov2_w1qf_bf16_v1_ep5__corrected_chatml_v1_eos__eval_2000_qids__image_only__direct::exact,corrected_chatml_v1_eos,corrected_locked2000:bridge_dinov2_w1qf_bf16_v1_ep5,eval_2000_qids,dinov2,qformer32,none,exist,354,exact,58.757062,39.830508,18.926554,outputs/eval/locked/bridge_dinov2_w1qf_bf16_v1_ep5__corrected_chatml_v1_eos__eval_2000_qids__image_only__direct_records.json
corrected_locked2000:bridge_dinov2_w1qf_bf16_v1_ep5::bridge_dinov2_w1qf_bf16_v1_ep5__corrected_chatml_v1_eos__eval_2000_qids__image_only__direct::exact,corrected_chatml_v1_eos,corrected_locked2000:bridge_dinov2_w1qf_bf16_v1_ep5,eval_2000_qids,dinov2,qformer32,none,other,610,exact,40.327869,30,10.327869,outputs/eval/locked/bridge_dinov2_w1qf_bf16_v1_ep5__corrected_chatml_v1_eos__eval_2000_qids__image_only__direct_records.json
corrected_locked2000:bridge_dinov2_w1qf_bf16_v1_ep5::bridge_dinov2_w1qf_bf16_v1_ep5__corrected_chatml_v1_eos__eval_2000_qids__image_only__direct::exact,corrected_chatml_v1_eos,corrected_locked2000:bridge_dinov2_w1qf_bf16_v1_ep5,eval_2000_qids,dinov2,qformer32,none,relate,781,exact,33.418694,14.980794,18.4379,outputs/eval/locked/bridge_dinov2_w1qf_bf16_v1_ep5__corrected_chatml_v1_eos__eval_2000_qids__image_only__direct_records.json
corrected_locked2000:bridge_dinov2_w1qf_bf16_v1_ep5::bridge_dinov2_w1qf_bf16_v1_ep5__corrected_chatml_v1_eos__eval_2000_qids__image_only__direct::exact_full,corrected_chatml_v1_eos,corrected_locked2000:bridge_dinov2_w1qf_bf16_v1_ep5,eval_2000_qids,dinov2,qformer32,none,choose,197,exact_full,56.852792,56.852792,0,outputs/eval/locked/bridge_dinov2_w1qf_bf16_v1_ep5__corrected_chatml_v1_eos__eval_2000_qids__image_only__direct_records.json
corrected_locked2000:bridge_dinov2_w1qf_bf16_v1_ep5::bridge_dinov2_w1qf_bf16_v1_ep5__corrected_chatml_v1_eos__eval_2000_qids__image_only__direct::exact_full,corrected_chatml_v1_eos,corrected_locked2000:bridge_dinov2_w1qf_bf16_v1_ep5,eval_2000_qids,dinov2,qformer32,none,compare,58,exact_full,58.62069,44.827586,13.793103,outputs/eval/locked/bridge_dinov2_w1qf_bf16_v1_ep5__corrected_chatml_v1_eos__eval_2000_qids__image_only__direct_records.json
corrected_locked2000:bridge_dinov2_w1qf_bf16_v1_ep5::bridge_dinov2_w1qf_bf16_v1_ep5__corrected_chatml_v1_eos__eval_2000_qids__image_only__direct::exact_full,corrected_chatml_v1_eos,corrected_locked2000:bridge_dinov2_w1qf_bf16_v1_ep5,eval_2000_qids,dinov2,qformer32,none,exist,354,exact_full,58.757062,39.830508,18.926554,outputs/eval/locked/bridge_dinov2_w1qf_bf16_v1_ep5__corrected_chatml_v1_eos__eval_2000_qids__image_only__direct_records.json
corrected_locked2000:bridge_dinov2_w1qf_bf16_v1_ep5::bridge_dinov2_w1qf_bf16_v1_ep5__corrected_chatml_v1_eos__eval_2000_qids__image_only__direct::exact_full,corrected_chatml_v1_eos,corrected_locked2000:bridge_dinov2_w1qf_bf16_v1_ep5,eval_2000_qids,dinov2,qformer32,none,other,610,exact_full,40.327869,30,10.327869,outputs/eval/locked/bridge_dinov2_w1qf_bf16_v1_ep5__corrected_chatml_v1_eos__eval_2000_qids__image_only__direct_records.json
corrected_locked2000:bridge_dinov2_w1qf_bf16_v1_ep5::bridge_dinov2_w1qf_bf16_v1_ep5__corrected_chatml_v1_eos__eval_2000_qids__image_only__direct::exact_full,corrected_chatml_v1_eos,corrected_locked2000:bridge_dinov2_w1qf_bf16_v1_ep5,eval_2000_qids,dinov2,qformer32,none,relate,781,exact_full,33.418694,14.980794,18.4379,outputs/eval/locked/bridge_dinov2_w1qf_bf16_v1_ep5__corrected_chatml_v1_eos__eval_2000_qids__image_only__direct_records.json
corrected_locked2000:bridge_dinov2_w1qf_bf16_v1_ep5::bridge_dinov2_w1qf_bf16_v1_ep5__corrected_chatml_v1_eos__eval_2000_qids__image_only__direct::vqa_soft,corrected_chatml_v1_eos,corrected_locked2000:bridge_dinov2_w1qf_bf16_v1_ep5,eval_2000_qids,dinov2,qformer32,none,choose,197,vqa_soft,57.360406,57.360406,0,outputs/eval/locked/bridge_dinov2_w1qf_bf16_v1_ep5__corrected_chatml_v1_eos__eval_2000_qids__image_only__direct_records.json
corrected_locked2000:bridge_dinov2_w1qf_bf16_v1_ep5::bridge_dinov2_w1qf_bf16_v1_ep5__corrected_chatml_v1_eos__eval_2000_qids__image_only__direct::vqa_soft,corrected_chatml_v1_eos,corrected_locked2000:bridge_dinov2_w1qf_bf16_v1_ep5,eval_2000_qids,dinov2,qformer32,none,compare,58,vqa_soft,58.62069,46.551724,12.068966,outputs/eval/locked/bridge_dinov2_w1qf_bf16_v1_ep5__corrected_chatml_v1_eos__eval_2000_qids__image_only__direct_records.json
corrected_locked2000:bridge_dinov2_w1qf_bf16_v1_ep5::bridge_dinov2_w1qf_bf16_v1_ep5__corrected_chatml_v1_eos__eval_2000_qids__image_only__direct::vqa_soft,corrected_chatml_v1_eos,corrected_locked2000:bridge_dinov2_w1qf_bf16_v1_ep5,eval_2000_qids,dinov2,qformer32,none,exist,354,vqa_soft,58.757062,46.610169,12.146893,outputs/eval/locked/bridge_dinov2_w1qf_bf16_v1_ep5__corrected_chatml_v1_eos__eval_2000_qids__image_only__direct_records.json
corrected_locked2000:bridge_dinov2_w1qf_bf16_v1_ep5::bridge_dinov2_w1qf_bf16_v1_ep5__corrected_chatml_v1_eos__eval_2000_qids__image_only__direct::vqa_soft,corrected_chatml_v1_eos,corrected_locked2000:bridge_dinov2_w1qf_bf16_v1_ep5,eval_2000_qids,dinov2,qformer32,none,other,610,vqa_soft,40.655738,31.639344,9.016393,outputs/eval/locked/bridge_dinov2_w1qf_bf16_v1_ep5__corrected_chatml_v1_eos__eval_2000_qids__image_only__direct_records.json
corrected_locked2000:bridge_dinov2_w1qf_bf16_v1_ep5::bridge_dinov2_w1qf_bf16_v1_ep5__corrected_chatml_v1_eos__eval_2000_qids__image_only__direct::vqa_soft,corrected_chatml_v1_eos,corrected_locked2000:bridge_dinov2_w1qf_bf16_v1_ep5,eval_2000_qids,dinov2,qformer32,none,relate,781,vqa_soft,33.930858,15.236876,18.693982,outputs/eval/locked/bridge_dinov2_w1qf_bf16_v1_ep5__corrected_chatml_v1_eos__eval_2000_qids__image_only__direct_records.json
corrected_locked2000:bridge_ijepa_w1_bf16_v1_ep5::bridge_ijepa_w1_bf16_v1_ep5__corrected_chatml_v1_eos__eval_2000_qids__image_only__direct::exact,corrected_chatml_v1_eos,corrected_locked2000:bridge_ijepa_w1_bf16_v1_ep5,eval_2000_qids,ijepa,mlp256,none,choose,197,exact,62.944162,56.852792,6.091371,outputs/eval/locked/bridge_ijepa_w1_bf16_v1_ep5__corrected_chatml_v1_eos__eval_2000_qids__image_only__direct_records.json
corrected_locked2000:bridge_ijepa_w1_bf16_v1_ep5::bridge_ijepa_w1_bf16_v1_ep5__corrected_chatml_v1_eos__eval_2000_qids__image_only__direct::exact,corrected_chatml_v1_eos,corrected_locked2000:bridge_ijepa_w1_bf16_v1_ep5,eval_2000_qids,ijepa,mlp256,none,compare,58,exact,63.793103,44.827586,18.965517,outputs/eval/locked/bridge_ijepa_w1_bf16_v1_ep5__corrected_chatml_v1_eos__eval_2000_qids__image_only__direct_records.json
corrected_locked2000:bridge_ijepa_w1_bf16_v1_ep5::bridge_ijepa_w1_bf16_v1_ep5__corrected_chatml_v1_eos__eval_2000_qids__image_only__direct::exact,corrected_chatml_v1_eos,corrected_locked2000:bridge_ijepa_w1_bf16_v1_ep5,eval_2000_qids,ijepa,mlp256,none,exist,354,exact,57.909605,39.830508,18.079096,outputs/eval/locked/bridge_ijepa_w1_bf16_v1_ep5__corrected_chatml_v1_eos__eval_2000_qids__image_only__direct_records.json
corrected_locked2000:bridge_ijepa_w1_bf16_v1_ep5::bridge_ijepa_w1_bf16_v1_ep5__corrected_chatml_v1_eos__eval_2000_qids__image_only__direct::exact,corrected_chatml_v1_eos,corrected_locked2000:bridge_ijepa_w1_bf16_v1_ep5,eval_2000_qids,ijepa,mlp256,none,other,610,exact,45.081967,30,15.081967,outputs/eval/locked/bridge_ijepa_w1_bf16_v1_ep5__corrected_chatml_v1_eos__eval_2000_qids__image_only__direct_records.json
corrected_locked2000:bridge_ijepa_w1_bf16_v1_ep5::bridge_ijepa_w1_bf16_v1_ep5__corrected_chatml_v1_eos__eval_2000_qids__image_only__direct::exact,corrected_chatml_v1_eos,corrected_locked2000:bridge_ijepa_w1_bf16_v1_ep5,eval_2000_qids,ijepa,mlp256,none,relate,781,exact,32.010243,14.980794,17.029449,outputs/eval/locked/bridge_ijepa_w1_bf16_v1_ep5__corrected_chatml_v1_eos__eval_2000_qids__image_only__direct_records.json
corrected_locked2000:bridge_ijepa_w1_bf16_v1_ep5::bridge_ijepa_w1_bf16_v1_ep5__corrected_chatml_v1_eos__eval_2000_qids__image_only__direct::exact_full,corrected_chatml_v1_eos,corrected_locked2000:bridge_ijepa_w1_bf16_v1_ep5,eval_2000_qids,ijepa,mlp256,none,choose,197,exact_full,62.944162,56.852792,6.091371,outputs/eval/locked/bridge_ijepa_w1_bf16_v1_ep5__corrected_chatml_v1_eos__eval_2000_qids__image_only__direct_records.json
corrected_locked2000:bridge_ijepa_w1_bf16_v1_ep5::bridge_ijepa_w1_bf16_v1_ep5__corrected_chatml_v1_eos__eval_2000_qids__image_only__direct::exact_full,corrected_chatml_v1_eos,corrected_locked2000:bridge_ijepa_w1_bf16_v1_ep5,eval_2000_qids,ijepa,mlp256,none,compare,58,exact_full,63.793103,44.827586,18.965517,outputs/eval/locked/bridge_ijepa_w1_bf16_v1_ep5__corrected_chatml_v1_eos__eval_2000_qids__image_only__direct_records.json
corrected_locked2000:bridge_ijepa_w1_bf16_v1_ep5::bridge_ijepa_w1_bf16_v1_ep5__corrected_chatml_v1_eos__eval_2000_qids__image_only__direct::exact_full,corrected_chatml_v1_eos,corrected_locked2000:bridge_ijepa_w1_bf16_v1_ep5,eval_2000_qids,ijepa,mlp256,none,exist,354,exact_full,57.909605,39.830508,18.079096,outputs/eval/locked/bridge_ijepa_w1_bf16_v1_ep5__corrected_chatml_v1_eos__eval_2000_qids__image_only__direct_records.json
corrected_locked2000:bridge_ijepa_w1_bf16_v1_ep5::bridge_ijepa_w1_bf16_v1_ep5__corrected_chatml_v1_eos__eval_2000_qids__image_only__direct::exact_full,corrected_chatml_v1_eos,corrected_locked2000:bridge_ijepa_w1_bf16_v1_ep5,eval_2000_qids,ijepa,mlp256,none,other,610,exact_full,45.081967,30,15.081967,outputs/eval/locked/bridge_ijepa_w1_bf16_v1_ep5__corrected_chatml_v1_eos__eval_2000_qids__image_only__direct_records.json
corrected_locked2000:bridge_ijepa_w1_bf16_v1_ep5::bridge_ijepa_w1_bf16_v1_ep5__corrected_chatml_v1_eos__eval_2000_qids__image_only__direct::exact_full,corrected_chatml_v1_eos,corrected_locked2000:bridge_ijepa_w1_bf16_v1_ep5,eval_2000_qids,ijepa,mlp256,none,relate,781,exact_full,32.010243,14.980794,17.029449,outputs/eval/locked/bridge_ijepa_w1_bf16_v1_ep5__corrected_chatml_v1_eos__eval_2000_qids__image_only__direct_records.json
corrected_locked2000:bridge_ijepa_w1_bf16_v1_ep5::bridge_ijepa_w1_bf16_v1_ep5__corrected_chatml_v1_eos__eval_2000_qids__image_only__direct::vqa_soft,corrected_chatml_v1_eos,corrected_locked2000:bridge_ijepa_w1_bf16_v1_ep5,eval_2000_qids,ijepa,mlp256,none,choose,197,vqa_soft,62.944162,57.360406,5.583756,outputs/eval/locked/bridge_ijepa_w1_bf16_v1_ep5__corrected_chatml_v1_eos__eval_2000_qids__image_only__direct_records.json
corrected_locked2000:bridge_ijepa_w1_bf16_v1_ep5::bridge_ijepa_w1_bf16_v1_ep5__corrected_chatml_v1_eos__eval_2000_qids__image_only__direct::vqa_soft,corrected_chatml_v1_eos,corrected_locked2000:bridge_ijepa_w1_bf16_v1_ep5,eval_2000_qids,ijepa,mlp256,none,compare,58,vqa_soft,63.793103,46.551724,17.241379,outputs/eval/locked/bridge_ijepa_w1_bf16_v1_ep5__corrected_chatml_v1_eos__eval_2000_qids__image_only__direct_records.json
corrected_locked2000:bridge_ijepa_w1_bf16_v1_ep5::bridge_ijepa_w1_bf16_v1_ep5__corrected_chatml_v1_eos__eval_2000_qids__image_only__direct::vqa_soft,corrected_chatml_v1_eos,corrected_locked2000:bridge_ijepa_w1_bf16_v1_ep5,eval_2000_qids,ijepa,mlp256,none,exist,354,vqa_soft,57.909605,46.610169,11.299435,outputs/eval/locked/bridge_ijepa_w1_bf16_v1_ep5__corrected_chatml_v1_eos__eval_2000_qids__image_only__direct_records.json
corrected_locked2000:bridge_ijepa_w1_bf16_v1_ep5::bridge_ijepa_w1_bf16_v1_ep5__corrected_chatml_v1_eos__eval_2000_qids__image_only__direct::vqa_soft,corrected_chatml_v1_eos,corrected_locked2000:bridge_ijepa_w1_bf16_v1_ep5,eval_2000_qids,ijepa,mlp256,none,other,610,vqa_soft,45.901639,31.639344,14.262295,outputs/eval/locked/bridge_ijepa_w1_bf16_v1_ep5__corrected_chatml_v1_eos__eval_2000_qids__image_only__direct_records.json
corrected_locked2000:bridge_ijepa_w1_bf16_v1_ep5::bridge_ijepa_w1_bf16_v1_ep5__corrected_chatml_v1_eos__eval_2000_qids__image_only__direct::vqa_soft,corrected_chatml_v1_eos,corrected_locked2000:bridge_ijepa_w1_bf16_v1_ep5,eval_2000_qids,ijepa,mlp256,none,relate,781,vqa_soft,32.90653,15.236876,17.669654,outputs/eval/locked/bridge_ijepa_w1_bf16_v1_ep5__corrected_chatml_v1_eos__eval_2000_qids__image_only__direct_records.json
corrected_locked2000:bridge_ijepa_w1_s43_v1_ep5::bridge_ijepa_w1_s43_v1_ep5__corrected_chatml_v1_eos__eval_2000_qids__image_only__direct::exact,corrected_chatml_v1_eos,corrected_locked2000:bridge_ijepa_w1_s43_v1_ep5,eval_2000_qids,ijepa,mlp256,none,choose,197,exact,65.482234,56.852792,8.629442,outputs/eval/locked/bridge_ijepa_w1_s43_v1_ep5__corrected_chatml_v1_eos__eval_2000_qids__image_only__direct_records.json
corrected_locked2000:bridge_ijepa_w1_s43_v1_ep5::bridge_ijepa_w1_s43_v1_ep5__corrected_chatml_v1_eos__eval_2000_qids__image_only__direct::exact,corrected_chatml_v1_eos,corrected_locked2000:bridge_ijepa_w1_s43_v1_ep5,eval_2000_qids,ijepa,mlp256,none,compare,58,exact,56.896552,44.827586,12.068966,outputs/eval/locked/bridge_ijepa_w1_s43_v1_ep5__corrected_chatml_v1_eos__eval_2000_qids__image_only__direct_records.json
corrected_locked2000:bridge_ijepa_w1_s43_v1_ep5::bridge_ijepa_w1_s43_v1_ep5__corrected_chatml_v1_eos__eval_2000_qids__image_only__direct::exact,corrected_chatml_v1_eos,corrected_locked2000:bridge_ijepa_w1_s43_v1_ep5,eval_2000_qids,ijepa,mlp256,none,exist,354,exact,60.169492,39.830508,20.338983,outputs/eval/locked/bridge_ijepa_w1_s43_v1_ep5__corrected_chatml_v1_eos__eval_2000_qids__image_only__direct_records.json
corrected_locked2000:bridge_ijepa_w1_s43_v1_ep5::bridge_ijepa_w1_s43_v1_ep5__corrected_chatml_v1_eos__eval_2000_qids__image_only__direct::exact,corrected_chatml_v1_eos,corrected_locked2000:bridge_ijepa_w1_s43_v1_ep5,eval_2000_qids,ijepa,mlp256,none,other,610,exact,46.557377,30,16.557377,outputs/eval/locked/bridge_ijepa_w1_s43_v1_ep5__corrected_chatml_v1_eos__eval_2000_qids__image_only__direct_records.json
corrected_locked2000:bridge_ijepa_w1_s43_v1_ep5::bridge_ijepa_w1_s43_v1_ep5__corrected_chatml_v1_eos__eval_2000_qids__image_only__direct::exact,corrected_chatml_v1_eos,corrected_locked2000:bridge_ijepa_w1_s43_v1_ep5,eval_2000_qids,ijepa,mlp256,none,relate,781,exact,33.162612,14.980794,18.181818,outputs/eval/locked/bridge_ijepa_w1_s43_v1_ep5__corrected_chatml_v1_eos__eval_2000_qids__image_only__direct_records.json
corrected_locked2000:bridge_ijepa_w1_s43_v1_ep5::bridge_ijepa_w1_s43_v1_ep5__corrected_chatml_v1_eos__eval_2000_qids__image_only__direct::exact_full,corrected_chatml_v1_eos,corrected_locked2000:bridge_ijepa_w1_s43_v1_ep5,eval_2000_qids,ijepa,mlp256,none,choose,197,exact_full,65.482234,56.852792,8.629442,outputs/eval/locked/bridge_ijepa_w1_s43_v1_ep5__corrected_chatml_v1_eos__eval_2000_qids__image_only__direct_records.json
corrected_locked2000:bridge_ijepa_w1_s43_v1_ep5::bridge_ijepa_w1_s43_v1_ep5__corrected_chatml_v1_eos__eval_2000_qids__image_only__direct::exact_full,corrected_chatml_v1_eos,corrected_locked2000:bridge_ijepa_w1_s43_v1_ep5,eval_2000_qids,ijepa,mlp256,none,compare,58,exact_full,56.896552,44.827586,12.068966,outputs/eval/locked/bridge_ijepa_w1_s43_v1_ep5__corrected_chatml_v1_eos__eval_2000_qids__image_only__direct_records.json
corrected_locked2000:bridge_ijepa_w1_s43_v1_ep5::bridge_ijepa_w1_s43_v1_ep5__corrected_chatml_v1_eos__eval_2000_qids__image_only__direct::exact_full,corrected_chatml_v1_eos,corrected_locked2000:bridge_ijepa_w1_s43_v1_ep5,eval_2000_qids,ijepa,mlp256,none,exist,354,exact_full,60.169492,39.830508,20.338983,outputs/eval/locked/bridge_ijepa_w1_s43_v1_ep5__corrected_chatml_v1_eos__eval_2000_qids__image_only__direct_records.json
corrected_locked2000:bridge_ijepa_w1_s43_v1_ep5::bridge_ijepa_w1_s43_v1_ep5__corrected_chatml_v1_eos__eval_2000_qids__image_only__direct::exact_full,corrected_chatml_v1_eos,corrected_locked2000:bridge_ijepa_w1_s43_v1_ep5,eval_2000_qids,ijepa,mlp256,none,other,610,exact_full,46.557377,30,16.557377,outputs/eval/locked/bridge_ijepa_w1_s43_v1_ep5__corrected_chatml_v1_eos__eval_2000_qids__image_only__direct_records.json
corrected_locked2000:bridge_ijepa_w1_s43_v1_ep5::bridge_ijepa_w1_s43_v1_ep5__corrected_chatml_v1_eos__eval_2000_qids__image_only__direct::exact_full,corrected_chatml_v1_eos,corrected_locked2000:bridge_ijepa_w1_s43_v1_ep5,eval_2000_qids,ijepa,mlp256,none,relate,781,exact_full,33.162612,14.980794,18.181818,outputs/eval/locked/bridge_ijepa_w1_s43_v1_ep5__corrected_chatml_v1_eos__eval_2000_qids__image_only__direct_records.json
corrected_locked2000:bridge_ijepa_w1_s43_v1_ep5::bridge_ijepa_w1_s43_v1_ep5__corrected_chatml_v1_eos__eval_2000_qids__image_only__direct::vqa_soft,corrected_chatml_v1_eos,corrected_locked2000:bridge_ijepa_w1_s43_v1_ep5,eval_2000_qids,ijepa,mlp256,none,choose,197,vqa_soft,65.482234,57.360406,8.121827,outputs/eval/locked/bridge_ijepa_w1_s43_v1_ep5__corrected_chatml_v1_eos__eval_2000_qids__image_only__direct_records.json
corrected_locked2000:bridge_ijepa_w1_s43_v1_ep5::bridge_ijepa_w1_s43_v1_ep5__corrected_chatml_v1_eos__eval_2000_qids__image_only__direct::vqa_soft,corrected_chatml_v1_eos,corrected_locked2000:bridge_ijepa_w1_s43_v1_ep5,eval_2000_qids,ijepa,mlp256,none,compare,58,vqa_soft,56.896552,46.551724,10.344828,outputs/eval/locked/bridge_ijepa_w1_s43_v1_ep5__corrected_chatml_v1_eos__eval_2000_qids__image_only__direct_records.json
corrected_locked2000:bridge_ijepa_w1_s43_v1_ep5::bridge_ijepa_w1_s43_v1_ep5__corrected_chatml_v1_eos__eval_2000_qids__image_only__direct::vqa_soft,corrected_chatml_v1_eos,corrected_locked2000:bridge_ijepa_w1_s43_v1_ep5,eval_2000_qids,ijepa,mlp256,none,exist,354,vqa_soft,60.169492,46.610169,13.559322,outputs/eval/locked/bridge_ijepa_w1_s43_v1_ep5__corrected_chatml_v1_eos__eval_2000_qids__image_only__direct_records.json
corrected_locked2000:bridge_ijepa_w1_s43_v1_ep5::bridge_ijepa_w1_s43_v1_ep5__corrected_chatml_v1_eos__eval_2000_qids__image_only__direct::vqa_soft,corrected_chatml_v1_eos,corrected_locked2000:bridge_ijepa_w1_s43_v1_ep5,eval_2000_qids,ijepa,mlp256,none,other,610,vqa_soft,47.377049,31.639344,15.737705,outputs/eval/locked/bridge_ijepa_w1_s43_v1_ep5__corrected_chatml_v1_eos__eval_2000_qids__image_only__direct_records.json
corrected_locked2000:bridge_ijepa_w1_s43_v1_ep5::bridge_ijepa_w1_s43_v1_ep5__corrected_chatml_v1_eos__eval_2000_qids__image_only__direct::vqa_soft,corrected_chatml_v1_eos,corrected_locked2000:bridge_ijepa_w1_s43_v1_ep5,eval_2000_qids,ijepa,mlp256,none,relate,781,vqa_soft,33.930858,15.236876,18.693982,outputs/eval/locked/bridge_ijepa_w1_s43_v1_ep5__corrected_chatml_v1_eos__eval_2000_qids__image_only__direct_records.json
corrected_locked2000:bridge_ijepa_w1_s44_v1_ep5::bridge_ijepa_w1_s44_v1_ep5__corrected_chatml_v1_eos__eval_2000_qids__image_only__direct::exact,corrected_chatml_v1_eos,corrected_locked2000:bridge_ijepa_w1_s44_v1_ep5,eval_2000_qids,ijepa,mlp256,none,choose,197,exact,55.837563,56.852792,-1.015228,outputs/eval/locked/bridge_ijepa_w1_s44_v1_ep5__corrected_chatml_v1_eos__eval_2000_qids__image_only__direct_records.json
corrected_locked2000:bridge_ijepa_w1_s44_v1_ep5::bridge_ijepa_w1_s44_v1_ep5__corrected_chatml_v1_eos__eval_2000_qids__image_only__direct::exact,corrected_chatml_v1_eos,corrected_locked2000:bridge_ijepa_w1_s44_v1_ep5,eval_2000_qids,ijepa,mlp256,none,compare,58,exact,58.62069,44.827586,13.793103,outputs/eval/locked/bridge_ijepa_w1_s44_v1_ep5__corrected_chatml_v1_eos__eval_2000_qids__image_only__direct_records.json
corrected_locked2000:bridge_ijepa_w1_s44_v1_ep5::bridge_ijepa_w1_s44_v1_ep5__corrected_chatml_v1_eos__eval_2000_qids__image_only__direct::exact,corrected_chatml_v1_eos,corrected_locked2000:bridge_ijepa_w1_s44_v1_ep5,eval_2000_qids,ijepa,mlp256,none,exist,354,exact,57.062147,39.830508,17.231638,outputs/eval/locked/bridge_ijepa_w1_s44_v1_ep5__corrected_chatml_v1_eos__eval_2000_qids__image_only__direct_records.json
corrected_locked2000:bridge_ijepa_w1_s44_v1_ep5::bridge_ijepa_w1_s44_v1_ep5__corrected_chatml_v1_eos__eval_2000_qids__image_only__direct::exact,corrected_chatml_v1_eos,corrected_locked2000:bridge_ijepa_w1_s44_v1_ep5,eval_2000_qids,ijepa,mlp256,none,other,610,exact,42.95082,30,12.95082,outputs/eval/locked/bridge_ijepa_w1_s44_v1_ep5__corrected_chatml_v1_eos__eval_2000_qids__image_only__direct_records.json
corrected_locked2000:bridge_ijepa_w1_s44_v1_ep5::bridge_ijepa_w1_s44_v1_ep5__corrected_chatml_v1_eos__eval_2000_qids__image_only__direct::exact,corrected_chatml_v1_eos,corrected_locked2000:bridge_ijepa_w1_s44_v1_ep5,eval_2000_qids,ijepa,mlp256,none,relate,781,exact,29.961588,14.980794,14.980794,outputs/eval/locked/bridge_ijepa_w1_s44_v1_ep5__corrected_chatml_v1_eos__eval_2000_qids__image_only__direct_records.json
corrected_locked2000:bridge_ijepa_w1_s44_v1_ep5::bridge_ijepa_w1_s44_v1_ep5__corrected_chatml_v1_eos__eval_2000_qids__image_only__direct::exact_full,corrected_chatml_v1_eos,corrected_locked2000:bridge_ijepa_w1_s44_v1_ep5,eval_2000_qids,ijepa,mlp256,none,choose,197,exact_full,55.837563,56.852792,-1.015228,outputs/eval/locked/bridge_ijepa_w1_s44_v1_ep5__corrected_chatml_v1_eos__eval_2000_qids__image_only__direct_records.json
corrected_locked2000:bridge_ijepa_w1_s44_v1_ep5::bridge_ijepa_w1_s44_v1_ep5__corrected_chatml_v1_eos__eval_2000_qids__image_only__direct::exact_full,corrected_chatml_v1_eos,corrected_locked2000:bridge_ijepa_w1_s44_v1_ep5,eval_2000_qids,ijepa,mlp256,none,compare,58,exact_full,58.62069,44.827586,13.793103,outputs/eval/locked/bridge_ijepa_w1_s44_v1_ep5__corrected_chatml_v1_eos__eval_2000_qids__image_only__direct_records.json
corrected_locked2000:bridge_ijepa_w1_s44_v1_ep5::bridge_ijepa_w1_s44_v1_ep5__corrected_chatml_v1_eos__eval_2000_qids__image_only__direct::exact_full,corrected_chatml_v1_eos,corrected_locked2000:bridge_ijepa_w1_s44_v1_ep5,eval_2000_qids,ijepa,mlp256,none,exist,354,exact_full,57.062147,39.830508,17.231638,outputs/eval/locked/bridge_ijepa_w1_s44_v1_ep5__corrected_chatml_v1_eos__eval_2000_qids__image_only__direct_records.json
corrected_locked2000:bridge_ijepa_w1_s44_v1_ep5::bridge_ijepa_w1_s44_v1_ep5__corrected_chatml_v1_eos__eval_2000_qids__image_only__direct::exact_full,corrected_chatml_v1_eos,corrected_locked2000:bridge_ijepa_w1_s44_v1_ep5,eval_2000_qids,ijepa,mlp256,none,other,610,exact_full,42.95082,30,12.95082,outputs/eval/locked/bridge_ijepa_w1_s44_v1_ep5__corrected_chatml_v1_eos__eval_2000_qids__image_only__direct_records.json
corrected_locked2000:bridge_ijepa_w1_s44_v1_ep5::bridge_ijepa_w1_s44_v1_ep5__corrected_chatml_v1_eos__eval_2000_qids__image_only__direct::exact_full,corrected_chatml_v1_eos,corrected_locked2000:bridge_ijepa_w1_s44_v1_ep5,eval_2000_qids,ijepa,mlp256,none,relate,781,exact_full,29.961588,14.980794,14.980794,outputs/eval/locked/bridge_ijepa_w1_s44_v1_ep5__corrected_chatml_v1_eos__eval_2000_qids__image_only__direct_records.json
corrected_locked2000:bridge_ijepa_w1_s44_v1_ep5::bridge_ijepa_w1_s44_v1_ep5__corrected_chatml_v1_eos__eval_2000_qids__image_only__direct::vqa_soft,corrected_chatml_v1_eos,corrected_locked2000:bridge_ijepa_w1_s44_v1_ep5,eval_2000_qids,ijepa,mlp256,none,choose,197,vqa_soft,55.837563,57.360406,-1.522843,outputs/eval/locked/bridge_ijepa_w1_s44_v1_ep5__corrected_chatml_v1_eos__eval_2000_qids__image_only__direct_records.json
corrected_locked2000:bridge_ijepa_w1_s44_v1_ep5::bridge_ijepa_w1_s44_v1_ep5__corrected_chatml_v1_eos__eval_2000_qids__image_only__direct::vqa_soft,corrected_chatml_v1_eos,corrected_locked2000:bridge_ijepa_w1_s44_v1_ep5,eval_2000_qids,ijepa,mlp256,none,compare,58,vqa_soft,58.62069,46.551724,12.068966,outputs/eval/locked/bridge_ijepa_w1_s44_v1_ep5__corrected_chatml_v1_eos__eval_2000_qids__image_only__direct_records.json
corrected_locked2000:bridge_ijepa_w1_s44_v1_ep5::bridge_ijepa_w1_s44_v1_ep5__corrected_chatml_v1_eos__eval_2000_qids__image_only__direct::vqa_soft,corrected_chatml_v1_eos,corrected_locked2000:bridge_ijepa_w1_s44_v1_ep5,eval_2000_qids,ijepa,mlp256,none,exist,354,vqa_soft,57.062147,46.610169,10.451977,outputs/eval/locked/bridge_ijepa_w1_s44_v1_ep5__corrected_chatml_v1_eos__eval_2000_qids__image_only__direct_records.json
corrected_locked2000:bridge_ijepa_w1_s44_v1_ep5::bridge_ijepa_w1_s44_v1_ep5__corrected_chatml_v1_eos__eval_2000_qids__image_only__direct::vqa_soft,corrected_chatml_v1_eos,corrected_locked2000:bridge_ijepa_w1_s44_v1_ep5,eval_2000_qids,ijepa,mlp256,none,other,610,vqa_soft,43.606557,31.639344,11.967213,outputs/eval/locked/bridge_ijepa_w1_s44_v1_ep5__corrected_chatml_v1_eos__eval_2000_qids__image_only__direct_records.json
corrected_locked2000:bridge_ijepa_w1_s44_v1_ep5::bridge_ijepa_w1_s44_v1_ep5__corrected_chatml_v1_eos__eval_2000_qids__image_only__direct::vqa_soft,corrected_chatml_v1_eos,corrected_locked2000:bridge_ijepa_w1_s44_v1_ep5,eval_2000_qids,ijepa,mlp256,none,relate,781,vqa_soft,30.473752,15.236876,15.236876,outputs/eval/locked/bridge_ijepa_w1_s44_v1_ep5__corrected_chatml_v1_eos__eval_2000_qids__image_only__direct_records.json
corrected_locked2000:bridge_ijepa_w1pool_bf16_v1_ep5::bridge_ijepa_w1pool_bf16_v1_ep5__corrected_chatml_v1_eos__eval_2000_qids__image_only__direct::exact,corrected_chatml_v1_eos,corrected_locked2000:bridge_ijepa_w1pool_bf16_v1_ep5,eval_2000_qids,ijepa,pool32,none,choose,197,exact,59.898477,56.852792,3.045685,outputs/eval/locked/bridge_ijepa_w1pool_bf16_v1_ep5__corrected_chatml_v1_eos__eval_2000_qids__image_only__direct_records.json
corrected_locked2000:bridge_ijepa_w1pool_bf16_v1_ep5::bridge_ijepa_w1pool_bf16_v1_ep5__corrected_chatml_v1_eos__eval_2000_qids__image_only__direct::exact,corrected_chatml_v1_eos,corrected_locked2000:bridge_ijepa_w1pool_bf16_v1_ep5,eval_2000_qids,ijepa,pool32,none,compare,58,exact,62.068966,44.827586,17.241379,outputs/eval/locked/bridge_ijepa_w1pool_bf16_v1_ep5__corrected_chatml_v1_eos__eval_2000_qids__image_only__direct_records.json
corrected_locked2000:bridge_ijepa_w1pool_bf16_v1_ep5::bridge_ijepa_w1pool_bf16_v1_ep5__corrected_chatml_v1_eos__eval_2000_qids__image_only__direct::exact,corrected_chatml_v1_eos,corrected_locked2000:bridge_ijepa_w1pool_bf16_v1_ep5,eval_2000_qids,ijepa,pool32,none,exist,354,exact,54.237288,39.830508,14.40678,outputs/eval/locked/bridge_ijepa_w1pool_bf16_v1_ep5__corrected_chatml_v1_eos__eval_2000_qids__image_only__direct_records.json
corrected_locked2000:bridge_ijepa_w1pool_bf16_v1_ep5::bridge_ijepa_w1pool_bf16_v1_ep5__corrected_chatml_v1_eos__eval_2000_qids__image_only__direct::exact,corrected_chatml_v1_eos,corrected_locked2000:bridge_ijepa_w1pool_bf16_v1_ep5,eval_2000_qids,ijepa,pool32,none,other,610,exact,40.655738,30,10.655738,outputs/eval/locked/bridge_ijepa_w1pool_bf16_v1_ep5__corrected_chatml_v1_eos__eval_2000_qids__image_only__direct_records.json
corrected_locked2000:bridge_ijepa_w1pool_bf16_v1_ep5::bridge_ijepa_w1pool_bf16_v1_ep5__corrected_chatml_v1_eos__eval_2000_qids__image_only__direct::exact,corrected_chatml_v1_eos,corrected_locked2000:bridge_ijepa_w1pool_bf16_v1_ep5,eval_2000_qids,ijepa,pool32,none,relate,781,exact,29.449424,14.980794,14.46863,outputs/eval/locked/bridge_ijepa_w1pool_bf16_v1_ep5__corrected_chatml_v1_eos__eval_2000_qids__image_only__direct_records.json
corrected_locked2000:bridge_ijepa_w1pool_bf16_v1_ep5::bridge_ijepa_w1pool_bf16_v1_ep5__corrected_chatml_v1_eos__eval_2000_qids__image_only__direct::exact_full,corrected_chatml_v1_eos,corrected_locked2000:bridge_ijepa_w1pool_bf16_v1_ep5,eval_2000_qids,ijepa,pool32,none,choose,197,exact_full,59.898477,56.852792,3.045685,outputs/eval/locked/bridge_ijepa_w1pool_bf16_v1_ep5__corrected_chatml_v1_eos__eval_2000_qids__image_only__direct_records.json
corrected_locked2000:bridge_ijepa_w1pool_bf16_v1_ep5::bridge_ijepa_w1pool_bf16_v1_ep5__corrected_chatml_v1_eos__eval_2000_qids__image_only__direct::exact_full,corrected_chatml_v1_eos,corrected_locked2000:bridge_ijepa_w1pool_bf16_v1_ep5,eval_2000_qids,ijepa,pool32,none,compare,58,exact_full,62.068966,44.827586,17.241379,outputs/eval/locked/bridge_ijepa_w1pool_bf16_v1_ep5__corrected_chatml_v1_eos__eval_2000_qids__image_only__direct_records.json
corrected_locked2000:bridge_ijepa_w1pool_bf16_v1_ep5::bridge_ijepa_w1pool_bf16_v1_ep5__corrected_chatml_v1_eos__eval_2000_qids__image_only__direct::exact_full,corrected_chatml_v1_eos,corrected_locked2000:bridge_ijepa_w1pool_bf16_v1_ep5,eval_2000_qids,ijepa,pool32,none,exist,354,exact_full,54.237288,39.830508,14.40678,outputs/eval/locked/bridge_ijepa_w1pool_bf16_v1_ep5__corrected_chatml_v1_eos__eval_2000_qids__image_only__direct_records.json
corrected_locked2000:bridge_ijepa_w1pool_bf16_v1_ep5::bridge_ijepa_w1pool_bf16_v1_ep5__corrected_chatml_v1_eos__eval_2000_qids__image_only__direct::exact_full,corrected_chatml_v1_eos,corrected_locked2000:bridge_ijepa_w1pool_bf16_v1_ep5,eval_2000_qids,ijepa,pool32,none,other,610,exact_full,40.655738,30,10.655738,outputs/eval/locked/bridge_ijepa_w1pool_bf16_v1_ep5__corrected_chatml_v1_eos__eval_2000_qids__image_only__direct_records.json
corrected_locked2000:bridge_ijepa_w1pool_bf16_v1_ep5::bridge_ijepa_w1pool_bf16_v1_ep5__corrected_chatml_v1_eos__eval_2000_qids__image_only__direct::exact_full,corrected_chatml_v1_eos,corrected_locked2000:bridge_ijepa_w1pool_bf16_v1_ep5,eval_2000_qids,ijepa,pool32,none,relate,781,exact_full,29.449424,14.980794,14.46863,outputs/eval/locked/bridge_ijepa_w1pool_bf16_v1_ep5__corrected_chatml_v1_eos__eval_2000_qids__image_only__direct_records.json
corrected_locked2000:bridge_ijepa_w1pool_bf16_v1_ep5::bridge_ijepa_w1pool_bf16_v1_ep5__corrected_chatml_v1_eos__eval_2000_qids__image_only__direct::vqa_soft,corrected_chatml_v1_eos,corrected_locked2000:bridge_ijepa_w1pool_bf16_v1_ep5,eval_2000_qids,ijepa,pool32,none,choose,197,vqa_soft,60.406091,57.360406,3.045685,outputs/eval/locked/bridge_ijepa_w1pool_bf16_v1_ep5__corrected_chatml_v1_eos__eval_2000_qids__image_only__direct_records.json
corrected_locked2000:bridge_ijepa_w1pool_bf16_v1_ep5::bridge_ijepa_w1pool_bf16_v1_ep5__corrected_chatml_v1_eos__eval_2000_qids__image_only__direct::vqa_soft,corrected_chatml_v1_eos,corrected_locked2000:bridge_ijepa_w1pool_bf16_v1_ep5,eval_2000_qids,ijepa,pool32,none,compare,58,vqa_soft,62.068966,46.551724,15.517241,outputs/eval/locked/bridge_ijepa_w1pool_bf16_v1_ep5__corrected_chatml_v1_eos__eval_2000_qids__image_only__direct_records.json
corrected_locked2000:bridge_ijepa_w1pool_bf16_v1_ep5::bridge_ijepa_w1pool_bf16_v1_ep5__corrected_chatml_v1_eos__eval_2000_qids__image_only__direct::vqa_soft,corrected_chatml_v1_eos,corrected_locked2000:bridge_ijepa_w1pool_bf16_v1_ep5,eval_2000_qids,ijepa,pool32,none,exist,354,vqa_soft,54.237288,46.610169,7.627119,outputs/eval/locked/bridge_ijepa_w1pool_bf16_v1_ep5__corrected_chatml_v1_eos__eval_2000_qids__image_only__direct_records.json
corrected_locked2000:bridge_ijepa_w1pool_bf16_v1_ep5::bridge_ijepa_w1pool_bf16_v1_ep5__corrected_chatml_v1_eos__eval_2000_qids__image_only__direct::vqa_soft,corrected_chatml_v1_eos,corrected_locked2000:bridge_ijepa_w1pool_bf16_v1_ep5,eval_2000_qids,ijepa,pool32,none,other,610,vqa_soft,41.147541,31.639344,9.508197,outputs/eval/locked/bridge_ijepa_w1pool_bf16_v1_ep5__corrected_chatml_v1_eos__eval_2000_qids__image_only__direct_records.json
corrected_locked2000:bridge_ijepa_w1pool_bf16_v1_ep5::bridge_ijepa_w1pool_bf16_v1_ep5__corrected_chatml_v1_eos__eval_2000_qids__image_only__direct::vqa_soft,corrected_chatml_v1_eos,corrected_locked2000:bridge_ijepa_w1pool_bf16_v1_ep5,eval_2000_qids,ijepa,pool32,none,relate,781,vqa_soft,30.601793,15.236876,15.364917,outputs/eval/locked/bridge_ijepa_w1pool_bf16_v1_ep5__corrected_chatml_v1_eos__eval_2000_qids__image_only__direct_records.json
corrected_locked2000:bridge_ijepa_w1qf_bf16_v1_ep5::bridge_ijepa_w1qf_bf16_v1_ep5__corrected_chatml_v1_eos__eval_2000_qids__image_only__direct::exact,corrected_chatml_v1_eos,corrected_locked2000:bridge_ijepa_w1qf_bf16_v1_ep5,eval_2000_qids,ijepa,qformer32,none,choose,197,exact,53.807107,56.852792,-3.045685,outputs/eval/locked/bridge_ijepa_w1qf_bf16_v1_ep5__corrected_chatml_v1_eos__eval_2000_qids__image_only__direct_records.json
corrected_locked2000:bridge_ijepa_w1qf_bf16_v1_ep5::bridge_ijepa_w1qf_bf16_v1_ep5__corrected_chatml_v1_eos__eval_2000_qids__image_only__direct::exact,corrected_chatml_v1_eos,corrected_locked2000:bridge_ijepa_w1qf_bf16_v1_ep5,eval_2000_qids,ijepa,qformer32,none,compare,58,exact,48.275862,44.827586,3.448276,outputs/eval/locked/bridge_ijepa_w1qf_bf16_v1_ep5__corrected_chatml_v1_eos__eval_2000_qids__image_only__direct_records.json
corrected_locked2000:bridge_ijepa_w1qf_bf16_v1_ep5::bridge_ijepa_w1qf_bf16_v1_ep5__corrected_chatml_v1_eos__eval_2000_qids__image_only__direct::exact,corrected_chatml_v1_eos,corrected_locked2000:bridge_ijepa_w1qf_bf16_v1_ep5,eval_2000_qids,ijepa,qformer32,none,exist,354,exact,50.564972,39.830508,10.734463,outputs/eval/locked/bridge_ijepa_w1qf_bf16_v1_ep5__corrected_chatml_v1_eos__eval_2000_qids__image_only__direct_records.json
corrected_locked2000:bridge_ijepa_w1qf_bf16_v1_ep5::bridge_ijepa_w1qf_bf16_v1_ep5__corrected_chatml_v1_eos__eval_2000_qids__image_only__direct::exact,corrected_chatml_v1_eos,corrected_locked2000:bridge_ijepa_w1qf_bf16_v1_ep5,eval_2000_qids,ijepa,qformer32,none,other,610,exact,39.344262,30,9.344262,outputs/eval/locked/bridge_ijepa_w1qf_bf16_v1_ep5__corrected_chatml_v1_eos__eval_2000_qids__image_only__direct_records.json
corrected_locked2000:bridge_ijepa_w1qf_bf16_v1_ep5::bridge_ijepa_w1qf_bf16_v1_ep5__corrected_chatml_v1_eos__eval_2000_qids__image_only__direct::exact,corrected_chatml_v1_eos,corrected_locked2000:bridge_ijepa_w1qf_bf16_v1_ep5,eval_2000_qids,ijepa,qformer32,none,relate,781,exact,30.985915,14.980794,16.005122,outputs/eval/locked/bridge_ijepa_w1qf_bf16_v1_ep5__corrected_chatml_v1_eos__eval_2000_qids__image_only__direct_records.json
corrected_locked2000:bridge_ijepa_w1qf_bf16_v1_ep5::bridge_ijepa_w1qf_bf16_v1_ep5__corrected_chatml_v1_eos__eval_2000_qids__image_only__direct::exact_full,corrected_chatml_v1_eos,corrected_locked2000:bridge_ijepa_w1qf_bf16_v1_ep5,eval_2000_qids,ijepa,qformer32,none,choose,197,exact_full,53.807107,56.852792,-3.045685,outputs/eval/locked/bridge_ijepa_w1qf_bf16_v1_ep5__corrected_chatml_v1_eos__eval_2000_qids__image_only__direct_records.json
corrected_locked2000:bridge_ijepa_w1qf_bf16_v1_ep5::bridge_ijepa_w1qf_bf16_v1_ep5__corrected_chatml_v1_eos__eval_2000_qids__image_only__direct::exact_full,corrected_chatml_v1_eos,corrected_locked2000:bridge_ijepa_w1qf_bf16_v1_ep5,eval_2000_qids,ijepa,qformer32,none,compare,58,exact_full,48.275862,44.827586,3.448276,outputs/eval/locked/bridge_ijepa_w1qf_bf16_v1_ep5__corrected_chatml_v1_eos__eval_2000_qids__image_only__direct_records.json
corrected_locked2000:bridge_ijepa_w1qf_bf16_v1_ep5::bridge_ijepa_w1qf_bf16_v1_ep5__corrected_chatml_v1_eos__eval_2000_qids__image_only__direct::exact_full,corrected_chatml_v1_eos,corrected_locked2000:bridge_ijepa_w1qf_bf16_v1_ep5,eval_2000_qids,ijepa,qformer32,none,exist,354,exact_full,50.564972,39.830508,10.734463,outputs/eval/locked/bridge_ijepa_w1qf_bf16_v1_ep5__corrected_chatml_v1_eos__eval_2000_qids__image_only__direct_records.json
corrected_locked2000:bridge_ijepa_w1qf_bf16_v1_ep5::bridge_ijepa_w1qf_bf16_v1_ep5__corrected_chatml_v1_eos__eval_2000_qids__image_only__direct::exact_full,corrected_chatml_v1_eos,corrected_locked2000:bridge_ijepa_w1qf_bf16_v1_ep5,eval_2000_qids,ijepa,qformer32,none,other,610,exact_full,39.344262,30,9.344262,outputs/eval/locked/bridge_ijepa_w1qf_bf16_v1_ep5__corrected_chatml_v1_eos__eval_2000_qids__image_only__direct_records.json
corrected_locked2000:bridge_ijepa_w1qf_bf16_v1_ep5::bridge_ijepa_w1qf_bf16_v1_ep5__corrected_chatml_v1_eos__eval_2000_qids__image_only__direct::exact_full,corrected_chatml_v1_eos,corrected_locked2000:bridge_ijepa_w1qf_bf16_v1_ep5,eval_2000_qids,ijepa,qformer32,none,relate,781,exact_full,30.985915,14.980794,16.005122,outputs/eval/locked/bridge_ijepa_w1qf_bf16_v1_ep5__corrected_chatml_v1_eos__eval_2000_qids__image_only__direct_records.json
corrected_locked2000:bridge_ijepa_w1qf_bf16_v1_ep5::bridge_ijepa_w1qf_bf16_v1_ep5__corrected_chatml_v1_eos__eval_2000_qids__image_only__direct::vqa_soft,corrected_chatml_v1_eos,corrected_locked2000:bridge_ijepa_w1qf_bf16_v1_ep5,eval_2000_qids,ijepa,qformer32,none,choose,197,vqa_soft,54.314721,57.360406,-3.045685,outputs/eval/locked/bridge_ijepa_w1qf_bf16_v1_ep5__corrected_chatml_v1_eos__eval_2000_qids__image_only__direct_records.json
corrected_locked2000:bridge_ijepa_w1qf_bf16_v1_ep5::bridge_ijepa_w1qf_bf16_v1_ep5__corrected_chatml_v1_eos__eval_2000_qids__image_only__direct::vqa_soft,corrected_chatml_v1_eos,corrected_locked2000:bridge_ijepa_w1qf_bf16_v1_ep5,eval_2000_qids,ijepa,qformer32,none,compare,58,vqa_soft,48.275862,46.551724,1.724138,outputs/eval/locked/bridge_ijepa_w1qf_bf16_v1_ep5__corrected_chatml_v1_eos__eval_2000_qids__image_only__direct_records.json
corrected_locked2000:bridge_ijepa_w1qf_bf16_v1_ep5::bridge_ijepa_w1qf_bf16_v1_ep5__corrected_chatml_v1_eos__eval_2000_qids__image_only__direct::vqa_soft,corrected_chatml_v1_eos,corrected_locked2000:bridge_ijepa_w1qf_bf16_v1_ep5,eval_2000_qids,ijepa,qformer32,none,exist,354,vqa_soft,50.564972,46.610169,3.954802,outputs/eval/locked/bridge_ijepa_w1qf_bf16_v1_ep5__corrected_chatml_v1_eos__eval_2000_qids__image_only__direct_records.json
corrected_locked2000:bridge_ijepa_w1qf_bf16_v1_ep5::bridge_ijepa_w1qf_bf16_v1_ep5__corrected_chatml_v1_eos__eval_2000_qids__image_only__direct::vqa_soft,corrected_chatml_v1_eos,corrected_locked2000:bridge_ijepa_w1qf_bf16_v1_ep5,eval_2000_qids,ijepa,qformer32,none,other,610,vqa_soft,39.672131,31.639344,8.032787,outputs/eval/locked/bridge_ijepa_w1qf_bf16_v1_ep5__corrected_chatml_v1_eos__eval_2000_qids__image_only__direct_records.json
corrected_locked2000:bridge_ijepa_w1qf_bf16_v1_ep5::bridge_ijepa_w1qf_bf16_v1_ep5__corrected_chatml_v1_eos__eval_2000_qids__image_only__direct::vqa_soft,corrected_chatml_v1_eos,corrected_locked2000:bridge_ijepa_w1qf_bf16_v1_ep5,eval_2000_qids,ijepa,qformer32,none,relate,781,vqa_soft,31.370038,15.236876,16.133163,outputs/eval/locked/bridge_ijepa_w1qf_bf16_v1_ep5__corrected_chatml_v1_eos__eval_2000_qids__image_only__direct_records.json
corrected_locked2000:bridge_ijepa_w1qf_s43_v1_ep5::bridge_ijepa_w1qf_s43_v1_ep5__corrected_chatml_v1_eos__eval_2000_qids__image_only__direct::exact,corrected_chatml_v1_eos,corrected_locked2000:bridge_ijepa_w1qf_s43_v1_ep5,eval_2000_qids,ijepa,qformer32,none,choose,197,exact,58.883249,56.852792,2.030457,outputs/eval/locked/bridge_ijepa_w1qf_s43_v1_ep5__corrected_chatml_v1_eos__eval_2000_qids__image_only__direct_records.json
corrected_locked2000:bridge_ijepa_w1qf_s43_v1_ep5::bridge_ijepa_w1qf_s43_v1_ep5__corrected_chatml_v1_eos__eval_2000_qids__image_only__direct::exact,corrected_chatml_v1_eos,corrected_locked2000:bridge_ijepa_w1qf_s43_v1_ep5,eval_2000_qids,ijepa,qformer32,none,compare,58,exact,62.068966,44.827586,17.241379,outputs/eval/locked/bridge_ijepa_w1qf_s43_v1_ep5__corrected_chatml_v1_eos__eval_2000_qids__image_only__direct_records.json
corrected_locked2000:bridge_ijepa_w1qf_s43_v1_ep5::bridge_ijepa_w1qf_s43_v1_ep5__corrected_chatml_v1_eos__eval_2000_qids__image_only__direct::exact,corrected_chatml_v1_eos,corrected_locked2000:bridge_ijepa_w1qf_s43_v1_ep5,eval_2000_qids,ijepa,qformer32,none,exist,354,exact,54.237288,39.830508,14.40678,outputs/eval/locked/bridge_ijepa_w1qf_s43_v1_ep5__corrected_chatml_v1_eos__eval_2000_qids__image_only__direct_records.json
corrected_locked2000:bridge_ijepa_w1qf_s43_v1_ep5::bridge_ijepa_w1qf_s43_v1_ep5__corrected_chatml_v1_eos__eval_2000_qids__image_only__direct::exact,corrected_chatml_v1_eos,corrected_locked2000:bridge_ijepa_w1qf_s43_v1_ep5,eval_2000_qids,ijepa,qformer32,none,other,610,exact,39.344262,30,9.344262,outputs/eval/locked/bridge_ijepa_w1qf_s43_v1_ep5__corrected_chatml_v1_eos__eval_2000_qids__image_only__direct_records.json
corrected_locked2000:bridge_ijepa_w1qf_s43_v1_ep5::bridge_ijepa_w1qf_s43_v1_ep5__corrected_chatml_v1_eos__eval_2000_qids__image_only__direct::exact,corrected_chatml_v1_eos,corrected_locked2000:bridge_ijepa_w1qf_s43_v1_ep5,eval_2000_qids,ijepa,qformer32,none,relate,781,exact,32.522407,14.980794,17.541613,outputs/eval/locked/bridge_ijepa_w1qf_s43_v1_ep5__corrected_chatml_v1_eos__eval_2000_qids__image_only__direct_records.json
corrected_locked2000:bridge_ijepa_w1qf_s43_v1_ep5::bridge_ijepa_w1qf_s43_v1_ep5__corrected_chatml_v1_eos__eval_2000_qids__image_only__direct::exact_full,corrected_chatml_v1_eos,corrected_locked2000:bridge_ijepa_w1qf_s43_v1_ep5,eval_2000_qids,ijepa,qformer32,none,choose,197,exact_full,58.883249,56.852792,2.030457,outputs/eval/locked/bridge_ijepa_w1qf_s43_v1_ep5__corrected_chatml_v1_eos__eval_2000_qids__image_only__direct_records.json
corrected_locked2000:bridge_ijepa_w1qf_s43_v1_ep5::bridge_ijepa_w1qf_s43_v1_ep5__corrected_chatml_v1_eos__eval_2000_qids__image_only__direct::exact_full,corrected_chatml_v1_eos,corrected_locked2000:bridge_ijepa_w1qf_s43_v1_ep5,eval_2000_qids,ijepa,qformer32,none,compare,58,exact_full,62.068966,44.827586,17.241379,outputs/eval/locked/bridge_ijepa_w1qf_s43_v1_ep5__corrected_chatml_v1_eos__eval_2000_qids__image_only__direct_records.json
corrected_locked2000:bridge_ijepa_w1qf_s43_v1_ep5::bridge_ijepa_w1qf_s43_v1_ep5__corrected_chatml_v1_eos__eval_2000_qids__image_only__direct::exact_full,corrected_chatml_v1_eos,corrected_locked2000:bridge_ijepa_w1qf_s43_v1_ep5,eval_2000_qids,ijepa,qformer32,none,exist,354,exact_full,54.237288,39.830508,14.40678,outputs/eval/locked/bridge_ijepa_w1qf_s43_v1_ep5__corrected_chatml_v1_eos__eval_2000_qids__image_only__direct_records.json
corrected_locked2000:bridge_ijepa_w1qf_s43_v1_ep5::bridge_ijepa_w1qf_s43_v1_ep5__corrected_chatml_v1_eos__eval_2000_qids__image_only__direct::exact_full,corrected_chatml_v1_eos,corrected_locked2000:bridge_ijepa_w1qf_s43_v1_ep5,eval_2000_qids,ijepa,qformer32,none,other,610,exact_full,39.344262,30,9.344262,outputs/eval/locked/bridge_ijepa_w1qf_s43_v1_ep5__corrected_chatml_v1_eos__eval_2000_qids__image_only__direct_records.json
corrected_locked2000:bridge_ijepa_w1qf_s43_v1_ep5::bridge_ijepa_w1qf_s43_v1_ep5__corrected_chatml_v1_eos__eval_2000_qids__image_only__direct::exact_full,corrected_chatml_v1_eos,corrected_locked2000:bridge_ijepa_w1qf_s43_v1_ep5,eval_2000_qids,ijepa,qformer32,none,relate,781,exact_full,32.522407,14.980794,17.541613,outputs/eval/locked/bridge_ijepa_w1qf_s43_v1_ep5__corrected_chatml_v1_eos__eval_2000_qids__image_only__direct_records.json
corrected_locked2000:bridge_ijepa_w1qf_s43_v1_ep5::bridge_ijepa_w1qf_s43_v1_ep5__corrected_chatml_v1_eos__eval_2000_qids__image_only__direct::vqa_soft,corrected_chatml_v1_eos,corrected_locked2000:bridge_ijepa_w1qf_s43_v1_ep5,eval_2000_qids,ijepa,qformer32,none,choose,197,vqa_soft,59.390863,57.360406,2.030457,outputs/eval/locked/bridge_ijepa_w1qf_s43_v1_ep5__corrected_chatml_v1_eos__eval_2000_qids__image_only__direct_records.json
corrected_locked2000:bridge_ijepa_w1qf_s43_v1_ep5::bridge_ijepa_w1qf_s43_v1_ep5__corrected_chatml_v1_eos__eval_2000_qids__image_only__direct::vqa_soft,corrected_chatml_v1_eos,corrected_locked2000:bridge_ijepa_w1qf_s43_v1_ep5,eval_2000_qids,ijepa,qformer32,none,compare,58,vqa_soft,62.068966,46.551724,15.517241,outputs/eval/locked/bridge_ijepa_w1qf_s43_v1_ep5__corrected_chatml_v1_eos__eval_2000_qids__image_only__direct_records.json
corrected_locked2000:bridge_ijepa_w1qf_s43_v1_ep5::bridge_ijepa_w1qf_s43_v1_ep5__corrected_chatml_v1_eos__eval_2000_qids__image_only__direct::vqa_soft,corrected_chatml_v1_eos,corrected_locked2000:bridge_ijepa_w1qf_s43_v1_ep5,eval_2000_qids,ijepa,qformer32,none,exist,354,vqa_soft,54.237288,46.610169,7.627119,outputs/eval/locked/bridge_ijepa_w1qf_s43_v1_ep5__corrected_chatml_v1_eos__eval_2000_qids__image_only__direct_records.json
corrected_locked2000:bridge_ijepa_w1qf_s43_v1_ep5::bridge_ijepa_w1qf_s43_v1_ep5__corrected_chatml_v1_eos__eval_2000_qids__image_only__direct::vqa_soft,corrected_chatml_v1_eos,corrected_locked2000:bridge_ijepa_w1qf_s43_v1_ep5,eval_2000_qids,ijepa,qformer32,none,other,610,vqa_soft,39.836066,31.639344,8.196721,outputs/eval/locked/bridge_ijepa_w1qf_s43_v1_ep5__corrected_chatml_v1_eos__eval_2000_qids__image_only__direct_records.json
corrected_locked2000:bridge_ijepa_w1qf_s43_v1_ep5::bridge_ijepa_w1qf_s43_v1_ep5__corrected_chatml_v1_eos__eval_2000_qids__image_only__direct::vqa_soft,corrected_chatml_v1_eos,corrected_locked2000:bridge_ijepa_w1qf_s43_v1_ep5,eval_2000_qids,ijepa,qformer32,none,relate,781,vqa_soft,33.162612,15.236876,17.925736,outputs/eval/locked/bridge_ijepa_w1qf_s43_v1_ep5__corrected_chatml_v1_eos__eval_2000_qids__image_only__direct_records.json
corrected_locked2000:bridge_ijepa_w1qf_s44_v1_ep5::bridge_ijepa_w1qf_s44_v1_ep5__corrected_chatml_v1_eos__eval_2000_qids__image_only__direct::exact,corrected_chatml_v1_eos,corrected_locked2000:bridge_ijepa_w1qf_s44_v1_ep5,eval_2000_qids,ijepa,qformer32,none,choose,197,exact,58.375635,56.852792,1.522843,outputs/eval/locked/bridge_ijepa_w1qf_s44_v1_ep5__corrected_chatml_v1_eos__eval_2000_qids__image_only__direct_records.json
corrected_locked2000:bridge_ijepa_w1qf_s44_v1_ep5::bridge_ijepa_w1qf_s44_v1_ep5__corrected_chatml_v1_eos__eval_2000_qids__image_only__direct::exact,corrected_chatml_v1_eos,corrected_locked2000:bridge_ijepa_w1qf_s44_v1_ep5,eval_2000_qids,ijepa,qformer32,none,compare,58,exact,50,44.827586,5.172414,outputs/eval/locked/bridge_ijepa_w1qf_s44_v1_ep5__corrected_chatml_v1_eos__eval_2000_qids__image_only__direct_records.json
corrected_locked2000:bridge_ijepa_w1qf_s44_v1_ep5::bridge_ijepa_w1qf_s44_v1_ep5__corrected_chatml_v1_eos__eval_2000_qids__image_only__direct::exact,corrected_chatml_v1_eos,corrected_locked2000:bridge_ijepa_w1qf_s44_v1_ep5,eval_2000_qids,ijepa,qformer32,none,exist,354,exact,51.412429,39.830508,11.581921,outputs/eval/locked/bridge_ijepa_w1qf_s44_v1_ep5__corrected_chatml_v1_eos__eval_2000_qids__image_only__direct_records.json
corrected_locked2000:bridge_ijepa_w1qf_s44_v1_ep5::bridge_ijepa_w1qf_s44_v1_ep5__corrected_chatml_v1_eos__eval_2000_qids__image_only__direct::exact,corrected_chatml_v1_eos,corrected_locked2000:bridge_ijepa_w1qf_s44_v1_ep5,eval_2000_qids,ijepa,qformer32,none,other,610,exact,42.786885,30,12.786885,outputs/eval/locked/bridge_ijepa_w1qf_s44_v1_ep5__corrected_chatml_v1_eos__eval_2000_qids__image_only__direct_records.json
corrected_locked2000:bridge_ijepa_w1qf_s44_v1_ep5::bridge_ijepa_w1qf_s44_v1_ep5__corrected_chatml_v1_eos__eval_2000_qids__image_only__direct::exact,corrected_chatml_v1_eos,corrected_locked2000:bridge_ijepa_w1qf_s44_v1_ep5,eval_2000_qids,ijepa,qformer32,none,relate,781,exact,33.034571,14.980794,18.053777,outputs/eval/locked/bridge_ijepa_w1qf_s44_v1_ep5__corrected_chatml_v1_eos__eval_2000_qids__image_only__direct_records.json
corrected_locked2000:bridge_ijepa_w1qf_s44_v1_ep5::bridge_ijepa_w1qf_s44_v1_ep5__corrected_chatml_v1_eos__eval_2000_qids__image_only__direct::exact_full,corrected_chatml_v1_eos,corrected_locked2000:bridge_ijepa_w1qf_s44_v1_ep5,eval_2000_qids,ijepa,qformer32,none,choose,197,exact_full,58.375635,56.852792,1.522843,outputs/eval/locked/bridge_ijepa_w1qf_s44_v1_ep5__corrected_chatml_v1_eos__eval_2000_qids__image_only__direct_records.json
corrected_locked2000:bridge_ijepa_w1qf_s44_v1_ep5::bridge_ijepa_w1qf_s44_v1_ep5__corrected_chatml_v1_eos__eval_2000_qids__image_only__direct::exact_full,corrected_chatml_v1_eos,corrected_locked2000:bridge_ijepa_w1qf_s44_v1_ep5,eval_2000_qids,ijepa,qformer32,none,compare,58,exact_full,50,44.827586,5.172414,outputs/eval/locked/bridge_ijepa_w1qf_s44_v1_ep5__corrected_chatml_v1_eos__eval_2000_qids__image_only__direct_records.json
corrected_locked2000:bridge_ijepa_w1qf_s44_v1_ep5::bridge_ijepa_w1qf_s44_v1_ep5__corrected_chatml_v1_eos__eval_2000_qids__image_only__direct::exact_full,corrected_chatml_v1_eos,corrected_locked2000:bridge_ijepa_w1qf_s44_v1_ep5,eval_2000_qids,ijepa,qformer32,none,exist,354,exact_full,51.412429,39.830508,11.581921,outputs/eval/locked/bridge_ijepa_w1qf_s44_v1_ep5__corrected_chatml_v1_eos__eval_2000_qids__image_only__direct_records.json
corrected_locked2000:bridge_ijepa_w1qf_s44_v1_ep5::bridge_ijepa_w1qf_s44_v1_ep5__corrected_chatml_v1_eos__eval_2000_qids__image_only__direct::exact_full,corrected_chatml_v1_eos,corrected_locked2000:bridge_ijepa_w1qf_s44_v1_ep5,eval_2000_qids,ijepa,qformer32,none,other,610,exact_full,42.786885,30,12.786885,outputs/eval/locked/bridge_ijepa_w1qf_s44_v1_ep5__corrected_chatml_v1_eos__eval_2000_qids__image_only__direct_records.json
corrected_locked2000:bridge_ijepa_w1qf_s44_v1_ep5::bridge_ijepa_w1qf_s44_v1_ep5__corrected_chatml_v1_eos__eval_2000_qids__image_only__direct::exact_full,corrected_chatml_v1_eos,corrected_locked2000:bridge_ijepa_w1qf_s44_v1_ep5,eval_2000_qids,ijepa,qformer32,none,relate,781,exact_full,33.034571,14.980794,18.053777,outputs/eval/locked/bridge_ijepa_w1qf_s44_v1_ep5__corrected_chatml_v1_eos__eval_2000_qids__image_only__direct_records.json
corrected_locked2000:bridge_ijepa_w1qf_s44_v1_ep5::bridge_ijepa_w1qf_s44_v1_ep5__corrected_chatml_v1_eos__eval_2000_qids__image_only__direct::vqa_soft,corrected_chatml_v1_eos,corrected_locked2000:bridge_ijepa_w1qf_s44_v1_ep5,eval_2000_qids,ijepa,qformer32,none,choose,197,vqa_soft,58.883249,57.360406,1.522843,outputs/eval/locked/bridge_ijepa_w1qf_s44_v1_ep5__corrected_chatml_v1_eos__eval_2000_qids__image_only__direct_records.json
corrected_locked2000:bridge_ijepa_w1qf_s44_v1_ep5::bridge_ijepa_w1qf_s44_v1_ep5__corrected_chatml_v1_eos__eval_2000_qids__image_only__direct::vqa_soft,corrected_chatml_v1_eos,corrected_locked2000:bridge_ijepa_w1qf_s44_v1_ep5,eval_2000_qids,ijepa,qformer32,none,compare,58,vqa_soft,50,46.551724,3.448276,outputs/eval/locked/bridge_ijepa_w1qf_s44_v1_ep5__corrected_chatml_v1_eos__eval_2000_qids__image_only__direct_records.json
corrected_locked2000:bridge_ijepa_w1qf_s44_v1_ep5::bridge_ijepa_w1qf_s44_v1_ep5__corrected_chatml_v1_eos__eval_2000_qids__image_only__direct::vqa_soft,corrected_chatml_v1_eos,corrected_locked2000:bridge_ijepa_w1qf_s44_v1_ep5,eval_2000_qids,ijepa,qformer32,none,exist,354,vqa_soft,51.412429,46.610169,4.80226,outputs/eval/locked/bridge_ijepa_w1qf_s44_v1_ep5__corrected_chatml_v1_eos__eval_2000_qids__image_only__direct_records.json
corrected_locked2000:bridge_ijepa_w1qf_s44_v1_ep5::bridge_ijepa_w1qf_s44_v1_ep5__corrected_chatml_v1_eos__eval_2000_qids__image_only__direct::vqa_soft,corrected_chatml_v1_eos,corrected_locked2000:bridge_ijepa_w1qf_s44_v1_ep5,eval_2000_qids,ijepa,qformer32,none,other,610,vqa_soft,43.442623,31.639344,11.803279,outputs/eval/locked/bridge_ijepa_w1qf_s44_v1_ep5__corrected_chatml_v1_eos__eval_2000_qids__image_only__direct_records.json
corrected_locked2000:bridge_ijepa_w1qf_s44_v1_ep5::bridge_ijepa_w1qf_s44_v1_ep5__corrected_chatml_v1_eos__eval_2000_qids__image_only__direct::vqa_soft,corrected_chatml_v1_eos,corrected_locked2000:bridge_ijepa_w1qf_s44_v1_ep5,eval_2000_qids,ijepa,qformer32,none,relate,781,vqa_soft,33.290653,15.236876,18.053777,outputs/eval/locked/bridge_ijepa_w1qf_s44_v1_ep5__corrected_chatml_v1_eos__eval_2000_qids__image_only__direct_records.json
corrected_objective_ab:bridge_clip_w1_bf16_v1_ep5::bridge_clip_w1_bf16_v1_ep5__corrected_chatml_v1_eos__objective_4000_qids__image_only__direct::exact,corrected_chatml_v1_eos,corrected_objective_ab:bridge_clip_w1_bf16_v1_ep5,objective_4000_qids,clip,mlp256,none,choose,489,exact,66.462168,48.670757,17.791411,outputs/eval/objective_ab_2291075/bridge_clip_w1_bf16_v1_ep5__corrected_chatml_v1_eos__objective_4000_qids__image_only__direct_records.json
corrected_objective_ab:bridge_clip_w1_bf16_v1_ep5::bridge_clip_w1_bf16_v1_ep5__corrected_chatml_v1_eos__objective_4000_qids__image_only__direct::exact,corrected_chatml_v1_eos,corrected_objective_ab:bridge_clip_w1_bf16_v1_ep5,objective_4000_qids,clip,mlp256,none,compare,129,exact,48.062016,43.410853,4.651163,outputs/eval/objective_ab_2291075/bridge_clip_w1_bf16_v1_ep5__corrected_chatml_v1_eos__objective_4000_qids__image_only__direct_records.json
corrected_objective_ab:bridge_clip_w1_bf16_v1_ep5::bridge_clip_w1_bf16_v1_ep5__corrected_chatml_v1_eos__objective_4000_qids__image_only__direct::exact,corrected_chatml_v1_eos,corrected_objective_ab:bridge_clip_w1_bf16_v1_ep5,objective_4000_qids,clip,mlp256,none,exist,726,exact,66.666667,41.322314,25.344353,outputs/eval/objective_ab_2291075/bridge_clip_w1_bf16_v1_ep5__corrected_chatml_v1_eos__objective_4000_qids__image_only__direct_records.json
corrected_objective_ab:bridge_clip_w1_bf16_v1_ep5::bridge_clip_w1_bf16_v1_ep5__corrected_chatml_v1_eos__objective_4000_qids__image_only__direct::exact,corrected_chatml_v1_eos,corrected_objective_ab:bridge_clip_w1_bf16_v1_ep5,objective_4000_qids,clip,mlp256,none,other,1314,exact,50.761035,27.549467,23.211568,outputs/eval/objective_ab_2291075/bridge_clip_w1_bf16_v1_ep5__corrected_chatml_v1_eos__objective_4000_qids__image_only__direct_records.json
corrected_objective_ab:bridge_clip_w1_bf16_v1_ep5::bridge_clip_w1_bf16_v1_ep5__corrected_chatml_v1_eos__objective_4000_qids__image_only__direct::exact,corrected_chatml_v1_eos,corrected_objective_ab:bridge_clip_w1_bf16_v1_ep5,objective_4000_qids,clip,mlp256,none,relate,1342,exact,40.834575,14.157973,26.676602,outputs/eval/objective_ab_2291075/bridge_clip_w1_bf16_v1_ep5__corrected_chatml_v1_eos__objective_4000_qids__image_only__direct_records.json
corrected_objective_ab:bridge_clip_w1_bf16_v1_ep5::bridge_clip_w1_bf16_v1_ep5__corrected_chatml_v1_eos__objective_4000_qids__image_only__direct::exact_full,corrected_chatml_v1_eos,corrected_objective_ab:bridge_clip_w1_bf16_v1_ep5,objective_4000_qids,clip,mlp256,none,choose,489,exact_full,66.462168,48.670757,17.791411,outputs/eval/objective_ab_2291075/bridge_clip_w1_bf16_v1_ep5__corrected_chatml_v1_eos__objective_4000_qids__image_only__direct_records.json
corrected_objective_ab:bridge_clip_w1_bf16_v1_ep5::bridge_clip_w1_bf16_v1_ep5__corrected_chatml_v1_eos__objective_4000_qids__image_only__direct::exact_full,corrected_chatml_v1_eos,corrected_objective_ab:bridge_clip_w1_bf16_v1_ep5,objective_4000_qids,clip,mlp256,none,compare,129,exact_full,48.062016,43.410853,4.651163,outputs/eval/objective_ab_2291075/bridge_clip_w1_bf16_v1_ep5__corrected_chatml_v1_eos__objective_4000_qids__image_only__direct_records.json
corrected_objective_ab:bridge_clip_w1_bf16_v1_ep5::bridge_clip_w1_bf16_v1_ep5__corrected_chatml_v1_eos__objective_4000_qids__image_only__direct::exact_full,corrected_chatml_v1_eos,corrected_objective_ab:bridge_clip_w1_bf16_v1_ep5,objective_4000_qids,clip,mlp256,none,exist,726,exact_full,66.666667,41.322314,25.344353,outputs/eval/objective_ab_2291075/bridge_clip_w1_bf16_v1_ep5__corrected_chatml_v1_eos__objective_4000_qids__image_only__direct_records.json
corrected_objective_ab:bridge_clip_w1_bf16_v1_ep5::bridge_clip_w1_bf16_v1_ep5__corrected_chatml_v1_eos__objective_4000_qids__image_only__direct::exact_full,corrected_chatml_v1_eos,corrected_objective_ab:bridge_clip_w1_bf16_v1_ep5,objective_4000_qids,clip,mlp256,none,other,1314,exact_full,50.761035,27.549467,23.211568,outputs/eval/objective_ab_2291075/bridge_clip_w1_bf16_v1_ep5__corrected_chatml_v1_eos__objective_4000_qids__image_only__direct_records.json
corrected_objective_ab:bridge_clip_w1_bf16_v1_ep5::bridge_clip_w1_bf16_v1_ep5__corrected_chatml_v1_eos__objective_4000_qids__image_only__direct::exact_full,corrected_chatml_v1_eos,corrected_objective_ab:bridge_clip_w1_bf16_v1_ep5,objective_4000_qids,clip,mlp256,none,relate,1342,exact_full,40.834575,14.157973,26.676602,outputs/eval/objective_ab_2291075/bridge_clip_w1_bf16_v1_ep5__corrected_chatml_v1_eos__objective_4000_qids__image_only__direct_records.json
corrected_objective_ab:bridge_clip_w1_bf16_v1_ep5::bridge_clip_w1_bf16_v1_ep5__corrected_chatml_v1_eos__objective_4000_qids__image_only__direct::vqa_soft,corrected_chatml_v1_eos,corrected_objective_ab:bridge_clip_w1_bf16_v1_ep5,objective_4000_qids,clip,mlp256,none,choose,489,vqa_soft,66.462168,49.693252,16.768916,outputs/eval/objective_ab_2291075/bridge_clip_w1_bf16_v1_ep5__corrected_chatml_v1_eos__objective_4000_qids__image_only__direct_records.json
corrected_objective_ab:bridge_clip_w1_bf16_v1_ep5::bridge_clip_w1_bf16_v1_ep5__corrected_chatml_v1_eos__objective_4000_qids__image_only__direct::vqa_soft,corrected_chatml_v1_eos,corrected_objective_ab:bridge_clip_w1_bf16_v1_ep5,objective_4000_qids,clip,mlp256,none,compare,129,vqa_soft,48.062016,44.96124,3.100775,outputs/eval/objective_ab_2291075/bridge_clip_w1_bf16_v1_ep5__corrected_chatml_v1_eos__objective_4000_qids__image_only__direct_records.json
corrected_objective_ab:bridge_clip_w1_bf16_v1_ep5::bridge_clip_w1_bf16_v1_ep5__corrected_chatml_v1_eos__objective_4000_qids__image_only__direct::vqa_soft,corrected_chatml_v1_eos,corrected_objective_ab:bridge_clip_w1_bf16_v1_ep5,objective_4000_qids,clip,mlp256,none,exist,726,vqa_soft,66.666667,48.760331,17.906336,outputs/eval/objective_ab_2291075/bridge_clip_w1_bf16_v1_ep5__corrected_chatml_v1_eos__objective_4000_qids__image_only__direct_records.json
corrected_objective_ab:bridge_clip_w1_bf16_v1_ep5::bridge_clip_w1_bf16_v1_ep5__corrected_chatml_v1_eos__objective_4000_qids__image_only__direct::vqa_soft,corrected_chatml_v1_eos,corrected_objective_ab:bridge_clip_w1_bf16_v1_ep5,objective_4000_qids,clip,mlp256,none,other,1314,vqa_soft,51.978691,30.060883,21.917808,outputs/eval/objective_ab_2291075/bridge_clip_w1_bf16_v1_ep5__corrected_chatml_v1_eos__objective_4000_qids__image_only__direct_records.json
corrected_objective_ab:bridge_clip_w1_bf16_v1_ep5::bridge_clip_w1_bf16_v1_ep5__corrected_chatml_v1_eos__objective_4000_qids__image_only__direct::vqa_soft,corrected_chatml_v1_eos,corrected_objective_ab:bridge_clip_w1_bf16_v1_ep5,objective_4000_qids,clip,mlp256,none,relate,1342,vqa_soft,42.101341,15.052161,27.04918,outputs/eval/objective_ab_2291075/bridge_clip_w1_bf16_v1_ep5__corrected_chatml_v1_eos__objective_4000_qids__image_only__direct_records.json
corrected_objective_ab:bridge_clip_w1_s43_v1_ep5::bridge_clip_w1_s43_v1_ep5__corrected_chatml_v1_eos__objective_4000_qids__image_only__direct::exact,corrected_chatml_v1_eos,corrected_objective_ab:bridge_clip_w1_s43_v1_ep5,objective_4000_qids,clip,mlp256,none,choose,489,exact,65.848671,48.670757,17.177914,outputs/eval/objective_ab_2291075/bridge_clip_w1_s43_v1_ep5__corrected_chatml_v1_eos__objective_4000_qids__image_only__direct_records.json
corrected_objective_ab:bridge_clip_w1_s43_v1_ep5::bridge_clip_w1_s43_v1_ep5__corrected_chatml_v1_eos__objective_4000_qids__image_only__direct::exact,corrected_chatml_v1_eos,corrected_objective_ab:bridge_clip_w1_s43_v1_ep5,objective_4000_qids,clip,mlp256,none,compare,129,exact,47.286822,43.410853,3.875969,outputs/eval/objective_ab_2291075/bridge_clip_w1_s43_v1_ep5__corrected_chatml_v1_eos__objective_4000_qids__image_only__direct_records.json
corrected_objective_ab:bridge_clip_w1_s43_v1_ep5::bridge_clip_w1_s43_v1_ep5__corrected_chatml_v1_eos__objective_4000_qids__image_only__direct::exact,corrected_chatml_v1_eos,corrected_objective_ab:bridge_clip_w1_s43_v1_ep5,objective_4000_qids,clip,mlp256,none,exist,726,exact,62.809917,41.322314,21.487603,outputs/eval/objective_ab_2291075/bridge_clip_w1_s43_v1_ep5__corrected_chatml_v1_eos__objective_4000_qids__image_only__direct_records.json
corrected_objective_ab:bridge_clip_w1_s43_v1_ep5::bridge_clip_w1_s43_v1_ep5__corrected_chatml_v1_eos__objective_4000_qids__image_only__direct::exact,corrected_chatml_v1_eos,corrected_objective_ab:bridge_clip_w1_s43_v1_ep5,objective_4000_qids,clip,mlp256,none,other,1314,exact,51.217656,27.549467,23.668189,outputs/eval/objective_ab_2291075/bridge_clip_w1_s43_v1_ep5__corrected_chatml_v1_eos__objective_4000_qids__image_only__direct_records.json
corrected_objective_ab:bridge_clip_w1_s43_v1_ep5::bridge_clip_w1_s43_v1_ep5__corrected_chatml_v1_eos__objective_4000_qids__image_only__direct::exact,corrected_chatml_v1_eos,corrected_objective_ab:bridge_clip_w1_s43_v1_ep5,objective_4000_qids,clip,mlp256,none,relate,1342,exact,43.815201,14.157973,29.657228,outputs/eval/objective_ab_2291075/bridge_clip_w1_s43_v1_ep5__corrected_chatml_v1_eos__objective_4000_qids__image_only__direct_records.json
corrected_objective_ab:bridge_clip_w1_s43_v1_ep5::bridge_clip_w1_s43_v1_ep5__corrected_chatml_v1_eos__objective_4000_qids__image_only__direct::exact_full,corrected_chatml_v1_eos,corrected_objective_ab:bridge_clip_w1_s43_v1_ep5,objective_4000_qids,clip,mlp256,none,choose,489,exact_full,65.848671,48.670757,17.177914,outputs/eval/objective_ab_2291075/bridge_clip_w1_s43_v1_ep5__corrected_chatml_v1_eos__objective_4000_qids__image_only__direct_records.json
corrected_objective_ab:bridge_clip_w1_s43_v1_ep5::bridge_clip_w1_s43_v1_ep5__corrected_chatml_v1_eos__objective_4000_qids__image_only__direct::exact_full,corrected_chatml_v1_eos,corrected_objective_ab:bridge_clip_w1_s43_v1_ep5,objective_4000_qids,clip,mlp256,none,compare,129,exact_full,47.286822,43.410853,3.875969,outputs/eval/objective_ab_2291075/bridge_clip_w1_s43_v1_ep5__corrected_chatml_v1_eos__objective_4000_qids__image_only__direct_records.json
corrected_objective_ab:bridge_clip_w1_s43_v1_ep5::bridge_clip_w1_s43_v1_ep5__corrected_chatml_v1_eos__objective_4000_qids__image_only__direct::exact_full,corrected_chatml_v1_eos,corrected_objective_ab:bridge_clip_w1_s43_v1_ep5,objective_4000_qids,clip,mlp256,none,exist,726,exact_full,62.809917,41.322314,21.487603,outputs/eval/objective_ab_2291075/bridge_clip_w1_s43_v1_ep5__corrected_chatml_v1_eos__objective_4000_qids__image_only__direct_records.json
corrected_objective_ab:bridge_clip_w1_s43_v1_ep5::bridge_clip_w1_s43_v1_ep5__corrected_chatml_v1_eos__objective_4000_qids__image_only__direct::exact_full,corrected_chatml_v1_eos,corrected_objective_ab:bridge_clip_w1_s43_v1_ep5,objective_4000_qids,clip,mlp256,none,other,1314,exact_full,51.217656,27.549467,23.668189,outputs/eval/objective_ab_2291075/bridge_clip_w1_s43_v1_ep5__corrected_chatml_v1_eos__objective_4000_qids__image_only__direct_records.json
corrected_objective_ab:bridge_clip_w1_s43_v1_ep5::bridge_clip_w1_s43_v1_ep5__corrected_chatml_v1_eos__objective_4000_qids__image_only__direct::exact_full,corrected_chatml_v1_eos,corrected_objective_ab:bridge_clip_w1_s43_v1_ep5,objective_4000_qids,clip,mlp256,none,relate,1342,exact_full,43.815201,14.157973,29.657228,outputs/eval/objective_ab_2291075/bridge_clip_w1_s43_v1_ep5__corrected_chatml_v1_eos__objective_4000_qids__image_only__direct_records.json
corrected_objective_ab:bridge_clip_w1_s43_v1_ep5::bridge_clip_w1_s43_v1_ep5__corrected_chatml_v1_eos__objective_4000_qids__image_only__direct::vqa_soft,corrected_chatml_v1_eos,corrected_objective_ab:bridge_clip_w1_s43_v1_ep5,objective_4000_qids,clip,mlp256,none,choose,489,vqa_soft,65.848671,49.693252,16.155419,outputs/eval/objective_ab_2291075/bridge_clip_w1_s43_v1_ep5__corrected_chatml_v1_eos__objective_4000_qids__image_only__direct_records.json
corrected_objective_ab:bridge_clip_w1_s43_v1_ep5::bridge_clip_w1_s43_v1_ep5__corrected_chatml_v1_eos__objective_4000_qids__image_only__direct::vqa_soft,corrected_chatml_v1_eos,corrected_objective_ab:bridge_clip_w1_s43_v1_ep5,objective_4000_qids,clip,mlp256,none,compare,129,vqa_soft,47.286822,44.96124,2.325581,outputs/eval/objective_ab_2291075/bridge_clip_w1_s43_v1_ep5__corrected_chatml_v1_eos__objective_4000_qids__image_only__direct_records.json
corrected_objective_ab:bridge_clip_w1_s43_v1_ep5::bridge_clip_w1_s43_v1_ep5__corrected_chatml_v1_eos__objective_4000_qids__image_only__direct::vqa_soft,corrected_chatml_v1_eos,corrected_objective_ab:bridge_clip_w1_s43_v1_ep5,objective_4000_qids,clip,mlp256,none,exist,726,vqa_soft,62.809917,48.760331,14.049587,outputs/eval/objective_ab_2291075/bridge_clip_w1_s43_v1_ep5__corrected_chatml_v1_eos__objective_4000_qids__image_only__direct_records.json
corrected_objective_ab:bridge_clip_w1_s43_v1_ep5::bridge_clip_w1_s43_v1_ep5__corrected_chatml_v1_eos__objective_4000_qids__image_only__direct::vqa_soft,corrected_chatml_v1_eos,corrected_objective_ab:bridge_clip_w1_s43_v1_ep5,objective_4000_qids,clip,mlp256,none,other,1314,vqa_soft,52.587519,30.060883,22.526636,outputs/eval/objective_ab_2291075/bridge_clip_w1_s43_v1_ep5__corrected_chatml_v1_eos__objective_4000_qids__image_only__direct_records.json
corrected_objective_ab:bridge_clip_w1_s43_v1_ep5::bridge_clip_w1_s43_v1_ep5__corrected_chatml_v1_eos__objective_4000_qids__image_only__direct::vqa_soft,corrected_chatml_v1_eos,corrected_objective_ab:bridge_clip_w1_s43_v1_ep5,objective_4000_qids,clip,mlp256,none,relate,1342,vqa_soft,45.156483,15.052161,30.104322,outputs/eval/objective_ab_2291075/bridge_clip_w1_s43_v1_ep5__corrected_chatml_v1_eos__objective_4000_qids__image_only__direct_records.json
corrected_objective_ab:bridge_clip_w1_s44_v1_ep5::bridge_clip_w1_s44_v1_ep5__corrected_chatml_v1_eos__objective_4000_qids__image_only__direct::exact,corrected_chatml_v1_eos,corrected_objective_ab:bridge_clip_w1_s44_v1_ep5,objective_4000_qids,clip,mlp256,none,choose,489,exact,66.462168,48.670757,17.791411,outputs/eval/objective_ab_2291075/bridge_clip_w1_s44_v1_ep5__corrected_chatml_v1_eos__objective_4000_qids__image_only__direct_records.json
corrected_objective_ab:bridge_clip_w1_s44_v1_ep5::bridge_clip_w1_s44_v1_ep5__corrected_chatml_v1_eos__objective_4000_qids__image_only__direct::exact,corrected_chatml_v1_eos,corrected_objective_ab:bridge_clip_w1_s44_v1_ep5,objective_4000_qids,clip,mlp256,none,compare,129,exact,45.736434,43.410853,2.325581,outputs/eval/objective_ab_2291075/bridge_clip_w1_s44_v1_ep5__corrected_chatml_v1_eos__objective_4000_qids__image_only__direct_records.json
corrected_objective_ab:bridge_clip_w1_s44_v1_ep5::bridge_clip_w1_s44_v1_ep5__corrected_chatml_v1_eos__objective_4000_qids__image_only__direct::exact,corrected_chatml_v1_eos,corrected_objective_ab:bridge_clip_w1_s44_v1_ep5,objective_4000_qids,clip,mlp256,none,exist,726,exact,64.049587,41.322314,22.727273,outputs/eval/objective_ab_2291075/bridge_clip_w1_s44_v1_ep5__corrected_chatml_v1_eos__objective_4000_qids__image_only__direct_records.json
corrected_objective_ab:bridge_clip_w1_s44_v1_ep5::bridge_clip_w1_s44_v1_ep5__corrected_chatml_v1_eos__objective_4000_qids__image_only__direct::exact,corrected_chatml_v1_eos,corrected_objective_ab:bridge_clip_w1_s44_v1_ep5,objective_4000_qids,clip,mlp256,none,other,1314,exact,48.249619,27.549467,20.700152,outputs/eval/objective_ab_2291075/bridge_clip_w1_s44_v1_ep5__corrected_chatml_v1_eos__objective_4000_qids__image_only__direct_records.json
corrected_objective_ab:bridge_clip_w1_s44_v1_ep5::bridge_clip_w1_s44_v1_ep5__corrected_chatml_v1_eos__objective_4000_qids__image_only__direct::exact,corrected_chatml_v1_eos,corrected_objective_ab:bridge_clip_w1_s44_v1_ep5,objective_4000_qids,clip,mlp256,none,relate,1342,exact,41.654247,14.157973,27.496274,outputs/eval/objective_ab_2291075/bridge_clip_w1_s44_v1_ep5__corrected_chatml_v1_eos__objective_4000_qids__image_only__direct_records.json
corrected_objective_ab:bridge_clip_w1_s44_v1_ep5::bridge_clip_w1_s44_v1_ep5__corrected_chatml_v1_eos__objective_4000_qids__image_only__direct::exact_full,corrected_chatml_v1_eos,corrected_objective_ab:bridge_clip_w1_s44_v1_ep5,objective_4000_qids,clip,mlp256,none,choose,489,exact_full,66.462168,48.670757,17.791411,outputs/eval/objective_ab_2291075/bridge_clip_w1_s44_v1_ep5__corrected_chatml_v1_eos__objective_4000_qids__image_only__direct_records.json
corrected_objective_ab:bridge_clip_w1_s44_v1_ep5::bridge_clip_w1_s44_v1_ep5__corrected_chatml_v1_eos__objective_4000_qids__image_only__direct::exact_full,corrected_chatml_v1_eos,corrected_objective_ab:bridge_clip_w1_s44_v1_ep5,objective_4000_qids,clip,mlp256,none,compare,129,exact_full,45.736434,43.410853,2.325581,outputs/eval/objective_ab_2291075/bridge_clip_w1_s44_v1_ep5__corrected_chatml_v1_eos__objective_4000_qids__image_only__direct_records.json
corrected_objective_ab:bridge_clip_w1_s44_v1_ep5::bridge_clip_w1_s44_v1_ep5__corrected_chatml_v1_eos__objective_4000_qids__image_only__direct::exact_full,corrected_chatml_v1_eos,corrected_objective_ab:bridge_clip_w1_s44_v1_ep5,objective_4000_qids,clip,mlp256,none,exist,726,exact_full,64.049587,41.322314,22.727273,outputs/eval/objective_ab_2291075/bridge_clip_w1_s44_v1_ep5__corrected_chatml_v1_eos__objective_4000_qids__image_only__direct_records.json
corrected_objective_ab:bridge_clip_w1_s44_v1_ep5::bridge_clip_w1_s44_v1_ep5__corrected_chatml_v1_eos__objective_4000_qids__image_only__direct::exact_full,corrected_chatml_v1_eos,corrected_objective_ab:bridge_clip_w1_s44_v1_ep5,objective_4000_qids,clip,mlp256,none,other,1314,exact_full,48.249619,27.549467,20.700152,outputs/eval/objective_ab_2291075/bridge_clip_w1_s44_v1_ep5__corrected_chatml_v1_eos__objective_4000_qids__image_only__direct_records.json
corrected_objective_ab:bridge_clip_w1_s44_v1_ep5::bridge_clip_w1_s44_v1_ep5__corrected_chatml_v1_eos__objective_4000_qids__image_only__direct::exact_full,corrected_chatml_v1_eos,corrected_objective_ab:bridge_clip_w1_s44_v1_ep5,objective_4000_qids,clip,mlp256,none,relate,1342,exact_full,41.654247,14.157973,27.496274,outputs/eval/objective_ab_2291075/bridge_clip_w1_s44_v1_ep5__corrected_chatml_v1_eos__objective_4000_qids__image_only__direct_records.json
corrected_objective_ab:bridge_clip_w1_s44_v1_ep5::bridge_clip_w1_s44_v1_ep5__corrected_chatml_v1_eos__objective_4000_qids__image_only__direct::vqa_soft,corrected_chatml_v1_eos,corrected_objective_ab:bridge_clip_w1_s44_v1_ep5,objective_4000_qids,clip,mlp256,none,choose,489,vqa_soft,66.462168,49.693252,16.768916,outputs/eval/objective_ab_2291075/bridge_clip_w1_s44_v1_ep5__corrected_chatml_v1_eos__objective_4000_qids__image_only__direct_records.json
corrected_objective_ab:bridge_clip_w1_s44_v1_ep5::bridge_clip_w1_s44_v1_ep5__corrected_chatml_v1_eos__objective_4000_qids__image_only__direct::vqa_soft,corrected_chatml_v1_eos,corrected_objective_ab:bridge_clip_w1_s44_v1_ep5,objective_4000_qids,clip,mlp256,none,compare,129,vqa_soft,45.736434,44.96124,0.775194,outputs/eval/objective_ab_2291075/bridge_clip_w1_s44_v1_ep5__corrected_chatml_v1_eos__objective_4000_qids__image_only__direct_records.json
corrected_objective_ab:bridge_clip_w1_s44_v1_ep5::bridge_clip_w1_s44_v1_ep5__corrected_chatml_v1_eos__objective_4000_qids__image_only__direct::vqa_soft,corrected_chatml_v1_eos,corrected_objective_ab:bridge_clip_w1_s44_v1_ep5,objective_4000_qids,clip,mlp256,none,exist,726,vqa_soft,64.049587,48.760331,15.289256,outputs/eval/objective_ab_2291075/bridge_clip_w1_s44_v1_ep5__corrected_chatml_v1_eos__objective_4000_qids__image_only__direct_records.json
corrected_objective_ab:bridge_clip_w1_s44_v1_ep5::bridge_clip_w1_s44_v1_ep5__corrected_chatml_v1_eos__objective_4000_qids__image_only__direct::vqa_soft,corrected_chatml_v1_eos,corrected_objective_ab:bridge_clip_w1_s44_v1_ep5,objective_4000_qids,clip,mlp256,none,other,1314,vqa_soft,49.619482,30.060883,19.5586,outputs/eval/objective_ab_2291075/bridge_clip_w1_s44_v1_ep5__corrected_chatml_v1_eos__objective_4000_qids__image_only__direct_records.json
corrected_objective_ab:bridge_clip_w1_s44_v1_ep5::bridge_clip_w1_s44_v1_ep5__corrected_chatml_v1_eos__objective_4000_qids__image_only__direct::vqa_soft,corrected_chatml_v1_eos,corrected_objective_ab:bridge_clip_w1_s44_v1_ep5,objective_4000_qids,clip,mlp256,none,relate,1342,vqa_soft,43.442623,15.052161,28.390462,outputs/eval/objective_ab_2291075/bridge_clip_w1_s44_v1_ep5__corrected_chatml_v1_eos__objective_4000_qids__image_only__direct_records.json
corrected_objective_ab:bridge_clip_w1seq_s42_v1_ep5::bridge_clip_w1seq_s42_v1_ep5__corrected_chatml_v1_eos__objective_4000_qids__image_only__direct::exact,corrected_chatml_v1_eos,corrected_objective_ab:bridge_clip_w1seq_s42_v1_ep5,objective_4000_qids,clip,,none,choose,489,exact,65.848671,48.670757,17.177914,outputs/eval/objective_ab_2291075/bridge_clip_w1seq_s42_v1_ep5__corrected_chatml_v1_eos__objective_4000_qids__image_only__direct_records.json
corrected_objective_ab:bridge_clip_w1seq_s42_v1_ep5::bridge_clip_w1seq_s42_v1_ep5__corrected_chatml_v1_eos__objective_4000_qids__image_only__direct::exact,corrected_chatml_v1_eos,corrected_objective_ab:bridge_clip_w1seq_s42_v1_ep5,objective_4000_qids,clip,,none,compare,129,exact,48.062016,43.410853,4.651163,outputs/eval/objective_ab_2291075/bridge_clip_w1seq_s42_v1_ep5__corrected_chatml_v1_eos__objective_4000_qids__image_only__direct_records.json
corrected_objective_ab:bridge_clip_w1seq_s42_v1_ep5::bridge_clip_w1seq_s42_v1_ep5__corrected_chatml_v1_eos__objective_4000_qids__image_only__direct::exact,corrected_chatml_v1_eos,corrected_objective_ab:bridge_clip_w1seq_s42_v1_ep5,objective_4000_qids,clip,,none,exist,726,exact,61.157025,41.322314,19.834711,outputs/eval/objective_ab_2291075/bridge_clip_w1seq_s42_v1_ep5__corrected_chatml_v1_eos__objective_4000_qids__image_only__direct_records.json
corrected_objective_ab:bridge_clip_w1seq_s42_v1_ep5::bridge_clip_w1seq_s42_v1_ep5__corrected_chatml_v1_eos__objective_4000_qids__image_only__direct::exact,corrected_chatml_v1_eos,corrected_objective_ab:bridge_clip_w1seq_s42_v1_ep5,objective_4000_qids,clip,,none,other,1314,exact,47.260274,27.549467,19.710807,outputs/eval/objective_ab_2291075/bridge_clip_w1seq_s42_v1_ep5__corrected_chatml_v1_eos__objective_4000_qids__image_only__direct_records.json
corrected_objective_ab:bridge_clip_w1seq_s42_v1_ep5::bridge_clip_w1seq_s42_v1_ep5__corrected_chatml_v1_eos__objective_4000_qids__image_only__direct::exact,corrected_chatml_v1_eos,corrected_objective_ab:bridge_clip_w1seq_s42_v1_ep5,objective_4000_qids,clip,,none,relate,1342,exact,40.685544,14.157973,26.527571,outputs/eval/objective_ab_2291075/bridge_clip_w1seq_s42_v1_ep5__corrected_chatml_v1_eos__objective_4000_qids__image_only__direct_records.json
corrected_objective_ab:bridge_clip_w1seq_s42_v1_ep5::bridge_clip_w1seq_s42_v1_ep5__corrected_chatml_v1_eos__objective_4000_qids__image_only__direct::exact_full,corrected_chatml_v1_eos,corrected_objective_ab:bridge_clip_w1seq_s42_v1_ep5,objective_4000_qids,clip,,none,choose,489,exact_full,65.848671,48.670757,17.177914,outputs/eval/objective_ab_2291075/bridge_clip_w1seq_s42_v1_ep5__corrected_chatml_v1_eos__objective_4000_qids__image_only__direct_records.json
corrected_objective_ab:bridge_clip_w1seq_s42_v1_ep5::bridge_clip_w1seq_s42_v1_ep5__corrected_chatml_v1_eos__objective_4000_qids__image_only__direct::exact_full,corrected_chatml_v1_eos,corrected_objective_ab:bridge_clip_w1seq_s42_v1_ep5,objective_4000_qids,clip,,none,compare,129,exact_full,48.062016,43.410853,4.651163,outputs/eval/objective_ab_2291075/bridge_clip_w1seq_s42_v1_ep5__corrected_chatml_v1_eos__objective_4000_qids__image_only__direct_records.json
corrected_objective_ab:bridge_clip_w1seq_s42_v1_ep5::bridge_clip_w1seq_s42_v1_ep5__corrected_chatml_v1_eos__objective_4000_qids__image_only__direct::exact_full,corrected_chatml_v1_eos,corrected_objective_ab:bridge_clip_w1seq_s42_v1_ep5,objective_4000_qids,clip,,none,exist,726,exact_full,61.157025,41.322314,19.834711,outputs/eval/objective_ab_2291075/bridge_clip_w1seq_s42_v1_ep5__corrected_chatml_v1_eos__objective_4000_qids__image_only__direct_records.json
corrected_objective_ab:bridge_clip_w1seq_s42_v1_ep5::bridge_clip_w1seq_s42_v1_ep5__corrected_chatml_v1_eos__objective_4000_qids__image_only__direct::exact_full,corrected_chatml_v1_eos,corrected_objective_ab:bridge_clip_w1seq_s42_v1_ep5,objective_4000_qids,clip,,none,other,1314,exact_full,47.260274,27.549467,19.710807,outputs/eval/objective_ab_2291075/bridge_clip_w1seq_s42_v1_ep5__corrected_chatml_v1_eos__objective_4000_qids__image_only__direct_records.json
corrected_objective_ab:bridge_clip_w1seq_s42_v1_ep5::bridge_clip_w1seq_s42_v1_ep5__corrected_chatml_v1_eos__objective_4000_qids__image_only__direct::exact_full,corrected_chatml_v1_eos,corrected_objective_ab:bridge_clip_w1seq_s42_v1_ep5,objective_4000_qids,clip,,none,relate,1342,exact_full,40.685544,14.157973,26.527571,outputs/eval/objective_ab_2291075/bridge_clip_w1seq_s42_v1_ep5__corrected_chatml_v1_eos__objective_4000_qids__image_only__direct_records.json
corrected_objective_ab:bridge_clip_w1seq_s42_v1_ep5::bridge_clip_w1seq_s42_v1_ep5__corrected_chatml_v1_eos__objective_4000_qids__image_only__direct::vqa_soft,corrected_chatml_v1_eos,corrected_objective_ab:bridge_clip_w1seq_s42_v1_ep5,objective_4000_qids,clip,,none,choose,489,vqa_soft,65.848671,49.693252,16.155419,outputs/eval/objective_ab_2291075/bridge_clip_w1seq_s42_v1_ep5__corrected_chatml_v1_eos__objective_4000_qids__image_only__direct_records.json
corrected_objective_ab:bridge_clip_w1seq_s42_v1_ep5::bridge_clip_w1seq_s42_v1_ep5__corrected_chatml_v1_eos__objective_4000_qids__image_only__direct::vqa_soft,corrected_chatml_v1_eos,corrected_objective_ab:bridge_clip_w1seq_s42_v1_ep5,objective_4000_qids,clip,,none,compare,129,vqa_soft,48.062016,44.96124,3.100775,outputs/eval/objective_ab_2291075/bridge_clip_w1seq_s42_v1_ep5__corrected_chatml_v1_eos__objective_4000_qids__image_only__direct_records.json
corrected_objective_ab:bridge_clip_w1seq_s42_v1_ep5::bridge_clip_w1seq_s42_v1_ep5__corrected_chatml_v1_eos__objective_4000_qids__image_only__direct::vqa_soft,corrected_chatml_v1_eos,corrected_objective_ab:bridge_clip_w1seq_s42_v1_ep5,objective_4000_qids,clip,,none,exist,726,vqa_soft,61.157025,48.760331,12.396694,outputs/eval/objective_ab_2291075/bridge_clip_w1seq_s42_v1_ep5__corrected_chatml_v1_eos__objective_4000_qids__image_only__direct_records.json
corrected_objective_ab:bridge_clip_w1seq_s42_v1_ep5::bridge_clip_w1seq_s42_v1_ep5__corrected_chatml_v1_eos__objective_4000_qids__image_only__direct::vqa_soft,corrected_chatml_v1_eos,corrected_objective_ab:bridge_clip_w1seq_s42_v1_ep5,objective_4000_qids,clip,,none,other,1314,vqa_soft,48.325723,30.060883,18.26484,outputs/eval/objective_ab_2291075/bridge_clip_w1seq_s42_v1_ep5__corrected_chatml_v1_eos__objective_4000_qids__image_only__direct_records.json
corrected_objective_ab:bridge_clip_w1seq_s42_v1_ep5::bridge_clip_w1seq_s42_v1_ep5__corrected_chatml_v1_eos__objective_4000_qids__image_only__direct::vqa_soft,corrected_chatml_v1_eos,corrected_objective_ab:bridge_clip_w1seq_s42_v1_ep5,objective_4000_qids,clip,,none,relate,1342,vqa_soft,41.95231,15.052161,26.900149,outputs/eval/objective_ab_2291075/bridge_clip_w1seq_s42_v1_ep5__corrected_chatml_v1_eos__objective_4000_qids__image_only__direct_records.json
corrected_objective_ab:bridge_clip_w1seq_s43_v1_ep5::bridge_clip_w1seq_s43_v1_ep5__corrected_chatml_v1_eos__objective_4000_qids__image_only__direct::exact,corrected_chatml_v1_eos,corrected_objective_ab:bridge_clip_w1seq_s43_v1_ep5,objective_4000_qids,clip,,none,choose,489,exact,66.871166,48.670757,18.200409,outputs/eval/objective_ab_2291075/bridge_clip_w1seq_s43_v1_ep5__corrected_chatml_v1_eos__objective_4000_qids__image_only__direct_records.json
corrected_objective_ab:bridge_clip_w1seq_s43_v1_ep5::bridge_clip_w1seq_s43_v1_ep5__corrected_chatml_v1_eos__objective_4000_qids__image_only__direct::exact,corrected_chatml_v1_eos,corrected_objective_ab:bridge_clip_w1seq_s43_v1_ep5,objective_4000_qids,clip,,none,compare,129,exact,49.612403,43.410853,6.20155,outputs/eval/objective_ab_2291075/bridge_clip_w1seq_s43_v1_ep5__corrected_chatml_v1_eos__objective_4000_qids__image_only__direct_records.json
corrected_objective_ab:bridge_clip_w1seq_s43_v1_ep5::bridge_clip_w1seq_s43_v1_ep5__corrected_chatml_v1_eos__objective_4000_qids__image_only__direct::exact,corrected_chatml_v1_eos,corrected_objective_ab:bridge_clip_w1seq_s43_v1_ep5,objective_4000_qids,clip,,none,exist,726,exact,62.396694,41.322314,21.07438,outputs/eval/objective_ab_2291075/bridge_clip_w1seq_s43_v1_ep5__corrected_chatml_v1_eos__objective_4000_qids__image_only__direct_records.json
corrected_objective_ab:bridge_clip_w1seq_s43_v1_ep5::bridge_clip_w1seq_s43_v1_ep5__corrected_chatml_v1_eos__objective_4000_qids__image_only__direct::exact,corrected_chatml_v1_eos,corrected_objective_ab:bridge_clip_w1seq_s43_v1_ep5,objective_4000_qids,clip,,none,other,1314,exact,48.401826,27.549467,20.852359,outputs/eval/objective_ab_2291075/bridge_clip_w1seq_s43_v1_ep5__corrected_chatml_v1_eos__objective_4000_qids__image_only__direct_records.json
corrected_objective_ab:bridge_clip_w1seq_s43_v1_ep5::bridge_clip_w1seq_s43_v1_ep5__corrected_chatml_v1_eos__objective_4000_qids__image_only__direct::exact,corrected_chatml_v1_eos,corrected_objective_ab:bridge_clip_w1seq_s43_v1_ep5,objective_4000_qids,clip,,none,relate,1342,exact,43.591654,14.157973,29.433681,outputs/eval/objective_ab_2291075/bridge_clip_w1seq_s43_v1_ep5__corrected_chatml_v1_eos__objective_4000_qids__image_only__direct_records.json
corrected_objective_ab:bridge_clip_w1seq_s43_v1_ep5::bridge_clip_w1seq_s43_v1_ep5__corrected_chatml_v1_eos__objective_4000_qids__image_only__direct::exact_full,corrected_chatml_v1_eos,corrected_objective_ab:bridge_clip_w1seq_s43_v1_ep5,objective_4000_qids,clip,,none,choose,489,exact_full,66.871166,48.670757,18.200409,outputs/eval/objective_ab_2291075/bridge_clip_w1seq_s43_v1_ep5__corrected_chatml_v1_eos__objective_4000_qids__image_only__direct_records.json
corrected_objective_ab:bridge_clip_w1seq_s43_v1_ep5::bridge_clip_w1seq_s43_v1_ep5__corrected_chatml_v1_eos__objective_4000_qids__image_only__direct::exact_full,corrected_chatml_v1_eos,corrected_objective_ab:bridge_clip_w1seq_s43_v1_ep5,objective_4000_qids,clip,,none,compare,129,exact_full,49.612403,43.410853,6.20155,outputs/eval/objective_ab_2291075/bridge_clip_w1seq_s43_v1_ep5__corrected_chatml_v1_eos__objective_4000_qids__image_only__direct_records.json
corrected_objective_ab:bridge_clip_w1seq_s43_v1_ep5::bridge_clip_w1seq_s43_v1_ep5__corrected_chatml_v1_eos__objective_4000_qids__image_only__direct::exact_full,corrected_chatml_v1_eos,corrected_objective_ab:bridge_clip_w1seq_s43_v1_ep5,objective_4000_qids,clip,,none,exist,726,exact_full,62.396694,41.322314,21.07438,outputs/eval/objective_ab_2291075/bridge_clip_w1seq_s43_v1_ep5__corrected_chatml_v1_eos__objective_4000_qids__image_only__direct_records.json
corrected_objective_ab:bridge_clip_w1seq_s43_v1_ep5::bridge_clip_w1seq_s43_v1_ep5__corrected_chatml_v1_eos__objective_4000_qids__image_only__direct::exact_full,corrected_chatml_v1_eos,corrected_objective_ab:bridge_clip_w1seq_s43_v1_ep5,objective_4000_qids,clip,,none,other,1314,exact_full,48.401826,27.549467,20.852359,outputs/eval/objective_ab_2291075/bridge_clip_w1seq_s43_v1_ep5__corrected_chatml_v1_eos__objective_4000_qids__image_only__direct_records.json
corrected_objective_ab:bridge_clip_w1seq_s43_v1_ep5::bridge_clip_w1seq_s43_v1_ep5__corrected_chatml_v1_eos__objective_4000_qids__image_only__direct::exact_full,corrected_chatml_v1_eos,corrected_objective_ab:bridge_clip_w1seq_s43_v1_ep5,objective_4000_qids,clip,,none,relate,1342,exact_full,43.591654,14.157973,29.433681,outputs/eval/objective_ab_2291075/bridge_clip_w1seq_s43_v1_ep5__corrected_chatml_v1_eos__objective_4000_qids__image_only__direct_records.json
corrected_objective_ab:bridge_clip_w1seq_s43_v1_ep5::bridge_clip_w1seq_s43_v1_ep5__corrected_chatml_v1_eos__objective_4000_qids__image_only__direct::vqa_soft,corrected_chatml_v1_eos,corrected_objective_ab:bridge_clip_w1seq_s43_v1_ep5,objective_4000_qids,clip,,none,choose,489,vqa_soft,66.871166,49.693252,17.177914,outputs/eval/objective_ab_2291075/bridge_clip_w1seq_s43_v1_ep5__corrected_chatml_v1_eos__objective_4000_qids__image_only__direct_records.json
corrected_objective_ab:bridge_clip_w1seq_s43_v1_ep5::bridge_clip_w1seq_s43_v1_ep5__corrected_chatml_v1_eos__objective_4000_qids__image_only__direct::vqa_soft,corrected_chatml_v1_eos,corrected_objective_ab:bridge_clip_w1seq_s43_v1_ep5,objective_4000_qids,clip,,none,compare,129,vqa_soft,49.612403,44.96124,4.651163,outputs/eval/objective_ab_2291075/bridge_clip_w1seq_s43_v1_ep5__corrected_chatml_v1_eos__objective_4000_qids__image_only__direct_records.json
corrected_objective_ab:bridge_clip_w1seq_s43_v1_ep5::bridge_clip_w1seq_s43_v1_ep5__corrected_chatml_v1_eos__objective_4000_qids__image_only__direct::vqa_soft,corrected_chatml_v1_eos,corrected_objective_ab:bridge_clip_w1seq_s43_v1_ep5,objective_4000_qids,clip,,none,exist,726,vqa_soft,62.396694,48.760331,13.636364,outputs/eval/objective_ab_2291075/bridge_clip_w1seq_s43_v1_ep5__corrected_chatml_v1_eos__objective_4000_qids__image_only__direct_records.json
corrected_objective_ab:bridge_clip_w1seq_s43_v1_ep5::bridge_clip_w1seq_s43_v1_ep5__corrected_chatml_v1_eos__objective_4000_qids__image_only__direct::vqa_soft,corrected_chatml_v1_eos,corrected_objective_ab:bridge_clip_w1seq_s43_v1_ep5,objective_4000_qids,clip,,none,other,1314,vqa_soft,49.619482,30.060883,19.5586,outputs/eval/objective_ab_2291075/bridge_clip_w1seq_s43_v1_ep5__corrected_chatml_v1_eos__objective_4000_qids__image_only__direct_records.json
corrected_objective_ab:bridge_clip_w1seq_s43_v1_ep5::bridge_clip_w1seq_s43_v1_ep5__corrected_chatml_v1_eos__objective_4000_qids__image_only__direct::vqa_soft,corrected_chatml_v1_eos,corrected_objective_ab:bridge_clip_w1seq_s43_v1_ep5,objective_4000_qids,clip,,none,relate,1342,vqa_soft,44.262295,15.052161,29.210134,outputs/eval/objective_ab_2291075/bridge_clip_w1seq_s43_v1_ep5__corrected_chatml_v1_eos__objective_4000_qids__image_only__direct_records.json
corrected_objective_ab:bridge_clip_w1seq_s44_v1_ep5::bridge_clip_w1seq_s44_v1_ep5__corrected_chatml_v1_eos__objective_4000_qids__image_only__direct::exact,corrected_chatml_v1_eos,corrected_objective_ab:bridge_clip_w1seq_s44_v1_ep5,objective_4000_qids,clip,,none,choose,489,exact,67.075665,48.670757,18.404908,outputs/eval/objective_ab_2291075/bridge_clip_w1seq_s44_v1_ep5__corrected_chatml_v1_eos__objective_4000_qids__image_only__direct_records.json
corrected_objective_ab:bridge_clip_w1seq_s44_v1_ep5::bridge_clip_w1seq_s44_v1_ep5__corrected_chatml_v1_eos__objective_4000_qids__image_only__direct::exact,corrected_chatml_v1_eos,corrected_objective_ab:bridge_clip_w1seq_s44_v1_ep5,objective_4000_qids,clip,,none,compare,129,exact,50.387597,43.410853,6.976744,outputs/eval/objective_ab_2291075/bridge_clip_w1seq_s44_v1_ep5__corrected_chatml_v1_eos__objective_4000_qids__image_only__direct_records.json
corrected_objective_ab:bridge_clip_w1seq_s44_v1_ep5::bridge_clip_w1seq_s44_v1_ep5__corrected_chatml_v1_eos__objective_4000_qids__image_only__direct::exact,corrected_chatml_v1_eos,corrected_objective_ab:bridge_clip_w1seq_s44_v1_ep5,objective_4000_qids,clip,,none,exist,726,exact,61.983471,41.322314,20.661157,outputs/eval/objective_ab_2291075/bridge_clip_w1seq_s44_v1_ep5__corrected_chatml_v1_eos__objective_4000_qids__image_only__direct_records.json
corrected_objective_ab:bridge_clip_w1seq_s44_v1_ep5::bridge_clip_w1seq_s44_v1_ep5__corrected_chatml_v1_eos__objective_4000_qids__image_only__direct::exact,corrected_chatml_v1_eos,corrected_objective_ab:bridge_clip_w1seq_s44_v1_ep5,objective_4000_qids,clip,,none,other,1314,exact,47.260274,27.549467,19.710807,outputs/eval/objective_ab_2291075/bridge_clip_w1seq_s44_v1_ep5__corrected_chatml_v1_eos__objective_4000_qids__image_only__direct_records.json
corrected_objective_ab:bridge_clip_w1seq_s44_v1_ep5::bridge_clip_w1seq_s44_v1_ep5__corrected_chatml_v1_eos__objective_4000_qids__image_only__direct::exact,corrected_chatml_v1_eos,corrected_objective_ab:bridge_clip_w1seq_s44_v1_ep5,objective_4000_qids,clip,,none,relate,1342,exact,41.728763,14.157973,27.57079,outputs/eval/objective_ab_2291075/bridge_clip_w1seq_s44_v1_ep5__corrected_chatml_v1_eos__objective_4000_qids__image_only__direct_records.json
corrected_objective_ab:bridge_clip_w1seq_s44_v1_ep5::bridge_clip_w1seq_s44_v1_ep5__corrected_chatml_v1_eos__objective_4000_qids__image_only__direct::exact_full,corrected_chatml_v1_eos,corrected_objective_ab:bridge_clip_w1seq_s44_v1_ep5,objective_4000_qids,clip,,none,choose,489,exact_full,67.075665,48.670757,18.404908,outputs/eval/objective_ab_2291075/bridge_clip_w1seq_s44_v1_ep5__corrected_chatml_v1_eos__objective_4000_qids__image_only__direct_records.json
corrected_objective_ab:bridge_clip_w1seq_s44_v1_ep5::bridge_clip_w1seq_s44_v1_ep5__corrected_chatml_v1_eos__objective_4000_qids__image_only__direct::exact_full,corrected_chatml_v1_eos,corrected_objective_ab:bridge_clip_w1seq_s44_v1_ep5,objective_4000_qids,clip,,none,compare,129,exact_full,50.387597,43.410853,6.976744,outputs/eval/objective_ab_2291075/bridge_clip_w1seq_s44_v1_ep5__corrected_chatml_v1_eos__objective_4000_qids__image_only__direct_records.json
corrected_objective_ab:bridge_clip_w1seq_s44_v1_ep5::bridge_clip_w1seq_s44_v1_ep5__corrected_chatml_v1_eos__objective_4000_qids__image_only__direct::exact_full,corrected_chatml_v1_eos,corrected_objective_ab:bridge_clip_w1seq_s44_v1_ep5,objective_4000_qids,clip,,none,exist,726,exact_full,61.983471,41.322314,20.661157,outputs/eval/objective_ab_2291075/bridge_clip_w1seq_s44_v1_ep5__corrected_chatml_v1_eos__objective_4000_qids__image_only__direct_records.json
corrected_objective_ab:bridge_clip_w1seq_s44_v1_ep5::bridge_clip_w1seq_s44_v1_ep5__corrected_chatml_v1_eos__objective_4000_qids__image_only__direct::exact_full,corrected_chatml_v1_eos,corrected_objective_ab:bridge_clip_w1seq_s44_v1_ep5,objective_4000_qids,clip,,none,other,1314,exact_full,47.260274,27.549467,19.710807,outputs/eval/objective_ab_2291075/bridge_clip_w1seq_s44_v1_ep5__corrected_chatml_v1_eos__objective_4000_qids__image_only__direct_records.json
corrected_objective_ab:bridge_clip_w1seq_s44_v1_ep5::bridge_clip_w1seq_s44_v1_ep5__corrected_chatml_v1_eos__objective_4000_qids__image_only__direct::exact_full,corrected_chatml_v1_eos,corrected_objective_ab:bridge_clip_w1seq_s44_v1_ep5,objective_4000_qids,clip,,none,relate,1342,exact_full,41.728763,14.157973,27.57079,outputs/eval/objective_ab_2291075/bridge_clip_w1seq_s44_v1_ep5__corrected_chatml_v1_eos__objective_4000_qids__image_only__direct_records.json
corrected_objective_ab:bridge_clip_w1seq_s44_v1_ep5::bridge_clip_w1seq_s44_v1_ep5__corrected_chatml_v1_eos__objective_4000_qids__image_only__direct::vqa_soft,corrected_chatml_v1_eos,corrected_objective_ab:bridge_clip_w1seq_s44_v1_ep5,objective_4000_qids,clip,,none,choose,489,vqa_soft,67.075665,49.693252,17.382413,outputs/eval/objective_ab_2291075/bridge_clip_w1seq_s44_v1_ep5__corrected_chatml_v1_eos__objective_4000_qids__image_only__direct_records.json
corrected_objective_ab:bridge_clip_w1seq_s44_v1_ep5::bridge_clip_w1seq_s44_v1_ep5__corrected_chatml_v1_eos__objective_4000_qids__image_only__direct::vqa_soft,corrected_chatml_v1_eos,corrected_objective_ab:bridge_clip_w1seq_s44_v1_ep5,objective_4000_qids,clip,,none,compare,129,vqa_soft,50.387597,44.96124,5.426357,outputs/eval/objective_ab_2291075/bridge_clip_w1seq_s44_v1_ep5__corrected_chatml_v1_eos__objective_4000_qids__image_only__direct_records.json
corrected_objective_ab:bridge_clip_w1seq_s44_v1_ep5::bridge_clip_w1seq_s44_v1_ep5__corrected_chatml_v1_eos__objective_4000_qids__image_only__direct::vqa_soft,corrected_chatml_v1_eos,corrected_objective_ab:bridge_clip_w1seq_s44_v1_ep5,objective_4000_qids,clip,,none,exist,726,vqa_soft,61.983471,48.760331,13.22314,outputs/eval/objective_ab_2291075/bridge_clip_w1seq_s44_v1_ep5__corrected_chatml_v1_eos__objective_4000_qids__image_only__direct_records.json
corrected_objective_ab:bridge_clip_w1seq_s44_v1_ep5::bridge_clip_w1seq_s44_v1_ep5__corrected_chatml_v1_eos__objective_4000_qids__image_only__direct::vqa_soft,corrected_chatml_v1_eos,corrected_objective_ab:bridge_clip_w1seq_s44_v1_ep5,objective_4000_qids,clip,,none,other,1314,vqa_soft,48.249619,30.060883,18.188737,outputs/eval/objective_ab_2291075/bridge_clip_w1seq_s44_v1_ep5__corrected_chatml_v1_eos__objective_4000_qids__image_only__direct_records.json
corrected_objective_ab:bridge_clip_w1seq_s44_v1_ep5::bridge_clip_w1seq_s44_v1_ep5__corrected_chatml_v1_eos__objective_4000_qids__image_only__direct::vqa_soft,corrected_chatml_v1_eos,corrected_objective_ab:bridge_clip_w1seq_s44_v1_ep5,objective_4000_qids,clip,,none,relate,1342,vqa_soft,42.921013,15.052161,27.868852,outputs/eval/objective_ab_2291075/bridge_clip_w1seq_s44_v1_ep5__corrected_chatml_v1_eos__objective_4000_qids__image_only__direct_records.json
corrected_objective_ab:bridge_ijepa_w1_bf16_v1_ep5::bridge_ijepa_w1_bf16_v1_ep5__corrected_chatml_v1_eos__objective_4000_qids__image_only__direct::exact,corrected_chatml_v1_eos,corrected_objective_ab:bridge_ijepa_w1_bf16_v1_ep5,objective_4000_qids,ijepa,mlp256,none,choose,489,exact,64.417178,48.670757,15.746421,outputs/eval/objective_ab_2291075/bridge_ijepa_w1_bf16_v1_ep5__corrected_chatml_v1_eos__objective_4000_qids__image_only__direct_records.json
corrected_objective_ab:bridge_ijepa_w1_bf16_v1_ep5::bridge_ijepa_w1_bf16_v1_ep5__corrected_chatml_v1_eos__objective_4000_qids__image_only__direct::exact,corrected_chatml_v1_eos,corrected_objective_ab:bridge_ijepa_w1_bf16_v1_ep5,objective_4000_qids,ijepa,mlp256,none,compare,129,exact,46.511628,43.410853,3.100775,outputs/eval/objective_ab_2291075/bridge_ijepa_w1_bf16_v1_ep5__corrected_chatml_v1_eos__objective_4000_qids__image_only__direct_records.json
corrected_objective_ab:bridge_ijepa_w1_bf16_v1_ep5::bridge_ijepa_w1_bf16_v1_ep5__corrected_chatml_v1_eos__objective_4000_qids__image_only__direct::exact,corrected_chatml_v1_eos,corrected_objective_ab:bridge_ijepa_w1_bf16_v1_ep5,objective_4000_qids,ijepa,mlp256,none,exist,726,exact,54.683196,41.322314,13.360882,outputs/eval/objective_ab_2291075/bridge_ijepa_w1_bf16_v1_ep5__corrected_chatml_v1_eos__objective_4000_qids__image_only__direct_records.json
corrected_objective_ab:bridge_ijepa_w1_bf16_v1_ep5::bridge_ijepa_w1_bf16_v1_ep5__corrected_chatml_v1_eos__objective_4000_qids__image_only__direct::exact,corrected_chatml_v1_eos,corrected_objective_ab:bridge_ijepa_w1_bf16_v1_ep5,objective_4000_qids,ijepa,mlp256,none,other,1314,exact,46.651446,27.549467,19.101979,outputs/eval/objective_ab_2291075/bridge_ijepa_w1_bf16_v1_ep5__corrected_chatml_v1_eos__objective_4000_qids__image_only__direct_records.json
corrected_objective_ab:bridge_ijepa_w1_bf16_v1_ep5::bridge_ijepa_w1_bf16_v1_ep5__corrected_chatml_v1_eos__objective_4000_qids__image_only__direct::exact,corrected_chatml_v1_eos,corrected_objective_ab:bridge_ijepa_w1_bf16_v1_ep5,objective_4000_qids,ijepa,mlp256,none,relate,1342,exact,34.873323,14.157973,20.71535,outputs/eval/objective_ab_2291075/bridge_ijepa_w1_bf16_v1_ep5__corrected_chatml_v1_eos__objective_4000_qids__image_only__direct_records.json
corrected_objective_ab:bridge_ijepa_w1_bf16_v1_ep5::bridge_ijepa_w1_bf16_v1_ep5__corrected_chatml_v1_eos__objective_4000_qids__image_only__direct::exact_full,corrected_chatml_v1_eos,corrected_objective_ab:bridge_ijepa_w1_bf16_v1_ep5,objective_4000_qids,ijepa,mlp256,none,choose,489,exact_full,64.417178,48.670757,15.746421,outputs/eval/objective_ab_2291075/bridge_ijepa_w1_bf16_v1_ep5__corrected_chatml_v1_eos__objective_4000_qids__image_only__direct_records.json
corrected_objective_ab:bridge_ijepa_w1_bf16_v1_ep5::bridge_ijepa_w1_bf16_v1_ep5__corrected_chatml_v1_eos__objective_4000_qids__image_only__direct::exact_full,corrected_chatml_v1_eos,corrected_objective_ab:bridge_ijepa_w1_bf16_v1_ep5,objective_4000_qids,ijepa,mlp256,none,compare,129,exact_full,46.511628,43.410853,3.100775,outputs/eval/objective_ab_2291075/bridge_ijepa_w1_bf16_v1_ep5__corrected_chatml_v1_eos__objective_4000_qids__image_only__direct_records.json
corrected_objective_ab:bridge_ijepa_w1_bf16_v1_ep5::bridge_ijepa_w1_bf16_v1_ep5__corrected_chatml_v1_eos__objective_4000_qids__image_only__direct::exact_full,corrected_chatml_v1_eos,corrected_objective_ab:bridge_ijepa_w1_bf16_v1_ep5,objective_4000_qids,ijepa,mlp256,none,exist,726,exact_full,54.683196,41.322314,13.360882,outputs/eval/objective_ab_2291075/bridge_ijepa_w1_bf16_v1_ep5__corrected_chatml_v1_eos__objective_4000_qids__image_only__direct_records.json
corrected_objective_ab:bridge_ijepa_w1_bf16_v1_ep5::bridge_ijepa_w1_bf16_v1_ep5__corrected_chatml_v1_eos__objective_4000_qids__image_only__direct::exact_full,corrected_chatml_v1_eos,corrected_objective_ab:bridge_ijepa_w1_bf16_v1_ep5,objective_4000_qids,ijepa,mlp256,none,other,1314,exact_full,46.651446,27.549467,19.101979,outputs/eval/objective_ab_2291075/bridge_ijepa_w1_bf16_v1_ep5__corrected_chatml_v1_eos__objective_4000_qids__image_only__direct_records.json
corrected_objective_ab:bridge_ijepa_w1_bf16_v1_ep5::bridge_ijepa_w1_bf16_v1_ep5__corrected_chatml_v1_eos__objective_4000_qids__image_only__direct::exact_full,corrected_chatml_v1_eos,corrected_objective_ab:bridge_ijepa_w1_bf16_v1_ep5,objective_4000_qids,ijepa,mlp256,none,relate,1342,exact_full,34.873323,14.157973,20.71535,outputs/eval/objective_ab_2291075/bridge_ijepa_w1_bf16_v1_ep5__corrected_chatml_v1_eos__objective_4000_qids__image_only__direct_records.json
corrected_objective_ab:bridge_ijepa_w1_bf16_v1_ep5::bridge_ijepa_w1_bf16_v1_ep5__corrected_chatml_v1_eos__objective_4000_qids__image_only__direct::vqa_soft,corrected_chatml_v1_eos,corrected_objective_ab:bridge_ijepa_w1_bf16_v1_ep5,objective_4000_qids,ijepa,mlp256,none,choose,489,vqa_soft,64.417178,49.693252,14.723926,outputs/eval/objective_ab_2291075/bridge_ijepa_w1_bf16_v1_ep5__corrected_chatml_v1_eos__objective_4000_qids__image_only__direct_records.json
corrected_objective_ab:bridge_ijepa_w1_bf16_v1_ep5::bridge_ijepa_w1_bf16_v1_ep5__corrected_chatml_v1_eos__objective_4000_qids__image_only__direct::vqa_soft,corrected_chatml_v1_eos,corrected_objective_ab:bridge_ijepa_w1_bf16_v1_ep5,objective_4000_qids,ijepa,mlp256,none,compare,129,vqa_soft,46.511628,44.96124,1.550388,outputs/eval/objective_ab_2291075/bridge_ijepa_w1_bf16_v1_ep5__corrected_chatml_v1_eos__objective_4000_qids__image_only__direct_records.json
corrected_objective_ab:bridge_ijepa_w1_bf16_v1_ep5::bridge_ijepa_w1_bf16_v1_ep5__corrected_chatml_v1_eos__objective_4000_qids__image_only__direct::vqa_soft,corrected_chatml_v1_eos,corrected_objective_ab:bridge_ijepa_w1_bf16_v1_ep5,objective_4000_qids,ijepa,mlp256,none,exist,726,vqa_soft,54.683196,48.760331,5.922865,outputs/eval/objective_ab_2291075/bridge_ijepa_w1_bf16_v1_ep5__corrected_chatml_v1_eos__objective_4000_qids__image_only__direct_records.json
corrected_objective_ab:bridge_ijepa_w1_bf16_v1_ep5::bridge_ijepa_w1_bf16_v1_ep5__corrected_chatml_v1_eos__objective_4000_qids__image_only__direct::vqa_soft,corrected_chatml_v1_eos,corrected_objective_ab:bridge_ijepa_w1_bf16_v1_ep5,objective_4000_qids,ijepa,mlp256,none,other,1314,vqa_soft,47.564688,30.060883,17.503805,outputs/eval/objective_ab_2291075/bridge_ijepa_w1_bf16_v1_ep5__corrected_chatml_v1_eos__objective_4000_qids__image_only__direct_records.json
corrected_objective_ab:bridge_ijepa_w1_bf16_v1_ep5::bridge_ijepa_w1_bf16_v1_ep5__corrected_chatml_v1_eos__objective_4000_qids__image_only__direct::vqa_soft,corrected_chatml_v1_eos,corrected_objective_ab:bridge_ijepa_w1_bf16_v1_ep5,objective_4000_qids,ijepa,mlp256,none,relate,1342,vqa_soft,35.916542,15.052161,20.864382,outputs/eval/objective_ab_2291075/bridge_ijepa_w1_bf16_v1_ep5__corrected_chatml_v1_eos__objective_4000_qids__image_only__direct_records.json
corrected_objective_ab:bridge_ijepa_w1_s43_v1_ep5::bridge_ijepa_w1_s43_v1_ep5__corrected_chatml_v1_eos__objective_4000_qids__image_only__direct::exact,corrected_chatml_v1_eos,corrected_objective_ab:bridge_ijepa_w1_s43_v1_ep5,objective_4000_qids,ijepa,mlp256,none,choose,489,exact,64.212679,48.670757,15.541922,outputs/eval/objective_ab_2291075/bridge_ijepa_w1_s43_v1_ep5__corrected_chatml_v1_eos__objective_4000_qids__image_only__direct_records.json
corrected_objective_ab:bridge_ijepa_w1_s43_v1_ep5::bridge_ijepa_w1_s43_v1_ep5__corrected_chatml_v1_eos__objective_4000_qids__image_only__direct::exact,corrected_chatml_v1_eos,corrected_objective_ab:bridge_ijepa_w1_s43_v1_ep5,objective_4000_qids,ijepa,mlp256,none,compare,129,exact,43.410853,43.410853,0,outputs/eval/objective_ab_2291075/bridge_ijepa_w1_s43_v1_ep5__corrected_chatml_v1_eos__objective_4000_qids__image_only__direct_records.json
corrected_objective_ab:bridge_ijepa_w1_s43_v1_ep5::bridge_ijepa_w1_s43_v1_ep5__corrected_chatml_v1_eos__objective_4000_qids__image_only__direct::exact,corrected_chatml_v1_eos,corrected_objective_ab:bridge_ijepa_w1_s43_v1_ep5,objective_4000_qids,ijepa,mlp256,none,exist,726,exact,53.168044,41.322314,11.84573,outputs/eval/objective_ab_2291075/bridge_ijepa_w1_s43_v1_ep5__corrected_chatml_v1_eos__objective_4000_qids__image_only__direct_records.json
corrected_objective_ab:bridge_ijepa_w1_s43_v1_ep5::bridge_ijepa_w1_s43_v1_ep5__corrected_chatml_v1_eos__objective_4000_qids__image_only__direct::exact,corrected_chatml_v1_eos,corrected_objective_ab:bridge_ijepa_w1_s43_v1_ep5,objective_4000_qids,ijepa,mlp256,none,other,1314,exact,46.651446,27.549467,19.101979,outputs/eval/objective_ab_2291075/bridge_ijepa_w1_s43_v1_ep5__corrected_chatml_v1_eos__objective_4000_qids__image_only__direct_records.json
corrected_objective_ab:bridge_ijepa_w1_s43_v1_ep5::bridge_ijepa_w1_s43_v1_ep5__corrected_chatml_v1_eos__objective_4000_qids__image_only__direct::exact,corrected_chatml_v1_eos,corrected_objective_ab:bridge_ijepa_w1_s43_v1_ep5,objective_4000_qids,ijepa,mlp256,none,relate,1342,exact,35.916542,14.157973,21.758569,outputs/eval/objective_ab_2291075/bridge_ijepa_w1_s43_v1_ep5__corrected_chatml_v1_eos__objective_4000_qids__image_only__direct_records.json
corrected_objective_ab:bridge_ijepa_w1_s43_v1_ep5::bridge_ijepa_w1_s43_v1_ep5__corrected_chatml_v1_eos__objective_4000_qids__image_only__direct::exact_full,corrected_chatml_v1_eos,corrected_objective_ab:bridge_ijepa_w1_s43_v1_ep5,objective_4000_qids,ijepa,mlp256,none,choose,489,exact_full,64.212679,48.670757,15.541922,outputs/eval/objective_ab_2291075/bridge_ijepa_w1_s43_v1_ep5__corrected_chatml_v1_eos__objective_4000_qids__image_only__direct_records.json
corrected_objective_ab:bridge_ijepa_w1_s43_v1_ep5::bridge_ijepa_w1_s43_v1_ep5__corrected_chatml_v1_eos__objective_4000_qids__image_only__direct::exact_full,corrected_chatml_v1_eos,corrected_objective_ab:bridge_ijepa_w1_s43_v1_ep5,objective_4000_qids,ijepa,mlp256,none,compare,129,exact_full,43.410853,43.410853,0,outputs/eval/objective_ab_2291075/bridge_ijepa_w1_s43_v1_ep5__corrected_chatml_v1_eos__objective_4000_qids__image_only__direct_records.json
corrected_objective_ab:bridge_ijepa_w1_s43_v1_ep5::bridge_ijepa_w1_s43_v1_ep5__corrected_chatml_v1_eos__objective_4000_qids__image_only__direct::exact_full,corrected_chatml_v1_eos,corrected_objective_ab:bridge_ijepa_w1_s43_v1_ep5,objective_4000_qids,ijepa,mlp256,none,exist,726,exact_full,53.168044,41.322314,11.84573,outputs/eval/objective_ab_2291075/bridge_ijepa_w1_s43_v1_ep5__corrected_chatml_v1_eos__objective_4000_qids__image_only__direct_records.json
corrected_objective_ab:bridge_ijepa_w1_s43_v1_ep5::bridge_ijepa_w1_s43_v1_ep5__corrected_chatml_v1_eos__objective_4000_qids__image_only__direct::exact_full,corrected_chatml_v1_eos,corrected_objective_ab:bridge_ijepa_w1_s43_v1_ep5,objective_4000_qids,ijepa,mlp256,none,other,1314,exact_full,46.651446,27.549467,19.101979,outputs/eval/objective_ab_2291075/bridge_ijepa_w1_s43_v1_ep5__corrected_chatml_v1_eos__objective_4000_qids__image_only__direct_records.json
corrected_objective_ab:bridge_ijepa_w1_s43_v1_ep5::bridge_ijepa_w1_s43_v1_ep5__corrected_chatml_v1_eos__objective_4000_qids__image_only__direct::exact_full,corrected_chatml_v1_eos,corrected_objective_ab:bridge_ijepa_w1_s43_v1_ep5,objective_4000_qids,ijepa,mlp256,none,relate,1342,exact_full,35.916542,14.157973,21.758569,outputs/eval/objective_ab_2291075/bridge_ijepa_w1_s43_v1_ep5__corrected_chatml_v1_eos__objective_4000_qids__image_only__direct_records.json
corrected_objective_ab:bridge_ijepa_w1_s43_v1_ep5::bridge_ijepa_w1_s43_v1_ep5__corrected_chatml_v1_eos__objective_4000_qids__image_only__direct::vqa_soft,corrected_chatml_v1_eos,corrected_objective_ab:bridge_ijepa_w1_s43_v1_ep5,objective_4000_qids,ijepa,mlp256,none,choose,489,vqa_soft,64.212679,49.693252,14.519427,outputs/eval/objective_ab_2291075/bridge_ijepa_w1_s43_v1_ep5__corrected_chatml_v1_eos__objective_4000_qids__image_only__direct_records.json
corrected_objective_ab:bridge_ijepa_w1_s43_v1_ep5::bridge_ijepa_w1_s43_v1_ep5__corrected_chatml_v1_eos__objective_4000_qids__image_only__direct::vqa_soft,corrected_chatml_v1_eos,corrected_objective_ab:bridge_ijepa_w1_s43_v1_ep5,objective_4000_qids,ijepa,mlp256,none,compare,129,vqa_soft,43.410853,44.96124,-1.550388,outputs/eval/objective_ab_2291075/bridge_ijepa_w1_s43_v1_ep5__corrected_chatml_v1_eos__objective_4000_qids__image_only__direct_records.json
corrected_objective_ab:bridge_ijepa_w1_s43_v1_ep5::bridge_ijepa_w1_s43_v1_ep5__corrected_chatml_v1_eos__objective_4000_qids__image_only__direct::vqa_soft,corrected_chatml_v1_eos,corrected_objective_ab:bridge_ijepa_w1_s43_v1_ep5,objective_4000_qids,ijepa,mlp256,none,exist,726,vqa_soft,53.168044,48.760331,4.407713,outputs/eval/objective_ab_2291075/bridge_ijepa_w1_s43_v1_ep5__corrected_chatml_v1_eos__objective_4000_qids__image_only__direct_records.json
corrected_objective_ab:bridge_ijepa_w1_s43_v1_ep5::bridge_ijepa_w1_s43_v1_ep5__corrected_chatml_v1_eos__objective_4000_qids__image_only__direct::vqa_soft,corrected_chatml_v1_eos,corrected_objective_ab:bridge_ijepa_w1_s43_v1_ep5,objective_4000_qids,ijepa,mlp256,none,other,1314,vqa_soft,47.18417,30.060883,17.123288,outputs/eval/objective_ab_2291075/bridge_ijepa_w1_s43_v1_ep5__corrected_chatml_v1_eos__objective_4000_qids__image_only__direct_records.json
corrected_objective_ab:bridge_ijepa_w1_s43_v1_ep5::bridge_ijepa_w1_s43_v1_ep5__corrected_chatml_v1_eos__objective_4000_qids__image_only__direct::vqa_soft,corrected_chatml_v1_eos,corrected_objective_ab:bridge_ijepa_w1_s43_v1_ep5,objective_4000_qids,ijepa,mlp256,none,relate,1342,vqa_soft,37.406855,15.052161,22.354694,outputs/eval/objective_ab_2291075/bridge_ijepa_w1_s43_v1_ep5__corrected_chatml_v1_eos__objective_4000_qids__image_only__direct_records.json
corrected_objective_ab:bridge_ijepa_w1_s44_v1_ep5::bridge_ijepa_w1_s44_v1_ep5__corrected_chatml_v1_eos__objective_4000_qids__image_only__direct::exact,corrected_chatml_v1_eos,corrected_objective_ab:bridge_ijepa_w1_s44_v1_ep5,objective_4000_qids,ijepa,mlp256,none,choose,489,exact,62.167689,48.670757,13.496933,outputs/eval/objective_ab_2291075/bridge_ijepa_w1_s44_v1_ep5__corrected_chatml_v1_eos__objective_4000_qids__image_only__direct_records.json
corrected_objective_ab:bridge_ijepa_w1_s44_v1_ep5::bridge_ijepa_w1_s44_v1_ep5__corrected_chatml_v1_eos__objective_4000_qids__image_only__direct::exact,corrected_chatml_v1_eos,corrected_objective_ab:bridge_ijepa_w1_s44_v1_ep5,objective_4000_qids,ijepa,mlp256,none,compare,129,exact,39.534884,43.410853,-3.875969,outputs/eval/objective_ab_2291075/bridge_ijepa_w1_s44_v1_ep5__corrected_chatml_v1_eos__objective_4000_qids__image_only__direct_records.json
corrected_objective_ab:bridge_ijepa_w1_s44_v1_ep5::bridge_ijepa_w1_s44_v1_ep5__corrected_chatml_v1_eos__objective_4000_qids__image_only__direct::exact,corrected_chatml_v1_eos,corrected_objective_ab:bridge_ijepa_w1_s44_v1_ep5,objective_4000_qids,ijepa,mlp256,none,exist,726,exact,51.928375,41.322314,10.606061,outputs/eval/objective_ab_2291075/bridge_ijepa_w1_s44_v1_ep5__corrected_chatml_v1_eos__objective_4000_qids__image_only__direct_records.json
corrected_objective_ab:bridge_ijepa_w1_s44_v1_ep5::bridge_ijepa_w1_s44_v1_ep5__corrected_chatml_v1_eos__objective_4000_qids__image_only__direct::exact,corrected_chatml_v1_eos,corrected_objective_ab:bridge_ijepa_w1_s44_v1_ep5,objective_4000_qids,ijepa,mlp256,none,other,1314,exact,43.987823,27.549467,16.438356,outputs/eval/objective_ab_2291075/bridge_ijepa_w1_s44_v1_ep5__corrected_chatml_v1_eos__objective_4000_qids__image_only__direct_records.json
corrected_objective_ab:bridge_ijepa_w1_s44_v1_ep5::bridge_ijepa_w1_s44_v1_ep5__corrected_chatml_v1_eos__objective_4000_qids__image_only__direct::exact,corrected_chatml_v1_eos,corrected_objective_ab:bridge_ijepa_w1_s44_v1_ep5,objective_4000_qids,ijepa,mlp256,none,relate,1342,exact,33.308495,14.157973,19.150522,outputs/eval/objective_ab_2291075/bridge_ijepa_w1_s44_v1_ep5__corrected_chatml_v1_eos__objective_4000_qids__image_only__direct_records.json
corrected_objective_ab:bridge_ijepa_w1_s44_v1_ep5::bridge_ijepa_w1_s44_v1_ep5__corrected_chatml_v1_eos__objective_4000_qids__image_only__direct::exact_full,corrected_chatml_v1_eos,corrected_objective_ab:bridge_ijepa_w1_s44_v1_ep5,objective_4000_qids,ijepa,mlp256,none,choose,489,exact_full,62.167689,48.670757,13.496933,outputs/eval/objective_ab_2291075/bridge_ijepa_w1_s44_v1_ep5__corrected_chatml_v1_eos__objective_4000_qids__image_only__direct_records.json
corrected_objective_ab:bridge_ijepa_w1_s44_v1_ep5::bridge_ijepa_w1_s44_v1_ep5__corrected_chatml_v1_eos__objective_4000_qids__image_only__direct::exact_full,corrected_chatml_v1_eos,corrected_objective_ab:bridge_ijepa_w1_s44_v1_ep5,objective_4000_qids,ijepa,mlp256,none,compare,129,exact_full,39.534884,43.410853,-3.875969,outputs/eval/objective_ab_2291075/bridge_ijepa_w1_s44_v1_ep5__corrected_chatml_v1_eos__objective_4000_qids__image_only__direct_records.json
corrected_objective_ab:bridge_ijepa_w1_s44_v1_ep5::bridge_ijepa_w1_s44_v1_ep5__corrected_chatml_v1_eos__objective_4000_qids__image_only__direct::exact_full,corrected_chatml_v1_eos,corrected_objective_ab:bridge_ijepa_w1_s44_v1_ep5,objective_4000_qids,ijepa,mlp256,none,exist,726,exact_full,51.928375,41.322314,10.606061,outputs/eval/objective_ab_2291075/bridge_ijepa_w1_s44_v1_ep5__corrected_chatml_v1_eos__objective_4000_qids__image_only__direct_records.json
corrected_objective_ab:bridge_ijepa_w1_s44_v1_ep5::bridge_ijepa_w1_s44_v1_ep5__corrected_chatml_v1_eos__objective_4000_qids__image_only__direct::exact_full,corrected_chatml_v1_eos,corrected_objective_ab:bridge_ijepa_w1_s44_v1_ep5,objective_4000_qids,ijepa,mlp256,none,other,1314,exact_full,43.987823,27.549467,16.438356,outputs/eval/objective_ab_2291075/bridge_ijepa_w1_s44_v1_ep5__corrected_chatml_v1_eos__objective_4000_qids__image_only__direct_records.json
corrected_objective_ab:bridge_ijepa_w1_s44_v1_ep5::bridge_ijepa_w1_s44_v1_ep5__corrected_chatml_v1_eos__objective_4000_qids__image_only__direct::exact_full,corrected_chatml_v1_eos,corrected_objective_ab:bridge_ijepa_w1_s44_v1_ep5,objective_4000_qids,ijepa,mlp256,none,relate,1342,exact_full,33.308495,14.157973,19.150522,outputs/eval/objective_ab_2291075/bridge_ijepa_w1_s44_v1_ep5__corrected_chatml_v1_eos__objective_4000_qids__image_only__direct_records.json
corrected_objective_ab:bridge_ijepa_w1_s44_v1_ep5::bridge_ijepa_w1_s44_v1_ep5__corrected_chatml_v1_eos__objective_4000_qids__image_only__direct::vqa_soft,corrected_chatml_v1_eos,corrected_objective_ab:bridge_ijepa_w1_s44_v1_ep5,objective_4000_qids,ijepa,mlp256,none,choose,489,vqa_soft,62.167689,49.693252,12.474438,outputs/eval/objective_ab_2291075/bridge_ijepa_w1_s44_v1_ep5__corrected_chatml_v1_eos__objective_4000_qids__image_only__direct_records.json
corrected_objective_ab:bridge_ijepa_w1_s44_v1_ep5::bridge_ijepa_w1_s44_v1_ep5__corrected_chatml_v1_eos__objective_4000_qids__image_only__direct::vqa_soft,corrected_chatml_v1_eos,corrected_objective_ab:bridge_ijepa_w1_s44_v1_ep5,objective_4000_qids,ijepa,mlp256,none,compare,129,vqa_soft,39.534884,44.96124,-5.426357,outputs/eval/objective_ab_2291075/bridge_ijepa_w1_s44_v1_ep5__corrected_chatml_v1_eos__objective_4000_qids__image_only__direct_records.json
corrected_objective_ab:bridge_ijepa_w1_s44_v1_ep5::bridge_ijepa_w1_s44_v1_ep5__corrected_chatml_v1_eos__objective_4000_qids__image_only__direct::vqa_soft,corrected_chatml_v1_eos,corrected_objective_ab:bridge_ijepa_w1_s44_v1_ep5,objective_4000_qids,ijepa,mlp256,none,exist,726,vqa_soft,51.928375,48.760331,3.168044,outputs/eval/objective_ab_2291075/bridge_ijepa_w1_s44_v1_ep5__corrected_chatml_v1_eos__objective_4000_qids__image_only__direct_records.json
corrected_objective_ab:bridge_ijepa_w1_s44_v1_ep5::bridge_ijepa_w1_s44_v1_ep5__corrected_chatml_v1_eos__objective_4000_qids__image_only__direct::vqa_soft,corrected_chatml_v1_eos,corrected_objective_ab:bridge_ijepa_w1_s44_v1_ep5,objective_4000_qids,ijepa,mlp256,none,other,1314,vqa_soft,45.357686,30.060883,15.296804,outputs/eval/objective_ab_2291075/bridge_ijepa_w1_s44_v1_ep5__corrected_chatml_v1_eos__objective_4000_qids__image_only__direct_records.json
corrected_objective_ab:bridge_ijepa_w1_s44_v1_ep5::bridge_ijepa_w1_s44_v1_ep5__corrected_chatml_v1_eos__objective_4000_qids__image_only__direct::vqa_soft,corrected_chatml_v1_eos,corrected_objective_ab:bridge_ijepa_w1_s44_v1_ep5,objective_4000_qids,ijepa,mlp256,none,relate,1342,vqa_soft,34.798808,15.052161,19.746647,outputs/eval/objective_ab_2291075/bridge_ijepa_w1_s44_v1_ep5__corrected_chatml_v1_eos__objective_4000_qids__image_only__direct_records.json
corrected_objective_ab:bridge_ijepa_w1seq_s42_v1_ep5::bridge_ijepa_w1seq_s42_v1_ep5__corrected_chatml_v1_eos__objective_4000_qids__image_only__direct::exact,corrected_chatml_v1_eos,corrected_objective_ab:bridge_ijepa_w1seq_s42_v1_ep5,objective_4000_qids,ijepa,,none,choose,489,exact,64.417178,48.670757,15.746421,outputs/eval/objective_ab_2291075/bridge_ijepa_w1seq_s42_v1_ep5__corrected_chatml_v1_eos__objective_4000_qids__image_only__direct_records.json
corrected_objective_ab:bridge_ijepa_w1seq_s42_v1_ep5::bridge_ijepa_w1seq_s42_v1_ep5__corrected_chatml_v1_eos__objective_4000_qids__image_only__direct::exact,corrected_chatml_v1_eos,corrected_objective_ab:bridge_ijepa_w1seq_s42_v1_ep5,objective_4000_qids,ijepa,,none,compare,129,exact,40.310078,43.410853,-3.100775,outputs/eval/objective_ab_2291075/bridge_ijepa_w1seq_s42_v1_ep5__corrected_chatml_v1_eos__objective_4000_qids__image_only__direct_records.json
corrected_objective_ab:bridge_ijepa_w1seq_s42_v1_ep5::bridge_ijepa_w1seq_s42_v1_ep5__corrected_chatml_v1_eos__objective_4000_qids__image_only__direct::exact,corrected_chatml_v1_eos,corrected_objective_ab:bridge_ijepa_w1seq_s42_v1_ep5,objective_4000_qids,ijepa,,none,exist,726,exact,57.162534,41.322314,15.84022,outputs/eval/objective_ab_2291075/bridge_ijepa_w1seq_s42_v1_ep5__corrected_chatml_v1_eos__objective_4000_qids__image_only__direct_records.json
corrected_objective_ab:bridge_ijepa_w1seq_s42_v1_ep5::bridge_ijepa_w1seq_s42_v1_ep5__corrected_chatml_v1_eos__objective_4000_qids__image_only__direct::exact,corrected_chatml_v1_eos,corrected_objective_ab:bridge_ijepa_w1seq_s42_v1_ep5,objective_4000_qids,ijepa,,none,other,1314,exact,45.129376,27.549467,17.579909,outputs/eval/objective_ab_2291075/bridge_ijepa_w1seq_s42_v1_ep5__corrected_chatml_v1_eos__objective_4000_qids__image_only__direct_records.json
corrected_objective_ab:bridge_ijepa_w1seq_s42_v1_ep5::bridge_ijepa_w1seq_s42_v1_ep5__corrected_chatml_v1_eos__objective_4000_qids__image_only__direct::exact,corrected_chatml_v1_eos,corrected_objective_ab:bridge_ijepa_w1seq_s42_v1_ep5,objective_4000_qids,ijepa,,none,relate,1342,exact,34.500745,14.157973,20.342772,outputs/eval/objective_ab_2291075/bridge_ijepa_w1seq_s42_v1_ep5__corrected_chatml_v1_eos__objective_4000_qids__image_only__direct_records.json
corrected_objective_ab:bridge_ijepa_w1seq_s42_v1_ep5::bridge_ijepa_w1seq_s42_v1_ep5__corrected_chatml_v1_eos__objective_4000_qids__image_only__direct::exact_full,corrected_chatml_v1_eos,corrected_objective_ab:bridge_ijepa_w1seq_s42_v1_ep5,objective_4000_qids,ijepa,,none,choose,489,exact_full,64.417178,48.670757,15.746421,outputs/eval/objective_ab_2291075/bridge_ijepa_w1seq_s42_v1_ep5__corrected_chatml_v1_eos__objective_4000_qids__image_only__direct_records.json
corrected_objective_ab:bridge_ijepa_w1seq_s42_v1_ep5::bridge_ijepa_w1seq_s42_v1_ep5__corrected_chatml_v1_eos__objective_4000_qids__image_only__direct::exact_full,corrected_chatml_v1_eos,corrected_objective_ab:bridge_ijepa_w1seq_s42_v1_ep5,objective_4000_qids,ijepa,,none,compare,129,exact_full,40.310078,43.410853,-3.100775,outputs/eval/objective_ab_2291075/bridge_ijepa_w1seq_s42_v1_ep5__corrected_chatml_v1_eos__objective_4000_qids__image_only__direct_records.json
corrected_objective_ab:bridge_ijepa_w1seq_s42_v1_ep5::bridge_ijepa_w1seq_s42_v1_ep5__corrected_chatml_v1_eos__objective_4000_qids__image_only__direct::exact_full,corrected_chatml_v1_eos,corrected_objective_ab:bridge_ijepa_w1seq_s42_v1_ep5,objective_4000_qids,ijepa,,none,exist,726,exact_full,57.162534,41.322314,15.84022,outputs/eval/objective_ab_2291075/bridge_ijepa_w1seq_s42_v1_ep5__corrected_chatml_v1_eos__objective_4000_qids__image_only__direct_records.json
corrected_objective_ab:bridge_ijepa_w1seq_s42_v1_ep5::bridge_ijepa_w1seq_s42_v1_ep5__corrected_chatml_v1_eos__objective_4000_qids__image_only__direct::exact_full,corrected_chatml_v1_eos,corrected_objective_ab:bridge_ijepa_w1seq_s42_v1_ep5,objective_4000_qids,ijepa,,none,other,1314,exact_full,45.129376,27.549467,17.579909,outputs/eval/objective_ab_2291075/bridge_ijepa_w1seq_s42_v1_ep5__corrected_chatml_v1_eos__objective_4000_qids__image_only__direct_records.json
corrected_objective_ab:bridge_ijepa_w1seq_s42_v1_ep5::bridge_ijepa_w1seq_s42_v1_ep5__corrected_chatml_v1_eos__objective_4000_qids__image_only__direct::exact_full,corrected_chatml_v1_eos,corrected_objective_ab:bridge_ijepa_w1seq_s42_v1_ep5,objective_4000_qids,ijepa,,none,relate,1342,exact_full,34.500745,14.157973,20.342772,outputs/eval/objective_ab_2291075/bridge_ijepa_w1seq_s42_v1_ep5__corrected_chatml_v1_eos__objective_4000_qids__image_only__direct_records.json
corrected_objective_ab:bridge_ijepa_w1seq_s42_v1_ep5::bridge_ijepa_w1seq_s42_v1_ep5__corrected_chatml_v1_eos__objective_4000_qids__image_only__direct::vqa_soft,corrected_chatml_v1_eos,corrected_objective_ab:bridge_ijepa_w1seq_s42_v1_ep5,objective_4000_qids,ijepa,,none,choose,489,vqa_soft,64.417178,49.693252,14.723926,outputs/eval/objective_ab_2291075/bridge_ijepa_w1seq_s42_v1_ep5__corrected_chatml_v1_eos__objective_4000_qids__image_only__direct_records.json
corrected_objective_ab:bridge_ijepa_w1seq_s42_v1_ep5::bridge_ijepa_w1seq_s42_v1_ep5__corrected_chatml_v1_eos__objective_4000_qids__image_only__direct::vqa_soft,corrected_chatml_v1_eos,corrected_objective_ab:bridge_ijepa_w1seq_s42_v1_ep5,objective_4000_qids,ijepa,,none,compare,129,vqa_soft,40.310078,44.96124,-4.651163,outputs/eval/objective_ab_2291075/bridge_ijepa_w1seq_s42_v1_ep5__corrected_chatml_v1_eos__objective_4000_qids__image_only__direct_records.json
corrected_objective_ab:bridge_ijepa_w1seq_s42_v1_ep5::bridge_ijepa_w1seq_s42_v1_ep5__corrected_chatml_v1_eos__objective_4000_qids__image_only__direct::vqa_soft,corrected_chatml_v1_eos,corrected_objective_ab:bridge_ijepa_w1seq_s42_v1_ep5,objective_4000_qids,ijepa,,none,exist,726,vqa_soft,57.162534,48.760331,8.402204,outputs/eval/objective_ab_2291075/bridge_ijepa_w1seq_s42_v1_ep5__corrected_chatml_v1_eos__objective_4000_qids__image_only__direct_records.json
corrected_objective_ab:bridge_ijepa_w1seq_s42_v1_ep5::bridge_ijepa_w1seq_s42_v1_ep5__corrected_chatml_v1_eos__objective_4000_qids__image_only__direct::vqa_soft,corrected_chatml_v1_eos,corrected_objective_ab:bridge_ijepa_w1seq_s42_v1_ep5,objective_4000_qids,ijepa,,none,other,1314,vqa_soft,46.270928,30.060883,16.210046,outputs/eval/objective_ab_2291075/bridge_ijepa_w1seq_s42_v1_ep5__corrected_chatml_v1_eos__objective_4000_qids__image_only__direct_records.json
corrected_objective_ab:bridge_ijepa_w1seq_s42_v1_ep5::bridge_ijepa_w1seq_s42_v1_ep5__corrected_chatml_v1_eos__objective_4000_qids__image_only__direct::vqa_soft,corrected_chatml_v1_eos,corrected_objective_ab:bridge_ijepa_w1seq_s42_v1_ep5,objective_4000_qids,ijepa,,none,relate,1342,vqa_soft,35.692996,15.052161,20.640835,outputs/eval/objective_ab_2291075/bridge_ijepa_w1seq_s42_v1_ep5__corrected_chatml_v1_eos__objective_4000_qids__image_only__direct_records.json
corrected_objective_ab:bridge_ijepa_w1seq_s43_v1_ep5::bridge_ijepa_w1seq_s43_v1_ep5__corrected_chatml_v1_eos__objective_4000_qids__image_only__direct::exact,corrected_chatml_v1_eos,corrected_objective_ab:bridge_ijepa_w1seq_s43_v1_ep5,objective_4000_qids,ijepa,,none,choose,489,exact,63.803681,48.670757,15.132924,outputs/eval/objective_ab_2291075/bridge_ijepa_w1seq_s43_v1_ep5__corrected_chatml_v1_eos__objective_4000_qids__image_only__direct_records.json
corrected_objective_ab:bridge_ijepa_w1seq_s43_v1_ep5::bridge_ijepa_w1seq_s43_v1_ep5__corrected_chatml_v1_eos__objective_4000_qids__image_only__direct::exact,corrected_chatml_v1_eos,corrected_objective_ab:bridge_ijepa_w1seq_s43_v1_ep5,objective_4000_qids,ijepa,,none,compare,129,exact,41.860465,43.410853,-1.550388,outputs/eval/objective_ab_2291075/bridge_ijepa_w1seq_s43_v1_ep5__corrected_chatml_v1_eos__objective_4000_qids__image_only__direct_records.json
corrected_objective_ab:bridge_ijepa_w1seq_s43_v1_ep5::bridge_ijepa_w1seq_s43_v1_ep5__corrected_chatml_v1_eos__objective_4000_qids__image_only__direct::exact,corrected_chatml_v1_eos,corrected_objective_ab:bridge_ijepa_w1seq_s43_v1_ep5,objective_4000_qids,ijepa,,none,exist,726,exact,54.132231,41.322314,12.809917,outputs/eval/objective_ab_2291075/bridge_ijepa_w1seq_s43_v1_ep5__corrected_chatml_v1_eos__objective_4000_qids__image_only__direct_records.json
corrected_objective_ab:bridge_ijepa_w1seq_s43_v1_ep5::bridge_ijepa_w1seq_s43_v1_ep5__corrected_chatml_v1_eos__objective_4000_qids__image_only__direct::exact,corrected_chatml_v1_eos,corrected_objective_ab:bridge_ijepa_w1seq_s43_v1_ep5,objective_4000_qids,ijepa,,none,other,1314,exact,46.347032,27.549467,18.797565,outputs/eval/objective_ab_2291075/bridge_ijepa_w1seq_s43_v1_ep5__corrected_chatml_v1_eos__objective_4000_qids__image_only__direct_records.json
corrected_objective_ab:bridge_ijepa_w1seq_s43_v1_ep5::bridge_ijepa_w1seq_s43_v1_ep5__corrected_chatml_v1_eos__objective_4000_qids__image_only__direct::exact,corrected_chatml_v1_eos,corrected_objective_ab:bridge_ijepa_w1seq_s43_v1_ep5,objective_4000_qids,ijepa,,none,relate,1342,exact,34.500745,14.157973,20.342772,outputs/eval/objective_ab_2291075/bridge_ijepa_w1seq_s43_v1_ep5__corrected_chatml_v1_eos__objective_4000_qids__image_only__direct_records.json
corrected_objective_ab:bridge_ijepa_w1seq_s43_v1_ep5::bridge_ijepa_w1seq_s43_v1_ep5__corrected_chatml_v1_eos__objective_4000_qids__image_only__direct::exact_full,corrected_chatml_v1_eos,corrected_objective_ab:bridge_ijepa_w1seq_s43_v1_ep5,objective_4000_qids,ijepa,,none,choose,489,exact_full,63.803681,48.670757,15.132924,outputs/eval/objective_ab_2291075/bridge_ijepa_w1seq_s43_v1_ep5__corrected_chatml_v1_eos__objective_4000_qids__image_only__direct_records.json
corrected_objective_ab:bridge_ijepa_w1seq_s43_v1_ep5::bridge_ijepa_w1seq_s43_v1_ep5__corrected_chatml_v1_eos__objective_4000_qids__image_only__direct::exact_full,corrected_chatml_v1_eos,corrected_objective_ab:bridge_ijepa_w1seq_s43_v1_ep5,objective_4000_qids,ijepa,,none,compare,129,exact_full,41.860465,43.410853,-1.550388,outputs/eval/objective_ab_2291075/bridge_ijepa_w1seq_s43_v1_ep5__corrected_chatml_v1_eos__objective_4000_qids__image_only__direct_records.json
corrected_objective_ab:bridge_ijepa_w1seq_s43_v1_ep5::bridge_ijepa_w1seq_s43_v1_ep5__corrected_chatml_v1_eos__objective_4000_qids__image_only__direct::exact_full,corrected_chatml_v1_eos,corrected_objective_ab:bridge_ijepa_w1seq_s43_v1_ep5,objective_4000_qids,ijepa,,none,exist,726,exact_full,54.132231,41.322314,12.809917,outputs/eval/objective_ab_2291075/bridge_ijepa_w1seq_s43_v1_ep5__corrected_chatml_v1_eos__objective_4000_qids__image_only__direct_records.json
corrected_objective_ab:bridge_ijepa_w1seq_s43_v1_ep5::bridge_ijepa_w1seq_s43_v1_ep5__corrected_chatml_v1_eos__objective_4000_qids__image_only__direct::exact_full,corrected_chatml_v1_eos,corrected_objective_ab:bridge_ijepa_w1seq_s43_v1_ep5,objective_4000_qids,ijepa,,none,other,1314,exact_full,46.347032,27.549467,18.797565,outputs/eval/objective_ab_2291075/bridge_ijepa_w1seq_s43_v1_ep5__corrected_chatml_v1_eos__objective_4000_qids__image_only__direct_records.json
corrected_objective_ab:bridge_ijepa_w1seq_s43_v1_ep5::bridge_ijepa_w1seq_s43_v1_ep5__corrected_chatml_v1_eos__objective_4000_qids__image_only__direct::exact_full,corrected_chatml_v1_eos,corrected_objective_ab:bridge_ijepa_w1seq_s43_v1_ep5,objective_4000_qids,ijepa,,none,relate,1342,exact_full,34.500745,14.157973,20.342772,outputs/eval/objective_ab_2291075/bridge_ijepa_w1seq_s43_v1_ep5__corrected_chatml_v1_eos__objective_4000_qids__image_only__direct_records.json
corrected_objective_ab:bridge_ijepa_w1seq_s43_v1_ep5::bridge_ijepa_w1seq_s43_v1_ep5__corrected_chatml_v1_eos__objective_4000_qids__image_only__direct::vqa_soft,corrected_chatml_v1_eos,corrected_objective_ab:bridge_ijepa_w1seq_s43_v1_ep5,objective_4000_qids,ijepa,,none,choose,489,vqa_soft,63.803681,49.693252,14.110429,outputs/eval/objective_ab_2291075/bridge_ijepa_w1seq_s43_v1_ep5__corrected_chatml_v1_eos__objective_4000_qids__image_only__direct_records.json
corrected_objective_ab:bridge_ijepa_w1seq_s43_v1_ep5::bridge_ijepa_w1seq_s43_v1_ep5__corrected_chatml_v1_eos__objective_4000_qids__image_only__direct::vqa_soft,corrected_chatml_v1_eos,corrected_objective_ab:bridge_ijepa_w1seq_s43_v1_ep5,objective_4000_qids,ijepa,,none,compare,129,vqa_soft,41.860465,44.96124,-3.100775,outputs/eval/objective_ab_2291075/bridge_ijepa_w1seq_s43_v1_ep5__corrected_chatml_v1_eos__objective_4000_qids__image_only__direct_records.json
corrected_objective_ab:bridge_ijepa_w1seq_s43_v1_ep5::bridge_ijepa_w1seq_s43_v1_ep5__corrected_chatml_v1_eos__objective_4000_qids__image_only__direct::vqa_soft,corrected_chatml_v1_eos,corrected_objective_ab:bridge_ijepa_w1seq_s43_v1_ep5,objective_4000_qids,ijepa,,none,exist,726,vqa_soft,54.132231,48.760331,5.371901,outputs/eval/objective_ab_2291075/bridge_ijepa_w1seq_s43_v1_ep5__corrected_chatml_v1_eos__objective_4000_qids__image_only__direct_records.json
corrected_objective_ab:bridge_ijepa_w1seq_s43_v1_ep5::bridge_ijepa_w1seq_s43_v1_ep5__corrected_chatml_v1_eos__objective_4000_qids__image_only__direct::vqa_soft,corrected_chatml_v1_eos,corrected_objective_ab:bridge_ijepa_w1seq_s43_v1_ep5,objective_4000_qids,ijepa,,none,other,1314,vqa_soft,47.031963,30.060883,16.971081,outputs/eval/objective_ab_2291075/bridge_ijepa_w1seq_s43_v1_ep5__corrected_chatml_v1_eos__objective_4000_qids__image_only__direct_records.json
corrected_objective_ab:bridge_ijepa_w1seq_s43_v1_ep5::bridge_ijepa_w1seq_s43_v1_ep5__corrected_chatml_v1_eos__objective_4000_qids__image_only__direct::vqa_soft,corrected_chatml_v1_eos,corrected_objective_ab:bridge_ijepa_w1seq_s43_v1_ep5,objective_4000_qids,ijepa,,none,relate,1342,vqa_soft,35.245902,15.052161,20.193741,outputs/eval/objective_ab_2291075/bridge_ijepa_w1seq_s43_v1_ep5__corrected_chatml_v1_eos__objective_4000_qids__image_only__direct_records.json
corrected_objective_ab:bridge_ijepa_w1seq_s44_v1_ep5::bridge_ijepa_w1seq_s44_v1_ep5__corrected_chatml_v1_eos__objective_4000_qids__image_only__direct::exact,corrected_chatml_v1_eos,corrected_objective_ab:bridge_ijepa_w1seq_s44_v1_ep5,objective_4000_qids,ijepa,,none,choose,489,exact,63.190184,48.670757,14.519427,outputs/eval/objective_ab_2291075/bridge_ijepa_w1seq_s44_v1_ep5__corrected_chatml_v1_eos__objective_4000_qids__image_only__direct_records.json
corrected_objective_ab:bridge_ijepa_w1seq_s44_v1_ep5::bridge_ijepa_w1seq_s44_v1_ep5__corrected_chatml_v1_eos__objective_4000_qids__image_only__direct::exact,corrected_chatml_v1_eos,corrected_objective_ab:bridge_ijepa_w1seq_s44_v1_ep5,objective_4000_qids,ijepa,,none,compare,129,exact,48.837209,43.410853,5.426357,outputs/eval/objective_ab_2291075/bridge_ijepa_w1seq_s44_v1_ep5__corrected_chatml_v1_eos__objective_4000_qids__image_only__direct_records.json
corrected_objective_ab:bridge_ijepa_w1seq_s44_v1_ep5::bridge_ijepa_w1seq_s44_v1_ep5__corrected_chatml_v1_eos__objective_4000_qids__image_only__direct::exact,corrected_chatml_v1_eos,corrected_objective_ab:bridge_ijepa_w1seq_s44_v1_ep5,objective_4000_qids,ijepa,,none,exist,726,exact,57.024793,41.322314,15.702479,outputs/eval/objective_ab_2291075/bridge_ijepa_w1seq_s44_v1_ep5__corrected_chatml_v1_eos__objective_4000_qids__image_only__direct_records.json
corrected_objective_ab:bridge_ijepa_w1seq_s44_v1_ep5::bridge_ijepa_w1seq_s44_v1_ep5__corrected_chatml_v1_eos__objective_4000_qids__image_only__direct::exact,corrected_chatml_v1_eos,corrected_objective_ab:bridge_ijepa_w1seq_s44_v1_ep5,objective_4000_qids,ijepa,,none,other,1314,exact,44.748858,27.549467,17.199391,outputs/eval/objective_ab_2291075/bridge_ijepa_w1seq_s44_v1_ep5__corrected_chatml_v1_eos__objective_4000_qids__image_only__direct_records.json
corrected_objective_ab:bridge_ijepa_w1seq_s44_v1_ep5::bridge_ijepa_w1seq_s44_v1_ep5__corrected_chatml_v1_eos__objective_4000_qids__image_only__direct::exact,corrected_chatml_v1_eos,corrected_objective_ab:bridge_ijepa_w1seq_s44_v1_ep5,objective_4000_qids,ijepa,,none,relate,1342,exact,34.42623,14.157973,20.268256,outputs/eval/objective_ab_2291075/bridge_ijepa_w1seq_s44_v1_ep5__corrected_chatml_v1_eos__objective_4000_qids__image_only__direct_records.json
corrected_objective_ab:bridge_ijepa_w1seq_s44_v1_ep5::bridge_ijepa_w1seq_s44_v1_ep5__corrected_chatml_v1_eos__objective_4000_qids__image_only__direct::exact_full,corrected_chatml_v1_eos,corrected_objective_ab:bridge_ijepa_w1seq_s44_v1_ep5,objective_4000_qids,ijepa,,none,choose,489,exact_full,63.190184,48.670757,14.519427,outputs/eval/objective_ab_2291075/bridge_ijepa_w1seq_s44_v1_ep5__corrected_chatml_v1_eos__objective_4000_qids__image_only__direct_records.json
corrected_objective_ab:bridge_ijepa_w1seq_s44_v1_ep5::bridge_ijepa_w1seq_s44_v1_ep5__corrected_chatml_v1_eos__objective_4000_qids__image_only__direct::exact_full,corrected_chatml_v1_eos,corrected_objective_ab:bridge_ijepa_w1seq_s44_v1_ep5,objective_4000_qids,ijepa,,none,compare,129,exact_full,48.837209,43.410853,5.426357,outputs/eval/objective_ab_2291075/bridge_ijepa_w1seq_s44_v1_ep5__corrected_chatml_v1_eos__objective_4000_qids__image_only__direct_records.json
corrected_objective_ab:bridge_ijepa_w1seq_s44_v1_ep5::bridge_ijepa_w1seq_s44_v1_ep5__corrected_chatml_v1_eos__objective_4000_qids__image_only__direct::exact_full,corrected_chatml_v1_eos,corrected_objective_ab:bridge_ijepa_w1seq_s44_v1_ep5,objective_4000_qids,ijepa,,none,exist,726,exact_full,57.024793,41.322314,15.702479,outputs/eval/objective_ab_2291075/bridge_ijepa_w1seq_s44_v1_ep5__corrected_chatml_v1_eos__objective_4000_qids__image_only__direct_records.json
corrected_objective_ab:bridge_ijepa_w1seq_s44_v1_ep5::bridge_ijepa_w1seq_s44_v1_ep5__corrected_chatml_v1_eos__objective_4000_qids__image_only__direct::exact_full,corrected_chatml_v1_eos,corrected_objective_ab:bridge_ijepa_w1seq_s44_v1_ep5,objective_4000_qids,ijepa,,none,other,1314,exact_full,44.748858,27.549467,17.199391,outputs/eval/objective_ab_2291075/bridge_ijepa_w1seq_s44_v1_ep5__corrected_chatml_v1_eos__objective_4000_qids__image_only__direct_records.json
corrected_objective_ab:bridge_ijepa_w1seq_s44_v1_ep5::bridge_ijepa_w1seq_s44_v1_ep5__corrected_chatml_v1_eos__objective_4000_qids__image_only__direct::exact_full,corrected_chatml_v1_eos,corrected_objective_ab:bridge_ijepa_w1seq_s44_v1_ep5,objective_4000_qids,ijepa,,none,relate,1342,exact_full,34.42623,14.157973,20.268256,outputs/eval/objective_ab_2291075/bridge_ijepa_w1seq_s44_v1_ep5__corrected_chatml_v1_eos__objective_4000_qids__image_only__direct_records.json
corrected_objective_ab:bridge_ijepa_w1seq_s44_v1_ep5::bridge_ijepa_w1seq_s44_v1_ep5__corrected_chatml_v1_eos__objective_4000_qids__image_only__direct::vqa_soft,corrected_chatml_v1_eos,corrected_objective_ab:bridge_ijepa_w1seq_s44_v1_ep5,objective_4000_qids,ijepa,,none,choose,489,vqa_soft,63.190184,49.693252,13.496933,outputs/eval/objective_ab_2291075/bridge_ijepa_w1seq_s44_v1_ep5__corrected_chatml_v1_eos__objective_4000_qids__image_only__direct_records.json
corrected_objective_ab:bridge_ijepa_w1seq_s44_v1_ep5::bridge_ijepa_w1seq_s44_v1_ep5__corrected_chatml_v1_eos__objective_4000_qids__image_only__direct::vqa_soft,corrected_chatml_v1_eos,corrected_objective_ab:bridge_ijepa_w1seq_s44_v1_ep5,objective_4000_qids,ijepa,,none,compare,129,vqa_soft,48.837209,44.96124,3.875969,outputs/eval/objective_ab_2291075/bridge_ijepa_w1seq_s44_v1_ep5__corrected_chatml_v1_eos__objective_4000_qids__image_only__direct_records.json
corrected_objective_ab:bridge_ijepa_w1seq_s44_v1_ep5::bridge_ijepa_w1seq_s44_v1_ep5__corrected_chatml_v1_eos__objective_4000_qids__image_only__direct::vqa_soft,corrected_chatml_v1_eos,corrected_objective_ab:bridge_ijepa_w1seq_s44_v1_ep5,objective_4000_qids,ijepa,,none,exist,726,vqa_soft,57.024793,48.760331,8.264463,outputs/eval/objective_ab_2291075/bridge_ijepa_w1seq_s44_v1_ep5__corrected_chatml_v1_eos__objective_4000_qids__image_only__direct_records.json
corrected_objective_ab:bridge_ijepa_w1seq_s44_v1_ep5::bridge_ijepa_w1seq_s44_v1_ep5__corrected_chatml_v1_eos__objective_4000_qids__image_only__direct::vqa_soft,corrected_chatml_v1_eos,corrected_objective_ab:bridge_ijepa_w1seq_s44_v1_ep5,objective_4000_qids,ijepa,,none,other,1314,vqa_soft,45.509893,30.060883,15.449011,outputs/eval/objective_ab_2291075/bridge_ijepa_w1seq_s44_v1_ep5__corrected_chatml_v1_eos__objective_4000_qids__image_only__direct_records.json
corrected_objective_ab:bridge_ijepa_w1seq_s44_v1_ep5::bridge_ijepa_w1seq_s44_v1_ep5__corrected_chatml_v1_eos__objective_4000_qids__image_only__direct::vqa_soft,corrected_chatml_v1_eos,corrected_objective_ab:bridge_ijepa_w1seq_s44_v1_ep5,objective_4000_qids,ijepa,,none,relate,1342,vqa_soft,35.469449,15.052161,20.417288,outputs/eval/objective_ab_2291075/bridge_ijepa_w1seq_s44_v1_ep5__corrected_chatml_v1_eos__objective_4000_qids__image_only__direct_records.json
corrected_testdev:bridge_clip_w1_bf16_v1_ep5::bridge_clip_w1_bf16_v1_ep5__corrected_chatml_v1_eos__testdev_12578_qids__image_only__direct::exact,corrected_chatml_v1_eos,corrected_testdev:bridge_clip_w1_bf16_v1_ep5,testdev_12578_qids,clip,mlp256,none,choose,1129,exact,61.116032,47.475642,13.64039,outputs/eval/testdev/bridge_clip_w1_bf16_v1_ep5__corrected_chatml_v1_eos__testdev_12578_qids__image_only__direct_records.json
corrected_testdev:bridge_clip_w1_bf16_v1_ep5::bridge_clip_w1_bf16_v1_ep5__corrected_chatml_v1_eos__testdev_12578_qids__image_only__direct::exact,corrected_chatml_v1_eos,corrected_testdev:bridge_clip_w1_bf16_v1_ep5,testdev_12578_qids,clip,mlp256,none,compare,589,exact,51.443124,50.933786,0.509338,outputs/eval/testdev/bridge_clip_w1_bf16_v1_ep5__corrected_chatml_v1_eos__testdev_12578_qids__image_only__direct_records.json
corrected_testdev:bridge_clip_w1_bf16_v1_ep5::bridge_clip_w1_bf16_v1_ep5__corrected_chatml_v1_eos__testdev_12578_qids__image_only__direct::exact,corrected_chatml_v1_eos,corrected_testdev:bridge_clip_w1_bf16_v1_ep5,testdev_12578_qids,clip,mlp256,none,exist,1124,exact,65.836299,37.366548,28.469751,outputs/eval/testdev/bridge_clip_w1_bf16_v1_ep5__corrected_chatml_v1_eos__testdev_12578_qids__image_only__direct_records.json
corrected_testdev:bridge_clip_w1_bf16_v1_ep5::bridge_clip_w1_bf16_v1_ep5__corrected_chatml_v1_eos__testdev_12578_qids__image_only__direct::exact,corrected_chatml_v1_eos,corrected_testdev:bridge_clip_w1_bf16_v1_ep5,testdev_12578_qids,clip,mlp256,none,other,5074,exact,47.89121,28.57706,19.314151,outputs/eval/testdev/bridge_clip_w1_bf16_v1_ep5__corrected_chatml_v1_eos__testdev_12578_qids__image_only__direct_records.json
corrected_testdev:bridge_clip_w1_bf16_v1_ep5::bridge_clip_w1_bf16_v1_ep5__corrected_chatml_v1_eos__testdev_12578_qids__image_only__direct::exact,corrected_chatml_v1_eos,corrected_testdev:bridge_clip_w1_bf16_v1_ep5,testdev_12578_qids,clip,mlp256,none,relate,4662,exact,35.735736,14.135564,21.600172,outputs/eval/testdev/bridge_clip_w1_bf16_v1_ep5__corrected_chatml_v1_eos__testdev_12578_qids__image_only__direct_records.json
corrected_testdev:bridge_clip_w1_bf16_v1_ep5::bridge_clip_w1_bf16_v1_ep5__corrected_chatml_v1_eos__testdev_12578_qids__image_only__direct::exact_full,corrected_chatml_v1_eos,corrected_testdev:bridge_clip_w1_bf16_v1_ep5,testdev_12578_qids,clip,mlp256,none,choose,1129,exact_full,61.116032,47.475642,13.64039,outputs/eval/testdev/bridge_clip_w1_bf16_v1_ep5__corrected_chatml_v1_eos__testdev_12578_qids__image_only__direct_records.json
corrected_testdev:bridge_clip_w1_bf16_v1_ep5::bridge_clip_w1_bf16_v1_ep5__corrected_chatml_v1_eos__testdev_12578_qids__image_only__direct::exact_full,corrected_chatml_v1_eos,corrected_testdev:bridge_clip_w1_bf16_v1_ep5,testdev_12578_qids,clip,mlp256,none,compare,589,exact_full,51.443124,50.933786,0.509338,outputs/eval/testdev/bridge_clip_w1_bf16_v1_ep5__corrected_chatml_v1_eos__testdev_12578_qids__image_only__direct_records.json
corrected_testdev:bridge_clip_w1_bf16_v1_ep5::bridge_clip_w1_bf16_v1_ep5__corrected_chatml_v1_eos__testdev_12578_qids__image_only__direct::exact_full,corrected_chatml_v1_eos,corrected_testdev:bridge_clip_w1_bf16_v1_ep5,testdev_12578_qids,clip,mlp256,none,exist,1124,exact_full,65.836299,37.366548,28.469751,outputs/eval/testdev/bridge_clip_w1_bf16_v1_ep5__corrected_chatml_v1_eos__testdev_12578_qids__image_only__direct_records.json
corrected_testdev:bridge_clip_w1_bf16_v1_ep5::bridge_clip_w1_bf16_v1_ep5__corrected_chatml_v1_eos__testdev_12578_qids__image_only__direct::exact_full,corrected_chatml_v1_eos,corrected_testdev:bridge_clip_w1_bf16_v1_ep5,testdev_12578_qids,clip,mlp256,none,other,5074,exact_full,47.89121,28.57706,19.314151,outputs/eval/testdev/bridge_clip_w1_bf16_v1_ep5__corrected_chatml_v1_eos__testdev_12578_qids__image_only__direct_records.json
corrected_testdev:bridge_clip_w1_bf16_v1_ep5::bridge_clip_w1_bf16_v1_ep5__corrected_chatml_v1_eos__testdev_12578_qids__image_only__direct::exact_full,corrected_chatml_v1_eos,corrected_testdev:bridge_clip_w1_bf16_v1_ep5,testdev_12578_qids,clip,mlp256,none,relate,4662,exact_full,35.735736,14.135564,21.600172,outputs/eval/testdev/bridge_clip_w1_bf16_v1_ep5__corrected_chatml_v1_eos__testdev_12578_qids__image_only__direct_records.json
corrected_testdev:bridge_clip_w1_bf16_v1_ep5::bridge_clip_w1_bf16_v1_ep5__corrected_chatml_v1_eos__testdev_12578_qids__image_only__direct::vqa_soft,corrected_chatml_v1_eos,corrected_testdev:bridge_clip_w1_bf16_v1_ep5,testdev_12578_qids,clip,mlp256,none,choose,1129,vqa_soft,61.29318,49.158547,12.134632,outputs/eval/testdev/bridge_clip_w1_bf16_v1_ep5__corrected_chatml_v1_eos__testdev_12578_qids__image_only__direct_records.json
corrected_testdev:bridge_clip_w1_bf16_v1_ep5::bridge_clip_w1_bf16_v1_ep5__corrected_chatml_v1_eos__testdev_12578_qids__image_only__direct::vqa_soft,corrected_chatml_v1_eos,corrected_testdev:bridge_clip_w1_bf16_v1_ep5,testdev_12578_qids,clip,mlp256,none,compare,589,vqa_soft,51.443124,52.29202,-0.848896,outputs/eval/testdev/bridge_clip_w1_bf16_v1_ep5__corrected_chatml_v1_eos__testdev_12578_qids__image_only__direct_records.json
corrected_testdev:bridge_clip_w1_bf16_v1_ep5::bridge_clip_w1_bf16_v1_ep5__corrected_chatml_v1_eos__testdev_12578_qids__image_only__direct::vqa_soft,corrected_chatml_v1_eos,corrected_testdev:bridge_clip_w1_bf16_v1_ep5,testdev_12578_qids,clip,mlp256,none,exist,1124,vqa_soft,65.836299,47.064057,18.772242,outputs/eval/testdev/bridge_clip_w1_bf16_v1_ep5__corrected_chatml_v1_eos__testdev_12578_qids__image_only__direct_records.json
corrected_testdev:bridge_clip_w1_bf16_v1_ep5::bridge_clip_w1_bf16_v1_ep5__corrected_chatml_v1_eos__testdev_12578_qids__image_only__direct::vqa_soft,corrected_chatml_v1_eos,corrected_testdev:bridge_clip_w1_bf16_v1_ep5,testdev_12578_qids,clip,mlp256,none,other,5074,vqa_soft,48.265668,31.099724,17.165944,outputs/eval/testdev/bridge_clip_w1_bf16_v1_ep5__corrected_chatml_v1_eos__testdev_12578_qids__image_only__direct_records.json
corrected_testdev:bridge_clip_w1_bf16_v1_ep5::bridge_clip_w1_bf16_v1_ep5__corrected_chatml_v1_eos__testdev_12578_qids__image_only__direct::vqa_soft,corrected_chatml_v1_eos,corrected_testdev:bridge_clip_w1_bf16_v1_ep5,testdev_12578_qids,clip,mlp256,none,relate,4662,vqa_soft,36.529387,14.950665,21.578722,outputs/eval/testdev/bridge_clip_w1_bf16_v1_ep5__corrected_chatml_v1_eos__testdev_12578_qids__image_only__direct_records.json
corrected_testdev:bridge_clip_w1qf_bf16_v1_ep5::bridge_clip_w1qf_bf16_v1_ep5__corrected_chatml_v1_eos__testdev_12578_qids__image_only__direct::exact,corrected_chatml_v1_eos,corrected_testdev:bridge_clip_w1qf_bf16_v1_ep5,testdev_12578_qids,clip,qformer32,none,choose,1129,exact,55.181577,47.475642,7.705934,outputs/eval/testdev/bridge_clip_w1qf_bf16_v1_ep5__corrected_chatml_v1_eos__testdev_12578_qids__image_only__direct_records.json
corrected_testdev:bridge_clip_w1qf_bf16_v1_ep5::bridge_clip_w1qf_bf16_v1_ep5__corrected_chatml_v1_eos__testdev_12578_qids__image_only__direct::exact,corrected_chatml_v1_eos,corrected_testdev:bridge_clip_w1qf_bf16_v1_ep5,testdev_12578_qids,clip,qformer32,none,compare,589,exact,49.066214,50.933786,-1.867572,outputs/eval/testdev/bridge_clip_w1qf_bf16_v1_ep5__corrected_chatml_v1_eos__testdev_12578_qids__image_only__direct_records.json
corrected_testdev:bridge_clip_w1qf_bf16_v1_ep5::bridge_clip_w1qf_bf16_v1_ep5__corrected_chatml_v1_eos__testdev_12578_qids__image_only__direct::exact,corrected_chatml_v1_eos,corrected_testdev:bridge_clip_w1qf_bf16_v1_ep5,testdev_12578_qids,clip,qformer32,none,exist,1124,exact,57.651246,37.366548,20.284698,outputs/eval/testdev/bridge_clip_w1qf_bf16_v1_ep5__corrected_chatml_v1_eos__testdev_12578_qids__image_only__direct_records.json
corrected_testdev:bridge_clip_w1qf_bf16_v1_ep5::bridge_clip_w1qf_bf16_v1_ep5__corrected_chatml_v1_eos__testdev_12578_qids__image_only__direct::exact,corrected_chatml_v1_eos,corrected_testdev:bridge_clip_w1qf_bf16_v1_ep5,testdev_12578_qids,clip,qformer32,none,other,5074,exact,41.032716,28.57706,12.455656,outputs/eval/testdev/bridge_clip_w1qf_bf16_v1_ep5__corrected_chatml_v1_eos__testdev_12578_qids__image_only__direct_records.json
corrected_testdev:bridge_clip_w1qf_bf16_v1_ep5::bridge_clip_w1qf_bf16_v1_ep5__corrected_chatml_v1_eos__testdev_12578_qids__image_only__direct::exact,corrected_chatml_v1_eos,corrected_testdev:bridge_clip_w1qf_bf16_v1_ep5,testdev_12578_qids,clip,qformer32,none,relate,4662,exact,28.056628,14.135564,13.921064,outputs/eval/testdev/bridge_clip_w1qf_bf16_v1_ep5__corrected_chatml_v1_eos__testdev_12578_qids__image_only__direct_records.json
corrected_testdev:bridge_clip_w1qf_bf16_v1_ep5::bridge_clip_w1qf_bf16_v1_ep5__corrected_chatml_v1_eos__testdev_12578_qids__image_only__direct::exact_full,corrected_chatml_v1_eos,corrected_testdev:bridge_clip_w1qf_bf16_v1_ep5,testdev_12578_qids,clip,qformer32,none,choose,1129,exact_full,55.181577,47.475642,7.705934,outputs/eval/testdev/bridge_clip_w1qf_bf16_v1_ep5__corrected_chatml_v1_eos__testdev_12578_qids__image_only__direct_records.json
corrected_testdev:bridge_clip_w1qf_bf16_v1_ep5::bridge_clip_w1qf_bf16_v1_ep5__corrected_chatml_v1_eos__testdev_12578_qids__image_only__direct::exact_full,corrected_chatml_v1_eos,corrected_testdev:bridge_clip_w1qf_bf16_v1_ep5,testdev_12578_qids,clip,qformer32,none,compare,589,exact_full,49.066214,50.933786,-1.867572,outputs/eval/testdev/bridge_clip_w1qf_bf16_v1_ep5__corrected_chatml_v1_eos__testdev_12578_qids__image_only__direct_records.json
corrected_testdev:bridge_clip_w1qf_bf16_v1_ep5::bridge_clip_w1qf_bf16_v1_ep5__corrected_chatml_v1_eos__testdev_12578_qids__image_only__direct::exact_full,corrected_chatml_v1_eos,corrected_testdev:bridge_clip_w1qf_bf16_v1_ep5,testdev_12578_qids,clip,qformer32,none,exist,1124,exact_full,57.651246,37.366548,20.284698,outputs/eval/testdev/bridge_clip_w1qf_bf16_v1_ep5__corrected_chatml_v1_eos__testdev_12578_qids__image_only__direct_records.json
corrected_testdev:bridge_clip_w1qf_bf16_v1_ep5::bridge_clip_w1qf_bf16_v1_ep5__corrected_chatml_v1_eos__testdev_12578_qids__image_only__direct::exact_full,corrected_chatml_v1_eos,corrected_testdev:bridge_clip_w1qf_bf16_v1_ep5,testdev_12578_qids,clip,qformer32,none,other,5074,exact_full,41.032716,28.57706,12.455656,outputs/eval/testdev/bridge_clip_w1qf_bf16_v1_ep5__corrected_chatml_v1_eos__testdev_12578_qids__image_only__direct_records.json
corrected_testdev:bridge_clip_w1qf_bf16_v1_ep5::bridge_clip_w1qf_bf16_v1_ep5__corrected_chatml_v1_eos__testdev_12578_qids__image_only__direct::exact_full,corrected_chatml_v1_eos,corrected_testdev:bridge_clip_w1qf_bf16_v1_ep5,testdev_12578_qids,clip,qformer32,none,relate,4662,exact_full,28.056628,14.135564,13.921064,outputs/eval/testdev/bridge_clip_w1qf_bf16_v1_ep5__corrected_chatml_v1_eos__testdev_12578_qids__image_only__direct_records.json
corrected_testdev:bridge_clip_w1qf_bf16_v1_ep5::bridge_clip_w1qf_bf16_v1_ep5__corrected_chatml_v1_eos__testdev_12578_qids__image_only__direct::vqa_soft,corrected_chatml_v1_eos,corrected_testdev:bridge_clip_w1qf_bf16_v1_ep5,testdev_12578_qids,clip,qformer32,none,choose,1129,vqa_soft,55.358725,49.158547,6.200177,outputs/eval/testdev/bridge_clip_w1qf_bf16_v1_ep5__corrected_chatml_v1_eos__testdev_12578_qids__image_only__direct_records.json
corrected_testdev:bridge_clip_w1qf_bf16_v1_ep5::bridge_clip_w1qf_bf16_v1_ep5__corrected_chatml_v1_eos__testdev_12578_qids__image_only__direct::vqa_soft,corrected_chatml_v1_eos,corrected_testdev:bridge_clip_w1qf_bf16_v1_ep5,testdev_12578_qids,clip,qformer32,none,compare,589,vqa_soft,49.066214,52.29202,-3.225806,outputs/eval/testdev/bridge_clip_w1qf_bf16_v1_ep5__corrected_chatml_v1_eos__testdev_12578_qids__image_only__direct_records.json
corrected_testdev:bridge_clip_w1qf_bf16_v1_ep5::bridge_clip_w1qf_bf16_v1_ep5__corrected_chatml_v1_eos__testdev_12578_qids__image_only__direct::vqa_soft,corrected_chatml_v1_eos,corrected_testdev:bridge_clip_w1qf_bf16_v1_ep5,testdev_12578_qids,clip,qformer32,none,exist,1124,vqa_soft,57.651246,47.064057,10.587189,outputs/eval/testdev/bridge_clip_w1qf_bf16_v1_ep5__corrected_chatml_v1_eos__testdev_12578_qids__image_only__direct_records.json
corrected_testdev:bridge_clip_w1qf_bf16_v1_ep5::bridge_clip_w1qf_bf16_v1_ep5__corrected_chatml_v1_eos__testdev_12578_qids__image_only__direct::vqa_soft,corrected_chatml_v1_eos,corrected_testdev:bridge_clip_w1qf_bf16_v1_ep5,testdev_12578_qids,clip,qformer32,none,other,5074,vqa_soft,41.426882,31.099724,10.327158,outputs/eval/testdev/bridge_clip_w1qf_bf16_v1_ep5__corrected_chatml_v1_eos__testdev_12578_qids__image_only__direct_records.json
corrected_testdev:bridge_clip_w1qf_bf16_v1_ep5::bridge_clip_w1qf_bf16_v1_ep5__corrected_chatml_v1_eos__testdev_12578_qids__image_only__direct::vqa_soft,corrected_chatml_v1_eos,corrected_testdev:bridge_clip_w1qf_bf16_v1_ep5,testdev_12578_qids,clip,qformer32,none,relate,4662,vqa_soft,28.549979,14.950665,13.599314,outputs/eval/testdev/bridge_clip_w1qf_bf16_v1_ep5__corrected_chatml_v1_eos__testdev_12578_qids__image_only__direct_records.json
corrected_testdev:bridge_dinov2_w1_bf16_v1_ep5::bridge_dinov2_w1_bf16_v1_ep5__corrected_chatml_v1_eos__testdev_12578_qids__image_only__direct::exact,corrected_chatml_v1_eos,corrected_testdev:bridge_dinov2_w1_bf16_v1_ep5,testdev_12578_qids,dinov2,mlp256,none,choose,1129,exact,60.85031,47.475642,13.374668,outputs/eval/testdev/bridge_dinov2_w1_bf16_v1_ep5__corrected_chatml_v1_eos__testdev_12578_qids__image_only__direct_records.json
corrected_testdev:bridge_dinov2_w1_bf16_v1_ep5::bridge_dinov2_w1_bf16_v1_ep5__corrected_chatml_v1_eos__testdev_12578_qids__image_only__direct::exact,corrected_chatml_v1_eos,corrected_testdev:bridge_dinov2_w1_bf16_v1_ep5,testdev_12578_qids,dinov2,mlp256,none,compare,589,exact,51.782683,50.933786,0.848896,outputs/eval/testdev/bridge_dinov2_w1_bf16_v1_ep5__corrected_chatml_v1_eos__testdev_12578_qids__image_only__direct_records.json
corrected_testdev:bridge_dinov2_w1_bf16_v1_ep5::bridge_dinov2_w1_bf16_v1_ep5__corrected_chatml_v1_eos__testdev_12578_qids__image_only__direct::exact,corrected_chatml_v1_eos,corrected_testdev:bridge_dinov2_w1_bf16_v1_ep5,testdev_12578_qids,dinov2,mlp256,none,exist,1124,exact,61.032028,37.366548,23.66548,outputs/eval/testdev/bridge_dinov2_w1_bf16_v1_ep5__corrected_chatml_v1_eos__testdev_12578_qids__image_only__direct_records.json
corrected_testdev:bridge_dinov2_w1_bf16_v1_ep5::bridge_dinov2_w1_bf16_v1_ep5__corrected_chatml_v1_eos__testdev_12578_qids__image_only__direct::exact,corrected_chatml_v1_eos,corrected_testdev:bridge_dinov2_w1_bf16_v1_ep5,testdev_12578_qids,dinov2,mlp256,none,other,5074,exact,46.097753,28.57706,17.520694,outputs/eval/testdev/bridge_dinov2_w1_bf16_v1_ep5__corrected_chatml_v1_eos__testdev_12578_qids__image_only__direct_records.json
corrected_testdev:bridge_dinov2_w1_bf16_v1_ep5::bridge_dinov2_w1_bf16_v1_ep5__corrected_chatml_v1_eos__testdev_12578_qids__image_only__direct::exact,corrected_chatml_v1_eos,corrected_testdev:bridge_dinov2_w1_bf16_v1_ep5,testdev_12578_qids,dinov2,mlp256,none,relate,4662,exact,35.027885,14.135564,20.892321,outputs/eval/testdev/bridge_dinov2_w1_bf16_v1_ep5__corrected_chatml_v1_eos__testdev_12578_qids__image_only__direct_records.json
corrected_testdev:bridge_dinov2_w1_bf16_v1_ep5::bridge_dinov2_w1_bf16_v1_ep5__corrected_chatml_v1_eos__testdev_12578_qids__image_only__direct::exact_full,corrected_chatml_v1_eos,corrected_testdev:bridge_dinov2_w1_bf16_v1_ep5,testdev_12578_qids,dinov2,mlp256,none,choose,1129,exact_full,60.85031,47.475642,13.374668,outputs/eval/testdev/bridge_dinov2_w1_bf16_v1_ep5__corrected_chatml_v1_eos__testdev_12578_qids__image_only__direct_records.json
corrected_testdev:bridge_dinov2_w1_bf16_v1_ep5::bridge_dinov2_w1_bf16_v1_ep5__corrected_chatml_v1_eos__testdev_12578_qids__image_only__direct::exact_full,corrected_chatml_v1_eos,corrected_testdev:bridge_dinov2_w1_bf16_v1_ep5,testdev_12578_qids,dinov2,mlp256,none,compare,589,exact_full,51.782683,50.933786,0.848896,outputs/eval/testdev/bridge_dinov2_w1_bf16_v1_ep5__corrected_chatml_v1_eos__testdev_12578_qids__image_only__direct_records.json
corrected_testdev:bridge_dinov2_w1_bf16_v1_ep5::bridge_dinov2_w1_bf16_v1_ep5__corrected_chatml_v1_eos__testdev_12578_qids__image_only__direct::exact_full,corrected_chatml_v1_eos,corrected_testdev:bridge_dinov2_w1_bf16_v1_ep5,testdev_12578_qids,dinov2,mlp256,none,exist,1124,exact_full,61.032028,37.366548,23.66548,outputs/eval/testdev/bridge_dinov2_w1_bf16_v1_ep5__corrected_chatml_v1_eos__testdev_12578_qids__image_only__direct_records.json
corrected_testdev:bridge_dinov2_w1_bf16_v1_ep5::bridge_dinov2_w1_bf16_v1_ep5__corrected_chatml_v1_eos__testdev_12578_qids__image_only__direct::exact_full,corrected_chatml_v1_eos,corrected_testdev:bridge_dinov2_w1_bf16_v1_ep5,testdev_12578_qids,dinov2,mlp256,none,other,5074,exact_full,46.097753,28.57706,17.520694,outputs/eval/testdev/bridge_dinov2_w1_bf16_v1_ep5__corrected_chatml_v1_eos__testdev_12578_qids__image_only__direct_records.json
corrected_testdev:bridge_dinov2_w1_bf16_v1_ep5::bridge_dinov2_w1_bf16_v1_ep5__corrected_chatml_v1_eos__testdev_12578_qids__image_only__direct::exact_full,corrected_chatml_v1_eos,corrected_testdev:bridge_dinov2_w1_bf16_v1_ep5,testdev_12578_qids,dinov2,mlp256,none,relate,4662,exact_full,35.027885,14.135564,20.892321,outputs/eval/testdev/bridge_dinov2_w1_bf16_v1_ep5__corrected_chatml_v1_eos__testdev_12578_qids__image_only__direct_records.json
corrected_testdev:bridge_dinov2_w1_bf16_v1_ep5::bridge_dinov2_w1_bf16_v1_ep5__corrected_chatml_v1_eos__testdev_12578_qids__image_only__direct::vqa_soft,corrected_chatml_v1_eos,corrected_testdev:bridge_dinov2_w1_bf16_v1_ep5,testdev_12578_qids,dinov2,mlp256,none,choose,1129,vqa_soft,60.938884,49.158547,11.780337,outputs/eval/testdev/bridge_dinov2_w1_bf16_v1_ep5__corrected_chatml_v1_eos__testdev_12578_qids__image_only__direct_records.json
corrected_testdev:bridge_dinov2_w1_bf16_v1_ep5::bridge_dinov2_w1_bf16_v1_ep5__corrected_chatml_v1_eos__testdev_12578_qids__image_only__direct::vqa_soft,corrected_chatml_v1_eos,corrected_testdev:bridge_dinov2_w1_bf16_v1_ep5,testdev_12578_qids,dinov2,mlp256,none,compare,589,vqa_soft,51.782683,52.29202,-0.509338,outputs/eval/testdev/bridge_dinov2_w1_bf16_v1_ep5__corrected_chatml_v1_eos__testdev_12578_qids__image_only__direct_records.json
corrected_testdev:bridge_dinov2_w1_bf16_v1_ep5::bridge_dinov2_w1_bf16_v1_ep5__corrected_chatml_v1_eos__testdev_12578_qids__image_only__direct::vqa_soft,corrected_chatml_v1_eos,corrected_testdev:bridge_dinov2_w1_bf16_v1_ep5,testdev_12578_qids,dinov2,mlp256,none,exist,1124,vqa_soft,61.032028,47.064057,13.967972,outputs/eval/testdev/bridge_dinov2_w1_bf16_v1_ep5__corrected_chatml_v1_eos__testdev_12578_qids__image_only__direct_records.json
corrected_testdev:bridge_dinov2_w1_bf16_v1_ep5::bridge_dinov2_w1_bf16_v1_ep5__corrected_chatml_v1_eos__testdev_12578_qids__image_only__direct::vqa_soft,corrected_chatml_v1_eos,corrected_testdev:bridge_dinov2_w1_bf16_v1_ep5,testdev_12578_qids,dinov2,mlp256,none,other,5074,vqa_soft,46.452503,31.099724,15.352779,outputs/eval/testdev/bridge_dinov2_w1_bf16_v1_ep5__corrected_chatml_v1_eos__testdev_12578_qids__image_only__direct_records.json
corrected_testdev:bridge_dinov2_w1_bf16_v1_ep5::bridge_dinov2_w1_bf16_v1_ep5__corrected_chatml_v1_eos__testdev_12578_qids__image_only__direct::vqa_soft,corrected_chatml_v1_eos,corrected_testdev:bridge_dinov2_w1_bf16_v1_ep5,testdev_12578_qids,dinov2,mlp256,none,relate,4662,vqa_soft,35.607036,14.950665,20.656371,outputs/eval/testdev/bridge_dinov2_w1_bf16_v1_ep5__corrected_chatml_v1_eos__testdev_12578_qids__image_only__direct_records.json
corrected_testdev:bridge_dinov2_w1qf_bf16_v1_ep5::bridge_dinov2_w1qf_bf16_v1_ep5__corrected_chatml_v1_eos__testdev_12578_qids__image_only__direct::exact,corrected_chatml_v1_eos,corrected_testdev:bridge_dinov2_w1qf_bf16_v1_ep5,testdev_12578_qids,dinov2,qformer32,none,choose,1129,exact,54.738707,47.475642,7.263065,outputs/eval/testdev/bridge_dinov2_w1qf_bf16_v1_ep5__corrected_chatml_v1_eos__testdev_12578_qids__image_only__direct_records.json
corrected_testdev:bridge_dinov2_w1qf_bf16_v1_ep5::bridge_dinov2_w1qf_bf16_v1_ep5__corrected_chatml_v1_eos__testdev_12578_qids__image_only__direct::exact,corrected_chatml_v1_eos,corrected_testdev:bridge_dinov2_w1qf_bf16_v1_ep5,testdev_12578_qids,dinov2,qformer32,none,compare,589,exact,50.424448,50.933786,-0.509338,outputs/eval/testdev/bridge_dinov2_w1qf_bf16_v1_ep5__corrected_chatml_v1_eos__testdev_12578_qids__image_only__direct_records.json
corrected_testdev:bridge_dinov2_w1qf_bf16_v1_ep5::bridge_dinov2_w1qf_bf16_v1_ep5__corrected_chatml_v1_eos__testdev_12578_qids__image_only__direct::exact,corrected_chatml_v1_eos,corrected_testdev:bridge_dinov2_w1qf_bf16_v1_ep5,testdev_12578_qids,dinov2,qformer32,none,exist,1124,exact,57.918149,37.366548,20.551601,outputs/eval/testdev/bridge_dinov2_w1qf_bf16_v1_ep5__corrected_chatml_v1_eos__testdev_12578_qids__image_only__direct_records.json
corrected_testdev:bridge_dinov2_w1qf_bf16_v1_ep5::bridge_dinov2_w1qf_bf16_v1_ep5__corrected_chatml_v1_eos__testdev_12578_qids__image_only__direct::exact,corrected_chatml_v1_eos,corrected_testdev:bridge_dinov2_w1qf_bf16_v1_ep5,testdev_12578_qids,dinov2,qformer32,none,other,5074,exact,41.150966,28.57706,12.573906,outputs/eval/testdev/bridge_dinov2_w1qf_bf16_v1_ep5__corrected_chatml_v1_eos__testdev_12578_qids__image_only__direct_records.json
corrected_testdev:bridge_dinov2_w1qf_bf16_v1_ep5::bridge_dinov2_w1qf_bf16_v1_ep5__corrected_chatml_v1_eos__testdev_12578_qids__image_only__direct::exact,corrected_chatml_v1_eos,corrected_testdev:bridge_dinov2_w1qf_bf16_v1_ep5,testdev_12578_qids,dinov2,qformer32,none,relate,4662,exact,27.713428,14.135564,13.577864,outputs/eval/testdev/bridge_dinov2_w1qf_bf16_v1_ep5__corrected_chatml_v1_eos__testdev_12578_qids__image_only__direct_records.json
corrected_testdev:bridge_dinov2_w1qf_bf16_v1_ep5::bridge_dinov2_w1qf_bf16_v1_ep5__corrected_chatml_v1_eos__testdev_12578_qids__image_only__direct::exact_full,corrected_chatml_v1_eos,corrected_testdev:bridge_dinov2_w1qf_bf16_v1_ep5,testdev_12578_qids,dinov2,qformer32,none,choose,1129,exact_full,54.738707,47.475642,7.263065,outputs/eval/testdev/bridge_dinov2_w1qf_bf16_v1_ep5__corrected_chatml_v1_eos__testdev_12578_qids__image_only__direct_records.json
corrected_testdev:bridge_dinov2_w1qf_bf16_v1_ep5::bridge_dinov2_w1qf_bf16_v1_ep5__corrected_chatml_v1_eos__testdev_12578_qids__image_only__direct::exact_full,corrected_chatml_v1_eos,corrected_testdev:bridge_dinov2_w1qf_bf16_v1_ep5,testdev_12578_qids,dinov2,qformer32,none,compare,589,exact_full,50.424448,50.933786,-0.509338,outputs/eval/testdev/bridge_dinov2_w1qf_bf16_v1_ep5__corrected_chatml_v1_eos__testdev_12578_qids__image_only__direct_records.json
corrected_testdev:bridge_dinov2_w1qf_bf16_v1_ep5::bridge_dinov2_w1qf_bf16_v1_ep5__corrected_chatml_v1_eos__testdev_12578_qids__image_only__direct::exact_full,corrected_chatml_v1_eos,corrected_testdev:bridge_dinov2_w1qf_bf16_v1_ep5,testdev_12578_qids,dinov2,qformer32,none,exist,1124,exact_full,57.918149,37.366548,20.551601,outputs/eval/testdev/bridge_dinov2_w1qf_bf16_v1_ep5__corrected_chatml_v1_eos__testdev_12578_qids__image_only__direct_records.json
corrected_testdev:bridge_dinov2_w1qf_bf16_v1_ep5::bridge_dinov2_w1qf_bf16_v1_ep5__corrected_chatml_v1_eos__testdev_12578_qids__image_only__direct::exact_full,corrected_chatml_v1_eos,corrected_testdev:bridge_dinov2_w1qf_bf16_v1_ep5,testdev_12578_qids,dinov2,qformer32,none,other,5074,exact_full,41.150966,28.57706,12.573906,outputs/eval/testdev/bridge_dinov2_w1qf_bf16_v1_ep5__corrected_chatml_v1_eos__testdev_12578_qids__image_only__direct_records.json
corrected_testdev:bridge_dinov2_w1qf_bf16_v1_ep5::bridge_dinov2_w1qf_bf16_v1_ep5__corrected_chatml_v1_eos__testdev_12578_qids__image_only__direct::exact_full,corrected_chatml_v1_eos,corrected_testdev:bridge_dinov2_w1qf_bf16_v1_ep5,testdev_12578_qids,dinov2,qformer32,none,relate,4662,exact_full,27.713428,14.135564,13.577864,outputs/eval/testdev/bridge_dinov2_w1qf_bf16_v1_ep5__corrected_chatml_v1_eos__testdev_12578_qids__image_only__direct_records.json
corrected_testdev:bridge_dinov2_w1qf_bf16_v1_ep5::bridge_dinov2_w1qf_bf16_v1_ep5__corrected_chatml_v1_eos__testdev_12578_qids__image_only__direct::vqa_soft,corrected_chatml_v1_eos,corrected_testdev:bridge_dinov2_w1qf_bf16_v1_ep5,testdev_12578_qids,dinov2,qformer32,none,choose,1129,vqa_soft,54.738707,49.158547,5.580159,outputs/eval/testdev/bridge_dinov2_w1qf_bf16_v1_ep5__corrected_chatml_v1_eos__testdev_12578_qids__image_only__direct_records.json
corrected_testdev:bridge_dinov2_w1qf_bf16_v1_ep5::bridge_dinov2_w1qf_bf16_v1_ep5__corrected_chatml_v1_eos__testdev_12578_qids__image_only__direct::vqa_soft,corrected_chatml_v1_eos,corrected_testdev:bridge_dinov2_w1qf_bf16_v1_ep5,testdev_12578_qids,dinov2,qformer32,none,compare,589,vqa_soft,50.424448,52.29202,-1.867572,outputs/eval/testdev/bridge_dinov2_w1qf_bf16_v1_ep5__corrected_chatml_v1_eos__testdev_12578_qids__image_only__direct_records.json
corrected_testdev:bridge_dinov2_w1qf_bf16_v1_ep5::bridge_dinov2_w1qf_bf16_v1_ep5__corrected_chatml_v1_eos__testdev_12578_qids__image_only__direct::vqa_soft,corrected_chatml_v1_eos,corrected_testdev:bridge_dinov2_w1qf_bf16_v1_ep5,testdev_12578_qids,dinov2,qformer32,none,exist,1124,vqa_soft,57.918149,47.064057,10.854093,outputs/eval/testdev/bridge_dinov2_w1qf_bf16_v1_ep5__corrected_chatml_v1_eos__testdev_12578_qids__image_only__direct_records.json
corrected_testdev:bridge_dinov2_w1qf_bf16_v1_ep5::bridge_dinov2_w1qf_bf16_v1_ep5__corrected_chatml_v1_eos__testdev_12578_qids__image_only__direct::vqa_soft,corrected_chatml_v1_eos,corrected_testdev:bridge_dinov2_w1qf_bf16_v1_ep5,testdev_12578_qids,dinov2,qformer32,none,other,5074,vqa_soft,41.407174,31.099724,10.30745,outputs/eval/testdev/bridge_dinov2_w1qf_bf16_v1_ep5__corrected_chatml_v1_eos__testdev_12578_qids__image_only__direct_records.json
corrected_testdev:bridge_dinov2_w1qf_bf16_v1_ep5::bridge_dinov2_w1qf_bf16_v1_ep5__corrected_chatml_v1_eos__testdev_12578_qids__image_only__direct::vqa_soft,corrected_chatml_v1_eos,corrected_testdev:bridge_dinov2_w1qf_bf16_v1_ep5,testdev_12578_qids,dinov2,qformer32,none,relate,4662,vqa_soft,28.335478,14.950665,13.384813,outputs/eval/testdev/bridge_dinov2_w1qf_bf16_v1_ep5__corrected_chatml_v1_eos__testdev_12578_qids__image_only__direct_records.json
corrected_testdev:bridge_ijepa_w1_bf16_v1_ep5::bridge_ijepa_w1_bf16_v1_ep5__corrected_chatml_v1_eos__testdev_12578_qids__image_only__direct::exact,corrected_chatml_v1_eos,corrected_testdev:bridge_ijepa_w1_bf16_v1_ep5,testdev_12578_qids,ijepa,mlp256,none,choose,1129,exact,58.370239,47.475642,10.894597,outputs/eval/testdev/bridge_ijepa_w1_bf16_v1_ep5__corrected_chatml_v1_eos__testdev_12578_qids__image_only__direct_records.json
corrected_testdev:bridge_ijepa_w1_bf16_v1_ep5::bridge_ijepa_w1_bf16_v1_ep5__corrected_chatml_v1_eos__testdev_12578_qids__image_only__direct::exact,corrected_chatml_v1_eos,corrected_testdev:bridge_ijepa_w1_bf16_v1_ep5,testdev_12578_qids,ijepa,mlp256,none,compare,589,exact,50.933786,50.933786,0,outputs/eval/testdev/bridge_ijepa_w1_bf16_v1_ep5__corrected_chatml_v1_eos__testdev_12578_qids__image_only__direct_records.json
corrected_testdev:bridge_ijepa_w1_bf16_v1_ep5::bridge_ijepa_w1_bf16_v1_ep5__corrected_chatml_v1_eos__testdev_12578_qids__image_only__direct::exact,corrected_chatml_v1_eos,corrected_testdev:bridge_ijepa_w1_bf16_v1_ep5,testdev_12578_qids,ijepa,mlp256,none,exist,1124,exact,55.69395,37.366548,18.327402,outputs/eval/testdev/bridge_ijepa_w1_bf16_v1_ep5__corrected_chatml_v1_eos__testdev_12578_qids__image_only__direct_records.json
corrected_testdev:bridge_ijepa_w1_bf16_v1_ep5::bridge_ijepa_w1_bf16_v1_ep5__corrected_chatml_v1_eos__testdev_12578_qids__image_only__direct::exact,corrected_chatml_v1_eos,corrected_testdev:bridge_ijepa_w1_bf16_v1_ep5,testdev_12578_qids,ijepa,mlp256,none,other,5074,exact,43.456839,28.57706,14.879779,outputs/eval/testdev/bridge_ijepa_w1_bf16_v1_ep5__corrected_chatml_v1_eos__testdev_12578_qids__image_only__direct_records.json
corrected_testdev:bridge_ijepa_w1_bf16_v1_ep5::bridge_ijepa_w1_bf16_v1_ep5__corrected_chatml_v1_eos__testdev_12578_qids__image_only__direct::exact,corrected_chatml_v1_eos,corrected_testdev:bridge_ijepa_w1_bf16_v1_ep5,testdev_12578_qids,ijepa,mlp256,none,relate,4662,exact,29.322179,14.135564,15.186615,outputs/eval/testdev/bridge_ijepa_w1_bf16_v1_ep5__corrected_chatml_v1_eos__testdev_12578_qids__image_only__direct_records.json
corrected_testdev:bridge_ijepa_w1_bf16_v1_ep5::bridge_ijepa_w1_bf16_v1_ep5__corrected_chatml_v1_eos__testdev_12578_qids__image_only__direct::exact_full,corrected_chatml_v1_eos,corrected_testdev:bridge_ijepa_w1_bf16_v1_ep5,testdev_12578_qids,ijepa,mlp256,none,choose,1129,exact_full,58.370239,47.475642,10.894597,outputs/eval/testdev/bridge_ijepa_w1_bf16_v1_ep5__corrected_chatml_v1_eos__testdev_12578_qids__image_only__direct_records.json
corrected_testdev:bridge_ijepa_w1_bf16_v1_ep5::bridge_ijepa_w1_bf16_v1_ep5__corrected_chatml_v1_eos__testdev_12578_qids__image_only__direct::exact_full,corrected_chatml_v1_eos,corrected_testdev:bridge_ijepa_w1_bf16_v1_ep5,testdev_12578_qids,ijepa,mlp256,none,compare,589,exact_full,50.933786,50.933786,0,outputs/eval/testdev/bridge_ijepa_w1_bf16_v1_ep5__corrected_chatml_v1_eos__testdev_12578_qids__image_only__direct_records.json
corrected_testdev:bridge_ijepa_w1_bf16_v1_ep5::bridge_ijepa_w1_bf16_v1_ep5__corrected_chatml_v1_eos__testdev_12578_qids__image_only__direct::exact_full,corrected_chatml_v1_eos,corrected_testdev:bridge_ijepa_w1_bf16_v1_ep5,testdev_12578_qids,ijepa,mlp256,none,exist,1124,exact_full,55.69395,37.366548,18.327402,outputs/eval/testdev/bridge_ijepa_w1_bf16_v1_ep5__corrected_chatml_v1_eos__testdev_12578_qids__image_only__direct_records.json
corrected_testdev:bridge_ijepa_w1_bf16_v1_ep5::bridge_ijepa_w1_bf16_v1_ep5__corrected_chatml_v1_eos__testdev_12578_qids__image_only__direct::exact_full,corrected_chatml_v1_eos,corrected_testdev:bridge_ijepa_w1_bf16_v1_ep5,testdev_12578_qids,ijepa,mlp256,none,other,5074,exact_full,43.456839,28.57706,14.879779,outputs/eval/testdev/bridge_ijepa_w1_bf16_v1_ep5__corrected_chatml_v1_eos__testdev_12578_qids__image_only__direct_records.json
corrected_testdev:bridge_ijepa_w1_bf16_v1_ep5::bridge_ijepa_w1_bf16_v1_ep5__corrected_chatml_v1_eos__testdev_12578_qids__image_only__direct::exact_full,corrected_chatml_v1_eos,corrected_testdev:bridge_ijepa_w1_bf16_v1_ep5,testdev_12578_qids,ijepa,mlp256,none,relate,4662,exact_full,29.322179,14.135564,15.186615,outputs/eval/testdev/bridge_ijepa_w1_bf16_v1_ep5__corrected_chatml_v1_eos__testdev_12578_qids__image_only__direct_records.json
corrected_testdev:bridge_ijepa_w1_bf16_v1_ep5::bridge_ijepa_w1_bf16_v1_ep5__corrected_chatml_v1_eos__testdev_12578_qids__image_only__direct::vqa_soft,corrected_chatml_v1_eos,corrected_testdev:bridge_ijepa_w1_bf16_v1_ep5,testdev_12578_qids,ijepa,mlp256,none,choose,1129,vqa_soft,58.458813,49.158547,9.300266,outputs/eval/testdev/bridge_ijepa_w1_bf16_v1_ep5__corrected_chatml_v1_eos__testdev_12578_qids__image_only__direct_records.json
corrected_testdev:bridge_ijepa_w1_bf16_v1_ep5::bridge_ijepa_w1_bf16_v1_ep5__corrected_chatml_v1_eos__testdev_12578_qids__image_only__direct::vqa_soft,corrected_chatml_v1_eos,corrected_testdev:bridge_ijepa_w1_bf16_v1_ep5,testdev_12578_qids,ijepa,mlp256,none,compare,589,vqa_soft,50.933786,52.29202,-1.358234,outputs/eval/testdev/bridge_ijepa_w1_bf16_v1_ep5__corrected_chatml_v1_eos__testdev_12578_qids__image_only__direct_records.json
corrected_testdev:bridge_ijepa_w1_bf16_v1_ep5::bridge_ijepa_w1_bf16_v1_ep5__corrected_chatml_v1_eos__testdev_12578_qids__image_only__direct::vqa_soft,corrected_chatml_v1_eos,corrected_testdev:bridge_ijepa_w1_bf16_v1_ep5,testdev_12578_qids,ijepa,mlp256,none,exist,1124,vqa_soft,55.69395,47.064057,8.629893,outputs/eval/testdev/bridge_ijepa_w1_bf16_v1_ep5__corrected_chatml_v1_eos__testdev_12578_qids__image_only__direct_records.json
corrected_testdev:bridge_ijepa_w1_bf16_v1_ep5::bridge_ijepa_w1_bf16_v1_ep5__corrected_chatml_v1_eos__testdev_12578_qids__image_only__direct::vqa_soft,corrected_chatml_v1_eos,corrected_testdev:bridge_ijepa_w1_bf16_v1_ep5,testdev_12578_qids,ijepa,mlp256,none,other,5074,vqa_soft,43.949547,31.099724,12.849823,outputs/eval/testdev/bridge_ijepa_w1_bf16_v1_ep5__corrected_chatml_v1_eos__testdev_12578_qids__image_only__direct_records.json
corrected_testdev:bridge_ijepa_w1_bf16_v1_ep5::bridge_ijepa_w1_bf16_v1_ep5__corrected_chatml_v1_eos__testdev_12578_qids__image_only__direct::vqa_soft,corrected_chatml_v1_eos,corrected_testdev:bridge_ijepa_w1_bf16_v1_ep5,testdev_12578_qids,ijepa,mlp256,none,relate,4662,vqa_soft,30.05148,14.950665,15.100815,outputs/eval/testdev/bridge_ijepa_w1_bf16_v1_ep5__corrected_chatml_v1_eos__testdev_12578_qids__image_only__direct_records.json
corrected_testdev:bridge_ijepa_w1qf_bf16_v1_ep5::bridge_ijepa_w1qf_bf16_v1_ep5__corrected_chatml_v1_eos__testdev_12578_qids__image_only__direct::exact,corrected_chatml_v1_eos,corrected_testdev:bridge_ijepa_w1qf_bf16_v1_ep5,testdev_12578_qids,ijepa,qformer32,none,choose,1129,exact,54.295837,47.475642,6.820195,outputs/eval/testdev/bridge_ijepa_w1qf_bf16_v1_ep5__corrected_chatml_v1_eos__testdev_12578_qids__image_only__direct_records.json
corrected_testdev:bridge_ijepa_w1qf_bf16_v1_ep5::bridge_ijepa_w1qf_bf16_v1_ep5__corrected_chatml_v1_eos__testdev_12578_qids__image_only__direct::exact,corrected_chatml_v1_eos,corrected_testdev:bridge_ijepa_w1qf_bf16_v1_ep5,testdev_12578_qids,ijepa,qformer32,none,compare,589,exact,50.594228,50.933786,-0.339559,outputs/eval/testdev/bridge_ijepa_w1qf_bf16_v1_ep5__corrected_chatml_v1_eos__testdev_12578_qids__image_only__direct_records.json
corrected_testdev:bridge_ijepa_w1qf_bf16_v1_ep5::bridge_ijepa_w1qf_bf16_v1_ep5__corrected_chatml_v1_eos__testdev_12578_qids__image_only__direct::exact,corrected_chatml_v1_eos,corrected_testdev:bridge_ijepa_w1qf_bf16_v1_ep5,testdev_12578_qids,ijepa,qformer32,none,exist,1124,exact,54.359431,37.366548,16.992883,outputs/eval/testdev/bridge_ijepa_w1qf_bf16_v1_ep5__corrected_chatml_v1_eos__testdev_12578_qids__image_only__direct_records.json
corrected_testdev:bridge_ijepa_w1qf_bf16_v1_ep5::bridge_ijepa_w1qf_bf16_v1_ep5__corrected_chatml_v1_eos__testdev_12578_qids__image_only__direct::exact,corrected_chatml_v1_eos,corrected_testdev:bridge_ijepa_w1qf_bf16_v1_ep5,testdev_12578_qids,ijepa,qformer32,none,other,5074,exact,40.658258,28.57706,12.081198,outputs/eval/testdev/bridge_ijepa_w1qf_bf16_v1_ep5__corrected_chatml_v1_eos__testdev_12578_qids__image_only__direct_records.json
corrected_testdev:bridge_ijepa_w1qf_bf16_v1_ep5::bridge_ijepa_w1qf_bf16_v1_ep5__corrected_chatml_v1_eos__testdev_12578_qids__image_only__direct::exact,corrected_chatml_v1_eos,corrected_testdev:bridge_ijepa_w1qf_bf16_v1_ep5,testdev_12578_qids,ijepa,qformer32,none,relate,4662,exact,24.882025,14.135564,10.746461,outputs/eval/testdev/bridge_ijepa_w1qf_bf16_v1_ep5__corrected_chatml_v1_eos__testdev_12578_qids__image_only__direct_records.json
corrected_testdev:bridge_ijepa_w1qf_bf16_v1_ep5::bridge_ijepa_w1qf_bf16_v1_ep5__corrected_chatml_v1_eos__testdev_12578_qids__image_only__direct::exact_full,corrected_chatml_v1_eos,corrected_testdev:bridge_ijepa_w1qf_bf16_v1_ep5,testdev_12578_qids,ijepa,qformer32,none,choose,1129,exact_full,54.295837,47.475642,6.820195,outputs/eval/testdev/bridge_ijepa_w1qf_bf16_v1_ep5__corrected_chatml_v1_eos__testdev_12578_qids__image_only__direct_records.json
corrected_testdev:bridge_ijepa_w1qf_bf16_v1_ep5::bridge_ijepa_w1qf_bf16_v1_ep5__corrected_chatml_v1_eos__testdev_12578_qids__image_only__direct::exact_full,corrected_chatml_v1_eos,corrected_testdev:bridge_ijepa_w1qf_bf16_v1_ep5,testdev_12578_qids,ijepa,qformer32,none,compare,589,exact_full,50.594228,50.933786,-0.339559,outputs/eval/testdev/bridge_ijepa_w1qf_bf16_v1_ep5__corrected_chatml_v1_eos__testdev_12578_qids__image_only__direct_records.json
corrected_testdev:bridge_ijepa_w1qf_bf16_v1_ep5::bridge_ijepa_w1qf_bf16_v1_ep5__corrected_chatml_v1_eos__testdev_12578_qids__image_only__direct::exact_full,corrected_chatml_v1_eos,corrected_testdev:bridge_ijepa_w1qf_bf16_v1_ep5,testdev_12578_qids,ijepa,qformer32,none,exist,1124,exact_full,54.359431,37.366548,16.992883,outputs/eval/testdev/bridge_ijepa_w1qf_bf16_v1_ep5__corrected_chatml_v1_eos__testdev_12578_qids__image_only__direct_records.json
corrected_testdev:bridge_ijepa_w1qf_bf16_v1_ep5::bridge_ijepa_w1qf_bf16_v1_ep5__corrected_chatml_v1_eos__testdev_12578_qids__image_only__direct::exact_full,corrected_chatml_v1_eos,corrected_testdev:bridge_ijepa_w1qf_bf16_v1_ep5,testdev_12578_qids,ijepa,qformer32,none,other,5074,exact_full,40.658258,28.57706,12.081198,outputs/eval/testdev/bridge_ijepa_w1qf_bf16_v1_ep5__corrected_chatml_v1_eos__testdev_12578_qids__image_only__direct_records.json
corrected_testdev:bridge_ijepa_w1qf_bf16_v1_ep5::bridge_ijepa_w1qf_bf16_v1_ep5__corrected_chatml_v1_eos__testdev_12578_qids__image_only__direct::exact_full,corrected_chatml_v1_eos,corrected_testdev:bridge_ijepa_w1qf_bf16_v1_ep5,testdev_12578_qids,ijepa,qformer32,none,relate,4662,exact_full,24.882025,14.135564,10.746461,outputs/eval/testdev/bridge_ijepa_w1qf_bf16_v1_ep5__corrected_chatml_v1_eos__testdev_12578_qids__image_only__direct_records.json
corrected_testdev:bridge_ijepa_w1qf_bf16_v1_ep5::bridge_ijepa_w1qf_bf16_v1_ep5__corrected_chatml_v1_eos__testdev_12578_qids__image_only__direct::vqa_soft,corrected_chatml_v1_eos,corrected_testdev:bridge_ijepa_w1qf_bf16_v1_ep5,testdev_12578_qids,ijepa,qformer32,none,choose,1129,vqa_soft,54.472985,49.158547,5.314438,outputs/eval/testdev/bridge_ijepa_w1qf_bf16_v1_ep5__corrected_chatml_v1_eos__testdev_12578_qids__image_only__direct_records.json
corrected_testdev:bridge_ijepa_w1qf_bf16_v1_ep5::bridge_ijepa_w1qf_bf16_v1_ep5__corrected_chatml_v1_eos__testdev_12578_qids__image_only__direct::vqa_soft,corrected_chatml_v1_eos,corrected_testdev:bridge_ijepa_w1qf_bf16_v1_ep5,testdev_12578_qids,ijepa,qformer32,none,compare,589,vqa_soft,50.594228,52.29202,-1.697793,outputs/eval/testdev/bridge_ijepa_w1qf_bf16_v1_ep5__corrected_chatml_v1_eos__testdev_12578_qids__image_only__direct_records.json
corrected_testdev:bridge_ijepa_w1qf_bf16_v1_ep5::bridge_ijepa_w1qf_bf16_v1_ep5__corrected_chatml_v1_eos__testdev_12578_qids__image_only__direct::vqa_soft,corrected_chatml_v1_eos,corrected_testdev:bridge_ijepa_w1qf_bf16_v1_ep5,testdev_12578_qids,ijepa,qformer32,none,exist,1124,vqa_soft,54.359431,47.064057,7.295374,outputs/eval/testdev/bridge_ijepa_w1qf_bf16_v1_ep5__corrected_chatml_v1_eos__testdev_12578_qids__image_only__direct_records.json
corrected_testdev:bridge_ijepa_w1qf_bf16_v1_ep5::bridge_ijepa_w1qf_bf16_v1_ep5__corrected_chatml_v1_eos__testdev_12578_qids__image_only__direct::vqa_soft,corrected_chatml_v1_eos,corrected_testdev:bridge_ijepa_w1qf_bf16_v1_ep5,testdev_12578_qids,ijepa,qformer32,none,other,5074,vqa_soft,40.855341,31.099724,9.755617,outputs/eval/testdev/bridge_ijepa_w1qf_bf16_v1_ep5__corrected_chatml_v1_eos__testdev_12578_qids__image_only__direct_records.json
corrected_testdev:bridge_ijepa_w1qf_bf16_v1_ep5::bridge_ijepa_w1qf_bf16_v1_ep5__corrected_chatml_v1_eos__testdev_12578_qids__image_only__direct::vqa_soft,corrected_chatml_v1_eos,corrected_testdev:bridge_ijepa_w1qf_bf16_v1_ep5,testdev_12578_qids,ijepa,qformer32,none,relate,4662,vqa_soft,25.311025,14.950665,10.36036,outputs/eval/testdev/bridge_ijepa_w1qf_bf16_v1_ep5__corrected_chatml_v1_eos__testdev_12578_qids__image_only__direct_records.json
corrected_tune500:bridge_clip_w1_bf16_v1_ep1::bridge_clip_w1_bf16_v1_ep1__corrected_chatml_v1_eos__tune_500_qids__image_only__direct::exact,corrected_chatml_v1_eos,corrected_tune500:bridge_clip_w1_bf16_v1_ep1,tune_500_qids,clip,mlp256,none,choose,52,exact,55.769231,63.461538,-7.692308,outputs/eval/tuning/bridge_clip_w1_bf16_v1_ep1__corrected_chatml_v1_eos__tune_500_qids__image_only__direct_records.json
corrected_tune500:bridge_clip_w1_bf16_v1_ep1::bridge_clip_w1_bf16_v1_ep1__corrected_chatml_v1_eos__tune_500_qids__image_only__direct::exact,corrected_chatml_v1_eos,corrected_tune500:bridge_clip_w1_bf16_v1_ep1,tune_500_qids,clip,mlp256,none,compare,18,exact,50,33.333333,16.666667,outputs/eval/tuning/bridge_clip_w1_bf16_v1_ep1__corrected_chatml_v1_eos__tune_500_qids__image_only__direct_records.json
corrected_tune500:bridge_clip_w1_bf16_v1_ep1::bridge_clip_w1_bf16_v1_ep1__corrected_chatml_v1_eos__tune_500_qids__image_only__direct::exact,corrected_chatml_v1_eos,corrected_tune500:bridge_clip_w1_bf16_v1_ep1,tune_500_qids,clip,mlp256,none,exist,98,exact,54.081633,41.836735,12.244898,outputs/eval/tuning/bridge_clip_w1_bf16_v1_ep1__corrected_chatml_v1_eos__tune_500_qids__image_only__direct_records.json
corrected_tune500:bridge_clip_w1_bf16_v1_ep1::bridge_clip_w1_bf16_v1_ep1__corrected_chatml_v1_eos__tune_500_qids__image_only__direct::exact,corrected_chatml_v1_eos,corrected_tune500:bridge_clip_w1_bf16_v1_ep1,tune_500_qids,clip,mlp256,none,other,157,exact,41.401274,32.484076,8.917197,outputs/eval/tuning/bridge_clip_w1_bf16_v1_ep1__corrected_chatml_v1_eos__tune_500_qids__image_only__direct_records.json
corrected_tune500:bridge_clip_w1_bf16_v1_ep1::bridge_clip_w1_bf16_v1_ep1__corrected_chatml_v1_eos__tune_500_qids__image_only__direct::exact,corrected_chatml_v1_eos,corrected_tune500:bridge_clip_w1_bf16_v1_ep1,tune_500_qids,clip,mlp256,none,relate,175,exact,38.285714,13.714286,24.571429,outputs/eval/tuning/bridge_clip_w1_bf16_v1_ep1__corrected_chatml_v1_eos__tune_500_qids__image_only__direct_records.json
corrected_tune500:bridge_clip_w1_bf16_v1_ep1::bridge_clip_w1_bf16_v1_ep1__corrected_chatml_v1_eos__tune_500_qids__image_only__direct::exact_full,corrected_chatml_v1_eos,corrected_tune500:bridge_clip_w1_bf16_v1_ep1,tune_500_qids,clip,mlp256,none,choose,52,exact_full,55.769231,63.461538,-7.692308,outputs/eval/tuning/bridge_clip_w1_bf16_v1_ep1__corrected_chatml_v1_eos__tune_500_qids__image_only__direct_records.json
corrected_tune500:bridge_clip_w1_bf16_v1_ep1::bridge_clip_w1_bf16_v1_ep1__corrected_chatml_v1_eos__tune_500_qids__image_only__direct::exact_full,corrected_chatml_v1_eos,corrected_tune500:bridge_clip_w1_bf16_v1_ep1,tune_500_qids,clip,mlp256,none,compare,18,exact_full,50,33.333333,16.666667,outputs/eval/tuning/bridge_clip_w1_bf16_v1_ep1__corrected_chatml_v1_eos__tune_500_qids__image_only__direct_records.json
corrected_tune500:bridge_clip_w1_bf16_v1_ep1::bridge_clip_w1_bf16_v1_ep1__corrected_chatml_v1_eos__tune_500_qids__image_only__direct::exact_full,corrected_chatml_v1_eos,corrected_tune500:bridge_clip_w1_bf16_v1_ep1,tune_500_qids,clip,mlp256,none,exist,98,exact_full,54.081633,41.836735,12.244898,outputs/eval/tuning/bridge_clip_w1_bf16_v1_ep1__corrected_chatml_v1_eos__tune_500_qids__image_only__direct_records.json
corrected_tune500:bridge_clip_w1_bf16_v1_ep1::bridge_clip_w1_bf16_v1_ep1__corrected_chatml_v1_eos__tune_500_qids__image_only__direct::exact_full,corrected_chatml_v1_eos,corrected_tune500:bridge_clip_w1_bf16_v1_ep1,tune_500_qids,clip,mlp256,none,other,157,exact_full,41.401274,32.484076,8.917197,outputs/eval/tuning/bridge_clip_w1_bf16_v1_ep1__corrected_chatml_v1_eos__tune_500_qids__image_only__direct_records.json
corrected_tune500:bridge_clip_w1_bf16_v1_ep1::bridge_clip_w1_bf16_v1_ep1__corrected_chatml_v1_eos__tune_500_qids__image_only__direct::exact_full,corrected_chatml_v1_eos,corrected_tune500:bridge_clip_w1_bf16_v1_ep1,tune_500_qids,clip,mlp256,none,relate,175,exact_full,38.285714,13.714286,24.571429,outputs/eval/tuning/bridge_clip_w1_bf16_v1_ep1__corrected_chatml_v1_eos__tune_500_qids__image_only__direct_records.json
corrected_tune500:bridge_clip_w1_bf16_v1_ep1::bridge_clip_w1_bf16_v1_ep1__corrected_chatml_v1_eos__tune_500_qids__image_only__direct::vqa_soft,corrected_chatml_v1_eos,corrected_tune500:bridge_clip_w1_bf16_v1_ep1,tune_500_qids,clip,mlp256,none,choose,52,vqa_soft,55.769231,65.384615,-9.615385,outputs/eval/tuning/bridge_clip_w1_bf16_v1_ep1__corrected_chatml_v1_eos__tune_500_qids__image_only__direct_records.json
corrected_tune500:bridge_clip_w1_bf16_v1_ep1::bridge_clip_w1_bf16_v1_ep1__corrected_chatml_v1_eos__tune_500_qids__image_only__direct::vqa_soft,corrected_chatml_v1_eos,corrected_tune500:bridge_clip_w1_bf16_v1_ep1,tune_500_qids,clip,mlp256,none,compare,18,vqa_soft,50,44.444444,5.555556,outputs/eval/tuning/bridge_clip_w1_bf16_v1_ep1__corrected_chatml_v1_eos__tune_500_qids__image_only__direct_records.json
corrected_tune500:bridge_clip_w1_bf16_v1_ep1::bridge_clip_w1_bf16_v1_ep1__corrected_chatml_v1_eos__tune_500_qids__image_only__direct::vqa_soft,corrected_chatml_v1_eos,corrected_tune500:bridge_clip_w1_bf16_v1_ep1,tune_500_qids,clip,mlp256,none,exist,98,vqa_soft,54.081633,48.979592,5.102041,outputs/eval/tuning/bridge_clip_w1_bf16_v1_ep1__corrected_chatml_v1_eos__tune_500_qids__image_only__direct_records.json
corrected_tune500:bridge_clip_w1_bf16_v1_ep1::bridge_clip_w1_bf16_v1_ep1__corrected_chatml_v1_eos__tune_500_qids__image_only__direct::vqa_soft,corrected_chatml_v1_eos,corrected_tune500:bridge_clip_w1_bf16_v1_ep1,tune_500_qids,clip,mlp256,none,other,157,vqa_soft,41.401274,34.394904,7.006369,outputs/eval/tuning/bridge_clip_w1_bf16_v1_ep1__corrected_chatml_v1_eos__tune_500_qids__image_only__direct_records.json
corrected_tune500:bridge_clip_w1_bf16_v1_ep1::bridge_clip_w1_bf16_v1_ep1__corrected_chatml_v1_eos__tune_500_qids__image_only__direct::vqa_soft,corrected_chatml_v1_eos,corrected_tune500:bridge_clip_w1_bf16_v1_ep1,tune_500_qids,clip,mlp256,none,relate,175,vqa_soft,38.857143,14.285714,24.571429,outputs/eval/tuning/bridge_clip_w1_bf16_v1_ep1__corrected_chatml_v1_eos__tune_500_qids__image_only__direct_records.json
corrected_tune500:bridge_clip_w1_bf16_v1_ep2::bridge_clip_w1_bf16_v1_ep2__corrected_chatml_v1_eos__tune_500_qids__image_only__direct::exact,corrected_chatml_v1_eos,corrected_tune500:bridge_clip_w1_bf16_v1_ep2,tune_500_qids,clip,mlp256,none,choose,52,exact,71.153846,63.461538,7.692308,outputs/eval/tuning/bridge_clip_w1_bf16_v1_ep2__corrected_chatml_v1_eos__tune_500_qids__image_only__direct_records.json
corrected_tune500:bridge_clip_w1_bf16_v1_ep2::bridge_clip_w1_bf16_v1_ep2__corrected_chatml_v1_eos__tune_500_qids__image_only__direct::exact,corrected_chatml_v1_eos,corrected_tune500:bridge_clip_w1_bf16_v1_ep2,tune_500_qids,clip,mlp256,none,compare,18,exact,38.888889,33.333333,5.555556,outputs/eval/tuning/bridge_clip_w1_bf16_v1_ep2__corrected_chatml_v1_eos__tune_500_qids__image_only__direct_records.json
corrected_tune500:bridge_clip_w1_bf16_v1_ep2::bridge_clip_w1_bf16_v1_ep2__corrected_chatml_v1_eos__tune_500_qids__image_only__direct::exact,corrected_chatml_v1_eos,corrected_tune500:bridge_clip_w1_bf16_v1_ep2,tune_500_qids,clip,mlp256,none,exist,98,exact,55.102041,41.836735,13.265306,outputs/eval/tuning/bridge_clip_w1_bf16_v1_ep2__corrected_chatml_v1_eos__tune_500_qids__image_only__direct_records.json
corrected_tune500:bridge_clip_w1_bf16_v1_ep2::bridge_clip_w1_bf16_v1_ep2__corrected_chatml_v1_eos__tune_500_qids__image_only__direct::exact,corrected_chatml_v1_eos,corrected_tune500:bridge_clip_w1_bf16_v1_ep2,tune_500_qids,clip,mlp256,none,other,157,exact,53.503185,32.484076,21.019108,outputs/eval/tuning/bridge_clip_w1_bf16_v1_ep2__corrected_chatml_v1_eos__tune_500_qids__image_only__direct_records.json
corrected_tune500:bridge_clip_w1_bf16_v1_ep2::bridge_clip_w1_bf16_v1_ep2__corrected_chatml_v1_eos__tune_500_qids__image_only__direct::exact,corrected_chatml_v1_eos,corrected_tune500:bridge_clip_w1_bf16_v1_ep2,tune_500_qids,clip,mlp256,none,relate,175,exact,38.857143,13.714286,25.142857,outputs/eval/tuning/bridge_clip_w1_bf16_v1_ep2__corrected_chatml_v1_eos__tune_500_qids__image_only__direct_records.json
corrected_tune500:bridge_clip_w1_bf16_v1_ep2::bridge_clip_w1_bf16_v1_ep2__corrected_chatml_v1_eos__tune_500_qids__image_only__direct::exact_full,corrected_chatml_v1_eos,corrected_tune500:bridge_clip_w1_bf16_v1_ep2,tune_500_qids,clip,mlp256,none,choose,52,exact_full,71.153846,63.461538,7.692308,outputs/eval/tuning/bridge_clip_w1_bf16_v1_ep2__corrected_chatml_v1_eos__tune_500_qids__image_only__direct_records.json
corrected_tune500:bridge_clip_w1_bf16_v1_ep2::bridge_clip_w1_bf16_v1_ep2__corrected_chatml_v1_eos__tune_500_qids__image_only__direct::exact_full,corrected_chatml_v1_eos,corrected_tune500:bridge_clip_w1_bf16_v1_ep2,tune_500_qids,clip,mlp256,none,compare,18,exact_full,38.888889,33.333333,5.555556,outputs/eval/tuning/bridge_clip_w1_bf16_v1_ep2__corrected_chatml_v1_eos__tune_500_qids__image_only__direct_records.json
corrected_tune500:bridge_clip_w1_bf16_v1_ep2::bridge_clip_w1_bf16_v1_ep2__corrected_chatml_v1_eos__tune_500_qids__image_only__direct::exact_full,corrected_chatml_v1_eos,corrected_tune500:bridge_clip_w1_bf16_v1_ep2,tune_500_qids,clip,mlp256,none,exist,98,exact_full,55.102041,41.836735,13.265306,outputs/eval/tuning/bridge_clip_w1_bf16_v1_ep2__corrected_chatml_v1_eos__tune_500_qids__image_only__direct_records.json
corrected_tune500:bridge_clip_w1_bf16_v1_ep2::bridge_clip_w1_bf16_v1_ep2__corrected_chatml_v1_eos__tune_500_qids__image_only__direct::exact_full,corrected_chatml_v1_eos,corrected_tune500:bridge_clip_w1_bf16_v1_ep2,tune_500_qids,clip,mlp256,none,other,157,exact_full,53.503185,32.484076,21.019108,outputs/eval/tuning/bridge_clip_w1_bf16_v1_ep2__corrected_chatml_v1_eos__tune_500_qids__image_only__direct_records.json
corrected_tune500:bridge_clip_w1_bf16_v1_ep2::bridge_clip_w1_bf16_v1_ep2__corrected_chatml_v1_eos__tune_500_qids__image_only__direct::exact_full,corrected_chatml_v1_eos,corrected_tune500:bridge_clip_w1_bf16_v1_ep2,tune_500_qids,clip,mlp256,none,relate,175,exact_full,38.857143,13.714286,25.142857,outputs/eval/tuning/bridge_clip_w1_bf16_v1_ep2__corrected_chatml_v1_eos__tune_500_qids__image_only__direct_records.json
corrected_tune500:bridge_clip_w1_bf16_v1_ep2::bridge_clip_w1_bf16_v1_ep2__corrected_chatml_v1_eos__tune_500_qids__image_only__direct::vqa_soft,corrected_chatml_v1_eos,corrected_tune500:bridge_clip_w1_bf16_v1_ep2,tune_500_qids,clip,mlp256,none,choose,52,vqa_soft,71.153846,65.384615,5.769231,outputs/eval/tuning/bridge_clip_w1_bf16_v1_ep2__corrected_chatml_v1_eos__tune_500_qids__image_only__direct_records.json
corrected_tune500:bridge_clip_w1_bf16_v1_ep2::bridge_clip_w1_bf16_v1_ep2__corrected_chatml_v1_eos__tune_500_qids__image_only__direct::vqa_soft,corrected_chatml_v1_eos,corrected_tune500:bridge_clip_w1_bf16_v1_ep2,tune_500_qids,clip,mlp256,none,compare,18,vqa_soft,38.888889,44.444444,-5.555556,outputs/eval/tuning/bridge_clip_w1_bf16_v1_ep2__corrected_chatml_v1_eos__tune_500_qids__image_only__direct_records.json
corrected_tune500:bridge_clip_w1_bf16_v1_ep2::bridge_clip_w1_bf16_v1_ep2__corrected_chatml_v1_eos__tune_500_qids__image_only__direct::vqa_soft,corrected_chatml_v1_eos,corrected_tune500:bridge_clip_w1_bf16_v1_ep2,tune_500_qids,clip,mlp256,none,exist,98,vqa_soft,55.102041,48.979592,6.122449,outputs/eval/tuning/bridge_clip_w1_bf16_v1_ep2__corrected_chatml_v1_eos__tune_500_qids__image_only__direct_records.json
corrected_tune500:bridge_clip_w1_bf16_v1_ep2::bridge_clip_w1_bf16_v1_ep2__corrected_chatml_v1_eos__tune_500_qids__image_only__direct::vqa_soft,corrected_chatml_v1_eos,corrected_tune500:bridge_clip_w1_bf16_v1_ep2,tune_500_qids,clip,mlp256,none,other,157,vqa_soft,53.503185,34.394904,19.10828,outputs/eval/tuning/bridge_clip_w1_bf16_v1_ep2__corrected_chatml_v1_eos__tune_500_qids__image_only__direct_records.json
corrected_tune500:bridge_clip_w1_bf16_v1_ep2::bridge_clip_w1_bf16_v1_ep2__corrected_chatml_v1_eos__tune_500_qids__image_only__direct::vqa_soft,corrected_chatml_v1_eos,corrected_tune500:bridge_clip_w1_bf16_v1_ep2,tune_500_qids,clip,mlp256,none,relate,175,vqa_soft,39.428571,14.285714,25.142857,outputs/eval/tuning/bridge_clip_w1_bf16_v1_ep2__corrected_chatml_v1_eos__tune_500_qids__image_only__direct_records.json
corrected_tune500:bridge_clip_w1_bf16_v1_ep3::bridge_clip_w1_bf16_v1_ep3__corrected_chatml_v1_eos__tune_500_qids__image_only__direct::exact,corrected_chatml_v1_eos,corrected_tune500:bridge_clip_w1_bf16_v1_ep3,tune_500_qids,clip,mlp256,none,choose,52,exact,71.153846,63.461538,7.692308,outputs/eval/tuning/bridge_clip_w1_bf16_v1_ep3__corrected_chatml_v1_eos__tune_500_qids__image_only__direct_records.json
corrected_tune500:bridge_clip_w1_bf16_v1_ep3::bridge_clip_w1_bf16_v1_ep3__corrected_chatml_v1_eos__tune_500_qids__image_only__direct::exact,corrected_chatml_v1_eos,corrected_tune500:bridge_clip_w1_bf16_v1_ep3,tune_500_qids,clip,mlp256,none,compare,18,exact,44.444444,33.333333,11.111111,outputs/eval/tuning/bridge_clip_w1_bf16_v1_ep3__corrected_chatml_v1_eos__tune_500_qids__image_only__direct_records.json
corrected_tune500:bridge_clip_w1_bf16_v1_ep3::bridge_clip_w1_bf16_v1_ep3__corrected_chatml_v1_eos__tune_500_qids__image_only__direct::exact,corrected_chatml_v1_eos,corrected_tune500:bridge_clip_w1_bf16_v1_ep3,tune_500_qids,clip,mlp256,none,exist,98,exact,58.163265,41.836735,16.326531,outputs/eval/tuning/bridge_clip_w1_bf16_v1_ep3__corrected_chatml_v1_eos__tune_500_qids__image_only__direct_records.json
corrected_tune500:bridge_clip_w1_bf16_v1_ep3::bridge_clip_w1_bf16_v1_ep3__corrected_chatml_v1_eos__tune_500_qids__image_only__direct::exact,corrected_chatml_v1_eos,corrected_tune500:bridge_clip_w1_bf16_v1_ep3,tune_500_qids,clip,mlp256,none,other,157,exact,50.318471,32.484076,17.834395,outputs/eval/tuning/bridge_clip_w1_bf16_v1_ep3__corrected_chatml_v1_eos__tune_500_qids__image_only__direct_records.json
corrected_tune500:bridge_clip_w1_bf16_v1_ep3::bridge_clip_w1_bf16_v1_ep3__corrected_chatml_v1_eos__tune_500_qids__image_only__direct::exact,corrected_chatml_v1_eos,corrected_tune500:bridge_clip_w1_bf16_v1_ep3,tune_500_qids,clip,mlp256,none,relate,175,exact,40.571429,13.714286,26.857143,outputs/eval/tuning/bridge_clip_w1_bf16_v1_ep3__corrected_chatml_v1_eos__tune_500_qids__image_only__direct_records.json
corrected_tune500:bridge_clip_w1_bf16_v1_ep3::bridge_clip_w1_bf16_v1_ep3__corrected_chatml_v1_eos__tune_500_qids__image_only__direct::exact_full,corrected_chatml_v1_eos,corrected_tune500:bridge_clip_w1_bf16_v1_ep3,tune_500_qids,clip,mlp256,none,choose,52,exact_full,71.153846,63.461538,7.692308,outputs/eval/tuning/bridge_clip_w1_bf16_v1_ep3__corrected_chatml_v1_eos__tune_500_qids__image_only__direct_records.json
corrected_tune500:bridge_clip_w1_bf16_v1_ep3::bridge_clip_w1_bf16_v1_ep3__corrected_chatml_v1_eos__tune_500_qids__image_only__direct::exact_full,corrected_chatml_v1_eos,corrected_tune500:bridge_clip_w1_bf16_v1_ep3,tune_500_qids,clip,mlp256,none,compare,18,exact_full,44.444444,33.333333,11.111111,outputs/eval/tuning/bridge_clip_w1_bf16_v1_ep3__corrected_chatml_v1_eos__tune_500_qids__image_only__direct_records.json
corrected_tune500:bridge_clip_w1_bf16_v1_ep3::bridge_clip_w1_bf16_v1_ep3__corrected_chatml_v1_eos__tune_500_qids__image_only__direct::exact_full,corrected_chatml_v1_eos,corrected_tune500:bridge_clip_w1_bf16_v1_ep3,tune_500_qids,clip,mlp256,none,exist,98,exact_full,58.163265,41.836735,16.326531,outputs/eval/tuning/bridge_clip_w1_bf16_v1_ep3__corrected_chatml_v1_eos__tune_500_qids__image_only__direct_records.json
corrected_tune500:bridge_clip_w1_bf16_v1_ep3::bridge_clip_w1_bf16_v1_ep3__corrected_chatml_v1_eos__tune_500_qids__image_only__direct::exact_full,corrected_chatml_v1_eos,corrected_tune500:bridge_clip_w1_bf16_v1_ep3,tune_500_qids,clip,mlp256,none,other,157,exact_full,50.318471,32.484076,17.834395,outputs/eval/tuning/bridge_clip_w1_bf16_v1_ep3__corrected_chatml_v1_eos__tune_500_qids__image_only__direct_records.json
corrected_tune500:bridge_clip_w1_bf16_v1_ep3::bridge_clip_w1_bf16_v1_ep3__corrected_chatml_v1_eos__tune_500_qids__image_only__direct::exact_full,corrected_chatml_v1_eos,corrected_tune500:bridge_clip_w1_bf16_v1_ep3,tune_500_qids,clip,mlp256,none,relate,175,exact_full,40.571429,13.714286,26.857143,outputs/eval/tuning/bridge_clip_w1_bf16_v1_ep3__corrected_chatml_v1_eos__tune_500_qids__image_only__direct_records.json
corrected_tune500:bridge_clip_w1_bf16_v1_ep3::bridge_clip_w1_bf16_v1_ep3__corrected_chatml_v1_eos__tune_500_qids__image_only__direct::vqa_soft,corrected_chatml_v1_eos,corrected_tune500:bridge_clip_w1_bf16_v1_ep3,tune_500_qids,clip,mlp256,none,choose,52,vqa_soft,71.153846,65.384615,5.769231,outputs/eval/tuning/bridge_clip_w1_bf16_v1_ep3__corrected_chatml_v1_eos__tune_500_qids__image_only__direct_records.json
corrected_tune500:bridge_clip_w1_bf16_v1_ep3::bridge_clip_w1_bf16_v1_ep3__corrected_chatml_v1_eos__tune_500_qids__image_only__direct::vqa_soft,corrected_chatml_v1_eos,corrected_tune500:bridge_clip_w1_bf16_v1_ep3,tune_500_qids,clip,mlp256,none,compare,18,vqa_soft,44.444444,44.444444,0,outputs/eval/tuning/bridge_clip_w1_bf16_v1_ep3__corrected_chatml_v1_eos__tune_500_qids__image_only__direct_records.json
corrected_tune500:bridge_clip_w1_bf16_v1_ep3::bridge_clip_w1_bf16_v1_ep3__corrected_chatml_v1_eos__tune_500_qids__image_only__direct::vqa_soft,corrected_chatml_v1_eos,corrected_tune500:bridge_clip_w1_bf16_v1_ep3,tune_500_qids,clip,mlp256,none,exist,98,vqa_soft,58.163265,48.979592,9.183673,outputs/eval/tuning/bridge_clip_w1_bf16_v1_ep3__corrected_chatml_v1_eos__tune_500_qids__image_only__direct_records.json
corrected_tune500:bridge_clip_w1_bf16_v1_ep3::bridge_clip_w1_bf16_v1_ep3__corrected_chatml_v1_eos__tune_500_qids__image_only__direct::vqa_soft,corrected_chatml_v1_eos,corrected_tune500:bridge_clip_w1_bf16_v1_ep3,tune_500_qids,clip,mlp256,none,other,157,vqa_soft,50.318471,34.394904,15.923567,outputs/eval/tuning/bridge_clip_w1_bf16_v1_ep3__corrected_chatml_v1_eos__tune_500_qids__image_only__direct_records.json
corrected_tune500:bridge_clip_w1_bf16_v1_ep3::bridge_clip_w1_bf16_v1_ep3__corrected_chatml_v1_eos__tune_500_qids__image_only__direct::vqa_soft,corrected_chatml_v1_eos,corrected_tune500:bridge_clip_w1_bf16_v1_ep3,tune_500_qids,clip,mlp256,none,relate,175,vqa_soft,41.714286,14.285714,27.428571,outputs/eval/tuning/bridge_clip_w1_bf16_v1_ep3__corrected_chatml_v1_eos__tune_500_qids__image_only__direct_records.json
corrected_tune500:bridge_clip_w1_bf16_v1_ep4::bridge_clip_w1_bf16_v1_ep4__corrected_chatml_v1_eos__tune_500_qids__image_only__direct::exact,corrected_chatml_v1_eos,corrected_tune500:bridge_clip_w1_bf16_v1_ep4,tune_500_qids,clip,mlp256,none,choose,52,exact,69.230769,63.461538,5.769231,outputs/eval/tuning/bridge_clip_w1_bf16_v1_ep4__corrected_chatml_v1_eos__tune_500_qids__image_only__direct_records.json
corrected_tune500:bridge_clip_w1_bf16_v1_ep4::bridge_clip_w1_bf16_v1_ep4__corrected_chatml_v1_eos__tune_500_qids__image_only__direct::exact,corrected_chatml_v1_eos,corrected_tune500:bridge_clip_w1_bf16_v1_ep4,tune_500_qids,clip,mlp256,none,compare,18,exact,44.444444,33.333333,11.111111,outputs/eval/tuning/bridge_clip_w1_bf16_v1_ep4__corrected_chatml_v1_eos__tune_500_qids__image_only__direct_records.json
corrected_tune500:bridge_clip_w1_bf16_v1_ep4::bridge_clip_w1_bf16_v1_ep4__corrected_chatml_v1_eos__tune_500_qids__image_only__direct::exact,corrected_chatml_v1_eos,corrected_tune500:bridge_clip_w1_bf16_v1_ep4,tune_500_qids,clip,mlp256,none,exist,98,exact,63.265306,41.836735,21.428571,outputs/eval/tuning/bridge_clip_w1_bf16_v1_ep4__corrected_chatml_v1_eos__tune_500_qids__image_only__direct_records.json
corrected_tune500:bridge_clip_w1_bf16_v1_ep4::bridge_clip_w1_bf16_v1_ep4__corrected_chatml_v1_eos__tune_500_qids__image_only__direct::exact,corrected_chatml_v1_eos,corrected_tune500:bridge_clip_w1_bf16_v1_ep4,tune_500_qids,clip,mlp256,none,other,157,exact,57.961783,32.484076,25.477707,outputs/eval/tuning/bridge_clip_w1_bf16_v1_ep4__corrected_chatml_v1_eos__tune_500_qids__image_only__direct_records.json
corrected_tune500:bridge_clip_w1_bf16_v1_ep4::bridge_clip_w1_bf16_v1_ep4__corrected_chatml_v1_eos__tune_500_qids__image_only__direct::exact,corrected_chatml_v1_eos,corrected_tune500:bridge_clip_w1_bf16_v1_ep4,tune_500_qids,clip,mlp256,none,relate,175,exact,38.285714,13.714286,24.571429,outputs/eval/tuning/bridge_clip_w1_bf16_v1_ep4__corrected_chatml_v1_eos__tune_500_qids__image_only__direct_records.json
corrected_tune500:bridge_clip_w1_bf16_v1_ep4::bridge_clip_w1_bf16_v1_ep4__corrected_chatml_v1_eos__tune_500_qids__image_only__direct::exact_full,corrected_chatml_v1_eos,corrected_tune500:bridge_clip_w1_bf16_v1_ep4,tune_500_qids,clip,mlp256,none,choose,52,exact_full,69.230769,63.461538,5.769231,outputs/eval/tuning/bridge_clip_w1_bf16_v1_ep4__corrected_chatml_v1_eos__tune_500_qids__image_only__direct_records.json
corrected_tune500:bridge_clip_w1_bf16_v1_ep4::bridge_clip_w1_bf16_v1_ep4__corrected_chatml_v1_eos__tune_500_qids__image_only__direct::exact_full,corrected_chatml_v1_eos,corrected_tune500:bridge_clip_w1_bf16_v1_ep4,tune_500_qids,clip,mlp256,none,compare,18,exact_full,44.444444,33.333333,11.111111,outputs/eval/tuning/bridge_clip_w1_bf16_v1_ep4__corrected_chatml_v1_eos__tune_500_qids__image_only__direct_records.json
corrected_tune500:bridge_clip_w1_bf16_v1_ep4::bridge_clip_w1_bf16_v1_ep4__corrected_chatml_v1_eos__tune_500_qids__image_only__direct::exact_full,corrected_chatml_v1_eos,corrected_tune500:bridge_clip_w1_bf16_v1_ep4,tune_500_qids,clip,mlp256,none,exist,98,exact_full,63.265306,41.836735,21.428571,outputs/eval/tuning/bridge_clip_w1_bf16_v1_ep4__corrected_chatml_v1_eos__tune_500_qids__image_only__direct_records.json
corrected_tune500:bridge_clip_w1_bf16_v1_ep4::bridge_clip_w1_bf16_v1_ep4__corrected_chatml_v1_eos__tune_500_qids__image_only__direct::exact_full,corrected_chatml_v1_eos,corrected_tune500:bridge_clip_w1_bf16_v1_ep4,tune_500_qids,clip,mlp256,none,other,157,exact_full,57.961783,32.484076,25.477707,outputs/eval/tuning/bridge_clip_w1_bf16_v1_ep4__corrected_chatml_v1_eos__tune_500_qids__image_only__direct_records.json
corrected_tune500:bridge_clip_w1_bf16_v1_ep4::bridge_clip_w1_bf16_v1_ep4__corrected_chatml_v1_eos__tune_500_qids__image_only__direct::exact_full,corrected_chatml_v1_eos,corrected_tune500:bridge_clip_w1_bf16_v1_ep4,tune_500_qids,clip,mlp256,none,relate,175,exact_full,38.285714,13.714286,24.571429,outputs/eval/tuning/bridge_clip_w1_bf16_v1_ep4__corrected_chatml_v1_eos__tune_500_qids__image_only__direct_records.json
corrected_tune500:bridge_clip_w1_bf16_v1_ep4::bridge_clip_w1_bf16_v1_ep4__corrected_chatml_v1_eos__tune_500_qids__image_only__direct::vqa_soft,corrected_chatml_v1_eos,corrected_tune500:bridge_clip_w1_bf16_v1_ep4,tune_500_qids,clip,mlp256,none,choose,52,vqa_soft,69.230769,65.384615,3.846154,outputs/eval/tuning/bridge_clip_w1_bf16_v1_ep4__corrected_chatml_v1_eos__tune_500_qids__image_only__direct_records.json
corrected_tune500:bridge_clip_w1_bf16_v1_ep4::bridge_clip_w1_bf16_v1_ep4__corrected_chatml_v1_eos__tune_500_qids__image_only__direct::vqa_soft,corrected_chatml_v1_eos,corrected_tune500:bridge_clip_w1_bf16_v1_ep4,tune_500_qids,clip,mlp256,none,compare,18,vqa_soft,44.444444,44.444444,0,outputs/eval/tuning/bridge_clip_w1_bf16_v1_ep4__corrected_chatml_v1_eos__tune_500_qids__image_only__direct_records.json
corrected_tune500:bridge_clip_w1_bf16_v1_ep4::bridge_clip_w1_bf16_v1_ep4__corrected_chatml_v1_eos__tune_500_qids__image_only__direct::vqa_soft,corrected_chatml_v1_eos,corrected_tune500:bridge_clip_w1_bf16_v1_ep4,tune_500_qids,clip,mlp256,none,exist,98,vqa_soft,63.265306,48.979592,14.285714,outputs/eval/tuning/bridge_clip_w1_bf16_v1_ep4__corrected_chatml_v1_eos__tune_500_qids__image_only__direct_records.json
corrected_tune500:bridge_clip_w1_bf16_v1_ep4::bridge_clip_w1_bf16_v1_ep4__corrected_chatml_v1_eos__tune_500_qids__image_only__direct::vqa_soft,corrected_chatml_v1_eos,corrected_tune500:bridge_clip_w1_bf16_v1_ep4,tune_500_qids,clip,mlp256,none,other,157,vqa_soft,58.598726,34.394904,24.203822,outputs/eval/tuning/bridge_clip_w1_bf16_v1_ep4__corrected_chatml_v1_eos__tune_500_qids__image_only__direct_records.json
corrected_tune500:bridge_clip_w1_bf16_v1_ep4::bridge_clip_w1_bf16_v1_ep4__corrected_chatml_v1_eos__tune_500_qids__image_only__direct::vqa_soft,corrected_chatml_v1_eos,corrected_tune500:bridge_clip_w1_bf16_v1_ep4,tune_500_qids,clip,mlp256,none,relate,175,vqa_soft,38.285714,14.285714,24,outputs/eval/tuning/bridge_clip_w1_bf16_v1_ep4__corrected_chatml_v1_eos__tune_500_qids__image_only__direct_records.json
corrected_tune500:bridge_clip_w1_bf16_v1_ep5::bridge_clip_w1_bf16_v1_ep5__corrected_chatml_v1_eos__tune_500_qids__image_only__direct::exact,corrected_chatml_v1_eos,corrected_tune500:bridge_clip_w1_bf16_v1_ep5,tune_500_qids,clip,mlp256,none,choose,52,exact,69.230769,63.461538,5.769231,outputs/eval/tuning/bridge_clip_w1_bf16_v1_ep5__corrected_chatml_v1_eos__tune_500_qids__image_only__direct_records.json
corrected_tune500:bridge_clip_w1_bf16_v1_ep5::bridge_clip_w1_bf16_v1_ep5__corrected_chatml_v1_eos__tune_500_qids__image_only__direct::exact,corrected_chatml_v1_eos,corrected_tune500:bridge_clip_w1_bf16_v1_ep5,tune_500_qids,clip,mlp256,none,compare,18,exact,50,33.333333,16.666667,outputs/eval/tuning/bridge_clip_w1_bf16_v1_ep5__corrected_chatml_v1_eos__tune_500_qids__image_only__direct_records.json
corrected_tune500:bridge_clip_w1_bf16_v1_ep5::bridge_clip_w1_bf16_v1_ep5__corrected_chatml_v1_eos__tune_500_qids__image_only__direct::exact,corrected_chatml_v1_eos,corrected_tune500:bridge_clip_w1_bf16_v1_ep5,tune_500_qids,clip,mlp256,none,exist,98,exact,66.326531,41.836735,24.489796,outputs/eval/tuning/bridge_clip_w1_bf16_v1_ep5__corrected_chatml_v1_eos__tune_500_qids__image_only__direct_records.json
corrected_tune500:bridge_clip_w1_bf16_v1_ep5::bridge_clip_w1_bf16_v1_ep5__corrected_chatml_v1_eos__tune_500_qids__image_only__direct::exact,corrected_chatml_v1_eos,corrected_tune500:bridge_clip_w1_bf16_v1_ep5,tune_500_qids,clip,mlp256,none,other,157,exact,50.955414,32.484076,18.471338,outputs/eval/tuning/bridge_clip_w1_bf16_v1_ep5__corrected_chatml_v1_eos__tune_500_qids__image_only__direct_records.json
corrected_tune500:bridge_clip_w1_bf16_v1_ep5::bridge_clip_w1_bf16_v1_ep5__corrected_chatml_v1_eos__tune_500_qids__image_only__direct::exact,corrected_chatml_v1_eos,corrected_tune500:bridge_clip_w1_bf16_v1_ep5,tune_500_qids,clip,mlp256,none,relate,175,exact,37.142857,13.714286,23.428571,outputs/eval/tuning/bridge_clip_w1_bf16_v1_ep5__corrected_chatml_v1_eos__tune_500_qids__image_only__direct_records.json
corrected_tune500:bridge_clip_w1_bf16_v1_ep5::bridge_clip_w1_bf16_v1_ep5__corrected_chatml_v1_eos__tune_500_qids__image_only__direct::exact_full,corrected_chatml_v1_eos,corrected_tune500:bridge_clip_w1_bf16_v1_ep5,tune_500_qids,clip,mlp256,none,choose,52,exact_full,69.230769,63.461538,5.769231,outputs/eval/tuning/bridge_clip_w1_bf16_v1_ep5__corrected_chatml_v1_eos__tune_500_qids__image_only__direct_records.json
corrected_tune500:bridge_clip_w1_bf16_v1_ep5::bridge_clip_w1_bf16_v1_ep5__corrected_chatml_v1_eos__tune_500_qids__image_only__direct::exact_full,corrected_chatml_v1_eos,corrected_tune500:bridge_clip_w1_bf16_v1_ep5,tune_500_qids,clip,mlp256,none,compare,18,exact_full,50,33.333333,16.666667,outputs/eval/tuning/bridge_clip_w1_bf16_v1_ep5__corrected_chatml_v1_eos__tune_500_qids__image_only__direct_records.json
corrected_tune500:bridge_clip_w1_bf16_v1_ep5::bridge_clip_w1_bf16_v1_ep5__corrected_chatml_v1_eos__tune_500_qids__image_only__direct::exact_full,corrected_chatml_v1_eos,corrected_tune500:bridge_clip_w1_bf16_v1_ep5,tune_500_qids,clip,mlp256,none,exist,98,exact_full,66.326531,41.836735,24.489796,outputs/eval/tuning/bridge_clip_w1_bf16_v1_ep5__corrected_chatml_v1_eos__tune_500_qids__image_only__direct_records.json
corrected_tune500:bridge_clip_w1_bf16_v1_ep5::bridge_clip_w1_bf16_v1_ep5__corrected_chatml_v1_eos__tune_500_qids__image_only__direct::exact_full,corrected_chatml_v1_eos,corrected_tune500:bridge_clip_w1_bf16_v1_ep5,tune_500_qids,clip,mlp256,none,other,157,exact_full,50.955414,32.484076,18.471338,outputs/eval/tuning/bridge_clip_w1_bf16_v1_ep5__corrected_chatml_v1_eos__tune_500_qids__image_only__direct_records.json
corrected_tune500:bridge_clip_w1_bf16_v1_ep5::bridge_clip_w1_bf16_v1_ep5__corrected_chatml_v1_eos__tune_500_qids__image_only__direct::exact_full,corrected_chatml_v1_eos,corrected_tune500:bridge_clip_w1_bf16_v1_ep5,tune_500_qids,clip,mlp256,none,relate,175,exact_full,37.142857,13.714286,23.428571,outputs/eval/tuning/bridge_clip_w1_bf16_v1_ep5__corrected_chatml_v1_eos__tune_500_qids__image_only__direct_records.json
corrected_tune500:bridge_clip_w1_bf16_v1_ep5::bridge_clip_w1_bf16_v1_ep5__corrected_chatml_v1_eos__tune_500_qids__image_only__direct::vqa_soft,corrected_chatml_v1_eos,corrected_tune500:bridge_clip_w1_bf16_v1_ep5,tune_500_qids,clip,mlp256,none,choose,52,vqa_soft,69.230769,65.384615,3.846154,outputs/eval/tuning/bridge_clip_w1_bf16_v1_ep5__corrected_chatml_v1_eos__tune_500_qids__image_only__direct_records.json
corrected_tune500:bridge_clip_w1_bf16_v1_ep5::bridge_clip_w1_bf16_v1_ep5__corrected_chatml_v1_eos__tune_500_qids__image_only__direct::vqa_soft,corrected_chatml_v1_eos,corrected_tune500:bridge_clip_w1_bf16_v1_ep5,tune_500_qids,clip,mlp256,none,compare,18,vqa_soft,50,44.444444,5.555556,outputs/eval/tuning/bridge_clip_w1_bf16_v1_ep5__corrected_chatml_v1_eos__tune_500_qids__image_only__direct_records.json
corrected_tune500:bridge_clip_w1_bf16_v1_ep5::bridge_clip_w1_bf16_v1_ep5__corrected_chatml_v1_eos__tune_500_qids__image_only__direct::vqa_soft,corrected_chatml_v1_eos,corrected_tune500:bridge_clip_w1_bf16_v1_ep5,tune_500_qids,clip,mlp256,none,exist,98,vqa_soft,66.326531,48.979592,17.346939,outputs/eval/tuning/bridge_clip_w1_bf16_v1_ep5__corrected_chatml_v1_eos__tune_500_qids__image_only__direct_records.json
corrected_tune500:bridge_clip_w1_bf16_v1_ep5::bridge_clip_w1_bf16_v1_ep5__corrected_chatml_v1_eos__tune_500_qids__image_only__direct::vqa_soft,corrected_chatml_v1_eos,corrected_tune500:bridge_clip_w1_bf16_v1_ep5,tune_500_qids,clip,mlp256,none,other,157,vqa_soft,50.955414,34.394904,16.56051,outputs/eval/tuning/bridge_clip_w1_bf16_v1_ep5__corrected_chatml_v1_eos__tune_500_qids__image_only__direct_records.json
corrected_tune500:bridge_clip_w1_bf16_v1_ep5::bridge_clip_w1_bf16_v1_ep5__corrected_chatml_v1_eos__tune_500_qids__image_only__direct::vqa_soft,corrected_chatml_v1_eos,corrected_tune500:bridge_clip_w1_bf16_v1_ep5,tune_500_qids,clip,mlp256,none,relate,175,vqa_soft,37.714286,14.285714,23.428571,outputs/eval/tuning/bridge_clip_w1_bf16_v1_ep5__corrected_chatml_v1_eos__tune_500_qids__image_only__direct_records.json
corrected_tune500:bridge_clip_w1qf_bf16_v1_ep1::bridge_clip_w1qf_bf16_v1_ep1__corrected_chatml_v1_eos__tune_500_qids__image_only__direct::exact,corrected_chatml_v1_eos,corrected_tune500:bridge_clip_w1qf_bf16_v1_ep1,tune_500_qids,clip,qformer32,none,choose,52,exact,53.846154,61.538462,-7.692308,outputs/eval/tuning/bridge_clip_w1qf_bf16_v1_ep1__corrected_chatml_v1_eos__tune_500_qids__image_only__direct_records.json
corrected_tune500:bridge_clip_w1qf_bf16_v1_ep1::bridge_clip_w1qf_bf16_v1_ep1__corrected_chatml_v1_eos__tune_500_qids__image_only__direct::exact,corrected_chatml_v1_eos,corrected_tune500:bridge_clip_w1qf_bf16_v1_ep1,tune_500_qids,clip,qformer32,none,compare,18,exact,50,33.333333,16.666667,outputs/eval/tuning/bridge_clip_w1qf_bf16_v1_ep1__corrected_chatml_v1_eos__tune_500_qids__image_only__direct_records.json
corrected_tune500:bridge_clip_w1qf_bf16_v1_ep1::bridge_clip_w1qf_bf16_v1_ep1__corrected_chatml_v1_eos__tune_500_qids__image_only__direct::exact,corrected_chatml_v1_eos,corrected_tune500:bridge_clip_w1qf_bf16_v1_ep1,tune_500_qids,clip,qformer32,none,exist,98,exact,53.061224,42.857143,10.204082,outputs/eval/tuning/bridge_clip_w1qf_bf16_v1_ep1__corrected_chatml_v1_eos__tune_500_qids__image_only__direct_records.json
corrected_tune500:bridge_clip_w1qf_bf16_v1_ep1::bridge_clip_w1qf_bf16_v1_ep1__corrected_chatml_v1_eos__tune_500_qids__image_only__direct::exact,corrected_chatml_v1_eos,corrected_tune500:bridge_clip_w1qf_bf16_v1_ep1,tune_500_qids,clip,qformer32,none,other,157,exact,40.127389,31.210191,8.917197,outputs/eval/tuning/bridge_clip_w1qf_bf16_v1_ep1__corrected_chatml_v1_eos__tune_500_qids__image_only__direct_records.json
corrected_tune500:bridge_clip_w1qf_bf16_v1_ep1::bridge_clip_w1qf_bf16_v1_ep1__corrected_chatml_v1_eos__tune_500_qids__image_only__direct::exact,corrected_chatml_v1_eos,corrected_tune500:bridge_clip_w1qf_bf16_v1_ep1,tune_500_qids,clip,qformer32,none,relate,175,exact,29.142857,13.714286,15.428571,outputs/eval/tuning/bridge_clip_w1qf_bf16_v1_ep1__corrected_chatml_v1_eos__tune_500_qids__image_only__direct_records.json
corrected_tune500:bridge_clip_w1qf_bf16_v1_ep1::bridge_clip_w1qf_bf16_v1_ep1__corrected_chatml_v1_eos__tune_500_qids__image_only__direct::exact_full,corrected_chatml_v1_eos,corrected_tune500:bridge_clip_w1qf_bf16_v1_ep1,tune_500_qids,clip,qformer32,none,choose,52,exact_full,53.846154,61.538462,-7.692308,outputs/eval/tuning/bridge_clip_w1qf_bf16_v1_ep1__corrected_chatml_v1_eos__tune_500_qids__image_only__direct_records.json
corrected_tune500:bridge_clip_w1qf_bf16_v1_ep1::bridge_clip_w1qf_bf16_v1_ep1__corrected_chatml_v1_eos__tune_500_qids__image_only__direct::exact_full,corrected_chatml_v1_eos,corrected_tune500:bridge_clip_w1qf_bf16_v1_ep1,tune_500_qids,clip,qformer32,none,compare,18,exact_full,50,33.333333,16.666667,outputs/eval/tuning/bridge_clip_w1qf_bf16_v1_ep1__corrected_chatml_v1_eos__tune_500_qids__image_only__direct_records.json
corrected_tune500:bridge_clip_w1qf_bf16_v1_ep1::bridge_clip_w1qf_bf16_v1_ep1__corrected_chatml_v1_eos__tune_500_qids__image_only__direct::exact_full,corrected_chatml_v1_eos,corrected_tune500:bridge_clip_w1qf_bf16_v1_ep1,tune_500_qids,clip,qformer32,none,exist,98,exact_full,53.061224,42.857143,10.204082,outputs/eval/tuning/bridge_clip_w1qf_bf16_v1_ep1__corrected_chatml_v1_eos__tune_500_qids__image_only__direct_records.json
corrected_tune500:bridge_clip_w1qf_bf16_v1_ep1::bridge_clip_w1qf_bf16_v1_ep1__corrected_chatml_v1_eos__tune_500_qids__image_only__direct::exact_full,corrected_chatml_v1_eos,corrected_tune500:bridge_clip_w1qf_bf16_v1_ep1,tune_500_qids,clip,qformer32,none,other,157,exact_full,40.127389,31.210191,8.917197,outputs/eval/tuning/bridge_clip_w1qf_bf16_v1_ep1__corrected_chatml_v1_eos__tune_500_qids__image_only__direct_records.json
corrected_tune500:bridge_clip_w1qf_bf16_v1_ep1::bridge_clip_w1qf_bf16_v1_ep1__corrected_chatml_v1_eos__tune_500_qids__image_only__direct::exact_full,corrected_chatml_v1_eos,corrected_tune500:bridge_clip_w1qf_bf16_v1_ep1,tune_500_qids,clip,qformer32,none,relate,175,exact_full,29.142857,13.714286,15.428571,outputs/eval/tuning/bridge_clip_w1qf_bf16_v1_ep1__corrected_chatml_v1_eos__tune_500_qids__image_only__direct_records.json
corrected_tune500:bridge_clip_w1qf_bf16_v1_ep1::bridge_clip_w1qf_bf16_v1_ep1__corrected_chatml_v1_eos__tune_500_qids__image_only__direct::vqa_soft,corrected_chatml_v1_eos,corrected_tune500:bridge_clip_w1qf_bf16_v1_ep1,tune_500_qids,clip,qformer32,none,choose,52,vqa_soft,53.846154,63.461538,-9.615385,outputs/eval/tuning/bridge_clip_w1qf_bf16_v1_ep1__corrected_chatml_v1_eos__tune_500_qids__image_only__direct_records.json
corrected_tune500:bridge_clip_w1qf_bf16_v1_ep1::bridge_clip_w1qf_bf16_v1_ep1__corrected_chatml_v1_eos__tune_500_qids__image_only__direct::vqa_soft,corrected_chatml_v1_eos,corrected_tune500:bridge_clip_w1qf_bf16_v1_ep1,tune_500_qids,clip,qformer32,none,compare,18,vqa_soft,50,44.444444,5.555556,outputs/eval/tuning/bridge_clip_w1qf_bf16_v1_ep1__corrected_chatml_v1_eos__tune_500_qids__image_only__direct_records.json
corrected_tune500:bridge_clip_w1qf_bf16_v1_ep1::bridge_clip_w1qf_bf16_v1_ep1__corrected_chatml_v1_eos__tune_500_qids__image_only__direct::vqa_soft,corrected_chatml_v1_eos,corrected_tune500:bridge_clip_w1qf_bf16_v1_ep1,tune_500_qids,clip,qformer32,none,exist,98,vqa_soft,53.061224,47.959184,5.102041,outputs/eval/tuning/bridge_clip_w1qf_bf16_v1_ep1__corrected_chatml_v1_eos__tune_500_qids__image_only__direct_records.json
corrected_tune500:bridge_clip_w1qf_bf16_v1_ep1::bridge_clip_w1qf_bf16_v1_ep1__corrected_chatml_v1_eos__tune_500_qids__image_only__direct::vqa_soft,corrected_chatml_v1_eos,corrected_tune500:bridge_clip_w1qf_bf16_v1_ep1,tune_500_qids,clip,qformer32,none,other,157,vqa_soft,40.764331,33.757962,7.006369,outputs/eval/tuning/bridge_clip_w1qf_bf16_v1_ep1__corrected_chatml_v1_eos__tune_500_qids__image_only__direct_records.json
corrected_tune500:bridge_clip_w1qf_bf16_v1_ep1::bridge_clip_w1qf_bf16_v1_ep1__corrected_chatml_v1_eos__tune_500_qids__image_only__direct::vqa_soft,corrected_chatml_v1_eos,corrected_tune500:bridge_clip_w1qf_bf16_v1_ep1,tune_500_qids,clip,qformer32,none,relate,175,vqa_soft,30.857143,14.285714,16.571429,outputs/eval/tuning/bridge_clip_w1qf_bf16_v1_ep1__corrected_chatml_v1_eos__tune_500_qids__image_only__direct_records.json
corrected_tune500:bridge_clip_w1qf_bf16_v1_ep1::bridge_clip_w1qf_bf16_v1_ep1__corrected_chatml_v1_eos__tune_500_qids__image_only__direct__blackwell::exact,corrected_chatml_v1_eos,corrected_tune500:bridge_clip_w1qf_bf16_v1_ep1,tune_500_qids,clip,qformer32,none,choose,52,exact,51.923077,63.461538,-11.538462,outputs/eval/tuning/bridge_clip_w1qf_bf16_v1_ep1__corrected_chatml_v1_eos__tune_500_qids__image_only__direct__blackwell_records.json
corrected_tune500:bridge_clip_w1qf_bf16_v1_ep1::bridge_clip_w1qf_bf16_v1_ep1__corrected_chatml_v1_eos__tune_500_qids__image_only__direct__blackwell::exact,corrected_chatml_v1_eos,corrected_tune500:bridge_clip_w1qf_bf16_v1_ep1,tune_500_qids,clip,qformer32,none,compare,18,exact,50,33.333333,16.666667,outputs/eval/tuning/bridge_clip_w1qf_bf16_v1_ep1__corrected_chatml_v1_eos__tune_500_qids__image_only__direct__blackwell_records.json
corrected_tune500:bridge_clip_w1qf_bf16_v1_ep1::bridge_clip_w1qf_bf16_v1_ep1__corrected_chatml_v1_eos__tune_500_qids__image_only__direct__blackwell::exact,corrected_chatml_v1_eos,corrected_tune500:bridge_clip_w1qf_bf16_v1_ep1,tune_500_qids,clip,qformer32,none,exist,98,exact,52.040816,41.836735,10.204082,outputs/eval/tuning/bridge_clip_w1qf_bf16_v1_ep1__corrected_chatml_v1_eos__tune_500_qids__image_only__direct__blackwell_records.json
corrected_tune500:bridge_clip_w1qf_bf16_v1_ep1::bridge_clip_w1qf_bf16_v1_ep1__corrected_chatml_v1_eos__tune_500_qids__image_only__direct__blackwell::exact,corrected_chatml_v1_eos,corrected_tune500:bridge_clip_w1qf_bf16_v1_ep1,tune_500_qids,clip,qformer32,none,other,157,exact,40.764331,32.484076,8.280255,outputs/eval/tuning/bridge_clip_w1qf_bf16_v1_ep1__corrected_chatml_v1_eos__tune_500_qids__image_only__direct__blackwell_records.json
corrected_tune500:bridge_clip_w1qf_bf16_v1_ep1::bridge_clip_w1qf_bf16_v1_ep1__corrected_chatml_v1_eos__tune_500_qids__image_only__direct__blackwell::exact,corrected_chatml_v1_eos,corrected_tune500:bridge_clip_w1qf_bf16_v1_ep1,tune_500_qids,clip,qformer32,none,relate,175,exact,29.142857,13.714286,15.428571,outputs/eval/tuning/bridge_clip_w1qf_bf16_v1_ep1__corrected_chatml_v1_eos__tune_500_qids__image_only__direct__blackwell_records.json
corrected_tune500:bridge_clip_w1qf_bf16_v1_ep1::bridge_clip_w1qf_bf16_v1_ep1__corrected_chatml_v1_eos__tune_500_qids__image_only__direct__blackwell::exact_full,corrected_chatml_v1_eos,corrected_tune500:bridge_clip_w1qf_bf16_v1_ep1,tune_500_qids,clip,qformer32,none,choose,52,exact_full,51.923077,63.461538,-11.538462,outputs/eval/tuning/bridge_clip_w1qf_bf16_v1_ep1__corrected_chatml_v1_eos__tune_500_qids__image_only__direct__blackwell_records.json
corrected_tune500:bridge_clip_w1qf_bf16_v1_ep1::bridge_clip_w1qf_bf16_v1_ep1__corrected_chatml_v1_eos__tune_500_qids__image_only__direct__blackwell::exact_full,corrected_chatml_v1_eos,corrected_tune500:bridge_clip_w1qf_bf16_v1_ep1,tune_500_qids,clip,qformer32,none,compare,18,exact_full,50,33.333333,16.666667,outputs/eval/tuning/bridge_clip_w1qf_bf16_v1_ep1__corrected_chatml_v1_eos__tune_500_qids__image_only__direct__blackwell_records.json
corrected_tune500:bridge_clip_w1qf_bf16_v1_ep1::bridge_clip_w1qf_bf16_v1_ep1__corrected_chatml_v1_eos__tune_500_qids__image_only__direct__blackwell::exact_full,corrected_chatml_v1_eos,corrected_tune500:bridge_clip_w1qf_bf16_v1_ep1,tune_500_qids,clip,qformer32,none,exist,98,exact_full,52.040816,41.836735,10.204082,outputs/eval/tuning/bridge_clip_w1qf_bf16_v1_ep1__corrected_chatml_v1_eos__tune_500_qids__image_only__direct__blackwell_records.json
corrected_tune500:bridge_clip_w1qf_bf16_v1_ep1::bridge_clip_w1qf_bf16_v1_ep1__corrected_chatml_v1_eos__tune_500_qids__image_only__direct__blackwell::exact_full,corrected_chatml_v1_eos,corrected_tune500:bridge_clip_w1qf_bf16_v1_ep1,tune_500_qids,clip,qformer32,none,other,157,exact_full,40.764331,32.484076,8.280255,outputs/eval/tuning/bridge_clip_w1qf_bf16_v1_ep1__corrected_chatml_v1_eos__tune_500_qids__image_only__direct__blackwell_records.json
corrected_tune500:bridge_clip_w1qf_bf16_v1_ep1::bridge_clip_w1qf_bf16_v1_ep1__corrected_chatml_v1_eos__tune_500_qids__image_only__direct__blackwell::exact_full,corrected_chatml_v1_eos,corrected_tune500:bridge_clip_w1qf_bf16_v1_ep1,tune_500_qids,clip,qformer32,none,relate,175,exact_full,29.142857,13.714286,15.428571,outputs/eval/tuning/bridge_clip_w1qf_bf16_v1_ep1__corrected_chatml_v1_eos__tune_500_qids__image_only__direct__blackwell_records.json
corrected_tune500:bridge_clip_w1qf_bf16_v1_ep1::bridge_clip_w1qf_bf16_v1_ep1__corrected_chatml_v1_eos__tune_500_qids__image_only__direct__blackwell::vqa_soft,corrected_chatml_v1_eos,corrected_tune500:bridge_clip_w1qf_bf16_v1_ep1,tune_500_qids,clip,qformer32,none,choose,52,vqa_soft,51.923077,65.384615,-13.461538,outputs/eval/tuning/bridge_clip_w1qf_bf16_v1_ep1__corrected_chatml_v1_eos__tune_500_qids__image_only__direct__blackwell_records.json
corrected_tune500:bridge_clip_w1qf_bf16_v1_ep1::bridge_clip_w1qf_bf16_v1_ep1__corrected_chatml_v1_eos__tune_500_qids__image_only__direct__blackwell::vqa_soft,corrected_chatml_v1_eos,corrected_tune500:bridge_clip_w1qf_bf16_v1_ep1,tune_500_qids,clip,qformer32,none,compare,18,vqa_soft,50,44.444444,5.555556,outputs/eval/tuning/bridge_clip_w1qf_bf16_v1_ep1__corrected_chatml_v1_eos__tune_500_qids__image_only__direct__blackwell_records.json
corrected_tune500:bridge_clip_w1qf_bf16_v1_ep1::bridge_clip_w1qf_bf16_v1_ep1__corrected_chatml_v1_eos__tune_500_qids__image_only__direct__blackwell::vqa_soft,corrected_chatml_v1_eos,corrected_tune500:bridge_clip_w1qf_bf16_v1_ep1,tune_500_qids,clip,qformer32,none,exist,98,vqa_soft,52.040816,48.979592,3.061224,outputs/eval/tuning/bridge_clip_w1qf_bf16_v1_ep1__corrected_chatml_v1_eos__tune_500_qids__image_only__direct__blackwell_records.json
corrected_tune500:bridge_clip_w1qf_bf16_v1_ep1::bridge_clip_w1qf_bf16_v1_ep1__corrected_chatml_v1_eos__tune_500_qids__image_only__direct__blackwell::vqa_soft,corrected_chatml_v1_eos,corrected_tune500:bridge_clip_w1qf_bf16_v1_ep1,tune_500_qids,clip,qformer32,none,other,157,vqa_soft,41.401274,34.394904,7.006369,outputs/eval/tuning/bridge_clip_w1qf_bf16_v1_ep1__corrected_chatml_v1_eos__tune_500_qids__image_only__direct__blackwell_records.json
corrected_tune500:bridge_clip_w1qf_bf16_v1_ep1::bridge_clip_w1qf_bf16_v1_ep1__corrected_chatml_v1_eos__tune_500_qids__image_only__direct__blackwell::vqa_soft,corrected_chatml_v1_eos,corrected_tune500:bridge_clip_w1qf_bf16_v1_ep1,tune_500_qids,clip,qformer32,none,relate,175,vqa_soft,30.285714,14.285714,16,outputs/eval/tuning/bridge_clip_w1qf_bf16_v1_ep1__corrected_chatml_v1_eos__tune_500_qids__image_only__direct__blackwell_records.json
corrected_tune500:bridge_clip_w1qf_bf16_v1_ep2::bridge_clip_w1qf_bf16_v1_ep2__corrected_chatml_v1_eos__tune_500_qids__image_only__direct::exact,corrected_chatml_v1_eos,corrected_tune500:bridge_clip_w1qf_bf16_v1_ep2,tune_500_qids,clip,qformer32,none,choose,52,exact,55.769231,61.538462,-5.769231,outputs/eval/tuning/bridge_clip_w1qf_bf16_v1_ep2__corrected_chatml_v1_eos__tune_500_qids__image_only__direct_records.json
corrected_tune500:bridge_clip_w1qf_bf16_v1_ep2::bridge_clip_w1qf_bf16_v1_ep2__corrected_chatml_v1_eos__tune_500_qids__image_only__direct::exact,corrected_chatml_v1_eos,corrected_tune500:bridge_clip_w1qf_bf16_v1_ep2,tune_500_qids,clip,qformer32,none,compare,18,exact,55.555556,33.333333,22.222222,outputs/eval/tuning/bridge_clip_w1qf_bf16_v1_ep2__corrected_chatml_v1_eos__tune_500_qids__image_only__direct_records.json
corrected_tune500:bridge_clip_w1qf_bf16_v1_ep2::bridge_clip_w1qf_bf16_v1_ep2__corrected_chatml_v1_eos__tune_500_qids__image_only__direct::exact,corrected_chatml_v1_eos,corrected_tune500:bridge_clip_w1qf_bf16_v1_ep2,tune_500_qids,clip,qformer32,none,exist,98,exact,54.081633,42.857143,11.22449,outputs/eval/tuning/bridge_clip_w1qf_bf16_v1_ep2__corrected_chatml_v1_eos__tune_500_qids__image_only__direct_records.json
corrected_tune500:bridge_clip_w1qf_bf16_v1_ep2::bridge_clip_w1qf_bf16_v1_ep2__corrected_chatml_v1_eos__tune_500_qids__image_only__direct::exact,corrected_chatml_v1_eos,corrected_tune500:bridge_clip_w1qf_bf16_v1_ep2,tune_500_qids,clip,qformer32,none,other,157,exact,42.038217,31.210191,10.828025,outputs/eval/tuning/bridge_clip_w1qf_bf16_v1_ep2__corrected_chatml_v1_eos__tune_500_qids__image_only__direct_records.json
corrected_tune500:bridge_clip_w1qf_bf16_v1_ep2::bridge_clip_w1qf_bf16_v1_ep2__corrected_chatml_v1_eos__tune_500_qids__image_only__direct::exact,corrected_chatml_v1_eos,corrected_tune500:bridge_clip_w1qf_bf16_v1_ep2,tune_500_qids,clip,qformer32,none,relate,175,exact,30.857143,13.714286,17.142857,outputs/eval/tuning/bridge_clip_w1qf_bf16_v1_ep2__corrected_chatml_v1_eos__tune_500_qids__image_only__direct_records.json
corrected_tune500:bridge_clip_w1qf_bf16_v1_ep2::bridge_clip_w1qf_bf16_v1_ep2__corrected_chatml_v1_eos__tune_500_qids__image_only__direct::exact_full,corrected_chatml_v1_eos,corrected_tune500:bridge_clip_w1qf_bf16_v1_ep2,tune_500_qids,clip,qformer32,none,choose,52,exact_full,55.769231,61.538462,-5.769231,outputs/eval/tuning/bridge_clip_w1qf_bf16_v1_ep2__corrected_chatml_v1_eos__tune_500_qids__image_only__direct_records.json
corrected_tune500:bridge_clip_w1qf_bf16_v1_ep2::bridge_clip_w1qf_bf16_v1_ep2__corrected_chatml_v1_eos__tune_500_qids__image_only__direct::exact_full,corrected_chatml_v1_eos,corrected_tune500:bridge_clip_w1qf_bf16_v1_ep2,tune_500_qids,clip,qformer32,none,compare,18,exact_full,55.555556,33.333333,22.222222,outputs/eval/tuning/bridge_clip_w1qf_bf16_v1_ep2__corrected_chatml_v1_eos__tune_500_qids__image_only__direct_records.json
corrected_tune500:bridge_clip_w1qf_bf16_v1_ep2::bridge_clip_w1qf_bf16_v1_ep2__corrected_chatml_v1_eos__tune_500_qids__image_only__direct::exact_full,corrected_chatml_v1_eos,corrected_tune500:bridge_clip_w1qf_bf16_v1_ep2,tune_500_qids,clip,qformer32,none,exist,98,exact_full,54.081633,42.857143,11.22449,outputs/eval/tuning/bridge_clip_w1qf_bf16_v1_ep2__corrected_chatml_v1_eos__tune_500_qids__image_only__direct_records.json
corrected_tune500:bridge_clip_w1qf_bf16_v1_ep2::bridge_clip_w1qf_bf16_v1_ep2__corrected_chatml_v1_eos__tune_500_qids__image_only__direct::exact_full,corrected_chatml_v1_eos,corrected_tune500:bridge_clip_w1qf_bf16_v1_ep2,tune_500_qids,clip,qformer32,none,other,157,exact_full,42.038217,31.210191,10.828025,outputs/eval/tuning/bridge_clip_w1qf_bf16_v1_ep2__corrected_chatml_v1_eos__tune_500_qids__image_only__direct_records.json
corrected_tune500:bridge_clip_w1qf_bf16_v1_ep2::bridge_clip_w1qf_bf16_v1_ep2__corrected_chatml_v1_eos__tune_500_qids__image_only__direct::exact_full,corrected_chatml_v1_eos,corrected_tune500:bridge_clip_w1qf_bf16_v1_ep2,tune_500_qids,clip,qformer32,none,relate,175,exact_full,30.857143,13.714286,17.142857,outputs/eval/tuning/bridge_clip_w1qf_bf16_v1_ep2__corrected_chatml_v1_eos__tune_500_qids__image_only__direct_records.json
corrected_tune500:bridge_clip_w1qf_bf16_v1_ep2::bridge_clip_w1qf_bf16_v1_ep2__corrected_chatml_v1_eos__tune_500_qids__image_only__direct::vqa_soft,corrected_chatml_v1_eos,corrected_tune500:bridge_clip_w1qf_bf16_v1_ep2,tune_500_qids,clip,qformer32,none,choose,52,vqa_soft,55.769231,63.461538,-7.692308,outputs/eval/tuning/bridge_clip_w1qf_bf16_v1_ep2__corrected_chatml_v1_eos__tune_500_qids__image_only__direct_records.json
corrected_tune500:bridge_clip_w1qf_bf16_v1_ep2::bridge_clip_w1qf_bf16_v1_ep2__corrected_chatml_v1_eos__tune_500_qids__image_only__direct::vqa_soft,corrected_chatml_v1_eos,corrected_tune500:bridge_clip_w1qf_bf16_v1_ep2,tune_500_qids,clip,qformer32,none,compare,18,vqa_soft,55.555556,44.444444,11.111111,outputs/eval/tuning/bridge_clip_w1qf_bf16_v1_ep2__corrected_chatml_v1_eos__tune_500_qids__image_only__direct_records.json
corrected_tune500:bridge_clip_w1qf_bf16_v1_ep2::bridge_clip_w1qf_bf16_v1_ep2__corrected_chatml_v1_eos__tune_500_qids__image_only__direct::vqa_soft,corrected_chatml_v1_eos,corrected_tune500:bridge_clip_w1qf_bf16_v1_ep2,tune_500_qids,clip,qformer32,none,exist,98,vqa_soft,54.081633,47.959184,6.122449,outputs/eval/tuning/bridge_clip_w1qf_bf16_v1_ep2__corrected_chatml_v1_eos__tune_500_qids__image_only__direct_records.json
corrected_tune500:bridge_clip_w1qf_bf16_v1_ep2::bridge_clip_w1qf_bf16_v1_ep2__corrected_chatml_v1_eos__tune_500_qids__image_only__direct::vqa_soft,corrected_chatml_v1_eos,corrected_tune500:bridge_clip_w1qf_bf16_v1_ep2,tune_500_qids,clip,qformer32,none,other,157,vqa_soft,42.038217,33.757962,8.280255,outputs/eval/tuning/bridge_clip_w1qf_bf16_v1_ep2__corrected_chatml_v1_eos__tune_500_qids__image_only__direct_records.json
corrected_tune500:bridge_clip_w1qf_bf16_v1_ep2::bridge_clip_w1qf_bf16_v1_ep2__corrected_chatml_v1_eos__tune_500_qids__image_only__direct::vqa_soft,corrected_chatml_v1_eos,corrected_tune500:bridge_clip_w1qf_bf16_v1_ep2,tune_500_qids,clip,qformer32,none,relate,175,vqa_soft,31.428571,14.285714,17.142857,outputs/eval/tuning/bridge_clip_w1qf_bf16_v1_ep2__corrected_chatml_v1_eos__tune_500_qids__image_only__direct_records.json
corrected_tune500:bridge_clip_w1qf_bf16_v1_ep2::bridge_clip_w1qf_bf16_v1_ep2__corrected_chatml_v1_eos__tune_500_qids__image_only__direct__blackwell::exact,corrected_chatml_v1_eos,corrected_tune500:bridge_clip_w1qf_bf16_v1_ep2,tune_500_qids,clip,qformer32,none,choose,52,exact,51.923077,63.461538,-11.538462,outputs/eval/tuning/bridge_clip_w1qf_bf16_v1_ep2__corrected_chatml_v1_eos__tune_500_qids__image_only__direct__blackwell_records.json
corrected_tune500:bridge_clip_w1qf_bf16_v1_ep2::bridge_clip_w1qf_bf16_v1_ep2__corrected_chatml_v1_eos__tune_500_qids__image_only__direct__blackwell::exact,corrected_chatml_v1_eos,corrected_tune500:bridge_clip_w1qf_bf16_v1_ep2,tune_500_qids,clip,qformer32,none,compare,18,exact,55.555556,33.333333,22.222222,outputs/eval/tuning/bridge_clip_w1qf_bf16_v1_ep2__corrected_chatml_v1_eos__tune_500_qids__image_only__direct__blackwell_records.json
corrected_tune500:bridge_clip_w1qf_bf16_v1_ep2::bridge_clip_w1qf_bf16_v1_ep2__corrected_chatml_v1_eos__tune_500_qids__image_only__direct__blackwell::exact,corrected_chatml_v1_eos,corrected_tune500:bridge_clip_w1qf_bf16_v1_ep2,tune_500_qids,clip,qformer32,none,exist,98,exact,55.102041,41.836735,13.265306,outputs/eval/tuning/bridge_clip_w1qf_bf16_v1_ep2__corrected_chatml_v1_eos__tune_500_qids__image_only__direct__blackwell_records.json
corrected_tune500:bridge_clip_w1qf_bf16_v1_ep2::bridge_clip_w1qf_bf16_v1_ep2__corrected_chatml_v1_eos__tune_500_qids__image_only__direct__blackwell::exact,corrected_chatml_v1_eos,corrected_tune500:bridge_clip_w1qf_bf16_v1_ep2,tune_500_qids,clip,qformer32,none,other,157,exact,43.312102,32.484076,10.828025,outputs/eval/tuning/bridge_clip_w1qf_bf16_v1_ep2__corrected_chatml_v1_eos__tune_500_qids__image_only__direct__blackwell_records.json
corrected_tune500:bridge_clip_w1qf_bf16_v1_ep2::bridge_clip_w1qf_bf16_v1_ep2__corrected_chatml_v1_eos__tune_500_qids__image_only__direct__blackwell::exact,corrected_chatml_v1_eos,corrected_tune500:bridge_clip_w1qf_bf16_v1_ep2,tune_500_qids,clip,qformer32,none,relate,175,exact,31.428571,13.714286,17.714286,outputs/eval/tuning/bridge_clip_w1qf_bf16_v1_ep2__corrected_chatml_v1_eos__tune_500_qids__image_only__direct__blackwell_records.json
corrected_tune500:bridge_clip_w1qf_bf16_v1_ep2::bridge_clip_w1qf_bf16_v1_ep2__corrected_chatml_v1_eos__tune_500_qids__image_only__direct__blackwell::exact_full,corrected_chatml_v1_eos,corrected_tune500:bridge_clip_w1qf_bf16_v1_ep2,tune_500_qids,clip,qformer32,none,choose,52,exact_full,51.923077,63.461538,-11.538462,outputs/eval/tuning/bridge_clip_w1qf_bf16_v1_ep2__corrected_chatml_v1_eos__tune_500_qids__image_only__direct__blackwell_records.json
corrected_tune500:bridge_clip_w1qf_bf16_v1_ep2::bridge_clip_w1qf_bf16_v1_ep2__corrected_chatml_v1_eos__tune_500_qids__image_only__direct__blackwell::exact_full,corrected_chatml_v1_eos,corrected_tune500:bridge_clip_w1qf_bf16_v1_ep2,tune_500_qids,clip,qformer32,none,compare,18,exact_full,55.555556,33.333333,22.222222,outputs/eval/tuning/bridge_clip_w1qf_bf16_v1_ep2__corrected_chatml_v1_eos__tune_500_qids__image_only__direct__blackwell_records.json
corrected_tune500:bridge_clip_w1qf_bf16_v1_ep2::bridge_clip_w1qf_bf16_v1_ep2__corrected_chatml_v1_eos__tune_500_qids__image_only__direct__blackwell::exact_full,corrected_chatml_v1_eos,corrected_tune500:bridge_clip_w1qf_bf16_v1_ep2,tune_500_qids,clip,qformer32,none,exist,98,exact_full,55.102041,41.836735,13.265306,outputs/eval/tuning/bridge_clip_w1qf_bf16_v1_ep2__corrected_chatml_v1_eos__tune_500_qids__image_only__direct__blackwell_records.json
corrected_tune500:bridge_clip_w1qf_bf16_v1_ep2::bridge_clip_w1qf_bf16_v1_ep2__corrected_chatml_v1_eos__tune_500_qids__image_only__direct__blackwell::exact_full,corrected_chatml_v1_eos,corrected_tune500:bridge_clip_w1qf_bf16_v1_ep2,tune_500_qids,clip,qformer32,none,other,157,exact_full,43.312102,32.484076,10.828025,outputs/eval/tuning/bridge_clip_w1qf_bf16_v1_ep2__corrected_chatml_v1_eos__tune_500_qids__image_only__direct__blackwell_records.json
corrected_tune500:bridge_clip_w1qf_bf16_v1_ep2::bridge_clip_w1qf_bf16_v1_ep2__corrected_chatml_v1_eos__tune_500_qids__image_only__direct__blackwell::exact_full,corrected_chatml_v1_eos,corrected_tune500:bridge_clip_w1qf_bf16_v1_ep2,tune_500_qids,clip,qformer32,none,relate,175,exact_full,31.428571,13.714286,17.714286,outputs/eval/tuning/bridge_clip_w1qf_bf16_v1_ep2__corrected_chatml_v1_eos__tune_500_qids__image_only__direct__blackwell_records.json
corrected_tune500:bridge_clip_w1qf_bf16_v1_ep2::bridge_clip_w1qf_bf16_v1_ep2__corrected_chatml_v1_eos__tune_500_qids__image_only__direct__blackwell::vqa_soft,corrected_chatml_v1_eos,corrected_tune500:bridge_clip_w1qf_bf16_v1_ep2,tune_500_qids,clip,qformer32,none,choose,52,vqa_soft,51.923077,65.384615,-13.461538,outputs/eval/tuning/bridge_clip_w1qf_bf16_v1_ep2__corrected_chatml_v1_eos__tune_500_qids__image_only__direct__blackwell_records.json
corrected_tune500:bridge_clip_w1qf_bf16_v1_ep2::bridge_clip_w1qf_bf16_v1_ep2__corrected_chatml_v1_eos__tune_500_qids__image_only__direct__blackwell::vqa_soft,corrected_chatml_v1_eos,corrected_tune500:bridge_clip_w1qf_bf16_v1_ep2,tune_500_qids,clip,qformer32,none,compare,18,vqa_soft,55.555556,44.444444,11.111111,outputs/eval/tuning/bridge_clip_w1qf_bf16_v1_ep2__corrected_chatml_v1_eos__tune_500_qids__image_only__direct__blackwell_records.json
corrected_tune500:bridge_clip_w1qf_bf16_v1_ep2::bridge_clip_w1qf_bf16_v1_ep2__corrected_chatml_v1_eos__tune_500_qids__image_only__direct__blackwell::vqa_soft,corrected_chatml_v1_eos,corrected_tune500:bridge_clip_w1qf_bf16_v1_ep2,tune_500_qids,clip,qformer32,none,exist,98,vqa_soft,55.102041,48.979592,6.122449,outputs/eval/tuning/bridge_clip_w1qf_bf16_v1_ep2__corrected_chatml_v1_eos__tune_500_qids__image_only__direct__blackwell_records.json
corrected_tune500:bridge_clip_w1qf_bf16_v1_ep2::bridge_clip_w1qf_bf16_v1_ep2__corrected_chatml_v1_eos__tune_500_qids__image_only__direct__blackwell::vqa_soft,corrected_chatml_v1_eos,corrected_tune500:bridge_clip_w1qf_bf16_v1_ep2,tune_500_qids,clip,qformer32,none,other,157,vqa_soft,43.312102,34.394904,8.917197,outputs/eval/tuning/bridge_clip_w1qf_bf16_v1_ep2__corrected_chatml_v1_eos__tune_500_qids__image_only__direct__blackwell_records.json
corrected_tune500:bridge_clip_w1qf_bf16_v1_ep2::bridge_clip_w1qf_bf16_v1_ep2__corrected_chatml_v1_eos__tune_500_qids__image_only__direct__blackwell::vqa_soft,corrected_chatml_v1_eos,corrected_tune500:bridge_clip_w1qf_bf16_v1_ep2,tune_500_qids,clip,qformer32,none,relate,175,vqa_soft,32,14.285714,17.714286,outputs/eval/tuning/bridge_clip_w1qf_bf16_v1_ep2__corrected_chatml_v1_eos__tune_500_qids__image_only__direct__blackwell_records.json
corrected_tune500:bridge_clip_w1qf_bf16_v1_ep3::bridge_clip_w1qf_bf16_v1_ep3__corrected_chatml_v1_eos__tune_500_qids__image_only__direct::exact,corrected_chatml_v1_eos,corrected_tune500:bridge_clip_w1qf_bf16_v1_ep3,tune_500_qids,clip,qformer32,none,choose,52,exact,57.692308,61.538462,-3.846154,outputs/eval/tuning/bridge_clip_w1qf_bf16_v1_ep3__corrected_chatml_v1_eos__tune_500_qids__image_only__direct_records.json
corrected_tune500:bridge_clip_w1qf_bf16_v1_ep3::bridge_clip_w1qf_bf16_v1_ep3__corrected_chatml_v1_eos__tune_500_qids__image_only__direct::exact,corrected_chatml_v1_eos,corrected_tune500:bridge_clip_w1qf_bf16_v1_ep3,tune_500_qids,clip,qformer32,none,compare,18,exact,33.333333,33.333333,0,outputs/eval/tuning/bridge_clip_w1qf_bf16_v1_ep3__corrected_chatml_v1_eos__tune_500_qids__image_only__direct_records.json
corrected_tune500:bridge_clip_w1qf_bf16_v1_ep3::bridge_clip_w1qf_bf16_v1_ep3__corrected_chatml_v1_eos__tune_500_qids__image_only__direct::exact,corrected_chatml_v1_eos,corrected_tune500:bridge_clip_w1qf_bf16_v1_ep3,tune_500_qids,clip,qformer32,none,exist,98,exact,54.081633,42.857143,11.22449,outputs/eval/tuning/bridge_clip_w1qf_bf16_v1_ep3__corrected_chatml_v1_eos__tune_500_qids__image_only__direct_records.json
corrected_tune500:bridge_clip_w1qf_bf16_v1_ep3::bridge_clip_w1qf_bf16_v1_ep3__corrected_chatml_v1_eos__tune_500_qids__image_only__direct::exact,corrected_chatml_v1_eos,corrected_tune500:bridge_clip_w1qf_bf16_v1_ep3,tune_500_qids,clip,qformer32,none,other,157,exact,39.490446,31.210191,8.280255,outputs/eval/tuning/bridge_clip_w1qf_bf16_v1_ep3__corrected_chatml_v1_eos__tune_500_qids__image_only__direct_records.json
corrected_tune500:bridge_clip_w1qf_bf16_v1_ep3::bridge_clip_w1qf_bf16_v1_ep3__corrected_chatml_v1_eos__tune_500_qids__image_only__direct::exact,corrected_chatml_v1_eos,corrected_tune500:bridge_clip_w1qf_bf16_v1_ep3,tune_500_qids,clip,qformer32,none,relate,175,exact,30.857143,13.714286,17.142857,outputs/eval/tuning/bridge_clip_w1qf_bf16_v1_ep3__corrected_chatml_v1_eos__tune_500_qids__image_only__direct_records.json
corrected_tune500:bridge_clip_w1qf_bf16_v1_ep3::bridge_clip_w1qf_bf16_v1_ep3__corrected_chatml_v1_eos__tune_500_qids__image_only__direct::exact_full,corrected_chatml_v1_eos,corrected_tune500:bridge_clip_w1qf_bf16_v1_ep3,tune_500_qids,clip,qformer32,none,choose,52,exact_full,57.692308,61.538462,-3.846154,outputs/eval/tuning/bridge_clip_w1qf_bf16_v1_ep3__corrected_chatml_v1_eos__tune_500_qids__image_only__direct_records.json
corrected_tune500:bridge_clip_w1qf_bf16_v1_ep3::bridge_clip_w1qf_bf16_v1_ep3__corrected_chatml_v1_eos__tune_500_qids__image_only__direct::exact_full,corrected_chatml_v1_eos,corrected_tune500:bridge_clip_w1qf_bf16_v1_ep3,tune_500_qids,clip,qformer32,none,compare,18,exact_full,33.333333,33.333333,0,outputs/eval/tuning/bridge_clip_w1qf_bf16_v1_ep3__corrected_chatml_v1_eos__tune_500_qids__image_only__direct_records.json
corrected_tune500:bridge_clip_w1qf_bf16_v1_ep3::bridge_clip_w1qf_bf16_v1_ep3__corrected_chatml_v1_eos__tune_500_qids__image_only__direct::exact_full,corrected_chatml_v1_eos,corrected_tune500:bridge_clip_w1qf_bf16_v1_ep3,tune_500_qids,clip,qformer32,none,exist,98,exact_full,54.081633,42.857143,11.22449,outputs/eval/tuning/bridge_clip_w1qf_bf16_v1_ep3__corrected_chatml_v1_eos__tune_500_qids__image_only__direct_records.json
corrected_tune500:bridge_clip_w1qf_bf16_v1_ep3::bridge_clip_w1qf_bf16_v1_ep3__corrected_chatml_v1_eos__tune_500_qids__image_only__direct::exact_full,corrected_chatml_v1_eos,corrected_tune500:bridge_clip_w1qf_bf16_v1_ep3,tune_500_qids,clip,qformer32,none,other,157,exact_full,39.490446,31.210191,8.280255,outputs/eval/tuning/bridge_clip_w1qf_bf16_v1_ep3__corrected_chatml_v1_eos__tune_500_qids__image_only__direct_records.json
corrected_tune500:bridge_clip_w1qf_bf16_v1_ep3::bridge_clip_w1qf_bf16_v1_ep3__corrected_chatml_v1_eos__tune_500_qids__image_only__direct::exact_full,corrected_chatml_v1_eos,corrected_tune500:bridge_clip_w1qf_bf16_v1_ep3,tune_500_qids,clip,qformer32,none,relate,175,exact_full,30.857143,13.714286,17.142857,outputs/eval/tuning/bridge_clip_w1qf_bf16_v1_ep3__corrected_chatml_v1_eos__tune_500_qids__image_only__direct_records.json
corrected_tune500:bridge_clip_w1qf_bf16_v1_ep3::bridge_clip_w1qf_bf16_v1_ep3__corrected_chatml_v1_eos__tune_500_qids__image_only__direct::vqa_soft,corrected_chatml_v1_eos,corrected_tune500:bridge_clip_w1qf_bf16_v1_ep3,tune_500_qids,clip,qformer32,none,choose,52,vqa_soft,57.692308,63.461538,-5.769231,outputs/eval/tuning/bridge_clip_w1qf_bf16_v1_ep3__corrected_chatml_v1_eos__tune_500_qids__image_only__direct_records.json
corrected_tune500:bridge_clip_w1qf_bf16_v1_ep3::bridge_clip_w1qf_bf16_v1_ep3__corrected_chatml_v1_eos__tune_500_qids__image_only__direct::vqa_soft,corrected_chatml_v1_eos,corrected_tune500:bridge_clip_w1qf_bf16_v1_ep3,tune_500_qids,clip,qformer32,none,compare,18,vqa_soft,33.333333,44.444444,-11.111111,outputs/eval/tuning/bridge_clip_w1qf_bf16_v1_ep3__corrected_chatml_v1_eos__tune_500_qids__image_only__direct_records.json
corrected_tune500:bridge_clip_w1qf_bf16_v1_ep3::bridge_clip_w1qf_bf16_v1_ep3__corrected_chatml_v1_eos__tune_500_qids__image_only__direct::vqa_soft,corrected_chatml_v1_eos,corrected_tune500:bridge_clip_w1qf_bf16_v1_ep3,tune_500_qids,clip,qformer32,none,exist,98,vqa_soft,54.081633,47.959184,6.122449,outputs/eval/tuning/bridge_clip_w1qf_bf16_v1_ep3__corrected_chatml_v1_eos__tune_500_qids__image_only__direct_records.json
corrected_tune500:bridge_clip_w1qf_bf16_v1_ep3::bridge_clip_w1qf_bf16_v1_ep3__corrected_chatml_v1_eos__tune_500_qids__image_only__direct::vqa_soft,corrected_chatml_v1_eos,corrected_tune500:bridge_clip_w1qf_bf16_v1_ep3,tune_500_qids,clip,qformer32,none,other,157,vqa_soft,40.127389,33.757962,6.369427,outputs/eval/tuning/bridge_clip_w1qf_bf16_v1_ep3__corrected_chatml_v1_eos__tune_500_qids__image_only__direct_records.json
corrected_tune500:bridge_clip_w1qf_bf16_v1_ep3::bridge_clip_w1qf_bf16_v1_ep3__corrected_chatml_v1_eos__tune_500_qids__image_only__direct::vqa_soft,corrected_chatml_v1_eos,corrected_tune500:bridge_clip_w1qf_bf16_v1_ep3,tune_500_qids,clip,qformer32,none,relate,175,vqa_soft,32.571429,14.285714,18.285714,outputs/eval/tuning/bridge_clip_w1qf_bf16_v1_ep3__corrected_chatml_v1_eos__tune_500_qids__image_only__direct_records.json
corrected_tune500:bridge_clip_w1qf_bf16_v1_ep3::bridge_clip_w1qf_bf16_v1_ep3__corrected_chatml_v1_eos__tune_500_qids__image_only__direct__blackwell::exact,corrected_chatml_v1_eos,corrected_tune500:bridge_clip_w1qf_bf16_v1_ep3,tune_500_qids,clip,qformer32,none,choose,52,exact,59.615385,63.461538,-3.846154,outputs/eval/tuning/bridge_clip_w1qf_bf16_v1_ep3__corrected_chatml_v1_eos__tune_500_qids__image_only__direct__blackwell_records.json
corrected_tune500:bridge_clip_w1qf_bf16_v1_ep3::bridge_clip_w1qf_bf16_v1_ep3__corrected_chatml_v1_eos__tune_500_qids__image_only__direct__blackwell::exact,corrected_chatml_v1_eos,corrected_tune500:bridge_clip_w1qf_bf16_v1_ep3,tune_500_qids,clip,qformer32,none,compare,18,exact,33.333333,33.333333,0,outputs/eval/tuning/bridge_clip_w1qf_bf16_v1_ep3__corrected_chatml_v1_eos__tune_500_qids__image_only__direct__blackwell_records.json
corrected_tune500:bridge_clip_w1qf_bf16_v1_ep3::bridge_clip_w1qf_bf16_v1_ep3__corrected_chatml_v1_eos__tune_500_qids__image_only__direct__blackwell::exact,corrected_chatml_v1_eos,corrected_tune500:bridge_clip_w1qf_bf16_v1_ep3,tune_500_qids,clip,qformer32,none,exist,98,exact,53.061224,41.836735,11.22449,outputs/eval/tuning/bridge_clip_w1qf_bf16_v1_ep3__corrected_chatml_v1_eos__tune_500_qids__image_only__direct__blackwell_records.json
corrected_tune500:bridge_clip_w1qf_bf16_v1_ep3::bridge_clip_w1qf_bf16_v1_ep3__corrected_chatml_v1_eos__tune_500_qids__image_only__direct__blackwell::exact,corrected_chatml_v1_eos,corrected_tune500:bridge_clip_w1qf_bf16_v1_ep3,tune_500_qids,clip,qformer32,none,other,157,exact,39.490446,32.484076,7.006369,outputs/eval/tuning/bridge_clip_w1qf_bf16_v1_ep3__corrected_chatml_v1_eos__tune_500_qids__image_only__direct__blackwell_records.json
corrected_tune500:bridge_clip_w1qf_bf16_v1_ep3::bridge_clip_w1qf_bf16_v1_ep3__corrected_chatml_v1_eos__tune_500_qids__image_only__direct__blackwell::exact,corrected_chatml_v1_eos,corrected_tune500:bridge_clip_w1qf_bf16_v1_ep3,tune_500_qids,clip,qformer32,none,relate,175,exact,30.857143,13.714286,17.142857,outputs/eval/tuning/bridge_clip_w1qf_bf16_v1_ep3__corrected_chatml_v1_eos__tune_500_qids__image_only__direct__blackwell_records.json
corrected_tune500:bridge_clip_w1qf_bf16_v1_ep3::bridge_clip_w1qf_bf16_v1_ep3__corrected_chatml_v1_eos__tune_500_qids__image_only__direct__blackwell::exact_full,corrected_chatml_v1_eos,corrected_tune500:bridge_clip_w1qf_bf16_v1_ep3,tune_500_qids,clip,qformer32,none,choose,52,exact_full,59.615385,63.461538,-3.846154,outputs/eval/tuning/bridge_clip_w1qf_bf16_v1_ep3__corrected_chatml_v1_eos__tune_500_qids__image_only__direct__blackwell_records.json
corrected_tune500:bridge_clip_w1qf_bf16_v1_ep3::bridge_clip_w1qf_bf16_v1_ep3__corrected_chatml_v1_eos__tune_500_qids__image_only__direct__blackwell::exact_full,corrected_chatml_v1_eos,corrected_tune500:bridge_clip_w1qf_bf16_v1_ep3,tune_500_qids,clip,qformer32,none,compare,18,exact_full,33.333333,33.333333,0,outputs/eval/tuning/bridge_clip_w1qf_bf16_v1_ep3__corrected_chatml_v1_eos__tune_500_qids__image_only__direct__blackwell_records.json
corrected_tune500:bridge_clip_w1qf_bf16_v1_ep3::bridge_clip_w1qf_bf16_v1_ep3__corrected_chatml_v1_eos__tune_500_qids__image_only__direct__blackwell::exact_full,corrected_chatml_v1_eos,corrected_tune500:bridge_clip_w1qf_bf16_v1_ep3,tune_500_qids,clip,qformer32,none,exist,98,exact_full,53.061224,41.836735,11.22449,outputs/eval/tuning/bridge_clip_w1qf_bf16_v1_ep3__corrected_chatml_v1_eos__tune_500_qids__image_only__direct__blackwell_records.json
corrected_tune500:bridge_clip_w1qf_bf16_v1_ep3::bridge_clip_w1qf_bf16_v1_ep3__corrected_chatml_v1_eos__tune_500_qids__image_only__direct__blackwell::exact_full,corrected_chatml_v1_eos,corrected_tune500:bridge_clip_w1qf_bf16_v1_ep3,tune_500_qids,clip,qformer32,none,other,157,exact_full,39.490446,32.484076,7.006369,outputs/eval/tuning/bridge_clip_w1qf_bf16_v1_ep3__corrected_chatml_v1_eos__tune_500_qids__image_only__direct__blackwell_records.json
corrected_tune500:bridge_clip_w1qf_bf16_v1_ep3::bridge_clip_w1qf_bf16_v1_ep3__corrected_chatml_v1_eos__tune_500_qids__image_only__direct__blackwell::exact_full,corrected_chatml_v1_eos,corrected_tune500:bridge_clip_w1qf_bf16_v1_ep3,tune_500_qids,clip,qformer32,none,relate,175,exact_full,30.857143,13.714286,17.142857,outputs/eval/tuning/bridge_clip_w1qf_bf16_v1_ep3__corrected_chatml_v1_eos__tune_500_qids__image_only__direct__blackwell_records.json
corrected_tune500:bridge_clip_w1qf_bf16_v1_ep3::bridge_clip_w1qf_bf16_v1_ep3__corrected_chatml_v1_eos__tune_500_qids__image_only__direct__blackwell::vqa_soft,corrected_chatml_v1_eos,corrected_tune500:bridge_clip_w1qf_bf16_v1_ep3,tune_500_qids,clip,qformer32,none,choose,52,vqa_soft,59.615385,65.384615,-5.769231,outputs/eval/tuning/bridge_clip_w1qf_bf16_v1_ep3__corrected_chatml_v1_eos__tune_500_qids__image_only__direct__blackwell_records.json
corrected_tune500:bridge_clip_w1qf_bf16_v1_ep3::bridge_clip_w1qf_bf16_v1_ep3__corrected_chatml_v1_eos__tune_500_qids__image_only__direct__blackwell::vqa_soft,corrected_chatml_v1_eos,corrected_tune500:bridge_clip_w1qf_bf16_v1_ep3,tune_500_qids,clip,qformer32,none,compare,18,vqa_soft,33.333333,44.444444,-11.111111,outputs/eval/tuning/bridge_clip_w1qf_bf16_v1_ep3__corrected_chatml_v1_eos__tune_500_qids__image_only__direct__blackwell_records.json
corrected_tune500:bridge_clip_w1qf_bf16_v1_ep3::bridge_clip_w1qf_bf16_v1_ep3__corrected_chatml_v1_eos__tune_500_qids__image_only__direct__blackwell::vqa_soft,corrected_chatml_v1_eos,corrected_tune500:bridge_clip_w1qf_bf16_v1_ep3,tune_500_qids,clip,qformer32,none,exist,98,vqa_soft,53.061224,48.979592,4.081633,outputs/eval/tuning/bridge_clip_w1qf_bf16_v1_ep3__corrected_chatml_v1_eos__tune_500_qids__image_only__direct__blackwell_records.json
corrected_tune500:bridge_clip_w1qf_bf16_v1_ep3::bridge_clip_w1qf_bf16_v1_ep3__corrected_chatml_v1_eos__tune_500_qids__image_only__direct__blackwell::vqa_soft,corrected_chatml_v1_eos,corrected_tune500:bridge_clip_w1qf_bf16_v1_ep3,tune_500_qids,clip,qformer32,none,other,157,vqa_soft,40.127389,34.394904,5.732484,outputs/eval/tuning/bridge_clip_w1qf_bf16_v1_ep3__corrected_chatml_v1_eos__tune_500_qids__image_only__direct__blackwell_records.json
corrected_tune500:bridge_clip_w1qf_bf16_v1_ep3::bridge_clip_w1qf_bf16_v1_ep3__corrected_chatml_v1_eos__tune_500_qids__image_only__direct__blackwell::vqa_soft,corrected_chatml_v1_eos,corrected_tune500:bridge_clip_w1qf_bf16_v1_ep3,tune_500_qids,clip,qformer32,none,relate,175,vqa_soft,32.571429,14.285714,18.285714,outputs/eval/tuning/bridge_clip_w1qf_bf16_v1_ep3__corrected_chatml_v1_eos__tune_500_qids__image_only__direct__blackwell_records.json
corrected_tune500:bridge_clip_w1qf_bf16_v1_ep4::bridge_clip_w1qf_bf16_v1_ep4__corrected_chatml_v1_eos__tune_500_qids__image_only__direct::exact,corrected_chatml_v1_eos,corrected_tune500:bridge_clip_w1qf_bf16_v1_ep4,tune_500_qids,clip,qformer32,none,choose,52,exact,61.538462,61.538462,0,outputs/eval/tuning/bridge_clip_w1qf_bf16_v1_ep4__corrected_chatml_v1_eos__tune_500_qids__image_only__direct_records.json
corrected_tune500:bridge_clip_w1qf_bf16_v1_ep4::bridge_clip_w1qf_bf16_v1_ep4__corrected_chatml_v1_eos__tune_500_qids__image_only__direct::exact,corrected_chatml_v1_eos,corrected_tune500:bridge_clip_w1qf_bf16_v1_ep4,tune_500_qids,clip,qformer32,none,compare,18,exact,44.444444,33.333333,11.111111,outputs/eval/tuning/bridge_clip_w1qf_bf16_v1_ep4__corrected_chatml_v1_eos__tune_500_qids__image_only__direct_records.json
corrected_tune500:bridge_clip_w1qf_bf16_v1_ep4::bridge_clip_w1qf_bf16_v1_ep4__corrected_chatml_v1_eos__tune_500_qids__image_only__direct::exact,corrected_chatml_v1_eos,corrected_tune500:bridge_clip_w1qf_bf16_v1_ep4,tune_500_qids,clip,qformer32,none,exist,98,exact,57.142857,42.857143,14.285714,outputs/eval/tuning/bridge_clip_w1qf_bf16_v1_ep4__corrected_chatml_v1_eos__tune_500_qids__image_only__direct_records.json
corrected_tune500:bridge_clip_w1qf_bf16_v1_ep4::bridge_clip_w1qf_bf16_v1_ep4__corrected_chatml_v1_eos__tune_500_qids__image_only__direct::exact,corrected_chatml_v1_eos,corrected_tune500:bridge_clip_w1qf_bf16_v1_ep4,tune_500_qids,clip,qformer32,none,other,157,exact,39.490446,31.210191,8.280255,outputs/eval/tuning/bridge_clip_w1qf_bf16_v1_ep4__corrected_chatml_v1_eos__tune_500_qids__image_only__direct_records.json
corrected_tune500:bridge_clip_w1qf_bf16_v1_ep4::bridge_clip_w1qf_bf16_v1_ep4__corrected_chatml_v1_eos__tune_500_qids__image_only__direct::exact,corrected_chatml_v1_eos,corrected_tune500:bridge_clip_w1qf_bf16_v1_ep4,tune_500_qids,clip,qformer32,none,relate,175,exact,29.142857,13.714286,15.428571,outputs/eval/tuning/bridge_clip_w1qf_bf16_v1_ep4__corrected_chatml_v1_eos__tune_500_qids__image_only__direct_records.json
corrected_tune500:bridge_clip_w1qf_bf16_v1_ep4::bridge_clip_w1qf_bf16_v1_ep4__corrected_chatml_v1_eos__tune_500_qids__image_only__direct::exact_full,corrected_chatml_v1_eos,corrected_tune500:bridge_clip_w1qf_bf16_v1_ep4,tune_500_qids,clip,qformer32,none,choose,52,exact_full,61.538462,61.538462,0,outputs/eval/tuning/bridge_clip_w1qf_bf16_v1_ep4__corrected_chatml_v1_eos__tune_500_qids__image_only__direct_records.json
corrected_tune500:bridge_clip_w1qf_bf16_v1_ep4::bridge_clip_w1qf_bf16_v1_ep4__corrected_chatml_v1_eos__tune_500_qids__image_only__direct::exact_full,corrected_chatml_v1_eos,corrected_tune500:bridge_clip_w1qf_bf16_v1_ep4,tune_500_qids,clip,qformer32,none,compare,18,exact_full,44.444444,33.333333,11.111111,outputs/eval/tuning/bridge_clip_w1qf_bf16_v1_ep4__corrected_chatml_v1_eos__tune_500_qids__image_only__direct_records.json
corrected_tune500:bridge_clip_w1qf_bf16_v1_ep4::bridge_clip_w1qf_bf16_v1_ep4__corrected_chatml_v1_eos__tune_500_qids__image_only__direct::exact_full,corrected_chatml_v1_eos,corrected_tune500:bridge_clip_w1qf_bf16_v1_ep4,tune_500_qids,clip,qformer32,none,exist,98,exact_full,57.142857,42.857143,14.285714,outputs/eval/tuning/bridge_clip_w1qf_bf16_v1_ep4__corrected_chatml_v1_eos__tune_500_qids__image_only__direct_records.json
corrected_tune500:bridge_clip_w1qf_bf16_v1_ep4::bridge_clip_w1qf_bf16_v1_ep4__corrected_chatml_v1_eos__tune_500_qids__image_only__direct::exact_full,corrected_chatml_v1_eos,corrected_tune500:bridge_clip_w1qf_bf16_v1_ep4,tune_500_qids,clip,qformer32,none,other,157,exact_full,39.490446,31.210191,8.280255,outputs/eval/tuning/bridge_clip_w1qf_bf16_v1_ep4__corrected_chatml_v1_eos__tune_500_qids__image_only__direct_records.json
corrected_tune500:bridge_clip_w1qf_bf16_v1_ep4::bridge_clip_w1qf_bf16_v1_ep4__corrected_chatml_v1_eos__tune_500_qids__image_only__direct::exact_full,corrected_chatml_v1_eos,corrected_tune500:bridge_clip_w1qf_bf16_v1_ep4,tune_500_qids,clip,qformer32,none,relate,175,exact_full,29.142857,13.714286,15.428571,outputs/eval/tuning/bridge_clip_w1qf_bf16_v1_ep4__corrected_chatml_v1_eos__tune_500_qids__image_only__direct_records.json
corrected_tune500:bridge_clip_w1qf_bf16_v1_ep4::bridge_clip_w1qf_bf16_v1_ep4__corrected_chatml_v1_eos__tune_500_qids__image_only__direct::vqa_soft,corrected_chatml_v1_eos,corrected_tune500:bridge_clip_w1qf_bf16_v1_ep4,tune_500_qids,clip,qformer32,none,choose,52,vqa_soft,61.538462,63.461538,-1.923077,outputs/eval/tuning/bridge_clip_w1qf_bf16_v1_ep4__corrected_chatml_v1_eos__tune_500_qids__image_only__direct_records.json
corrected_tune500:bridge_clip_w1qf_bf16_v1_ep4::bridge_clip_w1qf_bf16_v1_ep4__corrected_chatml_v1_eos__tune_500_qids__image_only__direct::vqa_soft,corrected_chatml_v1_eos,corrected_tune500:bridge_clip_w1qf_bf16_v1_ep4,tune_500_qids,clip,qformer32,none,compare,18,vqa_soft,44.444444,44.444444,0,outputs/eval/tuning/bridge_clip_w1qf_bf16_v1_ep4__corrected_chatml_v1_eos__tune_500_qids__image_only__direct_records.json
corrected_tune500:bridge_clip_w1qf_bf16_v1_ep4::bridge_clip_w1qf_bf16_v1_ep4__corrected_chatml_v1_eos__tune_500_qids__image_only__direct::vqa_soft,corrected_chatml_v1_eos,corrected_tune500:bridge_clip_w1qf_bf16_v1_ep4,tune_500_qids,clip,qformer32,none,exist,98,vqa_soft,57.142857,47.959184,9.183673,outputs/eval/tuning/bridge_clip_w1qf_bf16_v1_ep4__corrected_chatml_v1_eos__tune_500_qids__image_only__direct_records.json
corrected_tune500:bridge_clip_w1qf_bf16_v1_ep4::bridge_clip_w1qf_bf16_v1_ep4__corrected_chatml_v1_eos__tune_500_qids__image_only__direct::vqa_soft,corrected_chatml_v1_eos,corrected_tune500:bridge_clip_w1qf_bf16_v1_ep4,tune_500_qids,clip,qformer32,none,other,157,vqa_soft,39.490446,33.757962,5.732484,outputs/eval/tuning/bridge_clip_w1qf_bf16_v1_ep4__corrected_chatml_v1_eos__tune_500_qids__image_only__direct_records.json
corrected_tune500:bridge_clip_w1qf_bf16_v1_ep4::bridge_clip_w1qf_bf16_v1_ep4__corrected_chatml_v1_eos__tune_500_qids__image_only__direct::vqa_soft,corrected_chatml_v1_eos,corrected_tune500:bridge_clip_w1qf_bf16_v1_ep4,tune_500_qids,clip,qformer32,none,relate,175,vqa_soft,30.857143,14.285714,16.571429,outputs/eval/tuning/bridge_clip_w1qf_bf16_v1_ep4__corrected_chatml_v1_eos__tune_500_qids__image_only__direct_records.json
corrected_tune500:bridge_clip_w1qf_bf16_v1_ep4::bridge_clip_w1qf_bf16_v1_ep4__corrected_chatml_v1_eos__tune_500_qids__image_only__direct__blackwell::exact,corrected_chatml_v1_eos,corrected_tune500:bridge_clip_w1qf_bf16_v1_ep4,tune_500_qids,clip,qformer32,none,choose,52,exact,61.538462,63.461538,-1.923077,outputs/eval/tuning/bridge_clip_w1qf_bf16_v1_ep4__corrected_chatml_v1_eos__tune_500_qids__image_only__direct__blackwell_records.json
corrected_tune500:bridge_clip_w1qf_bf16_v1_ep4::bridge_clip_w1qf_bf16_v1_ep4__corrected_chatml_v1_eos__tune_500_qids__image_only__direct__blackwell::exact,corrected_chatml_v1_eos,corrected_tune500:bridge_clip_w1qf_bf16_v1_ep4,tune_500_qids,clip,qformer32,none,compare,18,exact,44.444444,33.333333,11.111111,outputs/eval/tuning/bridge_clip_w1qf_bf16_v1_ep4__corrected_chatml_v1_eos__tune_500_qids__image_only__direct__blackwell_records.json
corrected_tune500:bridge_clip_w1qf_bf16_v1_ep4::bridge_clip_w1qf_bf16_v1_ep4__corrected_chatml_v1_eos__tune_500_qids__image_only__direct__blackwell::exact,corrected_chatml_v1_eos,corrected_tune500:bridge_clip_w1qf_bf16_v1_ep4,tune_500_qids,clip,qformer32,none,exist,98,exact,55.102041,41.836735,13.265306,outputs/eval/tuning/bridge_clip_w1qf_bf16_v1_ep4__corrected_chatml_v1_eos__tune_500_qids__image_only__direct__blackwell_records.json
corrected_tune500:bridge_clip_w1qf_bf16_v1_ep4::bridge_clip_w1qf_bf16_v1_ep4__corrected_chatml_v1_eos__tune_500_qids__image_only__direct__blackwell::exact,corrected_chatml_v1_eos,corrected_tune500:bridge_clip_w1qf_bf16_v1_ep4,tune_500_qids,clip,qformer32,none,other,157,exact,40.127389,32.484076,7.643312,outputs/eval/tuning/bridge_clip_w1qf_bf16_v1_ep4__corrected_chatml_v1_eos__tune_500_qids__image_only__direct__blackwell_records.json
corrected_tune500:bridge_clip_w1qf_bf16_v1_ep4::bridge_clip_w1qf_bf16_v1_ep4__corrected_chatml_v1_eos__tune_500_qids__image_only__direct__blackwell::exact,corrected_chatml_v1_eos,corrected_tune500:bridge_clip_w1qf_bf16_v1_ep4,tune_500_qids,clip,qformer32,none,relate,175,exact,29.142857,13.714286,15.428571,outputs/eval/tuning/bridge_clip_w1qf_bf16_v1_ep4__corrected_chatml_v1_eos__tune_500_qids__image_only__direct__blackwell_records.json
corrected_tune500:bridge_clip_w1qf_bf16_v1_ep4::bridge_clip_w1qf_bf16_v1_ep4__corrected_chatml_v1_eos__tune_500_qids__image_only__direct__blackwell::exact_full,corrected_chatml_v1_eos,corrected_tune500:bridge_clip_w1qf_bf16_v1_ep4,tune_500_qids,clip,qformer32,none,choose,52,exact_full,61.538462,63.461538,-1.923077,outputs/eval/tuning/bridge_clip_w1qf_bf16_v1_ep4__corrected_chatml_v1_eos__tune_500_qids__image_only__direct__blackwell_records.json
corrected_tune500:bridge_clip_w1qf_bf16_v1_ep4::bridge_clip_w1qf_bf16_v1_ep4__corrected_chatml_v1_eos__tune_500_qids__image_only__direct__blackwell::exact_full,corrected_chatml_v1_eos,corrected_tune500:bridge_clip_w1qf_bf16_v1_ep4,tune_500_qids,clip,qformer32,none,compare,18,exact_full,44.444444,33.333333,11.111111,outputs/eval/tuning/bridge_clip_w1qf_bf16_v1_ep4__corrected_chatml_v1_eos__tune_500_qids__image_only__direct__blackwell_records.json
corrected_tune500:bridge_clip_w1qf_bf16_v1_ep4::bridge_clip_w1qf_bf16_v1_ep4__corrected_chatml_v1_eos__tune_500_qids__image_only__direct__blackwell::exact_full,corrected_chatml_v1_eos,corrected_tune500:bridge_clip_w1qf_bf16_v1_ep4,tune_500_qids,clip,qformer32,none,exist,98,exact_full,55.102041,41.836735,13.265306,outputs/eval/tuning/bridge_clip_w1qf_bf16_v1_ep4__corrected_chatml_v1_eos__tune_500_qids__image_only__direct__blackwell_records.json
corrected_tune500:bridge_clip_w1qf_bf16_v1_ep4::bridge_clip_w1qf_bf16_v1_ep4__corrected_chatml_v1_eos__tune_500_qids__image_only__direct__blackwell::exact_full,corrected_chatml_v1_eos,corrected_tune500:bridge_clip_w1qf_bf16_v1_ep4,tune_500_qids,clip,qformer32,none,other,157,exact_full,40.127389,32.484076,7.643312,outputs/eval/tuning/bridge_clip_w1qf_bf16_v1_ep4__corrected_chatml_v1_eos__tune_500_qids__image_only__direct__blackwell_records.json
corrected_tune500:bridge_clip_w1qf_bf16_v1_ep4::bridge_clip_w1qf_bf16_v1_ep4__corrected_chatml_v1_eos__tune_500_qids__image_only__direct__blackwell::exact_full,corrected_chatml_v1_eos,corrected_tune500:bridge_clip_w1qf_bf16_v1_ep4,tune_500_qids,clip,qformer32,none,relate,175,exact_full,29.142857,13.714286,15.428571,outputs/eval/tuning/bridge_clip_w1qf_bf16_v1_ep4__corrected_chatml_v1_eos__tune_500_qids__image_only__direct__blackwell_records.json
corrected_tune500:bridge_clip_w1qf_bf16_v1_ep4::bridge_clip_w1qf_bf16_v1_ep4__corrected_chatml_v1_eos__tune_500_qids__image_only__direct__blackwell::vqa_soft,corrected_chatml_v1_eos,corrected_tune500:bridge_clip_w1qf_bf16_v1_ep4,tune_500_qids,clip,qformer32,none,choose,52,vqa_soft,61.538462,65.384615,-3.846154,outputs/eval/tuning/bridge_clip_w1qf_bf16_v1_ep4__corrected_chatml_v1_eos__tune_500_qids__image_only__direct__blackwell_records.json
corrected_tune500:bridge_clip_w1qf_bf16_v1_ep4::bridge_clip_w1qf_bf16_v1_ep4__corrected_chatml_v1_eos__tune_500_qids__image_only__direct__blackwell::vqa_soft,corrected_chatml_v1_eos,corrected_tune500:bridge_clip_w1qf_bf16_v1_ep4,tune_500_qids,clip,qformer32,none,compare,18,vqa_soft,44.444444,44.444444,0,outputs/eval/tuning/bridge_clip_w1qf_bf16_v1_ep4__corrected_chatml_v1_eos__tune_500_qids__image_only__direct__blackwell_records.json
corrected_tune500:bridge_clip_w1qf_bf16_v1_ep4::bridge_clip_w1qf_bf16_v1_ep4__corrected_chatml_v1_eos__tune_500_qids__image_only__direct__blackwell::vqa_soft,corrected_chatml_v1_eos,corrected_tune500:bridge_clip_w1qf_bf16_v1_ep4,tune_500_qids,clip,qformer32,none,exist,98,vqa_soft,55.102041,48.979592,6.122449,outputs/eval/tuning/bridge_clip_w1qf_bf16_v1_ep4__corrected_chatml_v1_eos__tune_500_qids__image_only__direct__blackwell_records.json
corrected_tune500:bridge_clip_w1qf_bf16_v1_ep4::bridge_clip_w1qf_bf16_v1_ep4__corrected_chatml_v1_eos__tune_500_qids__image_only__direct__blackwell::vqa_soft,corrected_chatml_v1_eos,corrected_tune500:bridge_clip_w1qf_bf16_v1_ep4,tune_500_qids,clip,qformer32,none,other,157,vqa_soft,40.127389,34.394904,5.732484,outputs/eval/tuning/bridge_clip_w1qf_bf16_v1_ep4__corrected_chatml_v1_eos__tune_500_qids__image_only__direct__blackwell_records.json
corrected_tune500:bridge_clip_w1qf_bf16_v1_ep4::bridge_clip_w1qf_bf16_v1_ep4__corrected_chatml_v1_eos__tune_500_qids__image_only__direct__blackwell::vqa_soft,corrected_chatml_v1_eos,corrected_tune500:bridge_clip_w1qf_bf16_v1_ep4,tune_500_qids,clip,qformer32,none,relate,175,vqa_soft,30.857143,14.285714,16.571429,outputs/eval/tuning/bridge_clip_w1qf_bf16_v1_ep4__corrected_chatml_v1_eos__tune_500_qids__image_only__direct__blackwell_records.json
corrected_tune500:bridge_clip_w1qf_bf16_v1_ep5::bridge_clip_w1qf_bf16_v1_ep5__corrected_chatml_v1_eos__tune_500_qids__image_only__direct::exact,corrected_chatml_v1_eos,corrected_tune500:bridge_clip_w1qf_bf16_v1_ep5,tune_500_qids,clip,qformer32,none,choose,52,exact,63.461538,61.538462,1.923077,outputs/eval/tuning/bridge_clip_w1qf_bf16_v1_ep5__corrected_chatml_v1_eos__tune_500_qids__image_only__direct_records.json
corrected_tune500:bridge_clip_w1qf_bf16_v1_ep5::bridge_clip_w1qf_bf16_v1_ep5__corrected_chatml_v1_eos__tune_500_qids__image_only__direct::exact,corrected_chatml_v1_eos,corrected_tune500:bridge_clip_w1qf_bf16_v1_ep5,tune_500_qids,clip,qformer32,none,compare,18,exact,55.555556,33.333333,22.222222,outputs/eval/tuning/bridge_clip_w1qf_bf16_v1_ep5__corrected_chatml_v1_eos__tune_500_qids__image_only__direct_records.json
corrected_tune500:bridge_clip_w1qf_bf16_v1_ep5::bridge_clip_w1qf_bf16_v1_ep5__corrected_chatml_v1_eos__tune_500_qids__image_only__direct::exact,corrected_chatml_v1_eos,corrected_tune500:bridge_clip_w1qf_bf16_v1_ep5,tune_500_qids,clip,qformer32,none,exist,98,exact,55.102041,42.857143,12.244898,outputs/eval/tuning/bridge_clip_w1qf_bf16_v1_ep5__corrected_chatml_v1_eos__tune_500_qids__image_only__direct_records.json
corrected_tune500:bridge_clip_w1qf_bf16_v1_ep5::bridge_clip_w1qf_bf16_v1_ep5__corrected_chatml_v1_eos__tune_500_qids__image_only__direct::exact,corrected_chatml_v1_eos,corrected_tune500:bridge_clip_w1qf_bf16_v1_ep5,tune_500_qids,clip,qformer32,none,other,157,exact,39.490446,31.210191,8.280255,outputs/eval/tuning/bridge_clip_w1qf_bf16_v1_ep5__corrected_chatml_v1_eos__tune_500_qids__image_only__direct_records.json
corrected_tune500:bridge_clip_w1qf_bf16_v1_ep5::bridge_clip_w1qf_bf16_v1_ep5__corrected_chatml_v1_eos__tune_500_qids__image_only__direct::exact,corrected_chatml_v1_eos,corrected_tune500:bridge_clip_w1qf_bf16_v1_ep5,tune_500_qids,clip,qformer32,none,relate,175,exact,31.428571,13.714286,17.714286,outputs/eval/tuning/bridge_clip_w1qf_bf16_v1_ep5__corrected_chatml_v1_eos__tune_500_qids__image_only__direct_records.json
corrected_tune500:bridge_clip_w1qf_bf16_v1_ep5::bridge_clip_w1qf_bf16_v1_ep5__corrected_chatml_v1_eos__tune_500_qids__image_only__direct::exact_full,corrected_chatml_v1_eos,corrected_tune500:bridge_clip_w1qf_bf16_v1_ep5,tune_500_qids,clip,qformer32,none,choose,52,exact_full,63.461538,61.538462,1.923077,outputs/eval/tuning/bridge_clip_w1qf_bf16_v1_ep5__corrected_chatml_v1_eos__tune_500_qids__image_only__direct_records.json
corrected_tune500:bridge_clip_w1qf_bf16_v1_ep5::bridge_clip_w1qf_bf16_v1_ep5__corrected_chatml_v1_eos__tune_500_qids__image_only__direct::exact_full,corrected_chatml_v1_eos,corrected_tune500:bridge_clip_w1qf_bf16_v1_ep5,tune_500_qids,clip,qformer32,none,compare,18,exact_full,55.555556,33.333333,22.222222,outputs/eval/tuning/bridge_clip_w1qf_bf16_v1_ep5__corrected_chatml_v1_eos__tune_500_qids__image_only__direct_records.json
corrected_tune500:bridge_clip_w1qf_bf16_v1_ep5::bridge_clip_w1qf_bf16_v1_ep5__corrected_chatml_v1_eos__tune_500_qids__image_only__direct::exact_full,corrected_chatml_v1_eos,corrected_tune500:bridge_clip_w1qf_bf16_v1_ep5,tune_500_qids,clip,qformer32,none,exist,98,exact_full,55.102041,42.857143,12.244898,outputs/eval/tuning/bridge_clip_w1qf_bf16_v1_ep5__corrected_chatml_v1_eos__tune_500_qids__image_only__direct_records.json
corrected_tune500:bridge_clip_w1qf_bf16_v1_ep5::bridge_clip_w1qf_bf16_v1_ep5__corrected_chatml_v1_eos__tune_500_qids__image_only__direct::exact_full,corrected_chatml_v1_eos,corrected_tune500:bridge_clip_w1qf_bf16_v1_ep5,tune_500_qids,clip,qformer32,none,other,157,exact_full,39.490446,31.210191,8.280255,outputs/eval/tuning/bridge_clip_w1qf_bf16_v1_ep5__corrected_chatml_v1_eos__tune_500_qids__image_only__direct_records.json
corrected_tune500:bridge_clip_w1qf_bf16_v1_ep5::bridge_clip_w1qf_bf16_v1_ep5__corrected_chatml_v1_eos__tune_500_qids__image_only__direct::exact_full,corrected_chatml_v1_eos,corrected_tune500:bridge_clip_w1qf_bf16_v1_ep5,tune_500_qids,clip,qformer32,none,relate,175,exact_full,31.428571,13.714286,17.714286,outputs/eval/tuning/bridge_clip_w1qf_bf16_v1_ep5__corrected_chatml_v1_eos__tune_500_qids__image_only__direct_records.json
corrected_tune500:bridge_clip_w1qf_bf16_v1_ep5::bridge_clip_w1qf_bf16_v1_ep5__corrected_chatml_v1_eos__tune_500_qids__image_only__direct::vqa_soft,corrected_chatml_v1_eos,corrected_tune500:bridge_clip_w1qf_bf16_v1_ep5,tune_500_qids,clip,qformer32,none,choose,52,vqa_soft,63.461538,63.461538,0,outputs/eval/tuning/bridge_clip_w1qf_bf16_v1_ep5__corrected_chatml_v1_eos__tune_500_qids__image_only__direct_records.json
corrected_tune500:bridge_clip_w1qf_bf16_v1_ep5::bridge_clip_w1qf_bf16_v1_ep5__corrected_chatml_v1_eos__tune_500_qids__image_only__direct::vqa_soft,corrected_chatml_v1_eos,corrected_tune500:bridge_clip_w1qf_bf16_v1_ep5,tune_500_qids,clip,qformer32,none,compare,18,vqa_soft,55.555556,44.444444,11.111111,outputs/eval/tuning/bridge_clip_w1qf_bf16_v1_ep5__corrected_chatml_v1_eos__tune_500_qids__image_only__direct_records.json
corrected_tune500:bridge_clip_w1qf_bf16_v1_ep5::bridge_clip_w1qf_bf16_v1_ep5__corrected_chatml_v1_eos__tune_500_qids__image_only__direct::vqa_soft,corrected_chatml_v1_eos,corrected_tune500:bridge_clip_w1qf_bf16_v1_ep5,tune_500_qids,clip,qformer32,none,exist,98,vqa_soft,55.102041,47.959184,7.142857,outputs/eval/tuning/bridge_clip_w1qf_bf16_v1_ep5__corrected_chatml_v1_eos__tune_500_qids__image_only__direct_records.json
corrected_tune500:bridge_clip_w1qf_bf16_v1_ep5::bridge_clip_w1qf_bf16_v1_ep5__corrected_chatml_v1_eos__tune_500_qids__image_only__direct::vqa_soft,corrected_chatml_v1_eos,corrected_tune500:bridge_clip_w1qf_bf16_v1_ep5,tune_500_qids,clip,qformer32,none,other,157,vqa_soft,39.490446,33.757962,5.732484,outputs/eval/tuning/bridge_clip_w1qf_bf16_v1_ep5__corrected_chatml_v1_eos__tune_500_qids__image_only__direct_records.json
corrected_tune500:bridge_clip_w1qf_bf16_v1_ep5::bridge_clip_w1qf_bf16_v1_ep5__corrected_chatml_v1_eos__tune_500_qids__image_only__direct::vqa_soft,corrected_chatml_v1_eos,corrected_tune500:bridge_clip_w1qf_bf16_v1_ep5,tune_500_qids,clip,qformer32,none,relate,175,vqa_soft,32,14.285714,17.714286,outputs/eval/tuning/bridge_clip_w1qf_bf16_v1_ep5__corrected_chatml_v1_eos__tune_500_qids__image_only__direct_records.json
corrected_tune500:bridge_clip_w1qf_bf16_v1_ep5::bridge_clip_w1qf_bf16_v1_ep5__corrected_chatml_v1_eos__tune_500_qids__image_only__direct__blackwell::exact,corrected_chatml_v1_eos,corrected_tune500:bridge_clip_w1qf_bf16_v1_ep5,tune_500_qids,clip,qformer32,none,choose,52,exact,59.615385,63.461538,-3.846154,outputs/eval/tuning/bridge_clip_w1qf_bf16_v1_ep5__corrected_chatml_v1_eos__tune_500_qids__image_only__direct__blackwell_records.json
corrected_tune500:bridge_clip_w1qf_bf16_v1_ep5::bridge_clip_w1qf_bf16_v1_ep5__corrected_chatml_v1_eos__tune_500_qids__image_only__direct__blackwell::exact,corrected_chatml_v1_eos,corrected_tune500:bridge_clip_w1qf_bf16_v1_ep5,tune_500_qids,clip,qformer32,none,compare,18,exact,55.555556,33.333333,22.222222,outputs/eval/tuning/bridge_clip_w1qf_bf16_v1_ep5__corrected_chatml_v1_eos__tune_500_qids__image_only__direct__blackwell_records.json
corrected_tune500:bridge_clip_w1qf_bf16_v1_ep5::bridge_clip_w1qf_bf16_v1_ep5__corrected_chatml_v1_eos__tune_500_qids__image_only__direct__blackwell::exact,corrected_chatml_v1_eos,corrected_tune500:bridge_clip_w1qf_bf16_v1_ep5,tune_500_qids,clip,qformer32,none,exist,98,exact,54.081633,41.836735,12.244898,outputs/eval/tuning/bridge_clip_w1qf_bf16_v1_ep5__corrected_chatml_v1_eos__tune_500_qids__image_only__direct__blackwell_records.json
corrected_tune500:bridge_clip_w1qf_bf16_v1_ep5::bridge_clip_w1qf_bf16_v1_ep5__corrected_chatml_v1_eos__tune_500_qids__image_only__direct__blackwell::exact,corrected_chatml_v1_eos,corrected_tune500:bridge_clip_w1qf_bf16_v1_ep5,tune_500_qids,clip,qformer32,none,other,157,exact,40.127389,32.484076,7.643312,outputs/eval/tuning/bridge_clip_w1qf_bf16_v1_ep5__corrected_chatml_v1_eos__tune_500_qids__image_only__direct__blackwell_records.json
corrected_tune500:bridge_clip_w1qf_bf16_v1_ep5::bridge_clip_w1qf_bf16_v1_ep5__corrected_chatml_v1_eos__tune_500_qids__image_only__direct__blackwell::exact,corrected_chatml_v1_eos,corrected_tune500:bridge_clip_w1qf_bf16_v1_ep5,tune_500_qids,clip,qformer32,none,relate,175,exact,30.857143,13.714286,17.142857,outputs/eval/tuning/bridge_clip_w1qf_bf16_v1_ep5__corrected_chatml_v1_eos__tune_500_qids__image_only__direct__blackwell_records.json
corrected_tune500:bridge_clip_w1qf_bf16_v1_ep5::bridge_clip_w1qf_bf16_v1_ep5__corrected_chatml_v1_eos__tune_500_qids__image_only__direct__blackwell::exact_full,corrected_chatml_v1_eos,corrected_tune500:bridge_clip_w1qf_bf16_v1_ep5,tune_500_qids,clip,qformer32,none,choose,52,exact_full,59.615385,63.461538,-3.846154,outputs/eval/tuning/bridge_clip_w1qf_bf16_v1_ep5__corrected_chatml_v1_eos__tune_500_qids__image_only__direct__blackwell_records.json
corrected_tune500:bridge_clip_w1qf_bf16_v1_ep5::bridge_clip_w1qf_bf16_v1_ep5__corrected_chatml_v1_eos__tune_500_qids__image_only__direct__blackwell::exact_full,corrected_chatml_v1_eos,corrected_tune500:bridge_clip_w1qf_bf16_v1_ep5,tune_500_qids,clip,qformer32,none,compare,18,exact_full,55.555556,33.333333,22.222222,outputs/eval/tuning/bridge_clip_w1qf_bf16_v1_ep5__corrected_chatml_v1_eos__tune_500_qids__image_only__direct__blackwell_records.json
corrected_tune500:bridge_clip_w1qf_bf16_v1_ep5::bridge_clip_w1qf_bf16_v1_ep5__corrected_chatml_v1_eos__tune_500_qids__image_only__direct__blackwell::exact_full,corrected_chatml_v1_eos,corrected_tune500:bridge_clip_w1qf_bf16_v1_ep5,tune_500_qids,clip,qformer32,none,exist,98,exact_full,54.081633,41.836735,12.244898,outputs/eval/tuning/bridge_clip_w1qf_bf16_v1_ep5__corrected_chatml_v1_eos__tune_500_qids__image_only__direct__blackwell_records.json
corrected_tune500:bridge_clip_w1qf_bf16_v1_ep5::bridge_clip_w1qf_bf16_v1_ep5__corrected_chatml_v1_eos__tune_500_qids__image_only__direct__blackwell::exact_full,corrected_chatml_v1_eos,corrected_tune500:bridge_clip_w1qf_bf16_v1_ep5,tune_500_qids,clip,qformer32,none,other,157,exact_full,40.127389,32.484076,7.643312,outputs/eval/tuning/bridge_clip_w1qf_bf16_v1_ep5__corrected_chatml_v1_eos__tune_500_qids__image_only__direct__blackwell_records.json
corrected_tune500:bridge_clip_w1qf_bf16_v1_ep5::bridge_clip_w1qf_bf16_v1_ep5__corrected_chatml_v1_eos__tune_500_qids__image_only__direct__blackwell::exact_full,corrected_chatml_v1_eos,corrected_tune500:bridge_clip_w1qf_bf16_v1_ep5,tune_500_qids,clip,qformer32,none,relate,175,exact_full,30.857143,13.714286,17.142857,outputs/eval/tuning/bridge_clip_w1qf_bf16_v1_ep5__corrected_chatml_v1_eos__tune_500_qids__image_only__direct__blackwell_records.json
corrected_tune500:bridge_clip_w1qf_bf16_v1_ep5::bridge_clip_w1qf_bf16_v1_ep5__corrected_chatml_v1_eos__tune_500_qids__image_only__direct__blackwell::vqa_soft,corrected_chatml_v1_eos,corrected_tune500:bridge_clip_w1qf_bf16_v1_ep5,tune_500_qids,clip,qformer32,none,choose,52,vqa_soft,59.615385,65.384615,-5.769231,outputs/eval/tuning/bridge_clip_w1qf_bf16_v1_ep5__corrected_chatml_v1_eos__tune_500_qids__image_only__direct__blackwell_records.json
corrected_tune500:bridge_clip_w1qf_bf16_v1_ep5::bridge_clip_w1qf_bf16_v1_ep5__corrected_chatml_v1_eos__tune_500_qids__image_only__direct__blackwell::vqa_soft,corrected_chatml_v1_eos,corrected_tune500:bridge_clip_w1qf_bf16_v1_ep5,tune_500_qids,clip,qformer32,none,compare,18,vqa_soft,55.555556,44.444444,11.111111,outputs/eval/tuning/bridge_clip_w1qf_bf16_v1_ep5__corrected_chatml_v1_eos__tune_500_qids__image_only__direct__blackwell_records.json
corrected_tune500:bridge_clip_w1qf_bf16_v1_ep5::bridge_clip_w1qf_bf16_v1_ep5__corrected_chatml_v1_eos__tune_500_qids__image_only__direct__blackwell::vqa_soft,corrected_chatml_v1_eos,corrected_tune500:bridge_clip_w1qf_bf16_v1_ep5,tune_500_qids,clip,qformer32,none,exist,98,vqa_soft,54.081633,48.979592,5.102041,outputs/eval/tuning/bridge_clip_w1qf_bf16_v1_ep5__corrected_chatml_v1_eos__tune_500_qids__image_only__direct__blackwell_records.json
corrected_tune500:bridge_clip_w1qf_bf16_v1_ep5::bridge_clip_w1qf_bf16_v1_ep5__corrected_chatml_v1_eos__tune_500_qids__image_only__direct__blackwell::vqa_soft,corrected_chatml_v1_eos,corrected_tune500:bridge_clip_w1qf_bf16_v1_ep5,tune_500_qids,clip,qformer32,none,other,157,vqa_soft,40.127389,34.394904,5.732484,outputs/eval/tuning/bridge_clip_w1qf_bf16_v1_ep5__corrected_chatml_v1_eos__tune_500_qids__image_only__direct__blackwell_records.json
corrected_tune500:bridge_clip_w1qf_bf16_v1_ep5::bridge_clip_w1qf_bf16_v1_ep5__corrected_chatml_v1_eos__tune_500_qids__image_only__direct__blackwell::vqa_soft,corrected_chatml_v1_eos,corrected_tune500:bridge_clip_w1qf_bf16_v1_ep5,tune_500_qids,clip,qformer32,none,relate,175,vqa_soft,31.428571,14.285714,17.142857,outputs/eval/tuning/bridge_clip_w1qf_bf16_v1_ep5__corrected_chatml_v1_eos__tune_500_qids__image_only__direct__blackwell_records.json
corrected_tune500:bridge_dinov2_w1_bf16_v1_ep1::bridge_dinov2_w1_bf16_v1_ep1__corrected_chatml_v1_eos__tune_500_qids__image_only__direct::exact,corrected_chatml_v1_eos,corrected_tune500:bridge_dinov2_w1_bf16_v1_ep1,tune_500_qids,dinov2,mlp256,none,choose,52,exact,53.846154,63.461538,-9.615385,outputs/eval/tuning/bridge_dinov2_w1_bf16_v1_ep1__corrected_chatml_v1_eos__tune_500_qids__image_only__direct_records.json
corrected_tune500:bridge_dinov2_w1_bf16_v1_ep1::bridge_dinov2_w1_bf16_v1_ep1__corrected_chatml_v1_eos__tune_500_qids__image_only__direct::exact,corrected_chatml_v1_eos,corrected_tune500:bridge_dinov2_w1_bf16_v1_ep1,tune_500_qids,dinov2,mlp256,none,compare,18,exact,50,33.333333,16.666667,outputs/eval/tuning/bridge_dinov2_w1_bf16_v1_ep1__corrected_chatml_v1_eos__tune_500_qids__image_only__direct_records.json
corrected_tune500:bridge_dinov2_w1_bf16_v1_ep1::bridge_dinov2_w1_bf16_v1_ep1__corrected_chatml_v1_eos__tune_500_qids__image_only__direct::exact,corrected_chatml_v1_eos,corrected_tune500:bridge_dinov2_w1_bf16_v1_ep1,tune_500_qids,dinov2,mlp256,none,exist,98,exact,55.102041,41.836735,13.265306,outputs/eval/tuning/bridge_dinov2_w1_bf16_v1_ep1__corrected_chatml_v1_eos__tune_500_qids__image_only__direct_records.json
corrected_tune500:bridge_dinov2_w1_bf16_v1_ep1::bridge_dinov2_w1_bf16_v1_ep1__corrected_chatml_v1_eos__tune_500_qids__image_only__direct::exact,corrected_chatml_v1_eos,corrected_tune500:bridge_dinov2_w1_bf16_v1_ep1,tune_500_qids,dinov2,mlp256,none,other,157,exact,40.127389,32.484076,7.643312,outputs/eval/tuning/bridge_dinov2_w1_bf16_v1_ep1__corrected_chatml_v1_eos__tune_500_qids__image_only__direct_records.json
corrected_tune500:bridge_dinov2_w1_bf16_v1_ep1::bridge_dinov2_w1_bf16_v1_ep1__corrected_chatml_v1_eos__tune_500_qids__image_only__direct::exact,corrected_chatml_v1_eos,corrected_tune500:bridge_dinov2_w1_bf16_v1_ep1,tune_500_qids,dinov2,mlp256,none,relate,175,exact,36,13.714286,22.285714,outputs/eval/tuning/bridge_dinov2_w1_bf16_v1_ep1__corrected_chatml_v1_eos__tune_500_qids__image_only__direct_records.json
corrected_tune500:bridge_dinov2_w1_bf16_v1_ep1::bridge_dinov2_w1_bf16_v1_ep1__corrected_chatml_v1_eos__tune_500_qids__image_only__direct::exact_full,corrected_chatml_v1_eos,corrected_tune500:bridge_dinov2_w1_bf16_v1_ep1,tune_500_qids,dinov2,mlp256,none,choose,52,exact_full,53.846154,63.461538,-9.615385,outputs/eval/tuning/bridge_dinov2_w1_bf16_v1_ep1__corrected_chatml_v1_eos__tune_500_qids__image_only__direct_records.json
corrected_tune500:bridge_dinov2_w1_bf16_v1_ep1::bridge_dinov2_w1_bf16_v1_ep1__corrected_chatml_v1_eos__tune_500_qids__image_only__direct::exact_full,corrected_chatml_v1_eos,corrected_tune500:bridge_dinov2_w1_bf16_v1_ep1,tune_500_qids,dinov2,mlp256,none,compare,18,exact_full,50,33.333333,16.666667,outputs/eval/tuning/bridge_dinov2_w1_bf16_v1_ep1__corrected_chatml_v1_eos__tune_500_qids__image_only__direct_records.json
corrected_tune500:bridge_dinov2_w1_bf16_v1_ep1::bridge_dinov2_w1_bf16_v1_ep1__corrected_chatml_v1_eos__tune_500_qids__image_only__direct::exact_full,corrected_chatml_v1_eos,corrected_tune500:bridge_dinov2_w1_bf16_v1_ep1,tune_500_qids,dinov2,mlp256,none,exist,98,exact_full,55.102041,41.836735,13.265306,outputs/eval/tuning/bridge_dinov2_w1_bf16_v1_ep1__corrected_chatml_v1_eos__tune_500_qids__image_only__direct_records.json
corrected_tune500:bridge_dinov2_w1_bf16_v1_ep1::bridge_dinov2_w1_bf16_v1_ep1__corrected_chatml_v1_eos__tune_500_qids__image_only__direct::exact_full,corrected_chatml_v1_eos,corrected_tune500:bridge_dinov2_w1_bf16_v1_ep1,tune_500_qids,dinov2,mlp256,none,other,157,exact_full,40.127389,32.484076,7.643312,outputs/eval/tuning/bridge_dinov2_w1_bf16_v1_ep1__corrected_chatml_v1_eos__tune_500_qids__image_only__direct_records.json
corrected_tune500:bridge_dinov2_w1_bf16_v1_ep1::bridge_dinov2_w1_bf16_v1_ep1__corrected_chatml_v1_eos__tune_500_qids__image_only__direct::exact_full,corrected_chatml_v1_eos,corrected_tune500:bridge_dinov2_w1_bf16_v1_ep1,tune_500_qids,dinov2,mlp256,none,relate,175,exact_full,36,13.714286,22.285714,outputs/eval/tuning/bridge_dinov2_w1_bf16_v1_ep1__corrected_chatml_v1_eos__tune_500_qids__image_only__direct_records.json
corrected_tune500:bridge_dinov2_w1_bf16_v1_ep1::bridge_dinov2_w1_bf16_v1_ep1__corrected_chatml_v1_eos__tune_500_qids__image_only__direct::vqa_soft,corrected_chatml_v1_eos,corrected_tune500:bridge_dinov2_w1_bf16_v1_ep1,tune_500_qids,dinov2,mlp256,none,choose,52,vqa_soft,53.846154,65.384615,-11.538462,outputs/eval/tuning/bridge_dinov2_w1_bf16_v1_ep1__corrected_chatml_v1_eos__tune_500_qids__image_only__direct_records.json
corrected_tune500:bridge_dinov2_w1_bf16_v1_ep1::bridge_dinov2_w1_bf16_v1_ep1__corrected_chatml_v1_eos__tune_500_qids__image_only__direct::vqa_soft,corrected_chatml_v1_eos,corrected_tune500:bridge_dinov2_w1_bf16_v1_ep1,tune_500_qids,dinov2,mlp256,none,compare,18,vqa_soft,50,44.444444,5.555556,outputs/eval/tuning/bridge_dinov2_w1_bf16_v1_ep1__corrected_chatml_v1_eos__tune_500_qids__image_only__direct_records.json
corrected_tune500:bridge_dinov2_w1_bf16_v1_ep1::bridge_dinov2_w1_bf16_v1_ep1__corrected_chatml_v1_eos__tune_500_qids__image_only__direct::vqa_soft,corrected_chatml_v1_eos,corrected_tune500:bridge_dinov2_w1_bf16_v1_ep1,tune_500_qids,dinov2,mlp256,none,exist,98,vqa_soft,55.102041,48.979592,6.122449,outputs/eval/tuning/bridge_dinov2_w1_bf16_v1_ep1__corrected_chatml_v1_eos__tune_500_qids__image_only__direct_records.json
corrected_tune500:bridge_dinov2_w1_bf16_v1_ep1::bridge_dinov2_w1_bf16_v1_ep1__corrected_chatml_v1_eos__tune_500_qids__image_only__direct::vqa_soft,corrected_chatml_v1_eos,corrected_tune500:bridge_dinov2_w1_bf16_v1_ep1,tune_500_qids,dinov2,mlp256,none,other,157,vqa_soft,40.127389,34.394904,5.732484,outputs/eval/tuning/bridge_dinov2_w1_bf16_v1_ep1__corrected_chatml_v1_eos__tune_500_qids__image_only__direct_records.json
corrected_tune500:bridge_dinov2_w1_bf16_v1_ep1::bridge_dinov2_w1_bf16_v1_ep1__corrected_chatml_v1_eos__tune_500_qids__image_only__direct::vqa_soft,corrected_chatml_v1_eos,corrected_tune500:bridge_dinov2_w1_bf16_v1_ep1,tune_500_qids,dinov2,mlp256,none,relate,175,vqa_soft,37.142857,14.285714,22.857143,outputs/eval/tuning/bridge_dinov2_w1_bf16_v1_ep1__corrected_chatml_v1_eos__tune_500_qids__image_only__direct_records.json
corrected_tune500:bridge_dinov2_w1_bf16_v1_ep2::bridge_dinov2_w1_bf16_v1_ep2__corrected_chatml_v1_eos__tune_500_qids__image_only__direct::exact,corrected_chatml_v1_eos,corrected_tune500:bridge_dinov2_w1_bf16_v1_ep2,tune_500_qids,dinov2,mlp256,none,choose,52,exact,59.615385,63.461538,-3.846154,outputs/eval/tuning/bridge_dinov2_w1_bf16_v1_ep2__corrected_chatml_v1_eos__tune_500_qids__image_only__direct_records.json
corrected_tune500:bridge_dinov2_w1_bf16_v1_ep2::bridge_dinov2_w1_bf16_v1_ep2__corrected_chatml_v1_eos__tune_500_qids__image_only__direct::exact,corrected_chatml_v1_eos,corrected_tune500:bridge_dinov2_w1_bf16_v1_ep2,tune_500_qids,dinov2,mlp256,none,compare,18,exact,50,33.333333,16.666667,outputs/eval/tuning/bridge_dinov2_w1_bf16_v1_ep2__corrected_chatml_v1_eos__tune_500_qids__image_only__direct_records.json
corrected_tune500:bridge_dinov2_w1_bf16_v1_ep2::bridge_dinov2_w1_bf16_v1_ep2__corrected_chatml_v1_eos__tune_500_qids__image_only__direct::exact,corrected_chatml_v1_eos,corrected_tune500:bridge_dinov2_w1_bf16_v1_ep2,tune_500_qids,dinov2,mlp256,none,exist,98,exact,56.122449,41.836735,14.285714,outputs/eval/tuning/bridge_dinov2_w1_bf16_v1_ep2__corrected_chatml_v1_eos__tune_500_qids__image_only__direct_records.json
corrected_tune500:bridge_dinov2_w1_bf16_v1_ep2::bridge_dinov2_w1_bf16_v1_ep2__corrected_chatml_v1_eos__tune_500_qids__image_only__direct::exact,corrected_chatml_v1_eos,corrected_tune500:bridge_dinov2_w1_bf16_v1_ep2,tune_500_qids,dinov2,mlp256,none,other,157,exact,45.859873,32.484076,13.375796,outputs/eval/tuning/bridge_dinov2_w1_bf16_v1_ep2__corrected_chatml_v1_eos__tune_500_qids__image_only__direct_records.json
corrected_tune500:bridge_dinov2_w1_bf16_v1_ep2::bridge_dinov2_w1_bf16_v1_ep2__corrected_chatml_v1_eos__tune_500_qids__image_only__direct::exact,corrected_chatml_v1_eos,corrected_tune500:bridge_dinov2_w1_bf16_v1_ep2,tune_500_qids,dinov2,mlp256,none,relate,175,exact,40.571429,13.714286,26.857143,outputs/eval/tuning/bridge_dinov2_w1_bf16_v1_ep2__corrected_chatml_v1_eos__tune_500_qids__image_only__direct_records.json
corrected_tune500:bridge_dinov2_w1_bf16_v1_ep2::bridge_dinov2_w1_bf16_v1_ep2__corrected_chatml_v1_eos__tune_500_qids__image_only__direct::exact_full,corrected_chatml_v1_eos,corrected_tune500:bridge_dinov2_w1_bf16_v1_ep2,tune_500_qids,dinov2,mlp256,none,choose,52,exact_full,59.615385,63.461538,-3.846154,outputs/eval/tuning/bridge_dinov2_w1_bf16_v1_ep2__corrected_chatml_v1_eos__tune_500_qids__image_only__direct_records.json
corrected_tune500:bridge_dinov2_w1_bf16_v1_ep2::bridge_dinov2_w1_bf16_v1_ep2__corrected_chatml_v1_eos__tune_500_qids__image_only__direct::exact_full,corrected_chatml_v1_eos,corrected_tune500:bridge_dinov2_w1_bf16_v1_ep2,tune_500_qids,dinov2,mlp256,none,compare,18,exact_full,50,33.333333,16.666667,outputs/eval/tuning/bridge_dinov2_w1_bf16_v1_ep2__corrected_chatml_v1_eos__tune_500_qids__image_only__direct_records.json
corrected_tune500:bridge_dinov2_w1_bf16_v1_ep2::bridge_dinov2_w1_bf16_v1_ep2__corrected_chatml_v1_eos__tune_500_qids__image_only__direct::exact_full,corrected_chatml_v1_eos,corrected_tune500:bridge_dinov2_w1_bf16_v1_ep2,tune_500_qids,dinov2,mlp256,none,exist,98,exact_full,56.122449,41.836735,14.285714,outputs/eval/tuning/bridge_dinov2_w1_bf16_v1_ep2__corrected_chatml_v1_eos__tune_500_qids__image_only__direct_records.json
corrected_tune500:bridge_dinov2_w1_bf16_v1_ep2::bridge_dinov2_w1_bf16_v1_ep2__corrected_chatml_v1_eos__tune_500_qids__image_only__direct::exact_full,corrected_chatml_v1_eos,corrected_tune500:bridge_dinov2_w1_bf16_v1_ep2,tune_500_qids,dinov2,mlp256,none,other,157,exact_full,45.859873,32.484076,13.375796,outputs/eval/tuning/bridge_dinov2_w1_bf16_v1_ep2__corrected_chatml_v1_eos__tune_500_qids__image_only__direct_records.json
corrected_tune500:bridge_dinov2_w1_bf16_v1_ep2::bridge_dinov2_w1_bf16_v1_ep2__corrected_chatml_v1_eos__tune_500_qids__image_only__direct::exact_full,corrected_chatml_v1_eos,corrected_tune500:bridge_dinov2_w1_bf16_v1_ep2,tune_500_qids,dinov2,mlp256,none,relate,175,exact_full,40.571429,13.714286,26.857143,outputs/eval/tuning/bridge_dinov2_w1_bf16_v1_ep2__corrected_chatml_v1_eos__tune_500_qids__image_only__direct_records.json
corrected_tune500:bridge_dinov2_w1_bf16_v1_ep2::bridge_dinov2_w1_bf16_v1_ep2__corrected_chatml_v1_eos__tune_500_qids__image_only__direct::vqa_soft,corrected_chatml_v1_eos,corrected_tune500:bridge_dinov2_w1_bf16_v1_ep2,tune_500_qids,dinov2,mlp256,none,choose,52,vqa_soft,59.615385,65.384615,-5.769231,outputs/eval/tuning/bridge_dinov2_w1_bf16_v1_ep2__corrected_chatml_v1_eos__tune_500_qids__image_only__direct_records.json
corrected_tune500:bridge_dinov2_w1_bf16_v1_ep2::bridge_dinov2_w1_bf16_v1_ep2__corrected_chatml_v1_eos__tune_500_qids__image_only__direct::vqa_soft,corrected_chatml_v1_eos,corrected_tune500:bridge_dinov2_w1_bf16_v1_ep2,tune_500_qids,dinov2,mlp256,none,compare,18,vqa_soft,50,44.444444,5.555556,outputs/eval/tuning/bridge_dinov2_w1_bf16_v1_ep2__corrected_chatml_v1_eos__tune_500_qids__image_only__direct_records.json
corrected_tune500:bridge_dinov2_w1_bf16_v1_ep2::bridge_dinov2_w1_bf16_v1_ep2__corrected_chatml_v1_eos__tune_500_qids__image_only__direct::vqa_soft,corrected_chatml_v1_eos,corrected_tune500:bridge_dinov2_w1_bf16_v1_ep2,tune_500_qids,dinov2,mlp256,none,exist,98,vqa_soft,56.122449,48.979592,7.142857,outputs/eval/tuning/bridge_dinov2_w1_bf16_v1_ep2__corrected_chatml_v1_eos__tune_500_qids__image_only__direct_records.json
corrected_tune500:bridge_dinov2_w1_bf16_v1_ep2::bridge_dinov2_w1_bf16_v1_ep2__corrected_chatml_v1_eos__tune_500_qids__image_only__direct::vqa_soft,corrected_chatml_v1_eos,corrected_tune500:bridge_dinov2_w1_bf16_v1_ep2,tune_500_qids,dinov2,mlp256,none,other,157,vqa_soft,45.859873,34.394904,11.464968,outputs/eval/tuning/bridge_dinov2_w1_bf16_v1_ep2__corrected_chatml_v1_eos__tune_500_qids__image_only__direct_records.json
corrected_tune500:bridge_dinov2_w1_bf16_v1_ep2::bridge_dinov2_w1_bf16_v1_ep2__corrected_chatml_v1_eos__tune_500_qids__image_only__direct::vqa_soft,corrected_chatml_v1_eos,corrected_tune500:bridge_dinov2_w1_bf16_v1_ep2,tune_500_qids,dinov2,mlp256,none,relate,175,vqa_soft,41.714286,14.285714,27.428571,outputs/eval/tuning/bridge_dinov2_w1_bf16_v1_ep2__corrected_chatml_v1_eos__tune_500_qids__image_only__direct_records.json
corrected_tune500:bridge_dinov2_w1_bf16_v1_ep3::bridge_dinov2_w1_bf16_v1_ep3__corrected_chatml_v1_eos__tune_500_qids__image_only__direct::exact,corrected_chatml_v1_eos,corrected_tune500:bridge_dinov2_w1_bf16_v1_ep3,tune_500_qids,dinov2,mlp256,none,choose,52,exact,65.384615,63.461538,1.923077,outputs/eval/tuning/bridge_dinov2_w1_bf16_v1_ep3__corrected_chatml_v1_eos__tune_500_qids__image_only__direct_records.json
corrected_tune500:bridge_dinov2_w1_bf16_v1_ep3::bridge_dinov2_w1_bf16_v1_ep3__corrected_chatml_v1_eos__tune_500_qids__image_only__direct::exact,corrected_chatml_v1_eos,corrected_tune500:bridge_dinov2_w1_bf16_v1_ep3,tune_500_qids,dinov2,mlp256,none,compare,18,exact,50,33.333333,16.666667,outputs/eval/tuning/bridge_dinov2_w1_bf16_v1_ep3__corrected_chatml_v1_eos__tune_500_qids__image_only__direct_records.json
corrected_tune500:bridge_dinov2_w1_bf16_v1_ep3::bridge_dinov2_w1_bf16_v1_ep3__corrected_chatml_v1_eos__tune_500_qids__image_only__direct::exact,corrected_chatml_v1_eos,corrected_tune500:bridge_dinov2_w1_bf16_v1_ep3,tune_500_qids,dinov2,mlp256,none,exist,98,exact,55.102041,41.836735,13.265306,outputs/eval/tuning/bridge_dinov2_w1_bf16_v1_ep3__corrected_chatml_v1_eos__tune_500_qids__image_only__direct_records.json
corrected_tune500:bridge_dinov2_w1_bf16_v1_ep3::bridge_dinov2_w1_bf16_v1_ep3__corrected_chatml_v1_eos__tune_500_qids__image_only__direct::exact,corrected_chatml_v1_eos,corrected_tune500:bridge_dinov2_w1_bf16_v1_ep3,tune_500_qids,dinov2,mlp256,none,other,157,exact,46.496815,32.484076,14.012739,outputs/eval/tuning/bridge_dinov2_w1_bf16_v1_ep3__corrected_chatml_v1_eos__tune_500_qids__image_only__direct_records.json
corrected_tune500:bridge_dinov2_w1_bf16_v1_ep3::bridge_dinov2_w1_bf16_v1_ep3__corrected_chatml_v1_eos__tune_500_qids__image_only__direct::exact,corrected_chatml_v1_eos,corrected_tune500:bridge_dinov2_w1_bf16_v1_ep3,tune_500_qids,dinov2,mlp256,none,relate,175,exact,37.142857,13.714286,23.428571,outputs/eval/tuning/bridge_dinov2_w1_bf16_v1_ep3__corrected_chatml_v1_eos__tune_500_qids__image_only__direct_records.json
corrected_tune500:bridge_dinov2_w1_bf16_v1_ep3::bridge_dinov2_w1_bf16_v1_ep3__corrected_chatml_v1_eos__tune_500_qids__image_only__direct::exact_full,corrected_chatml_v1_eos,corrected_tune500:bridge_dinov2_w1_bf16_v1_ep3,tune_500_qids,dinov2,mlp256,none,choose,52,exact_full,65.384615,63.461538,1.923077,outputs/eval/tuning/bridge_dinov2_w1_bf16_v1_ep3__corrected_chatml_v1_eos__tune_500_qids__image_only__direct_records.json
corrected_tune500:bridge_dinov2_w1_bf16_v1_ep3::bridge_dinov2_w1_bf16_v1_ep3__corrected_chatml_v1_eos__tune_500_qids__image_only__direct::exact_full,corrected_chatml_v1_eos,corrected_tune500:bridge_dinov2_w1_bf16_v1_ep3,tune_500_qids,dinov2,mlp256,none,compare,18,exact_full,50,33.333333,16.666667,outputs/eval/tuning/bridge_dinov2_w1_bf16_v1_ep3__corrected_chatml_v1_eos__tune_500_qids__image_only__direct_records.json
corrected_tune500:bridge_dinov2_w1_bf16_v1_ep3::bridge_dinov2_w1_bf16_v1_ep3__corrected_chatml_v1_eos__tune_500_qids__image_only__direct::exact_full,corrected_chatml_v1_eos,corrected_tune500:bridge_dinov2_w1_bf16_v1_ep3,tune_500_qids,dinov2,mlp256,none,exist,98,exact_full,55.102041,41.836735,13.265306,outputs/eval/tuning/bridge_dinov2_w1_bf16_v1_ep3__corrected_chatml_v1_eos__tune_500_qids__image_only__direct_records.json
corrected_tune500:bridge_dinov2_w1_bf16_v1_ep3::bridge_dinov2_w1_bf16_v1_ep3__corrected_chatml_v1_eos__tune_500_qids__image_only__direct::exact_full,corrected_chatml_v1_eos,corrected_tune500:bridge_dinov2_w1_bf16_v1_ep3,tune_500_qids,dinov2,mlp256,none,other,157,exact_full,46.496815,32.484076,14.012739,outputs/eval/tuning/bridge_dinov2_w1_bf16_v1_ep3__corrected_chatml_v1_eos__tune_500_qids__image_only__direct_records.json
corrected_tune500:bridge_dinov2_w1_bf16_v1_ep3::bridge_dinov2_w1_bf16_v1_ep3__corrected_chatml_v1_eos__tune_500_qids__image_only__direct::exact_full,corrected_chatml_v1_eos,corrected_tune500:bridge_dinov2_w1_bf16_v1_ep3,tune_500_qids,dinov2,mlp256,none,relate,175,exact_full,37.142857,13.714286,23.428571,outputs/eval/tuning/bridge_dinov2_w1_bf16_v1_ep3__corrected_chatml_v1_eos__tune_500_qids__image_only__direct_records.json
corrected_tune500:bridge_dinov2_w1_bf16_v1_ep3::bridge_dinov2_w1_bf16_v1_ep3__corrected_chatml_v1_eos__tune_500_qids__image_only__direct::vqa_soft,corrected_chatml_v1_eos,corrected_tune500:bridge_dinov2_w1_bf16_v1_ep3,tune_500_qids,dinov2,mlp256,none,choose,52,vqa_soft,65.384615,65.384615,0,outputs/eval/tuning/bridge_dinov2_w1_bf16_v1_ep3__corrected_chatml_v1_eos__tune_500_qids__image_only__direct_records.json
corrected_tune500:bridge_dinov2_w1_bf16_v1_ep3::bridge_dinov2_w1_bf16_v1_ep3__corrected_chatml_v1_eos__tune_500_qids__image_only__direct::vqa_soft,corrected_chatml_v1_eos,corrected_tune500:bridge_dinov2_w1_bf16_v1_ep3,tune_500_qids,dinov2,mlp256,none,compare,18,vqa_soft,50,44.444444,5.555556,outputs/eval/tuning/bridge_dinov2_w1_bf16_v1_ep3__corrected_chatml_v1_eos__tune_500_qids__image_only__direct_records.json
corrected_tune500:bridge_dinov2_w1_bf16_v1_ep3::bridge_dinov2_w1_bf16_v1_ep3__corrected_chatml_v1_eos__tune_500_qids__image_only__direct::vqa_soft,corrected_chatml_v1_eos,corrected_tune500:bridge_dinov2_w1_bf16_v1_ep3,tune_500_qids,dinov2,mlp256,none,exist,98,vqa_soft,55.102041,48.979592,6.122449,outputs/eval/tuning/bridge_dinov2_w1_bf16_v1_ep3__corrected_chatml_v1_eos__tune_500_qids__image_only__direct_records.json
corrected_tune500:bridge_dinov2_w1_bf16_v1_ep3::bridge_dinov2_w1_bf16_v1_ep3__corrected_chatml_v1_eos__tune_500_qids__image_only__direct::vqa_soft,corrected_chatml_v1_eos,corrected_tune500:bridge_dinov2_w1_bf16_v1_ep3,tune_500_qids,dinov2,mlp256,none,other,157,vqa_soft,46.496815,34.394904,12.101911,outputs/eval/tuning/bridge_dinov2_w1_bf16_v1_ep3__corrected_chatml_v1_eos__tune_500_qids__image_only__direct_records.json
corrected_tune500:bridge_dinov2_w1_bf16_v1_ep3::bridge_dinov2_w1_bf16_v1_ep3__corrected_chatml_v1_eos__tune_500_qids__image_only__direct::vqa_soft,corrected_chatml_v1_eos,corrected_tune500:bridge_dinov2_w1_bf16_v1_ep3,tune_500_qids,dinov2,mlp256,none,relate,175,vqa_soft,38.285714,14.285714,24,outputs/eval/tuning/bridge_dinov2_w1_bf16_v1_ep3__corrected_chatml_v1_eos__tune_500_qids__image_only__direct_records.json
corrected_tune500:bridge_dinov2_w1_bf16_v1_ep4::bridge_dinov2_w1_bf16_v1_ep4__corrected_chatml_v1_eos__tune_500_qids__image_only__direct::exact,corrected_chatml_v1_eos,corrected_tune500:bridge_dinov2_w1_bf16_v1_ep4,tune_500_qids,dinov2,mlp256,none,choose,52,exact,53.846154,63.461538,-9.615385,outputs/eval/tuning/bridge_dinov2_w1_bf16_v1_ep4__corrected_chatml_v1_eos__tune_500_qids__image_only__direct_records.json
corrected_tune500:bridge_dinov2_w1_bf16_v1_ep4::bridge_dinov2_w1_bf16_v1_ep4__corrected_chatml_v1_eos__tune_500_qids__image_only__direct::exact,corrected_chatml_v1_eos,corrected_tune500:bridge_dinov2_w1_bf16_v1_ep4,tune_500_qids,dinov2,mlp256,none,compare,18,exact,55.555556,33.333333,22.222222,outputs/eval/tuning/bridge_dinov2_w1_bf16_v1_ep4__corrected_chatml_v1_eos__tune_500_qids__image_only__direct_records.json
corrected_tune500:bridge_dinov2_w1_bf16_v1_ep4::bridge_dinov2_w1_bf16_v1_ep4__corrected_chatml_v1_eos__tune_500_qids__image_only__direct::exact,corrected_chatml_v1_eos,corrected_tune500:bridge_dinov2_w1_bf16_v1_ep4,tune_500_qids,dinov2,mlp256,none,exist,98,exact,55.102041,41.836735,13.265306,outputs/eval/tuning/bridge_dinov2_w1_bf16_v1_ep4__corrected_chatml_v1_eos__tune_500_qids__image_only__direct_records.json
corrected_tune500:bridge_dinov2_w1_bf16_v1_ep4::bridge_dinov2_w1_bf16_v1_ep4__corrected_chatml_v1_eos__tune_500_qids__image_only__direct::exact,corrected_chatml_v1_eos,corrected_tune500:bridge_dinov2_w1_bf16_v1_ep4,tune_500_qids,dinov2,mlp256,none,other,157,exact,50.318471,32.484076,17.834395,outputs/eval/tuning/bridge_dinov2_w1_bf16_v1_ep4__corrected_chatml_v1_eos__tune_500_qids__image_only__direct_records.json
corrected_tune500:bridge_dinov2_w1_bf16_v1_ep4::bridge_dinov2_w1_bf16_v1_ep4__corrected_chatml_v1_eos__tune_500_qids__image_only__direct::exact,corrected_chatml_v1_eos,corrected_tune500:bridge_dinov2_w1_bf16_v1_ep4,tune_500_qids,dinov2,mlp256,none,relate,175,exact,34.857143,13.714286,21.142857,outputs/eval/tuning/bridge_dinov2_w1_bf16_v1_ep4__corrected_chatml_v1_eos__tune_500_qids__image_only__direct_records.json
corrected_tune500:bridge_dinov2_w1_bf16_v1_ep4::bridge_dinov2_w1_bf16_v1_ep4__corrected_chatml_v1_eos__tune_500_qids__image_only__direct::exact_full,corrected_chatml_v1_eos,corrected_tune500:bridge_dinov2_w1_bf16_v1_ep4,tune_500_qids,dinov2,mlp256,none,choose,52,exact_full,53.846154,63.461538,-9.615385,outputs/eval/tuning/bridge_dinov2_w1_bf16_v1_ep4__corrected_chatml_v1_eos__tune_500_qids__image_only__direct_records.json
corrected_tune500:bridge_dinov2_w1_bf16_v1_ep4::bridge_dinov2_w1_bf16_v1_ep4__corrected_chatml_v1_eos__tune_500_qids__image_only__direct::exact_full,corrected_chatml_v1_eos,corrected_tune500:bridge_dinov2_w1_bf16_v1_ep4,tune_500_qids,dinov2,mlp256,none,compare,18,exact_full,55.555556,33.333333,22.222222,outputs/eval/tuning/bridge_dinov2_w1_bf16_v1_ep4__corrected_chatml_v1_eos__tune_500_qids__image_only__direct_records.json
corrected_tune500:bridge_dinov2_w1_bf16_v1_ep4::bridge_dinov2_w1_bf16_v1_ep4__corrected_chatml_v1_eos__tune_500_qids__image_only__direct::exact_full,corrected_chatml_v1_eos,corrected_tune500:bridge_dinov2_w1_bf16_v1_ep4,tune_500_qids,dinov2,mlp256,none,exist,98,exact_full,55.102041,41.836735,13.265306,outputs/eval/tuning/bridge_dinov2_w1_bf16_v1_ep4__corrected_chatml_v1_eos__tune_500_qids__image_only__direct_records.json
corrected_tune500:bridge_dinov2_w1_bf16_v1_ep4::bridge_dinov2_w1_bf16_v1_ep4__corrected_chatml_v1_eos__tune_500_qids__image_only__direct::exact_full,corrected_chatml_v1_eos,corrected_tune500:bridge_dinov2_w1_bf16_v1_ep4,tune_500_qids,dinov2,mlp256,none,other,157,exact_full,50.318471,32.484076,17.834395,outputs/eval/tuning/bridge_dinov2_w1_bf16_v1_ep4__corrected_chatml_v1_eos__tune_500_qids__image_only__direct_records.json
corrected_tune500:bridge_dinov2_w1_bf16_v1_ep4::bridge_dinov2_w1_bf16_v1_ep4__corrected_chatml_v1_eos__tune_500_qids__image_only__direct::exact_full,corrected_chatml_v1_eos,corrected_tune500:bridge_dinov2_w1_bf16_v1_ep4,tune_500_qids,dinov2,mlp256,none,relate,175,exact_full,34.857143,13.714286,21.142857,outputs/eval/tuning/bridge_dinov2_w1_bf16_v1_ep4__corrected_chatml_v1_eos__tune_500_qids__image_only__direct_records.json
corrected_tune500:bridge_dinov2_w1_bf16_v1_ep4::bridge_dinov2_w1_bf16_v1_ep4__corrected_chatml_v1_eos__tune_500_qids__image_only__direct::vqa_soft,corrected_chatml_v1_eos,corrected_tune500:bridge_dinov2_w1_bf16_v1_ep4,tune_500_qids,dinov2,mlp256,none,choose,52,vqa_soft,53.846154,65.384615,-11.538462,outputs/eval/tuning/bridge_dinov2_w1_bf16_v1_ep4__corrected_chatml_v1_eos__tune_500_qids__image_only__direct_records.json
corrected_tune500:bridge_dinov2_w1_bf16_v1_ep4::bridge_dinov2_w1_bf16_v1_ep4__corrected_chatml_v1_eos__tune_500_qids__image_only__direct::vqa_soft,corrected_chatml_v1_eos,corrected_tune500:bridge_dinov2_w1_bf16_v1_ep4,tune_500_qids,dinov2,mlp256,none,compare,18,vqa_soft,55.555556,44.444444,11.111111,outputs/eval/tuning/bridge_dinov2_w1_bf16_v1_ep4__corrected_chatml_v1_eos__tune_500_qids__image_only__direct_records.json
corrected_tune500:bridge_dinov2_w1_bf16_v1_ep4::bridge_dinov2_w1_bf16_v1_ep4__corrected_chatml_v1_eos__tune_500_qids__image_only__direct::vqa_soft,corrected_chatml_v1_eos,corrected_tune500:bridge_dinov2_w1_bf16_v1_ep4,tune_500_qids,dinov2,mlp256,none,exist,98,vqa_soft,55.102041,48.979592,6.122449,outputs/eval/tuning/bridge_dinov2_w1_bf16_v1_ep4__corrected_chatml_v1_eos__tune_500_qids__image_only__direct_records.json
corrected_tune500:bridge_dinov2_w1_bf16_v1_ep4::bridge_dinov2_w1_bf16_v1_ep4__corrected_chatml_v1_eos__tune_500_qids__image_only__direct::vqa_soft,corrected_chatml_v1_eos,corrected_tune500:bridge_dinov2_w1_bf16_v1_ep4,tune_500_qids,dinov2,mlp256,none,other,157,vqa_soft,50.318471,34.394904,15.923567,outputs/eval/tuning/bridge_dinov2_w1_bf16_v1_ep4__corrected_chatml_v1_eos__tune_500_qids__image_only__direct_records.json
corrected_tune500:bridge_dinov2_w1_bf16_v1_ep4::bridge_dinov2_w1_bf16_v1_ep4__corrected_chatml_v1_eos__tune_500_qids__image_only__direct::vqa_soft,corrected_chatml_v1_eos,corrected_tune500:bridge_dinov2_w1_bf16_v1_ep4,tune_500_qids,dinov2,mlp256,none,relate,175,vqa_soft,36.571429,14.285714,22.285714,outputs/eval/tuning/bridge_dinov2_w1_bf16_v1_ep4__corrected_chatml_v1_eos__tune_500_qids__image_only__direct_records.json
corrected_tune500:bridge_dinov2_w1_bf16_v1_ep5::bridge_dinov2_w1_bf16_v1_ep5__corrected_chatml_v1_eos__tune_500_qids__image_only__direct::exact,corrected_chatml_v1_eos,corrected_tune500:bridge_dinov2_w1_bf16_v1_ep5,tune_500_qids,dinov2,mlp256,none,choose,52,exact,61.538462,63.461538,-1.923077,outputs/eval/tuning/bridge_dinov2_w1_bf16_v1_ep5__corrected_chatml_v1_eos__tune_500_qids__image_only__direct_records.json
corrected_tune500:bridge_dinov2_w1_bf16_v1_ep5::bridge_dinov2_w1_bf16_v1_ep5__corrected_chatml_v1_eos__tune_500_qids__image_only__direct::exact,corrected_chatml_v1_eos,corrected_tune500:bridge_dinov2_w1_bf16_v1_ep5,tune_500_qids,dinov2,mlp256,none,compare,18,exact,38.888889,33.333333,5.555556,outputs/eval/tuning/bridge_dinov2_w1_bf16_v1_ep5__corrected_chatml_v1_eos__tune_500_qids__image_only__direct_records.json
corrected_tune500:bridge_dinov2_w1_bf16_v1_ep5::bridge_dinov2_w1_bf16_v1_ep5__corrected_chatml_v1_eos__tune_500_qids__image_only__direct::exact,corrected_chatml_v1_eos,corrected_tune500:bridge_dinov2_w1_bf16_v1_ep5,tune_500_qids,dinov2,mlp256,none,exist,98,exact,57.142857,41.836735,15.306122,outputs/eval/tuning/bridge_dinov2_w1_bf16_v1_ep5__corrected_chatml_v1_eos__tune_500_qids__image_only__direct_records.json
corrected_tune500:bridge_dinov2_w1_bf16_v1_ep5::bridge_dinov2_w1_bf16_v1_ep5__corrected_chatml_v1_eos__tune_500_qids__image_only__direct::exact,corrected_chatml_v1_eos,corrected_tune500:bridge_dinov2_w1_bf16_v1_ep5,tune_500_qids,dinov2,mlp256,none,other,157,exact,51.592357,32.484076,19.10828,outputs/eval/tuning/bridge_dinov2_w1_bf16_v1_ep5__corrected_chatml_v1_eos__tune_500_qids__image_only__direct_records.json
corrected_tune500:bridge_dinov2_w1_bf16_v1_ep5::bridge_dinov2_w1_bf16_v1_ep5__corrected_chatml_v1_eos__tune_500_qids__image_only__direct::exact,corrected_chatml_v1_eos,corrected_tune500:bridge_dinov2_w1_bf16_v1_ep5,tune_500_qids,dinov2,mlp256,none,relate,175,exact,34.285714,13.714286,20.571429,outputs/eval/tuning/bridge_dinov2_w1_bf16_v1_ep5__corrected_chatml_v1_eos__tune_500_qids__image_only__direct_records.json
corrected_tune500:bridge_dinov2_w1_bf16_v1_ep5::bridge_dinov2_w1_bf16_v1_ep5__corrected_chatml_v1_eos__tune_500_qids__image_only__direct::exact_full,corrected_chatml_v1_eos,corrected_tune500:bridge_dinov2_w1_bf16_v1_ep5,tune_500_qids,dinov2,mlp256,none,choose,52,exact_full,61.538462,63.461538,-1.923077,outputs/eval/tuning/bridge_dinov2_w1_bf16_v1_ep5__corrected_chatml_v1_eos__tune_500_qids__image_only__direct_records.json
corrected_tune500:bridge_dinov2_w1_bf16_v1_ep5::bridge_dinov2_w1_bf16_v1_ep5__corrected_chatml_v1_eos__tune_500_qids__image_only__direct::exact_full,corrected_chatml_v1_eos,corrected_tune500:bridge_dinov2_w1_bf16_v1_ep5,tune_500_qids,dinov2,mlp256,none,compare,18,exact_full,38.888889,33.333333,5.555556,outputs/eval/tuning/bridge_dinov2_w1_bf16_v1_ep5__corrected_chatml_v1_eos__tune_500_qids__image_only__direct_records.json
corrected_tune500:bridge_dinov2_w1_bf16_v1_ep5::bridge_dinov2_w1_bf16_v1_ep5__corrected_chatml_v1_eos__tune_500_qids__image_only__direct::exact_full,corrected_chatml_v1_eos,corrected_tune500:bridge_dinov2_w1_bf16_v1_ep5,tune_500_qids,dinov2,mlp256,none,exist,98,exact_full,57.142857,41.836735,15.306122,outputs/eval/tuning/bridge_dinov2_w1_bf16_v1_ep5__corrected_chatml_v1_eos__tune_500_qids__image_only__direct_records.json
corrected_tune500:bridge_dinov2_w1_bf16_v1_ep5::bridge_dinov2_w1_bf16_v1_ep5__corrected_chatml_v1_eos__tune_500_qids__image_only__direct::exact_full,corrected_chatml_v1_eos,corrected_tune500:bridge_dinov2_w1_bf16_v1_ep5,tune_500_qids,dinov2,mlp256,none,other,157,exact_full,51.592357,32.484076,19.10828,outputs/eval/tuning/bridge_dinov2_w1_bf16_v1_ep5__corrected_chatml_v1_eos__tune_500_qids__image_only__direct_records.json
corrected_tune500:bridge_dinov2_w1_bf16_v1_ep5::bridge_dinov2_w1_bf16_v1_ep5__corrected_chatml_v1_eos__tune_500_qids__image_only__direct::exact_full,corrected_chatml_v1_eos,corrected_tune500:bridge_dinov2_w1_bf16_v1_ep5,tune_500_qids,dinov2,mlp256,none,relate,175,exact_full,34.285714,13.714286,20.571429,outputs/eval/tuning/bridge_dinov2_w1_bf16_v1_ep5__corrected_chatml_v1_eos__tune_500_qids__image_only__direct_records.json
corrected_tune500:bridge_dinov2_w1_bf16_v1_ep5::bridge_dinov2_w1_bf16_v1_ep5__corrected_chatml_v1_eos__tune_500_qids__image_only__direct::vqa_soft,corrected_chatml_v1_eos,corrected_tune500:bridge_dinov2_w1_bf16_v1_ep5,tune_500_qids,dinov2,mlp256,none,choose,52,vqa_soft,61.538462,65.384615,-3.846154,outputs/eval/tuning/bridge_dinov2_w1_bf16_v1_ep5__corrected_chatml_v1_eos__tune_500_qids__image_only__direct_records.json
corrected_tune500:bridge_dinov2_w1_bf16_v1_ep5::bridge_dinov2_w1_bf16_v1_ep5__corrected_chatml_v1_eos__tune_500_qids__image_only__direct::vqa_soft,corrected_chatml_v1_eos,corrected_tune500:bridge_dinov2_w1_bf16_v1_ep5,tune_500_qids,dinov2,mlp256,none,compare,18,vqa_soft,38.888889,44.444444,-5.555556,outputs/eval/tuning/bridge_dinov2_w1_bf16_v1_ep5__corrected_chatml_v1_eos__tune_500_qids__image_only__direct_records.json
corrected_tune500:bridge_dinov2_w1_bf16_v1_ep5::bridge_dinov2_w1_bf16_v1_ep5__corrected_chatml_v1_eos__tune_500_qids__image_only__direct::vqa_soft,corrected_chatml_v1_eos,corrected_tune500:bridge_dinov2_w1_bf16_v1_ep5,tune_500_qids,dinov2,mlp256,none,exist,98,vqa_soft,57.142857,48.979592,8.163265,outputs/eval/tuning/bridge_dinov2_w1_bf16_v1_ep5__corrected_chatml_v1_eos__tune_500_qids__image_only__direct_records.json
corrected_tune500:bridge_dinov2_w1_bf16_v1_ep5::bridge_dinov2_w1_bf16_v1_ep5__corrected_chatml_v1_eos__tune_500_qids__image_only__direct::vqa_soft,corrected_chatml_v1_eos,corrected_tune500:bridge_dinov2_w1_bf16_v1_ep5,tune_500_qids,dinov2,mlp256,none,other,157,vqa_soft,51.592357,34.394904,17.197452,outputs/eval/tuning/bridge_dinov2_w1_bf16_v1_ep5__corrected_chatml_v1_eos__tune_500_qids__image_only__direct_records.json
corrected_tune500:bridge_dinov2_w1_bf16_v1_ep5::bridge_dinov2_w1_bf16_v1_ep5__corrected_chatml_v1_eos__tune_500_qids__image_only__direct::vqa_soft,corrected_chatml_v1_eos,corrected_tune500:bridge_dinov2_w1_bf16_v1_ep5,tune_500_qids,dinov2,mlp256,none,relate,175,vqa_soft,34.857143,14.285714,20.571429,outputs/eval/tuning/bridge_dinov2_w1_bf16_v1_ep5__corrected_chatml_v1_eos__tune_500_qids__image_only__direct_records.json
corrected_tune500:bridge_dinov2_w1qf_bf16_v1_ep1::bridge_dinov2_w1qf_bf16_v1_ep1__corrected_chatml_v1_eos__tune_500_qids__image_only__direct::exact,corrected_chatml_v1_eos,corrected_tune500:bridge_dinov2_w1qf_bf16_v1_ep1,tune_500_qids,dinov2,qformer32,none,choose,52,exact,51.923077,63.461538,-11.538462,outputs/eval/tuning/bridge_dinov2_w1qf_bf16_v1_ep1__corrected_chatml_v1_eos__tune_500_qids__image_only__direct_records.json
corrected_tune500:bridge_dinov2_w1qf_bf16_v1_ep1::bridge_dinov2_w1qf_bf16_v1_ep1__corrected_chatml_v1_eos__tune_500_qids__image_only__direct::exact,corrected_chatml_v1_eos,corrected_tune500:bridge_dinov2_w1qf_bf16_v1_ep1,tune_500_qids,dinov2,qformer32,none,compare,18,exact,55.555556,33.333333,22.222222,outputs/eval/tuning/bridge_dinov2_w1qf_bf16_v1_ep1__corrected_chatml_v1_eos__tune_500_qids__image_only__direct_records.json
corrected_tune500:bridge_dinov2_w1qf_bf16_v1_ep1::bridge_dinov2_w1qf_bf16_v1_ep1__corrected_chatml_v1_eos__tune_500_qids__image_only__direct::exact,corrected_chatml_v1_eos,corrected_tune500:bridge_dinov2_w1qf_bf16_v1_ep1,tune_500_qids,dinov2,qformer32,none,exist,98,exact,55.102041,41.836735,13.265306,outputs/eval/tuning/bridge_dinov2_w1qf_bf16_v1_ep1__corrected_chatml_v1_eos__tune_500_qids__image_only__direct_records.json
corrected_tune500:bridge_dinov2_w1qf_bf16_v1_ep1::bridge_dinov2_w1qf_bf16_v1_ep1__corrected_chatml_v1_eos__tune_500_qids__image_only__direct::exact,corrected_chatml_v1_eos,corrected_tune500:bridge_dinov2_w1qf_bf16_v1_ep1,tune_500_qids,dinov2,qformer32,none,other,157,exact,38.853503,32.484076,6.369427,outputs/eval/tuning/bridge_dinov2_w1qf_bf16_v1_ep1__corrected_chatml_v1_eos__tune_500_qids__image_only__direct_records.json
corrected_tune500:bridge_dinov2_w1qf_bf16_v1_ep1::bridge_dinov2_w1qf_bf16_v1_ep1__corrected_chatml_v1_eos__tune_500_qids__image_only__direct::exact,corrected_chatml_v1_eos,corrected_tune500:bridge_dinov2_w1qf_bf16_v1_ep1,tune_500_qids,dinov2,qformer32,none,relate,175,exact,29.714286,13.714286,16,outputs/eval/tuning/bridge_dinov2_w1qf_bf16_v1_ep1__corrected_chatml_v1_eos__tune_500_qids__image_only__direct_records.json
corrected_tune500:bridge_dinov2_w1qf_bf16_v1_ep1::bridge_dinov2_w1qf_bf16_v1_ep1__corrected_chatml_v1_eos__tune_500_qids__image_only__direct::exact_full,corrected_chatml_v1_eos,corrected_tune500:bridge_dinov2_w1qf_bf16_v1_ep1,tune_500_qids,dinov2,qformer32,none,choose,52,exact_full,51.923077,63.461538,-11.538462,outputs/eval/tuning/bridge_dinov2_w1qf_bf16_v1_ep1__corrected_chatml_v1_eos__tune_500_qids__image_only__direct_records.json
corrected_tune500:bridge_dinov2_w1qf_bf16_v1_ep1::bridge_dinov2_w1qf_bf16_v1_ep1__corrected_chatml_v1_eos__tune_500_qids__image_only__direct::exact_full,corrected_chatml_v1_eos,corrected_tune500:bridge_dinov2_w1qf_bf16_v1_ep1,tune_500_qids,dinov2,qformer32,none,compare,18,exact_full,55.555556,33.333333,22.222222,outputs/eval/tuning/bridge_dinov2_w1qf_bf16_v1_ep1__corrected_chatml_v1_eos__tune_500_qids__image_only__direct_records.json
corrected_tune500:bridge_dinov2_w1qf_bf16_v1_ep1::bridge_dinov2_w1qf_bf16_v1_ep1__corrected_chatml_v1_eos__tune_500_qids__image_only__direct::exact_full,corrected_chatml_v1_eos,corrected_tune500:bridge_dinov2_w1qf_bf16_v1_ep1,tune_500_qids,dinov2,qformer32,none,exist,98,exact_full,55.102041,41.836735,13.265306,outputs/eval/tuning/bridge_dinov2_w1qf_bf16_v1_ep1__corrected_chatml_v1_eos__tune_500_qids__image_only__direct_records.json
corrected_tune500:bridge_dinov2_w1qf_bf16_v1_ep1::bridge_dinov2_w1qf_bf16_v1_ep1__corrected_chatml_v1_eos__tune_500_qids__image_only__direct::exact_full,corrected_chatml_v1_eos,corrected_tune500:bridge_dinov2_w1qf_bf16_v1_ep1,tune_500_qids,dinov2,qformer32,none,other,157,exact_full,38.853503,32.484076,6.369427,outputs/eval/tuning/bridge_dinov2_w1qf_bf16_v1_ep1__corrected_chatml_v1_eos__tune_500_qids__image_only__direct_records.json
corrected_tune500:bridge_dinov2_w1qf_bf16_v1_ep1::bridge_dinov2_w1qf_bf16_v1_ep1__corrected_chatml_v1_eos__tune_500_qids__image_only__direct::exact_full,corrected_chatml_v1_eos,corrected_tune500:bridge_dinov2_w1qf_bf16_v1_ep1,tune_500_qids,dinov2,qformer32,none,relate,175,exact_full,29.714286,13.714286,16,outputs/eval/tuning/bridge_dinov2_w1qf_bf16_v1_ep1__corrected_chatml_v1_eos__tune_500_qids__image_only__direct_records.json
corrected_tune500:bridge_dinov2_w1qf_bf16_v1_ep1::bridge_dinov2_w1qf_bf16_v1_ep1__corrected_chatml_v1_eos__tune_500_qids__image_only__direct::vqa_soft,corrected_chatml_v1_eos,corrected_tune500:bridge_dinov2_w1qf_bf16_v1_ep1,tune_500_qids,dinov2,qformer32,none,choose,52,vqa_soft,51.923077,65.384615,-13.461538,outputs/eval/tuning/bridge_dinov2_w1qf_bf16_v1_ep1__corrected_chatml_v1_eos__tune_500_qids__image_only__direct_records.json
corrected_tune500:bridge_dinov2_w1qf_bf16_v1_ep1::bridge_dinov2_w1qf_bf16_v1_ep1__corrected_chatml_v1_eos__tune_500_qids__image_only__direct::vqa_soft,corrected_chatml_v1_eos,corrected_tune500:bridge_dinov2_w1qf_bf16_v1_ep1,tune_500_qids,dinov2,qformer32,none,compare,18,vqa_soft,55.555556,44.444444,11.111111,outputs/eval/tuning/bridge_dinov2_w1qf_bf16_v1_ep1__corrected_chatml_v1_eos__tune_500_qids__image_only__direct_records.json
corrected_tune500:bridge_dinov2_w1qf_bf16_v1_ep1::bridge_dinov2_w1qf_bf16_v1_ep1__corrected_chatml_v1_eos__tune_500_qids__image_only__direct::vqa_soft,corrected_chatml_v1_eos,corrected_tune500:bridge_dinov2_w1qf_bf16_v1_ep1,tune_500_qids,dinov2,qformer32,none,exist,98,vqa_soft,55.102041,48.979592,6.122449,outputs/eval/tuning/bridge_dinov2_w1qf_bf16_v1_ep1__corrected_chatml_v1_eos__tune_500_qids__image_only__direct_records.json
corrected_tune500:bridge_dinov2_w1qf_bf16_v1_ep1::bridge_dinov2_w1qf_bf16_v1_ep1__corrected_chatml_v1_eos__tune_500_qids__image_only__direct::vqa_soft,corrected_chatml_v1_eos,corrected_tune500:bridge_dinov2_w1qf_bf16_v1_ep1,tune_500_qids,dinov2,qformer32,none,other,157,vqa_soft,38.853503,34.394904,4.458599,outputs/eval/tuning/bridge_dinov2_w1qf_bf16_v1_ep1__corrected_chatml_v1_eos__tune_500_qids__image_only__direct_records.json
corrected_tune500:bridge_dinov2_w1qf_bf16_v1_ep1::bridge_dinov2_w1qf_bf16_v1_ep1__corrected_chatml_v1_eos__tune_500_qids__image_only__direct::vqa_soft,corrected_chatml_v1_eos,corrected_tune500:bridge_dinov2_w1qf_bf16_v1_ep1,tune_500_qids,dinov2,qformer32,none,relate,175,vqa_soft,30.857143,14.285714,16.571429,outputs/eval/tuning/bridge_dinov2_w1qf_bf16_v1_ep1__corrected_chatml_v1_eos__tune_500_qids__image_only__direct_records.json
corrected_tune500:bridge_dinov2_w1qf_bf16_v1_ep2::bridge_dinov2_w1qf_bf16_v1_ep2__corrected_chatml_v1_eos__tune_500_qids__image_only__direct::exact,corrected_chatml_v1_eos,corrected_tune500:bridge_dinov2_w1qf_bf16_v1_ep2,tune_500_qids,dinov2,qformer32,none,choose,52,exact,53.846154,63.461538,-9.615385,outputs/eval/tuning/bridge_dinov2_w1qf_bf16_v1_ep2__corrected_chatml_v1_eos__tune_500_qids__image_only__direct_records.json
corrected_tune500:bridge_dinov2_w1qf_bf16_v1_ep2::bridge_dinov2_w1qf_bf16_v1_ep2__corrected_chatml_v1_eos__tune_500_qids__image_only__direct::exact,corrected_chatml_v1_eos,corrected_tune500:bridge_dinov2_w1qf_bf16_v1_ep2,tune_500_qids,dinov2,qformer32,none,compare,18,exact,44.444444,33.333333,11.111111,outputs/eval/tuning/bridge_dinov2_w1qf_bf16_v1_ep2__corrected_chatml_v1_eos__tune_500_qids__image_only__direct_records.json
corrected_tune500:bridge_dinov2_w1qf_bf16_v1_ep2::bridge_dinov2_w1qf_bf16_v1_ep2__corrected_chatml_v1_eos__tune_500_qids__image_only__direct::exact,corrected_chatml_v1_eos,corrected_tune500:bridge_dinov2_w1qf_bf16_v1_ep2,tune_500_qids,dinov2,qformer32,none,exist,98,exact,58.163265,41.836735,16.326531,outputs/eval/tuning/bridge_dinov2_w1qf_bf16_v1_ep2__corrected_chatml_v1_eos__tune_500_qids__image_only__direct_records.json
corrected_tune500:bridge_dinov2_w1qf_bf16_v1_ep2::bridge_dinov2_w1qf_bf16_v1_ep2__corrected_chatml_v1_eos__tune_500_qids__image_only__direct::exact,corrected_chatml_v1_eos,corrected_tune500:bridge_dinov2_w1qf_bf16_v1_ep2,tune_500_qids,dinov2,qformer32,none,other,157,exact,40.764331,32.484076,8.280255,outputs/eval/tuning/bridge_dinov2_w1qf_bf16_v1_ep2__corrected_chatml_v1_eos__tune_500_qids__image_only__direct_records.json
corrected_tune500:bridge_dinov2_w1qf_bf16_v1_ep2::bridge_dinov2_w1qf_bf16_v1_ep2__corrected_chatml_v1_eos__tune_500_qids__image_only__direct::exact,corrected_chatml_v1_eos,corrected_tune500:bridge_dinov2_w1qf_bf16_v1_ep2,tune_500_qids,dinov2,qformer32,none,relate,175,exact,28,13.714286,14.285714,outputs/eval/tuning/bridge_dinov2_w1qf_bf16_v1_ep2__corrected_chatml_v1_eos__tune_500_qids__image_only__direct_records.json
corrected_tune500:bridge_dinov2_w1qf_bf16_v1_ep2::bridge_dinov2_w1qf_bf16_v1_ep2__corrected_chatml_v1_eos__tune_500_qids__image_only__direct::exact_full,corrected_chatml_v1_eos,corrected_tune500:bridge_dinov2_w1qf_bf16_v1_ep2,tune_500_qids,dinov2,qformer32,none,choose,52,exact_full,53.846154,63.461538,-9.615385,outputs/eval/tuning/bridge_dinov2_w1qf_bf16_v1_ep2__corrected_chatml_v1_eos__tune_500_qids__image_only__direct_records.json
corrected_tune500:bridge_dinov2_w1qf_bf16_v1_ep2::bridge_dinov2_w1qf_bf16_v1_ep2__corrected_chatml_v1_eos__tune_500_qids__image_only__direct::exact_full,corrected_chatml_v1_eos,corrected_tune500:bridge_dinov2_w1qf_bf16_v1_ep2,tune_500_qids,dinov2,qformer32,none,compare,18,exact_full,44.444444,33.333333,11.111111,outputs/eval/tuning/bridge_dinov2_w1qf_bf16_v1_ep2__corrected_chatml_v1_eos__tune_500_qids__image_only__direct_records.json
corrected_tune500:bridge_dinov2_w1qf_bf16_v1_ep2::bridge_dinov2_w1qf_bf16_v1_ep2__corrected_chatml_v1_eos__tune_500_qids__image_only__direct::exact_full,corrected_chatml_v1_eos,corrected_tune500:bridge_dinov2_w1qf_bf16_v1_ep2,tune_500_qids,dinov2,qformer32,none,exist,98,exact_full,58.163265,41.836735,16.326531,outputs/eval/tuning/bridge_dinov2_w1qf_bf16_v1_ep2__corrected_chatml_v1_eos__tune_500_qids__image_only__direct_records.json
corrected_tune500:bridge_dinov2_w1qf_bf16_v1_ep2::bridge_dinov2_w1qf_bf16_v1_ep2__corrected_chatml_v1_eos__tune_500_qids__image_only__direct::exact_full,corrected_chatml_v1_eos,corrected_tune500:bridge_dinov2_w1qf_bf16_v1_ep2,tune_500_qids,dinov2,qformer32,none,other,157,exact_full,40.764331,32.484076,8.280255,outputs/eval/tuning/bridge_dinov2_w1qf_bf16_v1_ep2__corrected_chatml_v1_eos__tune_500_qids__image_only__direct_records.json
corrected_tune500:bridge_dinov2_w1qf_bf16_v1_ep2::bridge_dinov2_w1qf_bf16_v1_ep2__corrected_chatml_v1_eos__tune_500_qids__image_only__direct::exact_full,corrected_chatml_v1_eos,corrected_tune500:bridge_dinov2_w1qf_bf16_v1_ep2,tune_500_qids,dinov2,qformer32,none,relate,175,exact_full,28,13.714286,14.285714,outputs/eval/tuning/bridge_dinov2_w1qf_bf16_v1_ep2__corrected_chatml_v1_eos__tune_500_qids__image_only__direct_records.json
corrected_tune500:bridge_dinov2_w1qf_bf16_v1_ep2::bridge_dinov2_w1qf_bf16_v1_ep2__corrected_chatml_v1_eos__tune_500_qids__image_only__direct::vqa_soft,corrected_chatml_v1_eos,corrected_tune500:bridge_dinov2_w1qf_bf16_v1_ep2,tune_500_qids,dinov2,qformer32,none,choose,52,vqa_soft,53.846154,65.384615,-11.538462,outputs/eval/tuning/bridge_dinov2_w1qf_bf16_v1_ep2__corrected_chatml_v1_eos__tune_500_qids__image_only__direct_records.json
corrected_tune500:bridge_dinov2_w1qf_bf16_v1_ep2::bridge_dinov2_w1qf_bf16_v1_ep2__corrected_chatml_v1_eos__tune_500_qids__image_only__direct::vqa_soft,corrected_chatml_v1_eos,corrected_tune500:bridge_dinov2_w1qf_bf16_v1_ep2,tune_500_qids,dinov2,qformer32,none,compare,18,vqa_soft,44.444444,44.444444,0,outputs/eval/tuning/bridge_dinov2_w1qf_bf16_v1_ep2__corrected_chatml_v1_eos__tune_500_qids__image_only__direct_records.json
corrected_tune500:bridge_dinov2_w1qf_bf16_v1_ep2::bridge_dinov2_w1qf_bf16_v1_ep2__corrected_chatml_v1_eos__tune_500_qids__image_only__direct::vqa_soft,corrected_chatml_v1_eos,corrected_tune500:bridge_dinov2_w1qf_bf16_v1_ep2,tune_500_qids,dinov2,qformer32,none,exist,98,vqa_soft,58.163265,48.979592,9.183673,outputs/eval/tuning/bridge_dinov2_w1qf_bf16_v1_ep2__corrected_chatml_v1_eos__tune_500_qids__image_only__direct_records.json
corrected_tune500:bridge_dinov2_w1qf_bf16_v1_ep2::bridge_dinov2_w1qf_bf16_v1_ep2__corrected_chatml_v1_eos__tune_500_qids__image_only__direct::vqa_soft,corrected_chatml_v1_eos,corrected_tune500:bridge_dinov2_w1qf_bf16_v1_ep2,tune_500_qids,dinov2,qformer32,none,other,157,vqa_soft,40.764331,34.394904,6.369427,outputs/eval/tuning/bridge_dinov2_w1qf_bf16_v1_ep2__corrected_chatml_v1_eos__tune_500_qids__image_only__direct_records.json
corrected_tune500:bridge_dinov2_w1qf_bf16_v1_ep2::bridge_dinov2_w1qf_bf16_v1_ep2__corrected_chatml_v1_eos__tune_500_qids__image_only__direct::vqa_soft,corrected_chatml_v1_eos,corrected_tune500:bridge_dinov2_w1qf_bf16_v1_ep2,tune_500_qids,dinov2,qformer32,none,relate,175,vqa_soft,29.714286,14.285714,15.428571,outputs/eval/tuning/bridge_dinov2_w1qf_bf16_v1_ep2__corrected_chatml_v1_eos__tune_500_qids__image_only__direct_records.json
corrected_tune500:bridge_dinov2_w1qf_bf16_v1_ep3::bridge_dinov2_w1qf_bf16_v1_ep3__corrected_chatml_v1_eos__tune_500_qids__image_only__direct::exact,corrected_chatml_v1_eos,corrected_tune500:bridge_dinov2_w1qf_bf16_v1_ep3,tune_500_qids,dinov2,qformer32,none,choose,52,exact,55.769231,63.461538,-7.692308,outputs/eval/tuning/bridge_dinov2_w1qf_bf16_v1_ep3__corrected_chatml_v1_eos__tune_500_qids__image_only__direct_records.json
corrected_tune500:bridge_dinov2_w1qf_bf16_v1_ep3::bridge_dinov2_w1qf_bf16_v1_ep3__corrected_chatml_v1_eos__tune_500_qids__image_only__direct::exact,corrected_chatml_v1_eos,corrected_tune500:bridge_dinov2_w1qf_bf16_v1_ep3,tune_500_qids,dinov2,qformer32,none,compare,18,exact,50,33.333333,16.666667,outputs/eval/tuning/bridge_dinov2_w1qf_bf16_v1_ep3__corrected_chatml_v1_eos__tune_500_qids__image_only__direct_records.json
corrected_tune500:bridge_dinov2_w1qf_bf16_v1_ep3::bridge_dinov2_w1qf_bf16_v1_ep3__corrected_chatml_v1_eos__tune_500_qids__image_only__direct::exact,corrected_chatml_v1_eos,corrected_tune500:bridge_dinov2_w1qf_bf16_v1_ep3,tune_500_qids,dinov2,qformer32,none,exist,98,exact,60.204082,41.836735,18.367347,outputs/eval/tuning/bridge_dinov2_w1qf_bf16_v1_ep3__corrected_chatml_v1_eos__tune_500_qids__image_only__direct_records.json
corrected_tune500:bridge_dinov2_w1qf_bf16_v1_ep3::bridge_dinov2_w1qf_bf16_v1_ep3__corrected_chatml_v1_eos__tune_500_qids__image_only__direct::exact,corrected_chatml_v1_eos,corrected_tune500:bridge_dinov2_w1qf_bf16_v1_ep3,tune_500_qids,dinov2,qformer32,none,other,157,exact,37.579618,32.484076,5.095541,outputs/eval/tuning/bridge_dinov2_w1qf_bf16_v1_ep3__corrected_chatml_v1_eos__tune_500_qids__image_only__direct_records.json
corrected_tune500:bridge_dinov2_w1qf_bf16_v1_ep3::bridge_dinov2_w1qf_bf16_v1_ep3__corrected_chatml_v1_eos__tune_500_qids__image_only__direct::exact,corrected_chatml_v1_eos,corrected_tune500:bridge_dinov2_w1qf_bf16_v1_ep3,tune_500_qids,dinov2,qformer32,none,relate,175,exact,32.571429,13.714286,18.857143,outputs/eval/tuning/bridge_dinov2_w1qf_bf16_v1_ep3__corrected_chatml_v1_eos__tune_500_qids__image_only__direct_records.json
corrected_tune500:bridge_dinov2_w1qf_bf16_v1_ep3::bridge_dinov2_w1qf_bf16_v1_ep3__corrected_chatml_v1_eos__tune_500_qids__image_only__direct::exact_full,corrected_chatml_v1_eos,corrected_tune500:bridge_dinov2_w1qf_bf16_v1_ep3,tune_500_qids,dinov2,qformer32,none,choose,52,exact_full,55.769231,63.461538,-7.692308,outputs/eval/tuning/bridge_dinov2_w1qf_bf16_v1_ep3__corrected_chatml_v1_eos__tune_500_qids__image_only__direct_records.json
corrected_tune500:bridge_dinov2_w1qf_bf16_v1_ep3::bridge_dinov2_w1qf_bf16_v1_ep3__corrected_chatml_v1_eos__tune_500_qids__image_only__direct::exact_full,corrected_chatml_v1_eos,corrected_tune500:bridge_dinov2_w1qf_bf16_v1_ep3,tune_500_qids,dinov2,qformer32,none,compare,18,exact_full,50,33.333333,16.666667,outputs/eval/tuning/bridge_dinov2_w1qf_bf16_v1_ep3__corrected_chatml_v1_eos__tune_500_qids__image_only__direct_records.json
corrected_tune500:bridge_dinov2_w1qf_bf16_v1_ep3::bridge_dinov2_w1qf_bf16_v1_ep3__corrected_chatml_v1_eos__tune_500_qids__image_only__direct::exact_full,corrected_chatml_v1_eos,corrected_tune500:bridge_dinov2_w1qf_bf16_v1_ep3,tune_500_qids,dinov2,qformer32,none,exist,98,exact_full,60.204082,41.836735,18.367347,outputs/eval/tuning/bridge_dinov2_w1qf_bf16_v1_ep3__corrected_chatml_v1_eos__tune_500_qids__image_only__direct_records.json
corrected_tune500:bridge_dinov2_w1qf_bf16_v1_ep3::bridge_dinov2_w1qf_bf16_v1_ep3__corrected_chatml_v1_eos__tune_500_qids__image_only__direct::exact_full,corrected_chatml_v1_eos,corrected_tune500:bridge_dinov2_w1qf_bf16_v1_ep3,tune_500_qids,dinov2,qformer32,none,other,157,exact_full,37.579618,32.484076,5.095541,outputs/eval/tuning/bridge_dinov2_w1qf_bf16_v1_ep3__corrected_chatml_v1_eos__tune_500_qids__image_only__direct_records.json
corrected_tune500:bridge_dinov2_w1qf_bf16_v1_ep3::bridge_dinov2_w1qf_bf16_v1_ep3__corrected_chatml_v1_eos__tune_500_qids__image_only__direct::exact_full,corrected_chatml_v1_eos,corrected_tune500:bridge_dinov2_w1qf_bf16_v1_ep3,tune_500_qids,dinov2,qformer32,none,relate,175,exact_full,32.571429,13.714286,18.857143,outputs/eval/tuning/bridge_dinov2_w1qf_bf16_v1_ep3__corrected_chatml_v1_eos__tune_500_qids__image_only__direct_records.json
corrected_tune500:bridge_dinov2_w1qf_bf16_v1_ep3::bridge_dinov2_w1qf_bf16_v1_ep3__corrected_chatml_v1_eos__tune_500_qids__image_only__direct::vqa_soft,corrected_chatml_v1_eos,corrected_tune500:bridge_dinov2_w1qf_bf16_v1_ep3,tune_500_qids,dinov2,qformer32,none,choose,52,vqa_soft,55.769231,65.384615,-9.615385,outputs/eval/tuning/bridge_dinov2_w1qf_bf16_v1_ep3__corrected_chatml_v1_eos__tune_500_qids__image_only__direct_records.json
corrected_tune500:bridge_dinov2_w1qf_bf16_v1_ep3::bridge_dinov2_w1qf_bf16_v1_ep3__corrected_chatml_v1_eos__tune_500_qids__image_only__direct::vqa_soft,corrected_chatml_v1_eos,corrected_tune500:bridge_dinov2_w1qf_bf16_v1_ep3,tune_500_qids,dinov2,qformer32,none,compare,18,vqa_soft,50,44.444444,5.555556,outputs/eval/tuning/bridge_dinov2_w1qf_bf16_v1_ep3__corrected_chatml_v1_eos__tune_500_qids__image_only__direct_records.json
corrected_tune500:bridge_dinov2_w1qf_bf16_v1_ep3::bridge_dinov2_w1qf_bf16_v1_ep3__corrected_chatml_v1_eos__tune_500_qids__image_only__direct::vqa_soft,corrected_chatml_v1_eos,corrected_tune500:bridge_dinov2_w1qf_bf16_v1_ep3,tune_500_qids,dinov2,qformer32,none,exist,98,vqa_soft,60.204082,48.979592,11.22449,outputs/eval/tuning/bridge_dinov2_w1qf_bf16_v1_ep3__corrected_chatml_v1_eos__tune_500_qids__image_only__direct_records.json
corrected_tune500:bridge_dinov2_w1qf_bf16_v1_ep3::bridge_dinov2_w1qf_bf16_v1_ep3__corrected_chatml_v1_eos__tune_500_qids__image_only__direct::vqa_soft,corrected_chatml_v1_eos,corrected_tune500:bridge_dinov2_w1qf_bf16_v1_ep3,tune_500_qids,dinov2,qformer32,none,other,157,vqa_soft,37.579618,34.394904,3.184713,outputs/eval/tuning/bridge_dinov2_w1qf_bf16_v1_ep3__corrected_chatml_v1_eos__tune_500_qids__image_only__direct_records.json
corrected_tune500:bridge_dinov2_w1qf_bf16_v1_ep3::bridge_dinov2_w1qf_bf16_v1_ep3__corrected_chatml_v1_eos__tune_500_qids__image_only__direct::vqa_soft,corrected_chatml_v1_eos,corrected_tune500:bridge_dinov2_w1qf_bf16_v1_ep3,tune_500_qids,dinov2,qformer32,none,relate,175,vqa_soft,33.714286,14.285714,19.428571,outputs/eval/tuning/bridge_dinov2_w1qf_bf16_v1_ep3__corrected_chatml_v1_eos__tune_500_qids__image_only__direct_records.json
corrected_tune500:bridge_dinov2_w1qf_bf16_v1_ep4::bridge_dinov2_w1qf_bf16_v1_ep4__corrected_chatml_v1_eos__tune_500_qids__image_only__direct::exact,corrected_chatml_v1_eos,corrected_tune500:bridge_dinov2_w1qf_bf16_v1_ep4,tune_500_qids,dinov2,qformer32,none,choose,52,exact,61.538462,63.461538,-1.923077,outputs/eval/tuning/bridge_dinov2_w1qf_bf16_v1_ep4__corrected_chatml_v1_eos__tune_500_qids__image_only__direct_records.json
corrected_tune500:bridge_dinov2_w1qf_bf16_v1_ep4::bridge_dinov2_w1qf_bf16_v1_ep4__corrected_chatml_v1_eos__tune_500_qids__image_only__direct::exact,corrected_chatml_v1_eos,corrected_tune500:bridge_dinov2_w1qf_bf16_v1_ep4,tune_500_qids,dinov2,qformer32,none,compare,18,exact,38.888889,33.333333,5.555556,outputs/eval/tuning/bridge_dinov2_w1qf_bf16_v1_ep4__corrected_chatml_v1_eos__tune_500_qids__image_only__direct_records.json
corrected_tune500:bridge_dinov2_w1qf_bf16_v1_ep4::bridge_dinov2_w1qf_bf16_v1_ep4__corrected_chatml_v1_eos__tune_500_qids__image_only__direct::exact,corrected_chatml_v1_eos,corrected_tune500:bridge_dinov2_w1qf_bf16_v1_ep4,tune_500_qids,dinov2,qformer32,none,exist,98,exact,57.142857,41.836735,15.306122,outputs/eval/tuning/bridge_dinov2_w1qf_bf16_v1_ep4__corrected_chatml_v1_eos__tune_500_qids__image_only__direct_records.json
corrected_tune500:bridge_dinov2_w1qf_bf16_v1_ep4::bridge_dinov2_w1qf_bf16_v1_ep4__corrected_chatml_v1_eos__tune_500_qids__image_only__direct::exact,corrected_chatml_v1_eos,corrected_tune500:bridge_dinov2_w1qf_bf16_v1_ep4,tune_500_qids,dinov2,qformer32,none,other,157,exact,40.127389,32.484076,7.643312,outputs/eval/tuning/bridge_dinov2_w1qf_bf16_v1_ep4__corrected_chatml_v1_eos__tune_500_qids__image_only__direct_records.json
corrected_tune500:bridge_dinov2_w1qf_bf16_v1_ep4::bridge_dinov2_w1qf_bf16_v1_ep4__corrected_chatml_v1_eos__tune_500_qids__image_only__direct::exact,corrected_chatml_v1_eos,corrected_tune500:bridge_dinov2_w1qf_bf16_v1_ep4,tune_500_qids,dinov2,qformer32,none,relate,175,exact,29.714286,13.714286,16,outputs/eval/tuning/bridge_dinov2_w1qf_bf16_v1_ep4__corrected_chatml_v1_eos__tune_500_qids__image_only__direct_records.json
corrected_tune500:bridge_dinov2_w1qf_bf16_v1_ep4::bridge_dinov2_w1qf_bf16_v1_ep4__corrected_chatml_v1_eos__tune_500_qids__image_only__direct::exact_full,corrected_chatml_v1_eos,corrected_tune500:bridge_dinov2_w1qf_bf16_v1_ep4,tune_500_qids,dinov2,qformer32,none,choose,52,exact_full,61.538462,63.461538,-1.923077,outputs/eval/tuning/bridge_dinov2_w1qf_bf16_v1_ep4__corrected_chatml_v1_eos__tune_500_qids__image_only__direct_records.json
corrected_tune500:bridge_dinov2_w1qf_bf16_v1_ep4::bridge_dinov2_w1qf_bf16_v1_ep4__corrected_chatml_v1_eos__tune_500_qids__image_only__direct::exact_full,corrected_chatml_v1_eos,corrected_tune500:bridge_dinov2_w1qf_bf16_v1_ep4,tune_500_qids,dinov2,qformer32,none,compare,18,exact_full,38.888889,33.333333,5.555556,outputs/eval/tuning/bridge_dinov2_w1qf_bf16_v1_ep4__corrected_chatml_v1_eos__tune_500_qids__image_only__direct_records.json
corrected_tune500:bridge_dinov2_w1qf_bf16_v1_ep4::bridge_dinov2_w1qf_bf16_v1_ep4__corrected_chatml_v1_eos__tune_500_qids__image_only__direct::exact_full,corrected_chatml_v1_eos,corrected_tune500:bridge_dinov2_w1qf_bf16_v1_ep4,tune_500_qids,dinov2,qformer32,none,exist,98,exact_full,57.142857,41.836735,15.306122,outputs/eval/tuning/bridge_dinov2_w1qf_bf16_v1_ep4__corrected_chatml_v1_eos__tune_500_qids__image_only__direct_records.json
corrected_tune500:bridge_dinov2_w1qf_bf16_v1_ep4::bridge_dinov2_w1qf_bf16_v1_ep4__corrected_chatml_v1_eos__tune_500_qids__image_only__direct::exact_full,corrected_chatml_v1_eos,corrected_tune500:bridge_dinov2_w1qf_bf16_v1_ep4,tune_500_qids,dinov2,qformer32,none,other,157,exact_full,40.127389,32.484076,7.643312,outputs/eval/tuning/bridge_dinov2_w1qf_bf16_v1_ep4__corrected_chatml_v1_eos__tune_500_qids__image_only__direct_records.json
corrected_tune500:bridge_dinov2_w1qf_bf16_v1_ep4::bridge_dinov2_w1qf_bf16_v1_ep4__corrected_chatml_v1_eos__tune_500_qids__image_only__direct::exact_full,corrected_chatml_v1_eos,corrected_tune500:bridge_dinov2_w1qf_bf16_v1_ep4,tune_500_qids,dinov2,qformer32,none,relate,175,exact_full,29.714286,13.714286,16,outputs/eval/tuning/bridge_dinov2_w1qf_bf16_v1_ep4__corrected_chatml_v1_eos__tune_500_qids__image_only__direct_records.json
corrected_tune500:bridge_dinov2_w1qf_bf16_v1_ep4::bridge_dinov2_w1qf_bf16_v1_ep4__corrected_chatml_v1_eos__tune_500_qids__image_only__direct::vqa_soft,corrected_chatml_v1_eos,corrected_tune500:bridge_dinov2_w1qf_bf16_v1_ep4,tune_500_qids,dinov2,qformer32,none,choose,52,vqa_soft,61.538462,65.384615,-3.846154,outputs/eval/tuning/bridge_dinov2_w1qf_bf16_v1_ep4__corrected_chatml_v1_eos__tune_500_qids__image_only__direct_records.json
corrected_tune500:bridge_dinov2_w1qf_bf16_v1_ep4::bridge_dinov2_w1qf_bf16_v1_ep4__corrected_chatml_v1_eos__tune_500_qids__image_only__direct::vqa_soft,corrected_chatml_v1_eos,corrected_tune500:bridge_dinov2_w1qf_bf16_v1_ep4,tune_500_qids,dinov2,qformer32,none,compare,18,vqa_soft,38.888889,44.444444,-5.555556,outputs/eval/tuning/bridge_dinov2_w1qf_bf16_v1_ep4__corrected_chatml_v1_eos__tune_500_qids__image_only__direct_records.json
corrected_tune500:bridge_dinov2_w1qf_bf16_v1_ep4::bridge_dinov2_w1qf_bf16_v1_ep4__corrected_chatml_v1_eos__tune_500_qids__image_only__direct::vqa_soft,corrected_chatml_v1_eos,corrected_tune500:bridge_dinov2_w1qf_bf16_v1_ep4,tune_500_qids,dinov2,qformer32,none,exist,98,vqa_soft,57.142857,48.979592,8.163265,outputs/eval/tuning/bridge_dinov2_w1qf_bf16_v1_ep4__corrected_chatml_v1_eos__tune_500_qids__image_only__direct_records.json
corrected_tune500:bridge_dinov2_w1qf_bf16_v1_ep4::bridge_dinov2_w1qf_bf16_v1_ep4__corrected_chatml_v1_eos__tune_500_qids__image_only__direct::vqa_soft,corrected_chatml_v1_eos,corrected_tune500:bridge_dinov2_w1qf_bf16_v1_ep4,tune_500_qids,dinov2,qformer32,none,other,157,vqa_soft,40.127389,34.394904,5.732484,outputs/eval/tuning/bridge_dinov2_w1qf_bf16_v1_ep4__corrected_chatml_v1_eos__tune_500_qids__image_only__direct_records.json
corrected_tune500:bridge_dinov2_w1qf_bf16_v1_ep4::bridge_dinov2_w1qf_bf16_v1_ep4__corrected_chatml_v1_eos__tune_500_qids__image_only__direct::vqa_soft,corrected_chatml_v1_eos,corrected_tune500:bridge_dinov2_w1qf_bf16_v1_ep4,tune_500_qids,dinov2,qformer32,none,relate,175,vqa_soft,30.857143,14.285714,16.571429,outputs/eval/tuning/bridge_dinov2_w1qf_bf16_v1_ep4__corrected_chatml_v1_eos__tune_500_qids__image_only__direct_records.json
corrected_tune500:bridge_dinov2_w1qf_bf16_v1_ep5::bridge_dinov2_w1qf_bf16_v1_ep5__corrected_chatml_v1_eos__tune_500_qids__image_only__direct::exact,corrected_chatml_v1_eos,corrected_tune500:bridge_dinov2_w1qf_bf16_v1_ep5,tune_500_qids,dinov2,qformer32,none,choose,52,exact,61.538462,63.461538,-1.923077,outputs/eval/tuning/bridge_dinov2_w1qf_bf16_v1_ep5__corrected_chatml_v1_eos__tune_500_qids__image_only__direct_records.json
corrected_tune500:bridge_dinov2_w1qf_bf16_v1_ep5::bridge_dinov2_w1qf_bf16_v1_ep5__corrected_chatml_v1_eos__tune_500_qids__image_only__direct::exact,corrected_chatml_v1_eos,corrected_tune500:bridge_dinov2_w1qf_bf16_v1_ep5,tune_500_qids,dinov2,qformer32,none,compare,18,exact,38.888889,33.333333,5.555556,outputs/eval/tuning/bridge_dinov2_w1qf_bf16_v1_ep5__corrected_chatml_v1_eos__tune_500_qids__image_only__direct_records.json
corrected_tune500:bridge_dinov2_w1qf_bf16_v1_ep5::bridge_dinov2_w1qf_bf16_v1_ep5__corrected_chatml_v1_eos__tune_500_qids__image_only__direct::exact,corrected_chatml_v1_eos,corrected_tune500:bridge_dinov2_w1qf_bf16_v1_ep5,tune_500_qids,dinov2,qformer32,none,exist,98,exact,57.142857,41.836735,15.306122,outputs/eval/tuning/bridge_dinov2_w1qf_bf16_v1_ep5__corrected_chatml_v1_eos__tune_500_qids__image_only__direct_records.json
corrected_tune500:bridge_dinov2_w1qf_bf16_v1_ep5::bridge_dinov2_w1qf_bf16_v1_ep5__corrected_chatml_v1_eos__tune_500_qids__image_only__direct::exact,corrected_chatml_v1_eos,corrected_tune500:bridge_dinov2_w1qf_bf16_v1_ep5,tune_500_qids,dinov2,qformer32,none,other,157,exact,38.853503,32.484076,6.369427,outputs/eval/tuning/bridge_dinov2_w1qf_bf16_v1_ep5__corrected_chatml_v1_eos__tune_500_qids__image_only__direct_records.json
corrected_tune500:bridge_dinov2_w1qf_bf16_v1_ep5::bridge_dinov2_w1qf_bf16_v1_ep5__corrected_chatml_v1_eos__tune_500_qids__image_only__direct::exact,corrected_chatml_v1_eos,corrected_tune500:bridge_dinov2_w1qf_bf16_v1_ep5,tune_500_qids,dinov2,qformer32,none,relate,175,exact,36,13.714286,22.285714,outputs/eval/tuning/bridge_dinov2_w1qf_bf16_v1_ep5__corrected_chatml_v1_eos__tune_500_qids__image_only__direct_records.json
corrected_tune500:bridge_dinov2_w1qf_bf16_v1_ep5::bridge_dinov2_w1qf_bf16_v1_ep5__corrected_chatml_v1_eos__tune_500_qids__image_only__direct::exact_full,corrected_chatml_v1_eos,corrected_tune500:bridge_dinov2_w1qf_bf16_v1_ep5,tune_500_qids,dinov2,qformer32,none,choose,52,exact_full,61.538462,63.461538,-1.923077,outputs/eval/tuning/bridge_dinov2_w1qf_bf16_v1_ep5__corrected_chatml_v1_eos__tune_500_qids__image_only__direct_records.json
corrected_tune500:bridge_dinov2_w1qf_bf16_v1_ep5::bridge_dinov2_w1qf_bf16_v1_ep5__corrected_chatml_v1_eos__tune_500_qids__image_only__direct::exact_full,corrected_chatml_v1_eos,corrected_tune500:bridge_dinov2_w1qf_bf16_v1_ep5,tune_500_qids,dinov2,qformer32,none,compare,18,exact_full,38.888889,33.333333,5.555556,outputs/eval/tuning/bridge_dinov2_w1qf_bf16_v1_ep5__corrected_chatml_v1_eos__tune_500_qids__image_only__direct_records.json
corrected_tune500:bridge_dinov2_w1qf_bf16_v1_ep5::bridge_dinov2_w1qf_bf16_v1_ep5__corrected_chatml_v1_eos__tune_500_qids__image_only__direct::exact_full,corrected_chatml_v1_eos,corrected_tune500:bridge_dinov2_w1qf_bf16_v1_ep5,tune_500_qids,dinov2,qformer32,none,exist,98,exact_full,57.142857,41.836735,15.306122,outputs/eval/tuning/bridge_dinov2_w1qf_bf16_v1_ep5__corrected_chatml_v1_eos__tune_500_qids__image_only__direct_records.json
corrected_tune500:bridge_dinov2_w1qf_bf16_v1_ep5::bridge_dinov2_w1qf_bf16_v1_ep5__corrected_chatml_v1_eos__tune_500_qids__image_only__direct::exact_full,corrected_chatml_v1_eos,corrected_tune500:bridge_dinov2_w1qf_bf16_v1_ep5,tune_500_qids,dinov2,qformer32,none,other,157,exact_full,38.853503,32.484076,6.369427,outputs/eval/tuning/bridge_dinov2_w1qf_bf16_v1_ep5__corrected_chatml_v1_eos__tune_500_qids__image_only__direct_records.json
corrected_tune500:bridge_dinov2_w1qf_bf16_v1_ep5::bridge_dinov2_w1qf_bf16_v1_ep5__corrected_chatml_v1_eos__tune_500_qids__image_only__direct::exact_full,corrected_chatml_v1_eos,corrected_tune500:bridge_dinov2_w1qf_bf16_v1_ep5,tune_500_qids,dinov2,qformer32,none,relate,175,exact_full,36,13.714286,22.285714,outputs/eval/tuning/bridge_dinov2_w1qf_bf16_v1_ep5__corrected_chatml_v1_eos__tune_500_qids__image_only__direct_records.json
corrected_tune500:bridge_dinov2_w1qf_bf16_v1_ep5::bridge_dinov2_w1qf_bf16_v1_ep5__corrected_chatml_v1_eos__tune_500_qids__image_only__direct::vqa_soft,corrected_chatml_v1_eos,corrected_tune500:bridge_dinov2_w1qf_bf16_v1_ep5,tune_500_qids,dinov2,qformer32,none,choose,52,vqa_soft,61.538462,65.384615,-3.846154,outputs/eval/tuning/bridge_dinov2_w1qf_bf16_v1_ep5__corrected_chatml_v1_eos__tune_500_qids__image_only__direct_records.json
corrected_tune500:bridge_dinov2_w1qf_bf16_v1_ep5::bridge_dinov2_w1qf_bf16_v1_ep5__corrected_chatml_v1_eos__tune_500_qids__image_only__direct::vqa_soft,corrected_chatml_v1_eos,corrected_tune500:bridge_dinov2_w1qf_bf16_v1_ep5,tune_500_qids,dinov2,qformer32,none,compare,18,vqa_soft,38.888889,44.444444,-5.555556,outputs/eval/tuning/bridge_dinov2_w1qf_bf16_v1_ep5__corrected_chatml_v1_eos__tune_500_qids__image_only__direct_records.json
corrected_tune500:bridge_dinov2_w1qf_bf16_v1_ep5::bridge_dinov2_w1qf_bf16_v1_ep5__corrected_chatml_v1_eos__tune_500_qids__image_only__direct::vqa_soft,corrected_chatml_v1_eos,corrected_tune500:bridge_dinov2_w1qf_bf16_v1_ep5,tune_500_qids,dinov2,qformer32,none,exist,98,vqa_soft,57.142857,48.979592,8.163265,outputs/eval/tuning/bridge_dinov2_w1qf_bf16_v1_ep5__corrected_chatml_v1_eos__tune_500_qids__image_only__direct_records.json
corrected_tune500:bridge_dinov2_w1qf_bf16_v1_ep5::bridge_dinov2_w1qf_bf16_v1_ep5__corrected_chatml_v1_eos__tune_500_qids__image_only__direct::vqa_soft,corrected_chatml_v1_eos,corrected_tune500:bridge_dinov2_w1qf_bf16_v1_ep5,tune_500_qids,dinov2,qformer32,none,other,157,vqa_soft,38.853503,34.394904,4.458599,outputs/eval/tuning/bridge_dinov2_w1qf_bf16_v1_ep5__corrected_chatml_v1_eos__tune_500_qids__image_only__direct_records.json
corrected_tune500:bridge_dinov2_w1qf_bf16_v1_ep5::bridge_dinov2_w1qf_bf16_v1_ep5__corrected_chatml_v1_eos__tune_500_qids__image_only__direct::vqa_soft,corrected_chatml_v1_eos,corrected_tune500:bridge_dinov2_w1qf_bf16_v1_ep5,tune_500_qids,dinov2,qformer32,none,relate,175,vqa_soft,37.142857,14.285714,22.857143,outputs/eval/tuning/bridge_dinov2_w1qf_bf16_v1_ep5__corrected_chatml_v1_eos__tune_500_qids__image_only__direct_records.json
corrected_tune500:bridge_ijepa_prec4bit_v1_ep1::bridge_ijepa_prec4bit_v1_ep1__corrected_chatml_v1_eos__tune_500_qids__image_only__direct::exact,corrected_chatml_v1_eos,corrected_tune500:bridge_ijepa_prec4bit_v1_ep1,tune_500_qids,ijepa,,none,choose,52,exact,63.461538,61.538462,1.923077,outputs/eval/tuning/bridge_ijepa_prec4bit_v1_ep1__corrected_chatml_v1_eos__tune_500_qids__image_only__direct_records.json
corrected_tune500:bridge_ijepa_prec4bit_v1_ep1::bridge_ijepa_prec4bit_v1_ep1__corrected_chatml_v1_eos__tune_500_qids__image_only__direct::exact,corrected_chatml_v1_eos,corrected_tune500:bridge_ijepa_prec4bit_v1_ep1,tune_500_qids,ijepa,,none,compare,18,exact,55.555556,38.888889,16.666667,outputs/eval/tuning/bridge_ijepa_prec4bit_v1_ep1__corrected_chatml_v1_eos__tune_500_qids__image_only__direct_records.json
corrected_tune500:bridge_ijepa_prec4bit_v1_ep1::bridge_ijepa_prec4bit_v1_ep1__corrected_chatml_v1_eos__tune_500_qids__image_only__direct::exact,corrected_chatml_v1_eos,corrected_tune500:bridge_ijepa_prec4bit_v1_ep1,tune_500_qids,ijepa,,none,exist,98,exact,51.020408,46.938776,4.081633,outputs/eval/tuning/bridge_ijepa_prec4bit_v1_ep1__corrected_chatml_v1_eos__tune_500_qids__image_only__direct_records.json
corrected_tune500:bridge_ijepa_prec4bit_v1_ep1::bridge_ijepa_prec4bit_v1_ep1__corrected_chatml_v1_eos__tune_500_qids__image_only__direct::exact,corrected_chatml_v1_eos,corrected_tune500:bridge_ijepa_prec4bit_v1_ep1,tune_500_qids,ijepa,,none,other,157,exact,38.216561,29.299363,8.917197,outputs/eval/tuning/bridge_ijepa_prec4bit_v1_ep1__corrected_chatml_v1_eos__tune_500_qids__image_only__direct_records.json
corrected_tune500:bridge_ijepa_prec4bit_v1_ep1::bridge_ijepa_prec4bit_v1_ep1__corrected_chatml_v1_eos__tune_500_qids__image_only__direct::exact,corrected_chatml_v1_eos,corrected_tune500:bridge_ijepa_prec4bit_v1_ep1,tune_500_qids,ijepa,,none,relate,175,exact,22.285714,14.857143,7.428571,outputs/eval/tuning/bridge_ijepa_prec4bit_v1_ep1__corrected_chatml_v1_eos__tune_500_qids__image_only__direct_records.json
corrected_tune500:bridge_ijepa_prec4bit_v1_ep1::bridge_ijepa_prec4bit_v1_ep1__corrected_chatml_v1_eos__tune_500_qids__image_only__direct::exact_full,corrected_chatml_v1_eos,corrected_tune500:bridge_ijepa_prec4bit_v1_ep1,tune_500_qids,ijepa,,none,choose,52,exact_full,63.461538,61.538462,1.923077,outputs/eval/tuning/bridge_ijepa_prec4bit_v1_ep1__corrected_chatml_v1_eos__tune_500_qids__image_only__direct_records.json
corrected_tune500:bridge_ijepa_prec4bit_v1_ep1::bridge_ijepa_prec4bit_v1_ep1__corrected_chatml_v1_eos__tune_500_qids__image_only__direct::exact_full,corrected_chatml_v1_eos,corrected_tune500:bridge_ijepa_prec4bit_v1_ep1,tune_500_qids,ijepa,,none,compare,18,exact_full,55.555556,38.888889,16.666667,outputs/eval/tuning/bridge_ijepa_prec4bit_v1_ep1__corrected_chatml_v1_eos__tune_500_qids__image_only__direct_records.json
corrected_tune500:bridge_ijepa_prec4bit_v1_ep1::bridge_ijepa_prec4bit_v1_ep1__corrected_chatml_v1_eos__tune_500_qids__image_only__direct::exact_full,corrected_chatml_v1_eos,corrected_tune500:bridge_ijepa_prec4bit_v1_ep1,tune_500_qids,ijepa,,none,exist,98,exact_full,51.020408,46.938776,4.081633,outputs/eval/tuning/bridge_ijepa_prec4bit_v1_ep1__corrected_chatml_v1_eos__tune_500_qids__image_only__direct_records.json
corrected_tune500:bridge_ijepa_prec4bit_v1_ep1::bridge_ijepa_prec4bit_v1_ep1__corrected_chatml_v1_eos__tune_500_qids__image_only__direct::exact_full,corrected_chatml_v1_eos,corrected_tune500:bridge_ijepa_prec4bit_v1_ep1,tune_500_qids,ijepa,,none,other,157,exact_full,38.216561,29.299363,8.917197,outputs/eval/tuning/bridge_ijepa_prec4bit_v1_ep1__corrected_chatml_v1_eos__tune_500_qids__image_only__direct_records.json
corrected_tune500:bridge_ijepa_prec4bit_v1_ep1::bridge_ijepa_prec4bit_v1_ep1__corrected_chatml_v1_eos__tune_500_qids__image_only__direct::exact_full,corrected_chatml_v1_eos,corrected_tune500:bridge_ijepa_prec4bit_v1_ep1,tune_500_qids,ijepa,,none,relate,175,exact_full,22.285714,14.857143,7.428571,outputs/eval/tuning/bridge_ijepa_prec4bit_v1_ep1__corrected_chatml_v1_eos__tune_500_qids__image_only__direct_records.json
corrected_tune500:bridge_ijepa_prec4bit_v1_ep1::bridge_ijepa_prec4bit_v1_ep1__corrected_chatml_v1_eos__tune_500_qids__image_only__direct::vqa_soft,corrected_chatml_v1_eos,corrected_tune500:bridge_ijepa_prec4bit_v1_ep1,tune_500_qids,ijepa,,none,choose,52,vqa_soft,63.461538,63.461538,0,outputs/eval/tuning/bridge_ijepa_prec4bit_v1_ep1__corrected_chatml_v1_eos__tune_500_qids__image_only__direct_records.json
corrected_tune500:bridge_ijepa_prec4bit_v1_ep1::bridge_ijepa_prec4bit_v1_ep1__corrected_chatml_v1_eos__tune_500_qids__image_only__direct::vqa_soft,corrected_chatml_v1_eos,corrected_tune500:bridge_ijepa_prec4bit_v1_ep1,tune_500_qids,ijepa,,none,compare,18,vqa_soft,55.555556,38.888889,16.666667,outputs/eval/tuning/bridge_ijepa_prec4bit_v1_ep1__corrected_chatml_v1_eos__tune_500_qids__image_only__direct_records.json
corrected_tune500:bridge_ijepa_prec4bit_v1_ep1::bridge_ijepa_prec4bit_v1_ep1__corrected_chatml_v1_eos__tune_500_qids__image_only__direct::vqa_soft,corrected_chatml_v1_eos,corrected_tune500:bridge_ijepa_prec4bit_v1_ep1,tune_500_qids,ijepa,,none,exist,98,vqa_soft,51.020408,46.938776,4.081633,outputs/eval/tuning/bridge_ijepa_prec4bit_v1_ep1__corrected_chatml_v1_eos__tune_500_qids__image_only__direct_records.json
corrected_tune500:bridge_ijepa_prec4bit_v1_ep1::bridge_ijepa_prec4bit_v1_ep1__corrected_chatml_v1_eos__tune_500_qids__image_only__direct::vqa_soft,corrected_chatml_v1_eos,corrected_tune500:bridge_ijepa_prec4bit_v1_ep1,tune_500_qids,ijepa,,none,other,157,vqa_soft,38.216561,30.573248,7.643312,outputs/eval/tuning/bridge_ijepa_prec4bit_v1_ep1__corrected_chatml_v1_eos__tune_500_qids__image_only__direct_records.json
corrected_tune500:bridge_ijepa_prec4bit_v1_ep1::bridge_ijepa_prec4bit_v1_ep1__corrected_chatml_v1_eos__tune_500_qids__image_only__direct::vqa_soft,corrected_chatml_v1_eos,corrected_tune500:bridge_ijepa_prec4bit_v1_ep1,tune_500_qids,ijepa,,none,relate,175,vqa_soft,22.285714,15.428571,6.857143,outputs/eval/tuning/bridge_ijepa_prec4bit_v1_ep1__corrected_chatml_v1_eos__tune_500_qids__image_only__direct_records.json
corrected_tune500:bridge_ijepa_precbf16_v1_ep1::bridge_ijepa_precbf16_v1_ep1__corrected_chatml_v1_eos__tune_500_qids__image_only__direct::exact,corrected_chatml_v1_eos,corrected_tune500:bridge_ijepa_precbf16_v1_ep1,tune_500_qids,ijepa,,none,choose,52,exact,53.846154,63.461538,-9.615385,outputs/eval/tuning/bridge_ijepa_precbf16_v1_ep1__corrected_chatml_v1_eos__tune_500_qids__image_only__direct_records.json
corrected_tune500:bridge_ijepa_precbf16_v1_ep1::bridge_ijepa_precbf16_v1_ep1__corrected_chatml_v1_eos__tune_500_qids__image_only__direct::exact,corrected_chatml_v1_eos,corrected_tune500:bridge_ijepa_precbf16_v1_ep1,tune_500_qids,ijepa,,none,compare,18,exact,50,33.333333,16.666667,outputs/eval/tuning/bridge_ijepa_precbf16_v1_ep1__corrected_chatml_v1_eos__tune_500_qids__image_only__direct_records.json
corrected_tune500:bridge_ijepa_precbf16_v1_ep1::bridge_ijepa_precbf16_v1_ep1__corrected_chatml_v1_eos__tune_500_qids__image_only__direct::exact,corrected_chatml_v1_eos,corrected_tune500:bridge_ijepa_precbf16_v1_ep1,tune_500_qids,ijepa,,none,exist,98,exact,50,41.836735,8.163265,outputs/eval/tuning/bridge_ijepa_precbf16_v1_ep1__corrected_chatml_v1_eos__tune_500_qids__image_only__direct_records.json
corrected_tune500:bridge_ijepa_precbf16_v1_ep1::bridge_ijepa_precbf16_v1_ep1__corrected_chatml_v1_eos__tune_500_qids__image_only__direct::exact,corrected_chatml_v1_eos,corrected_tune500:bridge_ijepa_precbf16_v1_ep1,tune_500_qids,ijepa,,none,other,157,exact,36.305732,32.484076,3.821656,outputs/eval/tuning/bridge_ijepa_precbf16_v1_ep1__corrected_chatml_v1_eos__tune_500_qids__image_only__direct_records.json
corrected_tune500:bridge_ijepa_precbf16_v1_ep1::bridge_ijepa_precbf16_v1_ep1__corrected_chatml_v1_eos__tune_500_qids__image_only__direct::exact,corrected_chatml_v1_eos,corrected_tune500:bridge_ijepa_precbf16_v1_ep1,tune_500_qids,ijepa,,none,relate,175,exact,20,13.714286,6.285714,outputs/eval/tuning/bridge_ijepa_precbf16_v1_ep1__corrected_chatml_v1_eos__tune_500_qids__image_only__direct_records.json
corrected_tune500:bridge_ijepa_precbf16_v1_ep1::bridge_ijepa_precbf16_v1_ep1__corrected_chatml_v1_eos__tune_500_qids__image_only__direct::exact_full,corrected_chatml_v1_eos,corrected_tune500:bridge_ijepa_precbf16_v1_ep1,tune_500_qids,ijepa,,none,choose,52,exact_full,53.846154,63.461538,-9.615385,outputs/eval/tuning/bridge_ijepa_precbf16_v1_ep1__corrected_chatml_v1_eos__tune_500_qids__image_only__direct_records.json
corrected_tune500:bridge_ijepa_precbf16_v1_ep1::bridge_ijepa_precbf16_v1_ep1__corrected_chatml_v1_eos__tune_500_qids__image_only__direct::exact_full,corrected_chatml_v1_eos,corrected_tune500:bridge_ijepa_precbf16_v1_ep1,tune_500_qids,ijepa,,none,compare,18,exact_full,50,33.333333,16.666667,outputs/eval/tuning/bridge_ijepa_precbf16_v1_ep1__corrected_chatml_v1_eos__tune_500_qids__image_only__direct_records.json
corrected_tune500:bridge_ijepa_precbf16_v1_ep1::bridge_ijepa_precbf16_v1_ep1__corrected_chatml_v1_eos__tune_500_qids__image_only__direct::exact_full,corrected_chatml_v1_eos,corrected_tune500:bridge_ijepa_precbf16_v1_ep1,tune_500_qids,ijepa,,none,exist,98,exact_full,50,41.836735,8.163265,outputs/eval/tuning/bridge_ijepa_precbf16_v1_ep1__corrected_chatml_v1_eos__tune_500_qids__image_only__direct_records.json
corrected_tune500:bridge_ijepa_precbf16_v1_ep1::bridge_ijepa_precbf16_v1_ep1__corrected_chatml_v1_eos__tune_500_qids__image_only__direct::exact_full,corrected_chatml_v1_eos,corrected_tune500:bridge_ijepa_precbf16_v1_ep1,tune_500_qids,ijepa,,none,other,157,exact_full,36.305732,32.484076,3.821656,outputs/eval/tuning/bridge_ijepa_precbf16_v1_ep1__corrected_chatml_v1_eos__tune_500_qids__image_only__direct_records.json
corrected_tune500:bridge_ijepa_precbf16_v1_ep1::bridge_ijepa_precbf16_v1_ep1__corrected_chatml_v1_eos__tune_500_qids__image_only__direct::exact_full,corrected_chatml_v1_eos,corrected_tune500:bridge_ijepa_precbf16_v1_ep1,tune_500_qids,ijepa,,none,relate,175,exact_full,20,13.714286,6.285714,outputs/eval/tuning/bridge_ijepa_precbf16_v1_ep1__corrected_chatml_v1_eos__tune_500_qids__image_only__direct_records.json
corrected_tune500:bridge_ijepa_precbf16_v1_ep1::bridge_ijepa_precbf16_v1_ep1__corrected_chatml_v1_eos__tune_500_qids__image_only__direct::vqa_soft,corrected_chatml_v1_eos,corrected_tune500:bridge_ijepa_precbf16_v1_ep1,tune_500_qids,ijepa,,none,choose,52,vqa_soft,53.846154,65.384615,-11.538462,outputs/eval/tuning/bridge_ijepa_precbf16_v1_ep1__corrected_chatml_v1_eos__tune_500_qids__image_only__direct_records.json
corrected_tune500:bridge_ijepa_precbf16_v1_ep1::bridge_ijepa_precbf16_v1_ep1__corrected_chatml_v1_eos__tune_500_qids__image_only__direct::vqa_soft,corrected_chatml_v1_eos,corrected_tune500:bridge_ijepa_precbf16_v1_ep1,tune_500_qids,ijepa,,none,compare,18,vqa_soft,50,44.444444,5.555556,outputs/eval/tuning/bridge_ijepa_precbf16_v1_ep1__corrected_chatml_v1_eos__tune_500_qids__image_only__direct_records.json
corrected_tune500:bridge_ijepa_precbf16_v1_ep1::bridge_ijepa_precbf16_v1_ep1__corrected_chatml_v1_eos__tune_500_qids__image_only__direct::vqa_soft,corrected_chatml_v1_eos,corrected_tune500:bridge_ijepa_precbf16_v1_ep1,tune_500_qids,ijepa,,none,exist,98,vqa_soft,50,48.979592,1.020408,outputs/eval/tuning/bridge_ijepa_precbf16_v1_ep1__corrected_chatml_v1_eos__tune_500_qids__image_only__direct_records.json
corrected_tune500:bridge_ijepa_precbf16_v1_ep1::bridge_ijepa_precbf16_v1_ep1__corrected_chatml_v1_eos__tune_500_qids__image_only__direct::vqa_soft,corrected_chatml_v1_eos,corrected_tune500:bridge_ijepa_precbf16_v1_ep1,tune_500_qids,ijepa,,none,other,157,vqa_soft,36.305732,34.394904,1.910828,outputs/eval/tuning/bridge_ijepa_precbf16_v1_ep1__corrected_chatml_v1_eos__tune_500_qids__image_only__direct_records.json
corrected_tune500:bridge_ijepa_precbf16_v1_ep1::bridge_ijepa_precbf16_v1_ep1__corrected_chatml_v1_eos__tune_500_qids__image_only__direct::vqa_soft,corrected_chatml_v1_eos,corrected_tune500:bridge_ijepa_precbf16_v1_ep1,tune_500_qids,ijepa,,none,relate,175,vqa_soft,21.142857,14.285714,6.857143,outputs/eval/tuning/bridge_ijepa_precbf16_v1_ep1__corrected_chatml_v1_eos__tune_500_qids__image_only__direct_records.json
corrected_tune500:bridge_ijepa_w1_bf16_v1_ep1::bridge_ijepa_w1_bf16_v1_ep1__corrected_chatml_v1_eos__tune_500_qids__image_only__direct::exact,corrected_chatml_v1_eos,corrected_tune500:bridge_ijepa_w1_bf16_v1_ep1,tune_500_qids,ijepa,mlp256,none,choose,52,exact,53.846154,63.461538,-9.615385,outputs/eval/tuning/bridge_ijepa_w1_bf16_v1_ep1__corrected_chatml_v1_eos__tune_500_qids__image_only__direct_records.json
corrected_tune500:bridge_ijepa_w1_bf16_v1_ep1::bridge_ijepa_w1_bf16_v1_ep1__corrected_chatml_v1_eos__tune_500_qids__image_only__direct::exact,corrected_chatml_v1_eos,corrected_tune500:bridge_ijepa_w1_bf16_v1_ep1,tune_500_qids,ijepa,mlp256,none,compare,18,exact,55.555556,33.333333,22.222222,outputs/eval/tuning/bridge_ijepa_w1_bf16_v1_ep1__corrected_chatml_v1_eos__tune_500_qids__image_only__direct_records.json
corrected_tune500:bridge_ijepa_w1_bf16_v1_ep1::bridge_ijepa_w1_bf16_v1_ep1__corrected_chatml_v1_eos__tune_500_qids__image_only__direct::exact,corrected_chatml_v1_eos,corrected_tune500:bridge_ijepa_w1_bf16_v1_ep1,tune_500_qids,ijepa,mlp256,none,exist,98,exact,53.061224,41.836735,11.22449,outputs/eval/tuning/bridge_ijepa_w1_bf16_v1_ep1__corrected_chatml_v1_eos__tune_500_qids__image_only__direct_records.json
corrected_tune500:bridge_ijepa_w1_bf16_v1_ep1::bridge_ijepa_w1_bf16_v1_ep1__corrected_chatml_v1_eos__tune_500_qids__image_only__direct::exact,corrected_chatml_v1_eos,corrected_tune500:bridge_ijepa_w1_bf16_v1_ep1,tune_500_qids,ijepa,mlp256,none,other,157,exact,40.764331,32.484076,8.280255,outputs/eval/tuning/bridge_ijepa_w1_bf16_v1_ep1__corrected_chatml_v1_eos__tune_500_qids__image_only__direct_records.json
corrected_tune500:bridge_ijepa_w1_bf16_v1_ep1::bridge_ijepa_w1_bf16_v1_ep1__corrected_chatml_v1_eos__tune_500_qids__image_only__direct::exact,corrected_chatml_v1_eos,corrected_tune500:bridge_ijepa_w1_bf16_v1_ep1,tune_500_qids,ijepa,mlp256,none,relate,175,exact,28.571429,13.714286,14.857143,outputs/eval/tuning/bridge_ijepa_w1_bf16_v1_ep1__corrected_chatml_v1_eos__tune_500_qids__image_only__direct_records.json
corrected_tune500:bridge_ijepa_w1_bf16_v1_ep1::bridge_ijepa_w1_bf16_v1_ep1__corrected_chatml_v1_eos__tune_500_qids__image_only__direct::exact_full,corrected_chatml_v1_eos,corrected_tune500:bridge_ijepa_w1_bf16_v1_ep1,tune_500_qids,ijepa,mlp256,none,choose,52,exact_full,53.846154,63.461538,-9.615385,outputs/eval/tuning/bridge_ijepa_w1_bf16_v1_ep1__corrected_chatml_v1_eos__tune_500_qids__image_only__direct_records.json
corrected_tune500:bridge_ijepa_w1_bf16_v1_ep1::bridge_ijepa_w1_bf16_v1_ep1__corrected_chatml_v1_eos__tune_500_qids__image_only__direct::exact_full,corrected_chatml_v1_eos,corrected_tune500:bridge_ijepa_w1_bf16_v1_ep1,tune_500_qids,ijepa,mlp256,none,compare,18,exact_full,55.555556,33.333333,22.222222,outputs/eval/tuning/bridge_ijepa_w1_bf16_v1_ep1__corrected_chatml_v1_eos__tune_500_qids__image_only__direct_records.json
corrected_tune500:bridge_ijepa_w1_bf16_v1_ep1::bridge_ijepa_w1_bf16_v1_ep1__corrected_chatml_v1_eos__tune_500_qids__image_only__direct::exact_full,corrected_chatml_v1_eos,corrected_tune500:bridge_ijepa_w1_bf16_v1_ep1,tune_500_qids,ijepa,mlp256,none,exist,98,exact_full,53.061224,41.836735,11.22449,outputs/eval/tuning/bridge_ijepa_w1_bf16_v1_ep1__corrected_chatml_v1_eos__tune_500_qids__image_only__direct_records.json
corrected_tune500:bridge_ijepa_w1_bf16_v1_ep1::bridge_ijepa_w1_bf16_v1_ep1__corrected_chatml_v1_eos__tune_500_qids__image_only__direct::exact_full,corrected_chatml_v1_eos,corrected_tune500:bridge_ijepa_w1_bf16_v1_ep1,tune_500_qids,ijepa,mlp256,none,other,157,exact_full,40.764331,32.484076,8.280255,outputs/eval/tuning/bridge_ijepa_w1_bf16_v1_ep1__corrected_chatml_v1_eos__tune_500_qids__image_only__direct_records.json
corrected_tune500:bridge_ijepa_w1_bf16_v1_ep1::bridge_ijepa_w1_bf16_v1_ep1__corrected_chatml_v1_eos__tune_500_qids__image_only__direct::exact_full,corrected_chatml_v1_eos,corrected_tune500:bridge_ijepa_w1_bf16_v1_ep1,tune_500_qids,ijepa,mlp256,none,relate,175,exact_full,28.571429,13.714286,14.857143,outputs/eval/tuning/bridge_ijepa_w1_bf16_v1_ep1__corrected_chatml_v1_eos__tune_500_qids__image_only__direct_records.json
corrected_tune500:bridge_ijepa_w1_bf16_v1_ep1::bridge_ijepa_w1_bf16_v1_ep1__corrected_chatml_v1_eos__tune_500_qids__image_only__direct::vqa_soft,corrected_chatml_v1_eos,corrected_tune500:bridge_ijepa_w1_bf16_v1_ep1,tune_500_qids,ijepa,mlp256,none,choose,52,vqa_soft,53.846154,65.384615,-11.538462,outputs/eval/tuning/bridge_ijepa_w1_bf16_v1_ep1__corrected_chatml_v1_eos__tune_500_qids__image_only__direct_records.json
corrected_tune500:bridge_ijepa_w1_bf16_v1_ep1::bridge_ijepa_w1_bf16_v1_ep1__corrected_chatml_v1_eos__tune_500_qids__image_only__direct::vqa_soft,corrected_chatml_v1_eos,corrected_tune500:bridge_ijepa_w1_bf16_v1_ep1,tune_500_qids,ijepa,mlp256,none,compare,18,vqa_soft,55.555556,44.444444,11.111111,outputs/eval/tuning/bridge_ijepa_w1_bf16_v1_ep1__corrected_chatml_v1_eos__tune_500_qids__image_only__direct_records.json
corrected_tune500:bridge_ijepa_w1_bf16_v1_ep1::bridge_ijepa_w1_bf16_v1_ep1__corrected_chatml_v1_eos__tune_500_qids__image_only__direct::vqa_soft,corrected_chatml_v1_eos,corrected_tune500:bridge_ijepa_w1_bf16_v1_ep1,tune_500_qids,ijepa,mlp256,none,exist,98,vqa_soft,53.061224,48.979592,4.081633,outputs/eval/tuning/bridge_ijepa_w1_bf16_v1_ep1__corrected_chatml_v1_eos__tune_500_qids__image_only__direct_records.json
corrected_tune500:bridge_ijepa_w1_bf16_v1_ep1::bridge_ijepa_w1_bf16_v1_ep1__corrected_chatml_v1_eos__tune_500_qids__image_only__direct::vqa_soft,corrected_chatml_v1_eos,corrected_tune500:bridge_ijepa_w1_bf16_v1_ep1,tune_500_qids,ijepa,mlp256,none,other,157,vqa_soft,41.401274,34.394904,7.006369,outputs/eval/tuning/bridge_ijepa_w1_bf16_v1_ep1__corrected_chatml_v1_eos__tune_500_qids__image_only__direct_records.json
corrected_tune500:bridge_ijepa_w1_bf16_v1_ep1::bridge_ijepa_w1_bf16_v1_ep1__corrected_chatml_v1_eos__tune_500_qids__image_only__direct::vqa_soft,corrected_chatml_v1_eos,corrected_tune500:bridge_ijepa_w1_bf16_v1_ep1,tune_500_qids,ijepa,mlp256,none,relate,175,vqa_soft,29.714286,14.285714,15.428571,outputs/eval/tuning/bridge_ijepa_w1_bf16_v1_ep1__corrected_chatml_v1_eos__tune_500_qids__image_only__direct_records.json
corrected_tune500:bridge_ijepa_w1_bf16_v1_ep2::bridge_ijepa_w1_bf16_v1_ep2__corrected_chatml_v1_eos__tune_500_qids__image_only__direct::exact,corrected_chatml_v1_eos,corrected_tune500:bridge_ijepa_w1_bf16_v1_ep2,tune_500_qids,ijepa,mlp256,none,choose,52,exact,61.538462,63.461538,-1.923077,outputs/eval/tuning/bridge_ijepa_w1_bf16_v1_ep2__corrected_chatml_v1_eos__tune_500_qids__image_only__direct_records.json
corrected_tune500:bridge_ijepa_w1_bf16_v1_ep2::bridge_ijepa_w1_bf16_v1_ep2__corrected_chatml_v1_eos__tune_500_qids__image_only__direct::exact,corrected_chatml_v1_eos,corrected_tune500:bridge_ijepa_w1_bf16_v1_ep2,tune_500_qids,ijepa,mlp256,none,compare,18,exact,61.111111,33.333333,27.777778,outputs/eval/tuning/bridge_ijepa_w1_bf16_v1_ep2__corrected_chatml_v1_eos__tune_500_qids__image_only__direct_records.json
corrected_tune500:bridge_ijepa_w1_bf16_v1_ep2::bridge_ijepa_w1_bf16_v1_ep2__corrected_chatml_v1_eos__tune_500_qids__image_only__direct::exact,corrected_chatml_v1_eos,corrected_tune500:bridge_ijepa_w1_bf16_v1_ep2,tune_500_qids,ijepa,mlp256,none,exist,98,exact,54.081633,41.836735,12.244898,outputs/eval/tuning/bridge_ijepa_w1_bf16_v1_ep2__corrected_chatml_v1_eos__tune_500_qids__image_only__direct_records.json
corrected_tune500:bridge_ijepa_w1_bf16_v1_ep2::bridge_ijepa_w1_bf16_v1_ep2__corrected_chatml_v1_eos__tune_500_qids__image_only__direct::exact,corrected_chatml_v1_eos,corrected_tune500:bridge_ijepa_w1_bf16_v1_ep2,tune_500_qids,ijepa,mlp256,none,other,157,exact,46.496815,32.484076,14.012739,outputs/eval/tuning/bridge_ijepa_w1_bf16_v1_ep2__corrected_chatml_v1_eos__tune_500_qids__image_only__direct_records.json
corrected_tune500:bridge_ijepa_w1_bf16_v1_ep2::bridge_ijepa_w1_bf16_v1_ep2__corrected_chatml_v1_eos__tune_500_qids__image_only__direct::exact,corrected_chatml_v1_eos,corrected_tune500:bridge_ijepa_w1_bf16_v1_ep2,tune_500_qids,ijepa,mlp256,none,relate,175,exact,27.428571,13.714286,13.714286,outputs/eval/tuning/bridge_ijepa_w1_bf16_v1_ep2__corrected_chatml_v1_eos__tune_500_qids__image_only__direct_records.json
corrected_tune500:bridge_ijepa_w1_bf16_v1_ep2::bridge_ijepa_w1_bf16_v1_ep2__corrected_chatml_v1_eos__tune_500_qids__image_only__direct::exact_full,corrected_chatml_v1_eos,corrected_tune500:bridge_ijepa_w1_bf16_v1_ep2,tune_500_qids,ijepa,mlp256,none,choose,52,exact_full,61.538462,63.461538,-1.923077,outputs/eval/tuning/bridge_ijepa_w1_bf16_v1_ep2__corrected_chatml_v1_eos__tune_500_qids__image_only__direct_records.json
corrected_tune500:bridge_ijepa_w1_bf16_v1_ep2::bridge_ijepa_w1_bf16_v1_ep2__corrected_chatml_v1_eos__tune_500_qids__image_only__direct::exact_full,corrected_chatml_v1_eos,corrected_tune500:bridge_ijepa_w1_bf16_v1_ep2,tune_500_qids,ijepa,mlp256,none,compare,18,exact_full,61.111111,33.333333,27.777778,outputs/eval/tuning/bridge_ijepa_w1_bf16_v1_ep2__corrected_chatml_v1_eos__tune_500_qids__image_only__direct_records.json
corrected_tune500:bridge_ijepa_w1_bf16_v1_ep2::bridge_ijepa_w1_bf16_v1_ep2__corrected_chatml_v1_eos__tune_500_qids__image_only__direct::exact_full,corrected_chatml_v1_eos,corrected_tune500:bridge_ijepa_w1_bf16_v1_ep2,tune_500_qids,ijepa,mlp256,none,exist,98,exact_full,54.081633,41.836735,12.244898,outputs/eval/tuning/bridge_ijepa_w1_bf16_v1_ep2__corrected_chatml_v1_eos__tune_500_qids__image_only__direct_records.json
corrected_tune500:bridge_ijepa_w1_bf16_v1_ep2::bridge_ijepa_w1_bf16_v1_ep2__corrected_chatml_v1_eos__tune_500_qids__image_only__direct::exact_full,corrected_chatml_v1_eos,corrected_tune500:bridge_ijepa_w1_bf16_v1_ep2,tune_500_qids,ijepa,mlp256,none,other,157,exact_full,46.496815,32.484076,14.012739,outputs/eval/tuning/bridge_ijepa_w1_bf16_v1_ep2__corrected_chatml_v1_eos__tune_500_qids__image_only__direct_records.json
corrected_tune500:bridge_ijepa_w1_bf16_v1_ep2::bridge_ijepa_w1_bf16_v1_ep2__corrected_chatml_v1_eos__tune_500_qids__image_only__direct::exact_full,corrected_chatml_v1_eos,corrected_tune500:bridge_ijepa_w1_bf16_v1_ep2,tune_500_qids,ijepa,mlp256,none,relate,175,exact_full,27.428571,13.714286,13.714286,outputs/eval/tuning/bridge_ijepa_w1_bf16_v1_ep2__corrected_chatml_v1_eos__tune_500_qids__image_only__direct_records.json
corrected_tune500:bridge_ijepa_w1_bf16_v1_ep2::bridge_ijepa_w1_bf16_v1_ep2__corrected_chatml_v1_eos__tune_500_qids__image_only__direct::vqa_soft,corrected_chatml_v1_eos,corrected_tune500:bridge_ijepa_w1_bf16_v1_ep2,tune_500_qids,ijepa,mlp256,none,choose,52,vqa_soft,61.538462,65.384615,-3.846154,outputs/eval/tuning/bridge_ijepa_w1_bf16_v1_ep2__corrected_chatml_v1_eos__tune_500_qids__image_only__direct_records.json
corrected_tune500:bridge_ijepa_w1_bf16_v1_ep2::bridge_ijepa_w1_bf16_v1_ep2__corrected_chatml_v1_eos__tune_500_qids__image_only__direct::vqa_soft,corrected_chatml_v1_eos,corrected_tune500:bridge_ijepa_w1_bf16_v1_ep2,tune_500_qids,ijepa,mlp256,none,compare,18,vqa_soft,61.111111,44.444444,16.666667,outputs/eval/tuning/bridge_ijepa_w1_bf16_v1_ep2__corrected_chatml_v1_eos__tune_500_qids__image_only__direct_records.json
corrected_tune500:bridge_ijepa_w1_bf16_v1_ep2::bridge_ijepa_w1_bf16_v1_ep2__corrected_chatml_v1_eos__tune_500_qids__image_only__direct::vqa_soft,corrected_chatml_v1_eos,corrected_tune500:bridge_ijepa_w1_bf16_v1_ep2,tune_500_qids,ijepa,mlp256,none,exist,98,vqa_soft,54.081633,48.979592,5.102041,outputs/eval/tuning/bridge_ijepa_w1_bf16_v1_ep2__corrected_chatml_v1_eos__tune_500_qids__image_only__direct_records.json
corrected_tune500:bridge_ijepa_w1_bf16_v1_ep2::bridge_ijepa_w1_bf16_v1_ep2__corrected_chatml_v1_eos__tune_500_qids__image_only__direct::vqa_soft,corrected_chatml_v1_eos,corrected_tune500:bridge_ijepa_w1_bf16_v1_ep2,tune_500_qids,ijepa,mlp256,none,other,157,vqa_soft,46.496815,34.394904,12.101911,outputs/eval/tuning/bridge_ijepa_w1_bf16_v1_ep2__corrected_chatml_v1_eos__tune_500_qids__image_only__direct_records.json
corrected_tune500:bridge_ijepa_w1_bf16_v1_ep2::bridge_ijepa_w1_bf16_v1_ep2__corrected_chatml_v1_eos__tune_500_qids__image_only__direct::vqa_soft,corrected_chatml_v1_eos,corrected_tune500:bridge_ijepa_w1_bf16_v1_ep2,tune_500_qids,ijepa,mlp256,none,relate,175,vqa_soft,28.571429,14.285714,14.285714,outputs/eval/tuning/bridge_ijepa_w1_bf16_v1_ep2__corrected_chatml_v1_eos__tune_500_qids__image_only__direct_records.json
corrected_tune500:bridge_ijepa_w1_bf16_v1_ep3::bridge_ijepa_w1_bf16_v1_ep3__corrected_chatml_v1_eos__tune_500_qids__image_only__direct::exact,corrected_chatml_v1_eos,corrected_tune500:bridge_ijepa_w1_bf16_v1_ep3,tune_500_qids,ijepa,mlp256,none,choose,52,exact,61.538462,63.461538,-1.923077,outputs/eval/tuning/bridge_ijepa_w1_bf16_v1_ep3__corrected_chatml_v1_eos__tune_500_qids__image_only__direct_records.json
corrected_tune500:bridge_ijepa_w1_bf16_v1_ep3::bridge_ijepa_w1_bf16_v1_ep3__corrected_chatml_v1_eos__tune_500_qids__image_only__direct::exact,corrected_chatml_v1_eos,corrected_tune500:bridge_ijepa_w1_bf16_v1_ep3,tune_500_qids,ijepa,mlp256,none,compare,18,exact,55.555556,33.333333,22.222222,outputs/eval/tuning/bridge_ijepa_w1_bf16_v1_ep3__corrected_chatml_v1_eos__tune_500_qids__image_only__direct_records.json
corrected_tune500:bridge_ijepa_w1_bf16_v1_ep3::bridge_ijepa_w1_bf16_v1_ep3__corrected_chatml_v1_eos__tune_500_qids__image_only__direct::exact,corrected_chatml_v1_eos,corrected_tune500:bridge_ijepa_w1_bf16_v1_ep3,tune_500_qids,ijepa,mlp256,none,exist,98,exact,57.142857,41.836735,15.306122,outputs/eval/tuning/bridge_ijepa_w1_bf16_v1_ep3__corrected_chatml_v1_eos__tune_500_qids__image_only__direct_records.json
corrected_tune500:bridge_ijepa_w1_bf16_v1_ep3::bridge_ijepa_w1_bf16_v1_ep3__corrected_chatml_v1_eos__tune_500_qids__image_only__direct::exact,corrected_chatml_v1_eos,corrected_tune500:bridge_ijepa_w1_bf16_v1_ep3,tune_500_qids,ijepa,mlp256,none,other,157,exact,45.859873,32.484076,13.375796,outputs/eval/tuning/bridge_ijepa_w1_bf16_v1_ep3__corrected_chatml_v1_eos__tune_500_qids__image_only__direct_records.json
corrected_tune500:bridge_ijepa_w1_bf16_v1_ep3::bridge_ijepa_w1_bf16_v1_ep3__corrected_chatml_v1_eos__tune_500_qids__image_only__direct::exact,corrected_chatml_v1_eos,corrected_tune500:bridge_ijepa_w1_bf16_v1_ep3,tune_500_qids,ijepa,mlp256,none,relate,175,exact,33.142857,13.714286,19.428571,outputs/eval/tuning/bridge_ijepa_w1_bf16_v1_ep3__corrected_chatml_v1_eos__tune_500_qids__image_only__direct_records.json
corrected_tune500:bridge_ijepa_w1_bf16_v1_ep3::bridge_ijepa_w1_bf16_v1_ep3__corrected_chatml_v1_eos__tune_500_qids__image_only__direct::exact_full,corrected_chatml_v1_eos,corrected_tune500:bridge_ijepa_w1_bf16_v1_ep3,tune_500_qids,ijepa,mlp256,none,choose,52,exact_full,61.538462,63.461538,-1.923077,outputs/eval/tuning/bridge_ijepa_w1_bf16_v1_ep3__corrected_chatml_v1_eos__tune_500_qids__image_only__direct_records.json
corrected_tune500:bridge_ijepa_w1_bf16_v1_ep3::bridge_ijepa_w1_bf16_v1_ep3__corrected_chatml_v1_eos__tune_500_qids__image_only__direct::exact_full,corrected_chatml_v1_eos,corrected_tune500:bridge_ijepa_w1_bf16_v1_ep3,tune_500_qids,ijepa,mlp256,none,compare,18,exact_full,55.555556,33.333333,22.222222,outputs/eval/tuning/bridge_ijepa_w1_bf16_v1_ep3__corrected_chatml_v1_eos__tune_500_qids__image_only__direct_records.json
corrected_tune500:bridge_ijepa_w1_bf16_v1_ep3::bridge_ijepa_w1_bf16_v1_ep3__corrected_chatml_v1_eos__tune_500_qids__image_only__direct::exact_full,corrected_chatml_v1_eos,corrected_tune500:bridge_ijepa_w1_bf16_v1_ep3,tune_500_qids,ijepa,mlp256,none,exist,98,exact_full,57.142857,41.836735,15.306122,outputs/eval/tuning/bridge_ijepa_w1_bf16_v1_ep3__corrected_chatml_v1_eos__tune_500_qids__image_only__direct_records.json
corrected_tune500:bridge_ijepa_w1_bf16_v1_ep3::bridge_ijepa_w1_bf16_v1_ep3__corrected_chatml_v1_eos__tune_500_qids__image_only__direct::exact_full,corrected_chatml_v1_eos,corrected_tune500:bridge_ijepa_w1_bf16_v1_ep3,tune_500_qids,ijepa,mlp256,none,other,157,exact_full,45.859873,32.484076,13.375796,outputs/eval/tuning/bridge_ijepa_w1_bf16_v1_ep3__corrected_chatml_v1_eos__tune_500_qids__image_only__direct_records.json
corrected_tune500:bridge_ijepa_w1_bf16_v1_ep3::bridge_ijepa_w1_bf16_v1_ep3__corrected_chatml_v1_eos__tune_500_qids__image_only__direct::exact_full,corrected_chatml_v1_eos,corrected_tune500:bridge_ijepa_w1_bf16_v1_ep3,tune_500_qids,ijepa,mlp256,none,relate,175,exact_full,33.142857,13.714286,19.428571,outputs/eval/tuning/bridge_ijepa_w1_bf16_v1_ep3__corrected_chatml_v1_eos__tune_500_qids__image_only__direct_records.json
corrected_tune500:bridge_ijepa_w1_bf16_v1_ep3::bridge_ijepa_w1_bf16_v1_ep3__corrected_chatml_v1_eos__tune_500_qids__image_only__direct::vqa_soft,corrected_chatml_v1_eos,corrected_tune500:bridge_ijepa_w1_bf16_v1_ep3,tune_500_qids,ijepa,mlp256,none,choose,52,vqa_soft,61.538462,65.384615,-3.846154,outputs/eval/tuning/bridge_ijepa_w1_bf16_v1_ep3__corrected_chatml_v1_eos__tune_500_qids__image_only__direct_records.json
corrected_tune500:bridge_ijepa_w1_bf16_v1_ep3::bridge_ijepa_w1_bf16_v1_ep3__corrected_chatml_v1_eos__tune_500_qids__image_only__direct::vqa_soft,corrected_chatml_v1_eos,corrected_tune500:bridge_ijepa_w1_bf16_v1_ep3,tune_500_qids,ijepa,mlp256,none,compare,18,vqa_soft,55.555556,44.444444,11.111111,outputs/eval/tuning/bridge_ijepa_w1_bf16_v1_ep3__corrected_chatml_v1_eos__tune_500_qids__image_only__direct_records.json
corrected_tune500:bridge_ijepa_w1_bf16_v1_ep3::bridge_ijepa_w1_bf16_v1_ep3__corrected_chatml_v1_eos__tune_500_qids__image_only__direct::vqa_soft,corrected_chatml_v1_eos,corrected_tune500:bridge_ijepa_w1_bf16_v1_ep3,tune_500_qids,ijepa,mlp256,none,exist,98,vqa_soft,57.142857,48.979592,8.163265,outputs/eval/tuning/bridge_ijepa_w1_bf16_v1_ep3__corrected_chatml_v1_eos__tune_500_qids__image_only__direct_records.json
corrected_tune500:bridge_ijepa_w1_bf16_v1_ep3::bridge_ijepa_w1_bf16_v1_ep3__corrected_chatml_v1_eos__tune_500_qids__image_only__direct::vqa_soft,corrected_chatml_v1_eos,corrected_tune500:bridge_ijepa_w1_bf16_v1_ep3,tune_500_qids,ijepa,mlp256,none,other,157,vqa_soft,45.859873,34.394904,11.464968,outputs/eval/tuning/bridge_ijepa_w1_bf16_v1_ep3__corrected_chatml_v1_eos__tune_500_qids__image_only__direct_records.json
corrected_tune500:bridge_ijepa_w1_bf16_v1_ep3::bridge_ijepa_w1_bf16_v1_ep3__corrected_chatml_v1_eos__tune_500_qids__image_only__direct::vqa_soft,corrected_chatml_v1_eos,corrected_tune500:bridge_ijepa_w1_bf16_v1_ep3,tune_500_qids,ijepa,mlp256,none,relate,175,vqa_soft,33.714286,14.285714,19.428571,outputs/eval/tuning/bridge_ijepa_w1_bf16_v1_ep3__corrected_chatml_v1_eos__tune_500_qids__image_only__direct_records.json
corrected_tune500:bridge_ijepa_w1_bf16_v1_ep4::bridge_ijepa_w1_bf16_v1_ep4__corrected_chatml_v1_eos__tune_500_qids__image_only__direct::exact,corrected_chatml_v1_eos,corrected_tune500:bridge_ijepa_w1_bf16_v1_ep4,tune_500_qids,ijepa,mlp256,none,choose,52,exact,65.384615,63.461538,1.923077,outputs/eval/tuning/bridge_ijepa_w1_bf16_v1_ep4__corrected_chatml_v1_eos__tune_500_qids__image_only__direct_records.json
corrected_tune500:bridge_ijepa_w1_bf16_v1_ep4::bridge_ijepa_w1_bf16_v1_ep4__corrected_chatml_v1_eos__tune_500_qids__image_only__direct::exact,corrected_chatml_v1_eos,corrected_tune500:bridge_ijepa_w1_bf16_v1_ep4,tune_500_qids,ijepa,mlp256,none,compare,18,exact,50,33.333333,16.666667,outputs/eval/tuning/bridge_ijepa_w1_bf16_v1_ep4__corrected_chatml_v1_eos__tune_500_qids__image_only__direct_records.json
corrected_tune500:bridge_ijepa_w1_bf16_v1_ep4::bridge_ijepa_w1_bf16_v1_ep4__corrected_chatml_v1_eos__tune_500_qids__image_only__direct::exact,corrected_chatml_v1_eos,corrected_tune500:bridge_ijepa_w1_bf16_v1_ep4,tune_500_qids,ijepa,mlp256,none,exist,98,exact,53.061224,41.836735,11.22449,outputs/eval/tuning/bridge_ijepa_w1_bf16_v1_ep4__corrected_chatml_v1_eos__tune_500_qids__image_only__direct_records.json
corrected_tune500:bridge_ijepa_w1_bf16_v1_ep4::bridge_ijepa_w1_bf16_v1_ep4__corrected_chatml_v1_eos__tune_500_qids__image_only__direct::exact,corrected_chatml_v1_eos,corrected_tune500:bridge_ijepa_w1_bf16_v1_ep4,tune_500_qids,ijepa,mlp256,none,other,157,exact,53.503185,32.484076,21.019108,outputs/eval/tuning/bridge_ijepa_w1_bf16_v1_ep4__corrected_chatml_v1_eos__tune_500_qids__image_only__direct_records.json
corrected_tune500:bridge_ijepa_w1_bf16_v1_ep4::bridge_ijepa_w1_bf16_v1_ep4__corrected_chatml_v1_eos__tune_500_qids__image_only__direct::exact,corrected_chatml_v1_eos,corrected_tune500:bridge_ijepa_w1_bf16_v1_ep4,tune_500_qids,ijepa,mlp256,none,relate,175,exact,29.142857,13.714286,15.428571,outputs/eval/tuning/bridge_ijepa_w1_bf16_v1_ep4__corrected_chatml_v1_eos__tune_500_qids__image_only__direct_records.json
corrected_tune500:bridge_ijepa_w1_bf16_v1_ep4::bridge_ijepa_w1_bf16_v1_ep4__corrected_chatml_v1_eos__tune_500_qids__image_only__direct::exact_full,corrected_chatml_v1_eos,corrected_tune500:bridge_ijepa_w1_bf16_v1_ep4,tune_500_qids,ijepa,mlp256,none,choose,52,exact_full,65.384615,63.461538,1.923077,outputs/eval/tuning/bridge_ijepa_w1_bf16_v1_ep4__corrected_chatml_v1_eos__tune_500_qids__image_only__direct_records.json
corrected_tune500:bridge_ijepa_w1_bf16_v1_ep4::bridge_ijepa_w1_bf16_v1_ep4__corrected_chatml_v1_eos__tune_500_qids__image_only__direct::exact_full,corrected_chatml_v1_eos,corrected_tune500:bridge_ijepa_w1_bf16_v1_ep4,tune_500_qids,ijepa,mlp256,none,compare,18,exact_full,50,33.333333,16.666667,outputs/eval/tuning/bridge_ijepa_w1_bf16_v1_ep4__corrected_chatml_v1_eos__tune_500_qids__image_only__direct_records.json
corrected_tune500:bridge_ijepa_w1_bf16_v1_ep4::bridge_ijepa_w1_bf16_v1_ep4__corrected_chatml_v1_eos__tune_500_qids__image_only__direct::exact_full,corrected_chatml_v1_eos,corrected_tune500:bridge_ijepa_w1_bf16_v1_ep4,tune_500_qids,ijepa,mlp256,none,exist,98,exact_full,53.061224,41.836735,11.22449,outputs/eval/tuning/bridge_ijepa_w1_bf16_v1_ep4__corrected_chatml_v1_eos__tune_500_qids__image_only__direct_records.json
corrected_tune500:bridge_ijepa_w1_bf16_v1_ep4::bridge_ijepa_w1_bf16_v1_ep4__corrected_chatml_v1_eos__tune_500_qids__image_only__direct::exact_full,corrected_chatml_v1_eos,corrected_tune500:bridge_ijepa_w1_bf16_v1_ep4,tune_500_qids,ijepa,mlp256,none,other,157,exact_full,53.503185,32.484076,21.019108,outputs/eval/tuning/bridge_ijepa_w1_bf16_v1_ep4__corrected_chatml_v1_eos__tune_500_qids__image_only__direct_records.json
corrected_tune500:bridge_ijepa_w1_bf16_v1_ep4::bridge_ijepa_w1_bf16_v1_ep4__corrected_chatml_v1_eos__tune_500_qids__image_only__direct::exact_full,corrected_chatml_v1_eos,corrected_tune500:bridge_ijepa_w1_bf16_v1_ep4,tune_500_qids,ijepa,mlp256,none,relate,175,exact_full,29.142857,13.714286,15.428571,outputs/eval/tuning/bridge_ijepa_w1_bf16_v1_ep4__corrected_chatml_v1_eos__tune_500_qids__image_only__direct_records.json
corrected_tune500:bridge_ijepa_w1_bf16_v1_ep4::bridge_ijepa_w1_bf16_v1_ep4__corrected_chatml_v1_eos__tune_500_qids__image_only__direct::vqa_soft,corrected_chatml_v1_eos,corrected_tune500:bridge_ijepa_w1_bf16_v1_ep4,tune_500_qids,ijepa,mlp256,none,choose,52,vqa_soft,65.384615,65.384615,0,outputs/eval/tuning/bridge_ijepa_w1_bf16_v1_ep4__corrected_chatml_v1_eos__tune_500_qids__image_only__direct_records.json
corrected_tune500:bridge_ijepa_w1_bf16_v1_ep4::bridge_ijepa_w1_bf16_v1_ep4__corrected_chatml_v1_eos__tune_500_qids__image_only__direct::vqa_soft,corrected_chatml_v1_eos,corrected_tune500:bridge_ijepa_w1_bf16_v1_ep4,tune_500_qids,ijepa,mlp256,none,compare,18,vqa_soft,50,44.444444,5.555556,outputs/eval/tuning/bridge_ijepa_w1_bf16_v1_ep4__corrected_chatml_v1_eos__tune_500_qids__image_only__direct_records.json
corrected_tune500:bridge_ijepa_w1_bf16_v1_ep4::bridge_ijepa_w1_bf16_v1_ep4__corrected_chatml_v1_eos__tune_500_qids__image_only__direct::vqa_soft,corrected_chatml_v1_eos,corrected_tune500:bridge_ijepa_w1_bf16_v1_ep4,tune_500_qids,ijepa,mlp256,none,exist,98,vqa_soft,53.061224,48.979592,4.081633,outputs/eval/tuning/bridge_ijepa_w1_bf16_v1_ep4__corrected_chatml_v1_eos__tune_500_qids__image_only__direct_records.json
corrected_tune500:bridge_ijepa_w1_bf16_v1_ep4::bridge_ijepa_w1_bf16_v1_ep4__corrected_chatml_v1_eos__tune_500_qids__image_only__direct::vqa_soft,corrected_chatml_v1_eos,corrected_tune500:bridge_ijepa_w1_bf16_v1_ep4,tune_500_qids,ijepa,mlp256,none,other,157,vqa_soft,53.503185,34.394904,19.10828,outputs/eval/tuning/bridge_ijepa_w1_bf16_v1_ep4__corrected_chatml_v1_eos__tune_500_qids__image_only__direct_records.json
corrected_tune500:bridge_ijepa_w1_bf16_v1_ep4::bridge_ijepa_w1_bf16_v1_ep4__corrected_chatml_v1_eos__tune_500_qids__image_only__direct::vqa_soft,corrected_chatml_v1_eos,corrected_tune500:bridge_ijepa_w1_bf16_v1_ep4,tune_500_qids,ijepa,mlp256,none,relate,175,vqa_soft,30.857143,14.285714,16.571429,outputs/eval/tuning/bridge_ijepa_w1_bf16_v1_ep4__corrected_chatml_v1_eos__tune_500_qids__image_only__direct_records.json
corrected_tune500:bridge_ijepa_w1_bf16_v1_ep5::bridge_ijepa_w1_bf16_v1_ep5__corrected_chatml_v1_eos__tune_500_qids__image_only__direct::exact,corrected_chatml_v1_eos,corrected_tune500:bridge_ijepa_w1_bf16_v1_ep5,tune_500_qids,ijepa,mlp256,none,choose,52,exact,69.230769,63.461538,5.769231,outputs/eval/tuning/bridge_ijepa_w1_bf16_v1_ep5__corrected_chatml_v1_eos__tune_500_qids__image_only__direct_records.json
corrected_tune500:bridge_ijepa_w1_bf16_v1_ep5::bridge_ijepa_w1_bf16_v1_ep5__corrected_chatml_v1_eos__tune_500_qids__image_only__direct::exact,corrected_chatml_v1_eos,corrected_tune500:bridge_ijepa_w1_bf16_v1_ep5,tune_500_qids,ijepa,mlp256,none,compare,18,exact,55.555556,33.333333,22.222222,outputs/eval/tuning/bridge_ijepa_w1_bf16_v1_ep5__corrected_chatml_v1_eos__tune_500_qids__image_only__direct_records.json
corrected_tune500:bridge_ijepa_w1_bf16_v1_ep5::bridge_ijepa_w1_bf16_v1_ep5__corrected_chatml_v1_eos__tune_500_qids__image_only__direct::exact,corrected_chatml_v1_eos,corrected_tune500:bridge_ijepa_w1_bf16_v1_ep5,tune_500_qids,ijepa,mlp256,none,exist,98,exact,59.183673,41.836735,17.346939,outputs/eval/tuning/bridge_ijepa_w1_bf16_v1_ep5__corrected_chatml_v1_eos__tune_500_qids__image_only__direct_records.json
corrected_tune500:bridge_ijepa_w1_bf16_v1_ep5::bridge_ijepa_w1_bf16_v1_ep5__corrected_chatml_v1_eos__tune_500_qids__image_only__direct::exact,corrected_chatml_v1_eos,corrected_tune500:bridge_ijepa_w1_bf16_v1_ep5,tune_500_qids,ijepa,mlp256,none,other,157,exact,47.133758,32.484076,14.649682,outputs/eval/tuning/bridge_ijepa_w1_bf16_v1_ep5__corrected_chatml_v1_eos__tune_500_qids__image_only__direct_records.json
corrected_tune500:bridge_ijepa_w1_bf16_v1_ep5::bridge_ijepa_w1_bf16_v1_ep5__corrected_chatml_v1_eos__tune_500_qids__image_only__direct::exact,corrected_chatml_v1_eos,corrected_tune500:bridge_ijepa_w1_bf16_v1_ep5,tune_500_qids,ijepa,mlp256,none,relate,175,exact,30.285714,13.714286,16.571429,outputs/eval/tuning/bridge_ijepa_w1_bf16_v1_ep5__corrected_chatml_v1_eos__tune_500_qids__image_only__direct_records.json
corrected_tune500:bridge_ijepa_w1_bf16_v1_ep5::bridge_ijepa_w1_bf16_v1_ep5__corrected_chatml_v1_eos__tune_500_qids__image_only__direct::exact_full,corrected_chatml_v1_eos,corrected_tune500:bridge_ijepa_w1_bf16_v1_ep5,tune_500_qids,ijepa,mlp256,none,choose,52,exact_full,69.230769,63.461538,5.769231,outputs/eval/tuning/bridge_ijepa_w1_bf16_v1_ep5__corrected_chatml_v1_eos__tune_500_qids__image_only__direct_records.json
corrected_tune500:bridge_ijepa_w1_bf16_v1_ep5::bridge_ijepa_w1_bf16_v1_ep5__corrected_chatml_v1_eos__tune_500_qids__image_only__direct::exact_full,corrected_chatml_v1_eos,corrected_tune500:bridge_ijepa_w1_bf16_v1_ep5,tune_500_qids,ijepa,mlp256,none,compare,18,exact_full,55.555556,33.333333,22.222222,outputs/eval/tuning/bridge_ijepa_w1_bf16_v1_ep5__corrected_chatml_v1_eos__tune_500_qids__image_only__direct_records.json
corrected_tune500:bridge_ijepa_w1_bf16_v1_ep5::bridge_ijepa_w1_bf16_v1_ep5__corrected_chatml_v1_eos__tune_500_qids__image_only__direct::exact_full,corrected_chatml_v1_eos,corrected_tune500:bridge_ijepa_w1_bf16_v1_ep5,tune_500_qids,ijepa,mlp256,none,exist,98,exact_full,59.183673,41.836735,17.346939,outputs/eval/tuning/bridge_ijepa_w1_bf16_v1_ep5__corrected_chatml_v1_eos__tune_500_qids__image_only__direct_records.json
corrected_tune500:bridge_ijepa_w1_bf16_v1_ep5::bridge_ijepa_w1_bf16_v1_ep5__corrected_chatml_v1_eos__tune_500_qids__image_only__direct::exact_full,corrected_chatml_v1_eos,corrected_tune500:bridge_ijepa_w1_bf16_v1_ep5,tune_500_qids,ijepa,mlp256,none,other,157,exact_full,47.133758,32.484076,14.649682,outputs/eval/tuning/bridge_ijepa_w1_bf16_v1_ep5__corrected_chatml_v1_eos__tune_500_qids__image_only__direct_records.json
corrected_tune500:bridge_ijepa_w1_bf16_v1_ep5::bridge_ijepa_w1_bf16_v1_ep5__corrected_chatml_v1_eos__tune_500_qids__image_only__direct::exact_full,corrected_chatml_v1_eos,corrected_tune500:bridge_ijepa_w1_bf16_v1_ep5,tune_500_qids,ijepa,mlp256,none,relate,175,exact_full,30.285714,13.714286,16.571429,outputs/eval/tuning/bridge_ijepa_w1_bf16_v1_ep5__corrected_chatml_v1_eos__tune_500_qids__image_only__direct_records.json
corrected_tune500:bridge_ijepa_w1_bf16_v1_ep5::bridge_ijepa_w1_bf16_v1_ep5__corrected_chatml_v1_eos__tune_500_qids__image_only__direct::vqa_soft,corrected_chatml_v1_eos,corrected_tune500:bridge_ijepa_w1_bf16_v1_ep5,tune_500_qids,ijepa,mlp256,none,choose,52,vqa_soft,69.230769,65.384615,3.846154,outputs/eval/tuning/bridge_ijepa_w1_bf16_v1_ep5__corrected_chatml_v1_eos__tune_500_qids__image_only__direct_records.json
corrected_tune500:bridge_ijepa_w1_bf16_v1_ep5::bridge_ijepa_w1_bf16_v1_ep5__corrected_chatml_v1_eos__tune_500_qids__image_only__direct::vqa_soft,corrected_chatml_v1_eos,corrected_tune500:bridge_ijepa_w1_bf16_v1_ep5,tune_500_qids,ijepa,mlp256,none,compare,18,vqa_soft,55.555556,44.444444,11.111111,outputs/eval/tuning/bridge_ijepa_w1_bf16_v1_ep5__corrected_chatml_v1_eos__tune_500_qids__image_only__direct_records.json
corrected_tune500:bridge_ijepa_w1_bf16_v1_ep5::bridge_ijepa_w1_bf16_v1_ep5__corrected_chatml_v1_eos__tune_500_qids__image_only__direct::vqa_soft,corrected_chatml_v1_eos,corrected_tune500:bridge_ijepa_w1_bf16_v1_ep5,tune_500_qids,ijepa,mlp256,none,exist,98,vqa_soft,59.183673,48.979592,10.204082,outputs/eval/tuning/bridge_ijepa_w1_bf16_v1_ep5__corrected_chatml_v1_eos__tune_500_qids__image_only__direct_records.json
corrected_tune500:bridge_ijepa_w1_bf16_v1_ep5::bridge_ijepa_w1_bf16_v1_ep5__corrected_chatml_v1_eos__tune_500_qids__image_only__direct::vqa_soft,corrected_chatml_v1_eos,corrected_tune500:bridge_ijepa_w1_bf16_v1_ep5,tune_500_qids,ijepa,mlp256,none,other,157,vqa_soft,47.133758,34.394904,12.738854,outputs/eval/tuning/bridge_ijepa_w1_bf16_v1_ep5__corrected_chatml_v1_eos__tune_500_qids__image_only__direct_records.json
corrected_tune500:bridge_ijepa_w1_bf16_v1_ep5::bridge_ijepa_w1_bf16_v1_ep5__corrected_chatml_v1_eos__tune_500_qids__image_only__direct::vqa_soft,corrected_chatml_v1_eos,corrected_tune500:bridge_ijepa_w1_bf16_v1_ep5,tune_500_qids,ijepa,mlp256,none,relate,175,vqa_soft,30.285714,14.285714,16,outputs/eval/tuning/bridge_ijepa_w1_bf16_v1_ep5__corrected_chatml_v1_eos__tune_500_qids__image_only__direct_records.json
corrected_tune500:bridge_ijepa_w1qf_bf16_v1_ep1::bridge_ijepa_w1qf_bf16_v1_ep1__corrected_chatml_v1_eos__tune_500_qids__image_only__direct::exact,corrected_chatml_v1_eos,corrected_tune500:bridge_ijepa_w1qf_bf16_v1_ep1,tune_500_qids,ijepa,qformer32,none,choose,52,exact,50,61.538462,-11.538462,outputs/eval/tuning/bridge_ijepa_w1qf_bf16_v1_ep1__corrected_chatml_v1_eos__tune_500_qids__image_only__direct_records.json
corrected_tune500:bridge_ijepa_w1qf_bf16_v1_ep1::bridge_ijepa_w1qf_bf16_v1_ep1__corrected_chatml_v1_eos__tune_500_qids__image_only__direct::exact,corrected_chatml_v1_eos,corrected_tune500:bridge_ijepa_w1qf_bf16_v1_ep1,tune_500_qids,ijepa,qformer32,none,compare,18,exact,38.888889,33.333333,5.555556,outputs/eval/tuning/bridge_ijepa_w1qf_bf16_v1_ep1__corrected_chatml_v1_eos__tune_500_qids__image_only__direct_records.json
corrected_tune500:bridge_ijepa_w1qf_bf16_v1_ep1::bridge_ijepa_w1qf_bf16_v1_ep1__corrected_chatml_v1_eos__tune_500_qids__image_only__direct::exact,corrected_chatml_v1_eos,corrected_tune500:bridge_ijepa_w1qf_bf16_v1_ep1,tune_500_qids,ijepa,qformer32,none,exist,98,exact,56.122449,42.857143,13.265306,outputs/eval/tuning/bridge_ijepa_w1qf_bf16_v1_ep1__corrected_chatml_v1_eos__tune_500_qids__image_only__direct_records.json
corrected_tune500:bridge_ijepa_w1qf_bf16_v1_ep1::bridge_ijepa_w1qf_bf16_v1_ep1__corrected_chatml_v1_eos__tune_500_qids__image_only__direct::exact,corrected_chatml_v1_eos,corrected_tune500:bridge_ijepa_w1qf_bf16_v1_ep1,tune_500_qids,ijepa,qformer32,none,other,157,exact,41.401274,31.210191,10.191083,outputs/eval/tuning/bridge_ijepa_w1qf_bf16_v1_ep1__corrected_chatml_v1_eos__tune_500_qids__image_only__direct_records.json
corrected_tune500:bridge_ijepa_w1qf_bf16_v1_ep1::bridge_ijepa_w1qf_bf16_v1_ep1__corrected_chatml_v1_eos__tune_500_qids__image_only__direct::exact,corrected_chatml_v1_eos,corrected_tune500:bridge_ijepa_w1qf_bf16_v1_ep1,tune_500_qids,ijepa,qformer32,none,relate,175,exact,25.714286,13.714286,12,outputs/eval/tuning/bridge_ijepa_w1qf_bf16_v1_ep1__corrected_chatml_v1_eos__tune_500_qids__image_only__direct_records.json
corrected_tune500:bridge_ijepa_w1qf_bf16_v1_ep1::bridge_ijepa_w1qf_bf16_v1_ep1__corrected_chatml_v1_eos__tune_500_qids__image_only__direct::exact_full,corrected_chatml_v1_eos,corrected_tune500:bridge_ijepa_w1qf_bf16_v1_ep1,tune_500_qids,ijepa,qformer32,none,choose,52,exact_full,50,61.538462,-11.538462,outputs/eval/tuning/bridge_ijepa_w1qf_bf16_v1_ep1__corrected_chatml_v1_eos__tune_500_qids__image_only__direct_records.json
corrected_tune500:bridge_ijepa_w1qf_bf16_v1_ep1::bridge_ijepa_w1qf_bf16_v1_ep1__corrected_chatml_v1_eos__tune_500_qids__image_only__direct::exact_full,corrected_chatml_v1_eos,corrected_tune500:bridge_ijepa_w1qf_bf16_v1_ep1,tune_500_qids,ijepa,qformer32,none,compare,18,exact_full,38.888889,33.333333,5.555556,outputs/eval/tuning/bridge_ijepa_w1qf_bf16_v1_ep1__corrected_chatml_v1_eos__tune_500_qids__image_only__direct_records.json
corrected_tune500:bridge_ijepa_w1qf_bf16_v1_ep1::bridge_ijepa_w1qf_bf16_v1_ep1__corrected_chatml_v1_eos__tune_500_qids__image_only__direct::exact_full,corrected_chatml_v1_eos,corrected_tune500:bridge_ijepa_w1qf_bf16_v1_ep1,tune_500_qids,ijepa,qformer32,none,exist,98,exact_full,56.122449,42.857143,13.265306,outputs/eval/tuning/bridge_ijepa_w1qf_bf16_v1_ep1__corrected_chatml_v1_eos__tune_500_qids__image_only__direct_records.json
corrected_tune500:bridge_ijepa_w1qf_bf16_v1_ep1::bridge_ijepa_w1qf_bf16_v1_ep1__corrected_chatml_v1_eos__tune_500_qids__image_only__direct::exact_full,corrected_chatml_v1_eos,corrected_tune500:bridge_ijepa_w1qf_bf16_v1_ep1,tune_500_qids,ijepa,qformer32,none,other,157,exact_full,41.401274,31.210191,10.191083,outputs/eval/tuning/bridge_ijepa_w1qf_bf16_v1_ep1__corrected_chatml_v1_eos__tune_500_qids__image_only__direct_records.json
corrected_tune500:bridge_ijepa_w1qf_bf16_v1_ep1::bridge_ijepa_w1qf_bf16_v1_ep1__corrected_chatml_v1_eos__tune_500_qids__image_only__direct::exact_full,corrected_chatml_v1_eos,corrected_tune500:bridge_ijepa_w1qf_bf16_v1_ep1,tune_500_qids,ijepa,qformer32,none,relate,175,exact_full,25.714286,13.714286,12,outputs/eval/tuning/bridge_ijepa_w1qf_bf16_v1_ep1__corrected_chatml_v1_eos__tune_500_qids__image_only__direct_records.json
corrected_tune500:bridge_ijepa_w1qf_bf16_v1_ep1::bridge_ijepa_w1qf_bf16_v1_ep1__corrected_chatml_v1_eos__tune_500_qids__image_only__direct::vqa_soft,corrected_chatml_v1_eos,corrected_tune500:bridge_ijepa_w1qf_bf16_v1_ep1,tune_500_qids,ijepa,qformer32,none,choose,52,vqa_soft,50,63.461538,-13.461538,outputs/eval/tuning/bridge_ijepa_w1qf_bf16_v1_ep1__corrected_chatml_v1_eos__tune_500_qids__image_only__direct_records.json
corrected_tune500:bridge_ijepa_w1qf_bf16_v1_ep1::bridge_ijepa_w1qf_bf16_v1_ep1__corrected_chatml_v1_eos__tune_500_qids__image_only__direct::vqa_soft,corrected_chatml_v1_eos,corrected_tune500:bridge_ijepa_w1qf_bf16_v1_ep1,tune_500_qids,ijepa,qformer32,none,compare,18,vqa_soft,38.888889,44.444444,-5.555556,outputs/eval/tuning/bridge_ijepa_w1qf_bf16_v1_ep1__corrected_chatml_v1_eos__tune_500_qids__image_only__direct_records.json
corrected_tune500:bridge_ijepa_w1qf_bf16_v1_ep1::bridge_ijepa_w1qf_bf16_v1_ep1__corrected_chatml_v1_eos__tune_500_qids__image_only__direct::vqa_soft,corrected_chatml_v1_eos,corrected_tune500:bridge_ijepa_w1qf_bf16_v1_ep1,tune_500_qids,ijepa,qformer32,none,exist,98,vqa_soft,56.122449,47.959184,8.163265,outputs/eval/tuning/bridge_ijepa_w1qf_bf16_v1_ep1__corrected_chatml_v1_eos__tune_500_qids__image_only__direct_records.json
corrected_tune500:bridge_ijepa_w1qf_bf16_v1_ep1::bridge_ijepa_w1qf_bf16_v1_ep1__corrected_chatml_v1_eos__tune_500_qids__image_only__direct::vqa_soft,corrected_chatml_v1_eos,corrected_tune500:bridge_ijepa_w1qf_bf16_v1_ep1,tune_500_qids,ijepa,qformer32,none,other,157,vqa_soft,41.401274,33.757962,7.643312,outputs/eval/tuning/bridge_ijepa_w1qf_bf16_v1_ep1__corrected_chatml_v1_eos__tune_500_qids__image_only__direct_records.json
corrected_tune500:bridge_ijepa_w1qf_bf16_v1_ep1::bridge_ijepa_w1qf_bf16_v1_ep1__corrected_chatml_v1_eos__tune_500_qids__image_only__direct::vqa_soft,corrected_chatml_v1_eos,corrected_tune500:bridge_ijepa_w1qf_bf16_v1_ep1,tune_500_qids,ijepa,qformer32,none,relate,175,vqa_soft,26.857143,14.285714,12.571429,outputs/eval/tuning/bridge_ijepa_w1qf_bf16_v1_ep1__corrected_chatml_v1_eos__tune_500_qids__image_only__direct_records.json
corrected_tune500:bridge_ijepa_w1qf_bf16_v1_ep1::bridge_ijepa_w1qf_bf16_v1_ep1__corrected_chatml_v1_eos__tune_500_qids__image_only__direct__blackwell::exact,corrected_chatml_v1_eos,corrected_tune500:bridge_ijepa_w1qf_bf16_v1_ep1,tune_500_qids,ijepa,qformer32,none,choose,52,exact,50,63.461538,-13.461538,outputs/eval/tuning/bridge_ijepa_w1qf_bf16_v1_ep1__corrected_chatml_v1_eos__tune_500_qids__image_only__direct__blackwell_records.json
corrected_tune500:bridge_ijepa_w1qf_bf16_v1_ep1::bridge_ijepa_w1qf_bf16_v1_ep1__corrected_chatml_v1_eos__tune_500_qids__image_only__direct__blackwell::exact,corrected_chatml_v1_eos,corrected_tune500:bridge_ijepa_w1qf_bf16_v1_ep1,tune_500_qids,ijepa,qformer32,none,compare,18,exact,38.888889,33.333333,5.555556,outputs/eval/tuning/bridge_ijepa_w1qf_bf16_v1_ep1__corrected_chatml_v1_eos__tune_500_qids__image_only__direct__blackwell_records.json
corrected_tune500:bridge_ijepa_w1qf_bf16_v1_ep1::bridge_ijepa_w1qf_bf16_v1_ep1__corrected_chatml_v1_eos__tune_500_qids__image_only__direct__blackwell::exact,corrected_chatml_v1_eos,corrected_tune500:bridge_ijepa_w1qf_bf16_v1_ep1,tune_500_qids,ijepa,qformer32,none,exist,98,exact,55.102041,41.836735,13.265306,outputs/eval/tuning/bridge_ijepa_w1qf_bf16_v1_ep1__corrected_chatml_v1_eos__tune_500_qids__image_only__direct__blackwell_records.json
corrected_tune500:bridge_ijepa_w1qf_bf16_v1_ep1::bridge_ijepa_w1qf_bf16_v1_ep1__corrected_chatml_v1_eos__tune_500_qids__image_only__direct__blackwell::exact,corrected_chatml_v1_eos,corrected_tune500:bridge_ijepa_w1qf_bf16_v1_ep1,tune_500_qids,ijepa,qformer32,none,other,157,exact,38.853503,32.484076,6.369427,outputs/eval/tuning/bridge_ijepa_w1qf_bf16_v1_ep1__corrected_chatml_v1_eos__tune_500_qids__image_only__direct__blackwell_records.json
corrected_tune500:bridge_ijepa_w1qf_bf16_v1_ep1::bridge_ijepa_w1qf_bf16_v1_ep1__corrected_chatml_v1_eos__tune_500_qids__image_only__direct__blackwell::exact,corrected_chatml_v1_eos,corrected_tune500:bridge_ijepa_w1qf_bf16_v1_ep1,tune_500_qids,ijepa,qformer32,none,relate,175,exact,26.285714,13.714286,12.571429,outputs/eval/tuning/bridge_ijepa_w1qf_bf16_v1_ep1__corrected_chatml_v1_eos__tune_500_qids__image_only__direct__blackwell_records.json
corrected_tune500:bridge_ijepa_w1qf_bf16_v1_ep1::bridge_ijepa_w1qf_bf16_v1_ep1__corrected_chatml_v1_eos__tune_500_qids__image_only__direct__blackwell::exact_full,corrected_chatml_v1_eos,corrected_tune500:bridge_ijepa_w1qf_bf16_v1_ep1,tune_500_qids,ijepa,qformer32,none,choose,52,exact_full,50,63.461538,-13.461538,outputs/eval/tuning/bridge_ijepa_w1qf_bf16_v1_ep1__corrected_chatml_v1_eos__tune_500_qids__image_only__direct__blackwell_records.json
corrected_tune500:bridge_ijepa_w1qf_bf16_v1_ep1::bridge_ijepa_w1qf_bf16_v1_ep1__corrected_chatml_v1_eos__tune_500_qids__image_only__direct__blackwell::exact_full,corrected_chatml_v1_eos,corrected_tune500:bridge_ijepa_w1qf_bf16_v1_ep1,tune_500_qids,ijepa,qformer32,none,compare,18,exact_full,38.888889,33.333333,5.555556,outputs/eval/tuning/bridge_ijepa_w1qf_bf16_v1_ep1__corrected_chatml_v1_eos__tune_500_qids__image_only__direct__blackwell_records.json
corrected_tune500:bridge_ijepa_w1qf_bf16_v1_ep1::bridge_ijepa_w1qf_bf16_v1_ep1__corrected_chatml_v1_eos__tune_500_qids__image_only__direct__blackwell::exact_full,corrected_chatml_v1_eos,corrected_tune500:bridge_ijepa_w1qf_bf16_v1_ep1,tune_500_qids,ijepa,qformer32,none,exist,98,exact_full,55.102041,41.836735,13.265306,outputs/eval/tuning/bridge_ijepa_w1qf_bf16_v1_ep1__corrected_chatml_v1_eos__tune_500_qids__image_only__direct__blackwell_records.json
corrected_tune500:bridge_ijepa_w1qf_bf16_v1_ep1::bridge_ijepa_w1qf_bf16_v1_ep1__corrected_chatml_v1_eos__tune_500_qids__image_only__direct__blackwell::exact_full,corrected_chatml_v1_eos,corrected_tune500:bridge_ijepa_w1qf_bf16_v1_ep1,tune_500_qids,ijepa,qformer32,none,other,157,exact_full,38.853503,32.484076,6.369427,outputs/eval/tuning/bridge_ijepa_w1qf_bf16_v1_ep1__corrected_chatml_v1_eos__tune_500_qids__image_only__direct__blackwell_records.json
corrected_tune500:bridge_ijepa_w1qf_bf16_v1_ep1::bridge_ijepa_w1qf_bf16_v1_ep1__corrected_chatml_v1_eos__tune_500_qids__image_only__direct__blackwell::exact_full,corrected_chatml_v1_eos,corrected_tune500:bridge_ijepa_w1qf_bf16_v1_ep1,tune_500_qids,ijepa,qformer32,none,relate,175,exact_full,26.285714,13.714286,12.571429,outputs/eval/tuning/bridge_ijepa_w1qf_bf16_v1_ep1__corrected_chatml_v1_eos__tune_500_qids__image_only__direct__blackwell_records.json
corrected_tune500:bridge_ijepa_w1qf_bf16_v1_ep1::bridge_ijepa_w1qf_bf16_v1_ep1__corrected_chatml_v1_eos__tune_500_qids__image_only__direct__blackwell::vqa_soft,corrected_chatml_v1_eos,corrected_tune500:bridge_ijepa_w1qf_bf16_v1_ep1,tune_500_qids,ijepa,qformer32,none,choose,52,vqa_soft,50,65.384615,-15.384615,outputs/eval/tuning/bridge_ijepa_w1qf_bf16_v1_ep1__corrected_chatml_v1_eos__tune_500_qids__image_only__direct__blackwell_records.json
corrected_tune500:bridge_ijepa_w1qf_bf16_v1_ep1::bridge_ijepa_w1qf_bf16_v1_ep1__corrected_chatml_v1_eos__tune_500_qids__image_only__direct__blackwell::vqa_soft,corrected_chatml_v1_eos,corrected_tune500:bridge_ijepa_w1qf_bf16_v1_ep1,tune_500_qids,ijepa,qformer32,none,compare,18,vqa_soft,38.888889,44.444444,-5.555556,outputs/eval/tuning/bridge_ijepa_w1qf_bf16_v1_ep1__corrected_chatml_v1_eos__tune_500_qids__image_only__direct__blackwell_records.json
corrected_tune500:bridge_ijepa_w1qf_bf16_v1_ep1::bridge_ijepa_w1qf_bf16_v1_ep1__corrected_chatml_v1_eos__tune_500_qids__image_only__direct__blackwell::vqa_soft,corrected_chatml_v1_eos,corrected_tune500:bridge_ijepa_w1qf_bf16_v1_ep1,tune_500_qids,ijepa,qformer32,none,exist,98,vqa_soft,55.102041,48.979592,6.122449,outputs/eval/tuning/bridge_ijepa_w1qf_bf16_v1_ep1__corrected_chatml_v1_eos__tune_500_qids__image_only__direct__blackwell_records.json
corrected_tune500:bridge_ijepa_w1qf_bf16_v1_ep1::bridge_ijepa_w1qf_bf16_v1_ep1__corrected_chatml_v1_eos__tune_500_qids__image_only__direct__blackwell::vqa_soft,corrected_chatml_v1_eos,corrected_tune500:bridge_ijepa_w1qf_bf16_v1_ep1,tune_500_qids,ijepa,qformer32,none,other,157,vqa_soft,38.853503,34.394904,4.458599,outputs/eval/tuning/bridge_ijepa_w1qf_bf16_v1_ep1__corrected_chatml_v1_eos__tune_500_qids__image_only__direct__blackwell_records.json
corrected_tune500:bridge_ijepa_w1qf_bf16_v1_ep1::bridge_ijepa_w1qf_bf16_v1_ep1__corrected_chatml_v1_eos__tune_500_qids__image_only__direct__blackwell::vqa_soft,corrected_chatml_v1_eos,corrected_tune500:bridge_ijepa_w1qf_bf16_v1_ep1,tune_500_qids,ijepa,qformer32,none,relate,175,vqa_soft,27.428571,14.285714,13.142857,outputs/eval/tuning/bridge_ijepa_w1qf_bf16_v1_ep1__corrected_chatml_v1_eos__tune_500_qids__image_only__direct__blackwell_records.json
corrected_tune500:bridge_ijepa_w1qf_bf16_v1_ep2::bridge_ijepa_w1qf_bf16_v1_ep2__corrected_chatml_v1_eos__tune_500_qids__image_only__direct::exact,corrected_chatml_v1_eos,corrected_tune500:bridge_ijepa_w1qf_bf16_v1_ep2,tune_500_qids,ijepa,qformer32,none,choose,52,exact,48.076923,61.538462,-13.461538,outputs/eval/tuning/bridge_ijepa_w1qf_bf16_v1_ep2__corrected_chatml_v1_eos__tune_500_qids__image_only__direct_records.json
corrected_tune500:bridge_ijepa_w1qf_bf16_v1_ep2::bridge_ijepa_w1qf_bf16_v1_ep2__corrected_chatml_v1_eos__tune_500_qids__image_only__direct::exact,corrected_chatml_v1_eos,corrected_tune500:bridge_ijepa_w1qf_bf16_v1_ep2,tune_500_qids,ijepa,qformer32,none,compare,18,exact,50,33.333333,16.666667,outputs/eval/tuning/bridge_ijepa_w1qf_bf16_v1_ep2__corrected_chatml_v1_eos__tune_500_qids__image_only__direct_records.json
corrected_tune500:bridge_ijepa_w1qf_bf16_v1_ep2::bridge_ijepa_w1qf_bf16_v1_ep2__corrected_chatml_v1_eos__tune_500_qids__image_only__direct::exact,corrected_chatml_v1_eos,corrected_tune500:bridge_ijepa_w1qf_bf16_v1_ep2,tune_500_qids,ijepa,qformer32,none,exist,98,exact,50,42.857143,7.142857,outputs/eval/tuning/bridge_ijepa_w1qf_bf16_v1_ep2__corrected_chatml_v1_eos__tune_500_qids__image_only__direct_records.json
corrected_tune500:bridge_ijepa_w1qf_bf16_v1_ep2::bridge_ijepa_w1qf_bf16_v1_ep2__corrected_chatml_v1_eos__tune_500_qids__image_only__direct::exact,corrected_chatml_v1_eos,corrected_tune500:bridge_ijepa_w1qf_bf16_v1_ep2,tune_500_qids,ijepa,qformer32,none,other,157,exact,38.853503,31.210191,7.643312,outputs/eval/tuning/bridge_ijepa_w1qf_bf16_v1_ep2__corrected_chatml_v1_eos__tune_500_qids__image_only__direct_records.json
corrected_tune500:bridge_ijepa_w1qf_bf16_v1_ep2::bridge_ijepa_w1qf_bf16_v1_ep2__corrected_chatml_v1_eos__tune_500_qids__image_only__direct::exact,corrected_chatml_v1_eos,corrected_tune500:bridge_ijepa_w1qf_bf16_v1_ep2,tune_500_qids,ijepa,qformer32,none,relate,175,exact,27.428571,13.714286,13.714286,outputs/eval/tuning/bridge_ijepa_w1qf_bf16_v1_ep2__corrected_chatml_v1_eos__tune_500_qids__image_only__direct_records.json
corrected_tune500:bridge_ijepa_w1qf_bf16_v1_ep2::bridge_ijepa_w1qf_bf16_v1_ep2__corrected_chatml_v1_eos__tune_500_qids__image_only__direct::exact_full,corrected_chatml_v1_eos,corrected_tune500:bridge_ijepa_w1qf_bf16_v1_ep2,tune_500_qids,ijepa,qformer32,none,choose,52,exact_full,48.076923,61.538462,-13.461538,outputs/eval/tuning/bridge_ijepa_w1qf_bf16_v1_ep2__corrected_chatml_v1_eos__tune_500_qids__image_only__direct_records.json
corrected_tune500:bridge_ijepa_w1qf_bf16_v1_ep2::bridge_ijepa_w1qf_bf16_v1_ep2__corrected_chatml_v1_eos__tune_500_qids__image_only__direct::exact_full,corrected_chatml_v1_eos,corrected_tune500:bridge_ijepa_w1qf_bf16_v1_ep2,tune_500_qids,ijepa,qformer32,none,compare,18,exact_full,50,33.333333,16.666667,outputs/eval/tuning/bridge_ijepa_w1qf_bf16_v1_ep2__corrected_chatml_v1_eos__tune_500_qids__image_only__direct_records.json
corrected_tune500:bridge_ijepa_w1qf_bf16_v1_ep2::bridge_ijepa_w1qf_bf16_v1_ep2__corrected_chatml_v1_eos__tune_500_qids__image_only__direct::exact_full,corrected_chatml_v1_eos,corrected_tune500:bridge_ijepa_w1qf_bf16_v1_ep2,tune_500_qids,ijepa,qformer32,none,exist,98,exact_full,50,42.857143,7.142857,outputs/eval/tuning/bridge_ijepa_w1qf_bf16_v1_ep2__corrected_chatml_v1_eos__tune_500_qids__image_only__direct_records.json
corrected_tune500:bridge_ijepa_w1qf_bf16_v1_ep2::bridge_ijepa_w1qf_bf16_v1_ep2__corrected_chatml_v1_eos__tune_500_qids__image_only__direct::exact_full,corrected_chatml_v1_eos,corrected_tune500:bridge_ijepa_w1qf_bf16_v1_ep2,tune_500_qids,ijepa,qformer32,none,other,157,exact_full,38.853503,31.210191,7.643312,outputs/eval/tuning/bridge_ijepa_w1qf_bf16_v1_ep2__corrected_chatml_v1_eos__tune_500_qids__image_only__direct_records.json
corrected_tune500:bridge_ijepa_w1qf_bf16_v1_ep2::bridge_ijepa_w1qf_bf16_v1_ep2__corrected_chatml_v1_eos__tune_500_qids__image_only__direct::exact_full,corrected_chatml_v1_eos,corrected_tune500:bridge_ijepa_w1qf_bf16_v1_ep2,tune_500_qids,ijepa,qformer32,none,relate,175,exact_full,27.428571,13.714286,13.714286,outputs/eval/tuning/bridge_ijepa_w1qf_bf16_v1_ep2__corrected_chatml_v1_eos__tune_500_qids__image_only__direct_records.json
corrected_tune500:bridge_ijepa_w1qf_bf16_v1_ep2::bridge_ijepa_w1qf_bf16_v1_ep2__corrected_chatml_v1_eos__tune_500_qids__image_only__direct::vqa_soft,corrected_chatml_v1_eos,corrected_tune500:bridge_ijepa_w1qf_bf16_v1_ep2,tune_500_qids,ijepa,qformer32,none,choose,52,vqa_soft,48.076923,63.461538,-15.384615,outputs/eval/tuning/bridge_ijepa_w1qf_bf16_v1_ep2__corrected_chatml_v1_eos__tune_500_qids__image_only__direct_records.json
corrected_tune500:bridge_ijepa_w1qf_bf16_v1_ep2::bridge_ijepa_w1qf_bf16_v1_ep2__corrected_chatml_v1_eos__tune_500_qids__image_only__direct::vqa_soft,corrected_chatml_v1_eos,corrected_tune500:bridge_ijepa_w1qf_bf16_v1_ep2,tune_500_qids,ijepa,qformer32,none,compare,18,vqa_soft,50,44.444444,5.555556,outputs/eval/tuning/bridge_ijepa_w1qf_bf16_v1_ep2__corrected_chatml_v1_eos__tune_500_qids__image_only__direct_records.json
corrected_tune500:bridge_ijepa_w1qf_bf16_v1_ep2::bridge_ijepa_w1qf_bf16_v1_ep2__corrected_chatml_v1_eos__tune_500_qids__image_only__direct::vqa_soft,corrected_chatml_v1_eos,corrected_tune500:bridge_ijepa_w1qf_bf16_v1_ep2,tune_500_qids,ijepa,qformer32,none,exist,98,vqa_soft,50,47.959184,2.040816,outputs/eval/tuning/bridge_ijepa_w1qf_bf16_v1_ep2__corrected_chatml_v1_eos__tune_500_qids__image_only__direct_records.json
corrected_tune500:bridge_ijepa_w1qf_bf16_v1_ep2::bridge_ijepa_w1qf_bf16_v1_ep2__corrected_chatml_v1_eos__tune_500_qids__image_only__direct::vqa_soft,corrected_chatml_v1_eos,corrected_tune500:bridge_ijepa_w1qf_bf16_v1_ep2,tune_500_qids,ijepa,qformer32,none,other,157,vqa_soft,38.853503,33.757962,5.095541,outputs/eval/tuning/bridge_ijepa_w1qf_bf16_v1_ep2__corrected_chatml_v1_eos__tune_500_qids__image_only__direct_records.json
corrected_tune500:bridge_ijepa_w1qf_bf16_v1_ep2::bridge_ijepa_w1qf_bf16_v1_ep2__corrected_chatml_v1_eos__tune_500_qids__image_only__direct::vqa_soft,corrected_chatml_v1_eos,corrected_tune500:bridge_ijepa_w1qf_bf16_v1_ep2,tune_500_qids,ijepa,qformer32,none,relate,175,vqa_soft,28.571429,14.285714,14.285714,outputs/eval/tuning/bridge_ijepa_w1qf_bf16_v1_ep2__corrected_chatml_v1_eos__tune_500_qids__image_only__direct_records.json
corrected_tune500:bridge_ijepa_w1qf_bf16_v1_ep2::bridge_ijepa_w1qf_bf16_v1_ep2__corrected_chatml_v1_eos__tune_500_qids__image_only__direct__blackwell::exact,corrected_chatml_v1_eos,corrected_tune500:bridge_ijepa_w1qf_bf16_v1_ep2,tune_500_qids,ijepa,qformer32,none,choose,52,exact,48.076923,63.461538,-15.384615,outputs/eval/tuning/bridge_ijepa_w1qf_bf16_v1_ep2__corrected_chatml_v1_eos__tune_500_qids__image_only__direct__blackwell_records.json
corrected_tune500:bridge_ijepa_w1qf_bf16_v1_ep2::bridge_ijepa_w1qf_bf16_v1_ep2__corrected_chatml_v1_eos__tune_500_qids__image_only__direct__blackwell::exact,corrected_chatml_v1_eos,corrected_tune500:bridge_ijepa_w1qf_bf16_v1_ep2,tune_500_qids,ijepa,qformer32,none,compare,18,exact,50,33.333333,16.666667,outputs/eval/tuning/bridge_ijepa_w1qf_bf16_v1_ep2__corrected_chatml_v1_eos__tune_500_qids__image_only__direct__blackwell_records.json
corrected_tune500:bridge_ijepa_w1qf_bf16_v1_ep2::bridge_ijepa_w1qf_bf16_v1_ep2__corrected_chatml_v1_eos__tune_500_qids__image_only__direct__blackwell::exact,corrected_chatml_v1_eos,corrected_tune500:bridge_ijepa_w1qf_bf16_v1_ep2,tune_500_qids,ijepa,qformer32,none,exist,98,exact,48.979592,41.836735,7.142857,outputs/eval/tuning/bridge_ijepa_w1qf_bf16_v1_ep2__corrected_chatml_v1_eos__tune_500_qids__image_only__direct__blackwell_records.json
corrected_tune500:bridge_ijepa_w1qf_bf16_v1_ep2::bridge_ijepa_w1qf_bf16_v1_ep2__corrected_chatml_v1_eos__tune_500_qids__image_only__direct__blackwell::exact,corrected_chatml_v1_eos,corrected_tune500:bridge_ijepa_w1qf_bf16_v1_ep2,tune_500_qids,ijepa,qformer32,none,other,157,exact,40.764331,32.484076,8.280255,outputs/eval/tuning/bridge_ijepa_w1qf_bf16_v1_ep2__corrected_chatml_v1_eos__tune_500_qids__image_only__direct__blackwell_records.json
corrected_tune500:bridge_ijepa_w1qf_bf16_v1_ep2::bridge_ijepa_w1qf_bf16_v1_ep2__corrected_chatml_v1_eos__tune_500_qids__image_only__direct__blackwell::exact,corrected_chatml_v1_eos,corrected_tune500:bridge_ijepa_w1qf_bf16_v1_ep2,tune_500_qids,ijepa,qformer32,none,relate,175,exact,26.857143,13.714286,13.142857,outputs/eval/tuning/bridge_ijepa_w1qf_bf16_v1_ep2__corrected_chatml_v1_eos__tune_500_qids__image_only__direct__blackwell_records.json
corrected_tune500:bridge_ijepa_w1qf_bf16_v1_ep2::bridge_ijepa_w1qf_bf16_v1_ep2__corrected_chatml_v1_eos__tune_500_qids__image_only__direct__blackwell::exact_full,corrected_chatml_v1_eos,corrected_tune500:bridge_ijepa_w1qf_bf16_v1_ep2,tune_500_qids,ijepa,qformer32,none,choose,52,exact_full,48.076923,63.461538,-15.384615,outputs/eval/tuning/bridge_ijepa_w1qf_bf16_v1_ep2__corrected_chatml_v1_eos__tune_500_qids__image_only__direct__blackwell_records.json
corrected_tune500:bridge_ijepa_w1qf_bf16_v1_ep2::bridge_ijepa_w1qf_bf16_v1_ep2__corrected_chatml_v1_eos__tune_500_qids__image_only__direct__blackwell::exact_full,corrected_chatml_v1_eos,corrected_tune500:bridge_ijepa_w1qf_bf16_v1_ep2,tune_500_qids,ijepa,qformer32,none,compare,18,exact_full,50,33.333333,16.666667,outputs/eval/tuning/bridge_ijepa_w1qf_bf16_v1_ep2__corrected_chatml_v1_eos__tune_500_qids__image_only__direct__blackwell_records.json
corrected_tune500:bridge_ijepa_w1qf_bf16_v1_ep2::bridge_ijepa_w1qf_bf16_v1_ep2__corrected_chatml_v1_eos__tune_500_qids__image_only__direct__blackwell::exact_full,corrected_chatml_v1_eos,corrected_tune500:bridge_ijepa_w1qf_bf16_v1_ep2,tune_500_qids,ijepa,qformer32,none,exist,98,exact_full,48.979592,41.836735,7.142857,outputs/eval/tuning/bridge_ijepa_w1qf_bf16_v1_ep2__corrected_chatml_v1_eos__tune_500_qids__image_only__direct__blackwell_records.json
corrected_tune500:bridge_ijepa_w1qf_bf16_v1_ep2::bridge_ijepa_w1qf_bf16_v1_ep2__corrected_chatml_v1_eos__tune_500_qids__image_only__direct__blackwell::exact_full,corrected_chatml_v1_eos,corrected_tune500:bridge_ijepa_w1qf_bf16_v1_ep2,tune_500_qids,ijepa,qformer32,none,other,157,exact_full,40.764331,32.484076,8.280255,outputs/eval/tuning/bridge_ijepa_w1qf_bf16_v1_ep2__corrected_chatml_v1_eos__tune_500_qids__image_only__direct__blackwell_records.json
corrected_tune500:bridge_ijepa_w1qf_bf16_v1_ep2::bridge_ijepa_w1qf_bf16_v1_ep2__corrected_chatml_v1_eos__tune_500_qids__image_only__direct__blackwell::exact_full,corrected_chatml_v1_eos,corrected_tune500:bridge_ijepa_w1qf_bf16_v1_ep2,tune_500_qids,ijepa,qformer32,none,relate,175,exact_full,26.857143,13.714286,13.142857,outputs/eval/tuning/bridge_ijepa_w1qf_bf16_v1_ep2__corrected_chatml_v1_eos__tune_500_qids__image_only__direct__blackwell_records.json
corrected_tune500:bridge_ijepa_w1qf_bf16_v1_ep2::bridge_ijepa_w1qf_bf16_v1_ep2__corrected_chatml_v1_eos__tune_500_qids__image_only__direct__blackwell::vqa_soft,corrected_chatml_v1_eos,corrected_tune500:bridge_ijepa_w1qf_bf16_v1_ep2,tune_500_qids,ijepa,qformer32,none,choose,52,vqa_soft,48.076923,65.384615,-17.307692,outputs/eval/tuning/bridge_ijepa_w1qf_bf16_v1_ep2__corrected_chatml_v1_eos__tune_500_qids__image_only__direct__blackwell_records.json
corrected_tune500:bridge_ijepa_w1qf_bf16_v1_ep2::bridge_ijepa_w1qf_bf16_v1_ep2__corrected_chatml_v1_eos__tune_500_qids__image_only__direct__blackwell::vqa_soft,corrected_chatml_v1_eos,corrected_tune500:bridge_ijepa_w1qf_bf16_v1_ep2,tune_500_qids,ijepa,qformer32,none,compare,18,vqa_soft,50,44.444444,5.555556,outputs/eval/tuning/bridge_ijepa_w1qf_bf16_v1_ep2__corrected_chatml_v1_eos__tune_500_qids__image_only__direct__blackwell_records.json
corrected_tune500:bridge_ijepa_w1qf_bf16_v1_ep2::bridge_ijepa_w1qf_bf16_v1_ep2__corrected_chatml_v1_eos__tune_500_qids__image_only__direct__blackwell::vqa_soft,corrected_chatml_v1_eos,corrected_tune500:bridge_ijepa_w1qf_bf16_v1_ep2,tune_500_qids,ijepa,qformer32,none,exist,98,vqa_soft,48.979592,48.979592,0,outputs/eval/tuning/bridge_ijepa_w1qf_bf16_v1_ep2__corrected_chatml_v1_eos__tune_500_qids__image_only__direct__blackwell_records.json
corrected_tune500:bridge_ijepa_w1qf_bf16_v1_ep2::bridge_ijepa_w1qf_bf16_v1_ep2__corrected_chatml_v1_eos__tune_500_qids__image_only__direct__blackwell::vqa_soft,corrected_chatml_v1_eos,corrected_tune500:bridge_ijepa_w1qf_bf16_v1_ep2,tune_500_qids,ijepa,qformer32,none,other,157,vqa_soft,40.764331,34.394904,6.369427,outputs/eval/tuning/bridge_ijepa_w1qf_bf16_v1_ep2__corrected_chatml_v1_eos__tune_500_qids__image_only__direct__blackwell_records.json
corrected_tune500:bridge_ijepa_w1qf_bf16_v1_ep2::bridge_ijepa_w1qf_bf16_v1_ep2__corrected_chatml_v1_eos__tune_500_qids__image_only__direct__blackwell::vqa_soft,corrected_chatml_v1_eos,corrected_tune500:bridge_ijepa_w1qf_bf16_v1_ep2,tune_500_qids,ijepa,qformer32,none,relate,175,vqa_soft,28,14.285714,13.714286,outputs/eval/tuning/bridge_ijepa_w1qf_bf16_v1_ep2__corrected_chatml_v1_eos__tune_500_qids__image_only__direct__blackwell_records.json
corrected_tune500:bridge_ijepa_w1qf_bf16_v1_ep3::bridge_ijepa_w1qf_bf16_v1_ep3__corrected_chatml_v1_eos__tune_500_qids__image_only__direct::exact,corrected_chatml_v1_eos,corrected_tune500:bridge_ijepa_w1qf_bf16_v1_ep3,tune_500_qids,ijepa,qformer32,none,choose,52,exact,50,61.538462,-11.538462,outputs/eval/tuning/bridge_ijepa_w1qf_bf16_v1_ep3__corrected_chatml_v1_eos__tune_500_qids__image_only__direct_records.json
corrected_tune500:bridge_ijepa_w1qf_bf16_v1_ep3::bridge_ijepa_w1qf_bf16_v1_ep3__corrected_chatml_v1_eos__tune_500_qids__image_only__direct::exact,corrected_chatml_v1_eos,corrected_tune500:bridge_ijepa_w1qf_bf16_v1_ep3,tune_500_qids,ijepa,qformer32,none,compare,18,exact,50,33.333333,16.666667,outputs/eval/tuning/bridge_ijepa_w1qf_bf16_v1_ep3__corrected_chatml_v1_eos__tune_500_qids__image_only__direct_records.json
corrected_tune500:bridge_ijepa_w1qf_bf16_v1_ep3::bridge_ijepa_w1qf_bf16_v1_ep3__corrected_chatml_v1_eos__tune_500_qids__image_only__direct::exact,corrected_chatml_v1_eos,corrected_tune500:bridge_ijepa_w1qf_bf16_v1_ep3,tune_500_qids,ijepa,qformer32,none,exist,98,exact,59.183673,42.857143,16.326531,outputs/eval/tuning/bridge_ijepa_w1qf_bf16_v1_ep3__corrected_chatml_v1_eos__tune_500_qids__image_only__direct_records.json
corrected_tune500:bridge_ijepa_w1qf_bf16_v1_ep3::bridge_ijepa_w1qf_bf16_v1_ep3__corrected_chatml_v1_eos__tune_500_qids__image_only__direct::exact,corrected_chatml_v1_eos,corrected_tune500:bridge_ijepa_w1qf_bf16_v1_ep3,tune_500_qids,ijepa,qformer32,none,other,157,exact,37.579618,31.210191,6.369427,outputs/eval/tuning/bridge_ijepa_w1qf_bf16_v1_ep3__corrected_chatml_v1_eos__tune_500_qids__image_only__direct_records.json
corrected_tune500:bridge_ijepa_w1qf_bf16_v1_ep3::bridge_ijepa_w1qf_bf16_v1_ep3__corrected_chatml_v1_eos__tune_500_qids__image_only__direct::exact,corrected_chatml_v1_eos,corrected_tune500:bridge_ijepa_w1qf_bf16_v1_ep3,tune_500_qids,ijepa,qformer32,none,relate,175,exact,28.571429,13.714286,14.857143,outputs/eval/tuning/bridge_ijepa_w1qf_bf16_v1_ep3__corrected_chatml_v1_eos__tune_500_qids__image_only__direct_records.json
corrected_tune500:bridge_ijepa_w1qf_bf16_v1_ep3::bridge_ijepa_w1qf_bf16_v1_ep3__corrected_chatml_v1_eos__tune_500_qids__image_only__direct::exact_full,corrected_chatml_v1_eos,corrected_tune500:bridge_ijepa_w1qf_bf16_v1_ep3,tune_500_qids,ijepa,qformer32,none,choose,52,exact_full,50,61.538462,-11.538462,outputs/eval/tuning/bridge_ijepa_w1qf_bf16_v1_ep3__corrected_chatml_v1_eos__tune_500_qids__image_only__direct_records.json
corrected_tune500:bridge_ijepa_w1qf_bf16_v1_ep3::bridge_ijepa_w1qf_bf16_v1_ep3__corrected_chatml_v1_eos__tune_500_qids__image_only__direct::exact_full,corrected_chatml_v1_eos,corrected_tune500:bridge_ijepa_w1qf_bf16_v1_ep3,tune_500_qids,ijepa,qformer32,none,compare,18,exact_full,50,33.333333,16.666667,outputs/eval/tuning/bridge_ijepa_w1qf_bf16_v1_ep3__corrected_chatml_v1_eos__tune_500_qids__image_only__direct_records.json
corrected_tune500:bridge_ijepa_w1qf_bf16_v1_ep3::bridge_ijepa_w1qf_bf16_v1_ep3__corrected_chatml_v1_eos__tune_500_qids__image_only__direct::exact_full,corrected_chatml_v1_eos,corrected_tune500:bridge_ijepa_w1qf_bf16_v1_ep3,tune_500_qids,ijepa,qformer32,none,exist,98,exact_full,59.183673,42.857143,16.326531,outputs/eval/tuning/bridge_ijepa_w1qf_bf16_v1_ep3__corrected_chatml_v1_eos__tune_500_qids__image_only__direct_records.json
corrected_tune500:bridge_ijepa_w1qf_bf16_v1_ep3::bridge_ijepa_w1qf_bf16_v1_ep3__corrected_chatml_v1_eos__tune_500_qids__image_only__direct::exact_full,corrected_chatml_v1_eos,corrected_tune500:bridge_ijepa_w1qf_bf16_v1_ep3,tune_500_qids,ijepa,qformer32,none,other,157,exact_full,37.579618,31.210191,6.369427,outputs/eval/tuning/bridge_ijepa_w1qf_bf16_v1_ep3__corrected_chatml_v1_eos__tune_500_qids__image_only__direct_records.json
corrected_tune500:bridge_ijepa_w1qf_bf16_v1_ep3::bridge_ijepa_w1qf_bf16_v1_ep3__corrected_chatml_v1_eos__tune_500_qids__image_only__direct::exact_full,corrected_chatml_v1_eos,corrected_tune500:bridge_ijepa_w1qf_bf16_v1_ep3,tune_500_qids,ijepa,qformer32,none,relate,175,exact_full,28.571429,13.714286,14.857143,outputs/eval/tuning/bridge_ijepa_w1qf_bf16_v1_ep3__corrected_chatml_v1_eos__tune_500_qids__image_only__direct_records.json
corrected_tune500:bridge_ijepa_w1qf_bf16_v1_ep3::bridge_ijepa_w1qf_bf16_v1_ep3__corrected_chatml_v1_eos__tune_500_qids__image_only__direct::vqa_soft,corrected_chatml_v1_eos,corrected_tune500:bridge_ijepa_w1qf_bf16_v1_ep3,tune_500_qids,ijepa,qformer32,none,choose,52,vqa_soft,50,63.461538,-13.461538,outputs/eval/tuning/bridge_ijepa_w1qf_bf16_v1_ep3__corrected_chatml_v1_eos__tune_500_qids__image_only__direct_records.json
corrected_tune500:bridge_ijepa_w1qf_bf16_v1_ep3::bridge_ijepa_w1qf_bf16_v1_ep3__corrected_chatml_v1_eos__tune_500_qids__image_only__direct::vqa_soft,corrected_chatml_v1_eos,corrected_tune500:bridge_ijepa_w1qf_bf16_v1_ep3,tune_500_qids,ijepa,qformer32,none,compare,18,vqa_soft,50,44.444444,5.555556,outputs/eval/tuning/bridge_ijepa_w1qf_bf16_v1_ep3__corrected_chatml_v1_eos__tune_500_qids__image_only__direct_records.json
corrected_tune500:bridge_ijepa_w1qf_bf16_v1_ep3::bridge_ijepa_w1qf_bf16_v1_ep3__corrected_chatml_v1_eos__tune_500_qids__image_only__direct::vqa_soft,corrected_chatml_v1_eos,corrected_tune500:bridge_ijepa_w1qf_bf16_v1_ep3,tune_500_qids,ijepa,qformer32,none,exist,98,vqa_soft,59.183673,47.959184,11.22449,outputs/eval/tuning/bridge_ijepa_w1qf_bf16_v1_ep3__corrected_chatml_v1_eos__tune_500_qids__image_only__direct_records.json
corrected_tune500:bridge_ijepa_w1qf_bf16_v1_ep3::bridge_ijepa_w1qf_bf16_v1_ep3__corrected_chatml_v1_eos__tune_500_qids__image_only__direct::vqa_soft,corrected_chatml_v1_eos,corrected_tune500:bridge_ijepa_w1qf_bf16_v1_ep3,tune_500_qids,ijepa,qformer32,none,other,157,vqa_soft,37.579618,33.757962,3.821656,outputs/eval/tuning/bridge_ijepa_w1qf_bf16_v1_ep3__corrected_chatml_v1_eos__tune_500_qids__image_only__direct_records.json
corrected_tune500:bridge_ijepa_w1qf_bf16_v1_ep3::bridge_ijepa_w1qf_bf16_v1_ep3__corrected_chatml_v1_eos__tune_500_qids__image_only__direct::vqa_soft,corrected_chatml_v1_eos,corrected_tune500:bridge_ijepa_w1qf_bf16_v1_ep3,tune_500_qids,ijepa,qformer32,none,relate,175,vqa_soft,30.857143,14.285714,16.571429,outputs/eval/tuning/bridge_ijepa_w1qf_bf16_v1_ep3__corrected_chatml_v1_eos__tune_500_qids__image_only__direct_records.json
corrected_tune500:bridge_ijepa_w1qf_bf16_v1_ep3::bridge_ijepa_w1qf_bf16_v1_ep3__corrected_chatml_v1_eos__tune_500_qids__image_only__direct__blackwell::exact,corrected_chatml_v1_eos,corrected_tune500:bridge_ijepa_w1qf_bf16_v1_ep3,tune_500_qids,ijepa,qformer32,none,choose,52,exact,46.153846,63.461538,-17.307692,outputs/eval/tuning/bridge_ijepa_w1qf_bf16_v1_ep3__corrected_chatml_v1_eos__tune_500_qids__image_only__direct__blackwell_records.json
corrected_tune500:bridge_ijepa_w1qf_bf16_v1_ep3::bridge_ijepa_w1qf_bf16_v1_ep3__corrected_chatml_v1_eos__tune_500_qids__image_only__direct__blackwell::exact,corrected_chatml_v1_eos,corrected_tune500:bridge_ijepa_w1qf_bf16_v1_ep3,tune_500_qids,ijepa,qformer32,none,compare,18,exact,61.111111,33.333333,27.777778,outputs/eval/tuning/bridge_ijepa_w1qf_bf16_v1_ep3__corrected_chatml_v1_eos__tune_500_qids__image_only__direct__blackwell_records.json
corrected_tune500:bridge_ijepa_w1qf_bf16_v1_ep3::bridge_ijepa_w1qf_bf16_v1_ep3__corrected_chatml_v1_eos__tune_500_qids__image_only__direct__blackwell::exact,corrected_chatml_v1_eos,corrected_tune500:bridge_ijepa_w1qf_bf16_v1_ep3,tune_500_qids,ijepa,qformer32,none,exist,98,exact,61.22449,41.836735,19.387755,outputs/eval/tuning/bridge_ijepa_w1qf_bf16_v1_ep3__corrected_chatml_v1_eos__tune_500_qids__image_only__direct__blackwell_records.json
corrected_tune500:bridge_ijepa_w1qf_bf16_v1_ep3::bridge_ijepa_w1qf_bf16_v1_ep3__corrected_chatml_v1_eos__tune_500_qids__image_only__direct__blackwell::exact,corrected_chatml_v1_eos,corrected_tune500:bridge_ijepa_w1qf_bf16_v1_ep3,tune_500_qids,ijepa,qformer32,none,other,157,exact,38.853503,32.484076,6.369427,outputs/eval/tuning/bridge_ijepa_w1qf_bf16_v1_ep3__corrected_chatml_v1_eos__tune_500_qids__image_only__direct__blackwell_records.json
corrected_tune500:bridge_ijepa_w1qf_bf16_v1_ep3::bridge_ijepa_w1qf_bf16_v1_ep3__corrected_chatml_v1_eos__tune_500_qids__image_only__direct__blackwell::exact,corrected_chatml_v1_eos,corrected_tune500:bridge_ijepa_w1qf_bf16_v1_ep3,tune_500_qids,ijepa,qformer32,none,relate,175,exact,27.428571,13.714286,13.714286,outputs/eval/tuning/bridge_ijepa_w1qf_bf16_v1_ep3__corrected_chatml_v1_eos__tune_500_qids__image_only__direct__blackwell_records.json
corrected_tune500:bridge_ijepa_w1qf_bf16_v1_ep3::bridge_ijepa_w1qf_bf16_v1_ep3__corrected_chatml_v1_eos__tune_500_qids__image_only__direct__blackwell::exact_full,corrected_chatml_v1_eos,corrected_tune500:bridge_ijepa_w1qf_bf16_v1_ep3,tune_500_qids,ijepa,qformer32,none,choose,52,exact_full,46.153846,63.461538,-17.307692,outputs/eval/tuning/bridge_ijepa_w1qf_bf16_v1_ep3__corrected_chatml_v1_eos__tune_500_qids__image_only__direct__blackwell_records.json
corrected_tune500:bridge_ijepa_w1qf_bf16_v1_ep3::bridge_ijepa_w1qf_bf16_v1_ep3__corrected_chatml_v1_eos__tune_500_qids__image_only__direct__blackwell::exact_full,corrected_chatml_v1_eos,corrected_tune500:bridge_ijepa_w1qf_bf16_v1_ep3,tune_500_qids,ijepa,qformer32,none,compare,18,exact_full,61.111111,33.333333,27.777778,outputs/eval/tuning/bridge_ijepa_w1qf_bf16_v1_ep3__corrected_chatml_v1_eos__tune_500_qids__image_only__direct__blackwell_records.json
corrected_tune500:bridge_ijepa_w1qf_bf16_v1_ep3::bridge_ijepa_w1qf_bf16_v1_ep3__corrected_chatml_v1_eos__tune_500_qids__image_only__direct__blackwell::exact_full,corrected_chatml_v1_eos,corrected_tune500:bridge_ijepa_w1qf_bf16_v1_ep3,tune_500_qids,ijepa,qformer32,none,exist,98,exact_full,61.22449,41.836735,19.387755,outputs/eval/tuning/bridge_ijepa_w1qf_bf16_v1_ep3__corrected_chatml_v1_eos__tune_500_qids__image_only__direct__blackwell_records.json
corrected_tune500:bridge_ijepa_w1qf_bf16_v1_ep3::bridge_ijepa_w1qf_bf16_v1_ep3__corrected_chatml_v1_eos__tune_500_qids__image_only__direct__blackwell::exact_full,corrected_chatml_v1_eos,corrected_tune500:bridge_ijepa_w1qf_bf16_v1_ep3,tune_500_qids,ijepa,qformer32,none,other,157,exact_full,38.853503,32.484076,6.369427,outputs/eval/tuning/bridge_ijepa_w1qf_bf16_v1_ep3__corrected_chatml_v1_eos__tune_500_qids__image_only__direct__blackwell_records.json
corrected_tune500:bridge_ijepa_w1qf_bf16_v1_ep3::bridge_ijepa_w1qf_bf16_v1_ep3__corrected_chatml_v1_eos__tune_500_qids__image_only__direct__blackwell::exact_full,corrected_chatml_v1_eos,corrected_tune500:bridge_ijepa_w1qf_bf16_v1_ep3,tune_500_qids,ijepa,qformer32,none,relate,175,exact_full,27.428571,13.714286,13.714286,outputs/eval/tuning/bridge_ijepa_w1qf_bf16_v1_ep3__corrected_chatml_v1_eos__tune_500_qids__image_only__direct__blackwell_records.json
corrected_tune500:bridge_ijepa_w1qf_bf16_v1_ep3::bridge_ijepa_w1qf_bf16_v1_ep3__corrected_chatml_v1_eos__tune_500_qids__image_only__direct__blackwell::vqa_soft,corrected_chatml_v1_eos,corrected_tune500:bridge_ijepa_w1qf_bf16_v1_ep3,tune_500_qids,ijepa,qformer32,none,choose,52,vqa_soft,46.153846,65.384615,-19.230769,outputs/eval/tuning/bridge_ijepa_w1qf_bf16_v1_ep3__corrected_chatml_v1_eos__tune_500_qids__image_only__direct__blackwell_records.json
corrected_tune500:bridge_ijepa_w1qf_bf16_v1_ep3::bridge_ijepa_w1qf_bf16_v1_ep3__corrected_chatml_v1_eos__tune_500_qids__image_only__direct__blackwell::vqa_soft,corrected_chatml_v1_eos,corrected_tune500:bridge_ijepa_w1qf_bf16_v1_ep3,tune_500_qids,ijepa,qformer32,none,compare,18,vqa_soft,61.111111,44.444444,16.666667,outputs/eval/tuning/bridge_ijepa_w1qf_bf16_v1_ep3__corrected_chatml_v1_eos__tune_500_qids__image_only__direct__blackwell_records.json
corrected_tune500:bridge_ijepa_w1qf_bf16_v1_ep3::bridge_ijepa_w1qf_bf16_v1_ep3__corrected_chatml_v1_eos__tune_500_qids__image_only__direct__blackwell::vqa_soft,corrected_chatml_v1_eos,corrected_tune500:bridge_ijepa_w1qf_bf16_v1_ep3,tune_500_qids,ijepa,qformer32,none,exist,98,vqa_soft,61.22449,48.979592,12.244898,outputs/eval/tuning/bridge_ijepa_w1qf_bf16_v1_ep3__corrected_chatml_v1_eos__tune_500_qids__image_only__direct__blackwell_records.json
corrected_tune500:bridge_ijepa_w1qf_bf16_v1_ep3::bridge_ijepa_w1qf_bf16_v1_ep3__corrected_chatml_v1_eos__tune_500_qids__image_only__direct__blackwell::vqa_soft,corrected_chatml_v1_eos,corrected_tune500:bridge_ijepa_w1qf_bf16_v1_ep3,tune_500_qids,ijepa,qformer32,none,other,157,vqa_soft,38.853503,34.394904,4.458599,outputs/eval/tuning/bridge_ijepa_w1qf_bf16_v1_ep3__corrected_chatml_v1_eos__tune_500_qids__image_only__direct__blackwell_records.json
corrected_tune500:bridge_ijepa_w1qf_bf16_v1_ep3::bridge_ijepa_w1qf_bf16_v1_ep3__corrected_chatml_v1_eos__tune_500_qids__image_only__direct__blackwell::vqa_soft,corrected_chatml_v1_eos,corrected_tune500:bridge_ijepa_w1qf_bf16_v1_ep3,tune_500_qids,ijepa,qformer32,none,relate,175,vqa_soft,29.714286,14.285714,15.428571,outputs/eval/tuning/bridge_ijepa_w1qf_bf16_v1_ep3__corrected_chatml_v1_eos__tune_500_qids__image_only__direct__blackwell_records.json
corrected_tune500:bridge_ijepa_w1qf_bf16_v1_ep4::bridge_ijepa_w1qf_bf16_v1_ep4__corrected_chatml_v1_eos__tune_500_qids__image_only__direct::exact,corrected_chatml_v1_eos,corrected_tune500:bridge_ijepa_w1qf_bf16_v1_ep4,tune_500_qids,ijepa,qformer32,none,choose,52,exact,59.615385,61.538462,-1.923077,outputs/eval/tuning/bridge_ijepa_w1qf_bf16_v1_ep4__corrected_chatml_v1_eos__tune_500_qids__image_only__direct_records.json
corrected_tune500:bridge_ijepa_w1qf_bf16_v1_ep4::bridge_ijepa_w1qf_bf16_v1_ep4__corrected_chatml_v1_eos__tune_500_qids__image_only__direct::exact,corrected_chatml_v1_eos,corrected_tune500:bridge_ijepa_w1qf_bf16_v1_ep4,tune_500_qids,ijepa,qformer32,none,compare,18,exact,38.888889,33.333333,5.555556,outputs/eval/tuning/bridge_ijepa_w1qf_bf16_v1_ep4__corrected_chatml_v1_eos__tune_500_qids__image_only__direct_records.json
corrected_tune500:bridge_ijepa_w1qf_bf16_v1_ep4::bridge_ijepa_w1qf_bf16_v1_ep4__corrected_chatml_v1_eos__tune_500_qids__image_only__direct::exact,corrected_chatml_v1_eos,corrected_tune500:bridge_ijepa_w1qf_bf16_v1_ep4,tune_500_qids,ijepa,qformer32,none,exist,98,exact,56.122449,42.857143,13.265306,outputs/eval/tuning/bridge_ijepa_w1qf_bf16_v1_ep4__corrected_chatml_v1_eos__tune_500_qids__image_only__direct_records.json
corrected_tune500:bridge_ijepa_w1qf_bf16_v1_ep4::bridge_ijepa_w1qf_bf16_v1_ep4__corrected_chatml_v1_eos__tune_500_qids__image_only__direct::exact,corrected_chatml_v1_eos,corrected_tune500:bridge_ijepa_w1qf_bf16_v1_ep4,tune_500_qids,ijepa,qformer32,none,other,157,exact,43.312102,31.210191,12.101911,outputs/eval/tuning/bridge_ijepa_w1qf_bf16_v1_ep4__corrected_chatml_v1_eos__tune_500_qids__image_only__direct_records.json
corrected_tune500:bridge_ijepa_w1qf_bf16_v1_ep4::bridge_ijepa_w1qf_bf16_v1_ep4__corrected_chatml_v1_eos__tune_500_qids__image_only__direct::exact,corrected_chatml_v1_eos,corrected_tune500:bridge_ijepa_w1qf_bf16_v1_ep4,tune_500_qids,ijepa,qformer32,none,relate,175,exact,31.428571,13.714286,17.714286,outputs/eval/tuning/bridge_ijepa_w1qf_bf16_v1_ep4__corrected_chatml_v1_eos__tune_500_qids__image_only__direct_records.json
corrected_tune500:bridge_ijepa_w1qf_bf16_v1_ep4::bridge_ijepa_w1qf_bf16_v1_ep4__corrected_chatml_v1_eos__tune_500_qids__image_only__direct::exact_full,corrected_chatml_v1_eos,corrected_tune500:bridge_ijepa_w1qf_bf16_v1_ep4,tune_500_qids,ijepa,qformer32,none,choose,52,exact_full,59.615385,61.538462,-1.923077,outputs/eval/tuning/bridge_ijepa_w1qf_bf16_v1_ep4__corrected_chatml_v1_eos__tune_500_qids__image_only__direct_records.json
corrected_tune500:bridge_ijepa_w1qf_bf16_v1_ep4::bridge_ijepa_w1qf_bf16_v1_ep4__corrected_chatml_v1_eos__tune_500_qids__image_only__direct::exact_full,corrected_chatml_v1_eos,corrected_tune500:bridge_ijepa_w1qf_bf16_v1_ep4,tune_500_qids,ijepa,qformer32,none,compare,18,exact_full,38.888889,33.333333,5.555556,outputs/eval/tuning/bridge_ijepa_w1qf_bf16_v1_ep4__corrected_chatml_v1_eos__tune_500_qids__image_only__direct_records.json
corrected_tune500:bridge_ijepa_w1qf_bf16_v1_ep4::bridge_ijepa_w1qf_bf16_v1_ep4__corrected_chatml_v1_eos__tune_500_qids__image_only__direct::exact_full,corrected_chatml_v1_eos,corrected_tune500:bridge_ijepa_w1qf_bf16_v1_ep4,tune_500_qids,ijepa,qformer32,none,exist,98,exact_full,56.122449,42.857143,13.265306,outputs/eval/tuning/bridge_ijepa_w1qf_bf16_v1_ep4__corrected_chatml_v1_eos__tune_500_qids__image_only__direct_records.json
corrected_tune500:bridge_ijepa_w1qf_bf16_v1_ep4::bridge_ijepa_w1qf_bf16_v1_ep4__corrected_chatml_v1_eos__tune_500_qids__image_only__direct::exact_full,corrected_chatml_v1_eos,corrected_tune500:bridge_ijepa_w1qf_bf16_v1_ep4,tune_500_qids,ijepa,qformer32,none,other,157,exact_full,43.312102,31.210191,12.101911,outputs/eval/tuning/bridge_ijepa_w1qf_bf16_v1_ep4__corrected_chatml_v1_eos__tune_500_qids__image_only__direct_records.json
corrected_tune500:bridge_ijepa_w1qf_bf16_v1_ep4::bridge_ijepa_w1qf_bf16_v1_ep4__corrected_chatml_v1_eos__tune_500_qids__image_only__direct::exact_full,corrected_chatml_v1_eos,corrected_tune500:bridge_ijepa_w1qf_bf16_v1_ep4,tune_500_qids,ijepa,qformer32,none,relate,175,exact_full,31.428571,13.714286,17.714286,outputs/eval/tuning/bridge_ijepa_w1qf_bf16_v1_ep4__corrected_chatml_v1_eos__tune_500_qids__image_only__direct_records.json
corrected_tune500:bridge_ijepa_w1qf_bf16_v1_ep4::bridge_ijepa_w1qf_bf16_v1_ep4__corrected_chatml_v1_eos__tune_500_qids__image_only__direct::vqa_soft,corrected_chatml_v1_eos,corrected_tune500:bridge_ijepa_w1qf_bf16_v1_ep4,tune_500_qids,ijepa,qformer32,none,choose,52,vqa_soft,59.615385,63.461538,-3.846154,outputs/eval/tuning/bridge_ijepa_w1qf_bf16_v1_ep4__corrected_chatml_v1_eos__tune_500_qids__image_only__direct_records.json
corrected_tune500:bridge_ijepa_w1qf_bf16_v1_ep4::bridge_ijepa_w1qf_bf16_v1_ep4__corrected_chatml_v1_eos__tune_500_qids__image_only__direct::vqa_soft,corrected_chatml_v1_eos,corrected_tune500:bridge_ijepa_w1qf_bf16_v1_ep4,tune_500_qids,ijepa,qformer32,none,compare,18,vqa_soft,38.888889,44.444444,-5.555556,outputs/eval/tuning/bridge_ijepa_w1qf_bf16_v1_ep4__corrected_chatml_v1_eos__tune_500_qids__image_only__direct_records.json
corrected_tune500:bridge_ijepa_w1qf_bf16_v1_ep4::bridge_ijepa_w1qf_bf16_v1_ep4__corrected_chatml_v1_eos__tune_500_qids__image_only__direct::vqa_soft,corrected_chatml_v1_eos,corrected_tune500:bridge_ijepa_w1qf_bf16_v1_ep4,tune_500_qids,ijepa,qformer32,none,exist,98,vqa_soft,56.122449,47.959184,8.163265,outputs/eval/tuning/bridge_ijepa_w1qf_bf16_v1_ep4__corrected_chatml_v1_eos__tune_500_qids__image_only__direct_records.json
corrected_tune500:bridge_ijepa_w1qf_bf16_v1_ep4::bridge_ijepa_w1qf_bf16_v1_ep4__corrected_chatml_v1_eos__tune_500_qids__image_only__direct::vqa_soft,corrected_chatml_v1_eos,corrected_tune500:bridge_ijepa_w1qf_bf16_v1_ep4,tune_500_qids,ijepa,qformer32,none,other,157,vqa_soft,43.312102,33.757962,9.55414,outputs/eval/tuning/bridge_ijepa_w1qf_bf16_v1_ep4__corrected_chatml_v1_eos__tune_500_qids__image_only__direct_records.json
corrected_tune500:bridge_ijepa_w1qf_bf16_v1_ep4::bridge_ijepa_w1qf_bf16_v1_ep4__corrected_chatml_v1_eos__tune_500_qids__image_only__direct::vqa_soft,corrected_chatml_v1_eos,corrected_tune500:bridge_ijepa_w1qf_bf16_v1_ep4,tune_500_qids,ijepa,qformer32,none,relate,175,vqa_soft,33.142857,14.285714,18.857143,outputs/eval/tuning/bridge_ijepa_w1qf_bf16_v1_ep4__corrected_chatml_v1_eos__tune_500_qids__image_only__direct_records.json
corrected_tune500:bridge_ijepa_w1qf_bf16_v1_ep4::bridge_ijepa_w1qf_bf16_v1_ep4__corrected_chatml_v1_eos__tune_500_qids__image_only__direct__blackwell::exact,corrected_chatml_v1_eos,corrected_tune500:bridge_ijepa_w1qf_bf16_v1_ep4,tune_500_qids,ijepa,qformer32,none,choose,52,exact,59.615385,63.461538,-3.846154,outputs/eval/tuning/bridge_ijepa_w1qf_bf16_v1_ep4__corrected_chatml_v1_eos__tune_500_qids__image_only__direct__blackwell_records.json
corrected_tune500:bridge_ijepa_w1qf_bf16_v1_ep4::bridge_ijepa_w1qf_bf16_v1_ep4__corrected_chatml_v1_eos__tune_500_qids__image_only__direct__blackwell::exact,corrected_chatml_v1_eos,corrected_tune500:bridge_ijepa_w1qf_bf16_v1_ep4,tune_500_qids,ijepa,qformer32,none,compare,18,exact,38.888889,33.333333,5.555556,outputs/eval/tuning/bridge_ijepa_w1qf_bf16_v1_ep4__corrected_chatml_v1_eos__tune_500_qids__image_only__direct__blackwell_records.json
corrected_tune500:bridge_ijepa_w1qf_bf16_v1_ep4::bridge_ijepa_w1qf_bf16_v1_ep4__corrected_chatml_v1_eos__tune_500_qids__image_only__direct__blackwell::exact,corrected_chatml_v1_eos,corrected_tune500:bridge_ijepa_w1qf_bf16_v1_ep4,tune_500_qids,ijepa,qformer32,none,exist,98,exact,55.102041,41.836735,13.265306,outputs/eval/tuning/bridge_ijepa_w1qf_bf16_v1_ep4__corrected_chatml_v1_eos__tune_500_qids__image_only__direct__blackwell_records.json
corrected_tune500:bridge_ijepa_w1qf_bf16_v1_ep4::bridge_ijepa_w1qf_bf16_v1_ep4__corrected_chatml_v1_eos__tune_500_qids__image_only__direct__blackwell::exact,corrected_chatml_v1_eos,corrected_tune500:bridge_ijepa_w1qf_bf16_v1_ep4,tune_500_qids,ijepa,qformer32,none,other,157,exact,42.038217,32.484076,9.55414,outputs/eval/tuning/bridge_ijepa_w1qf_bf16_v1_ep4__corrected_chatml_v1_eos__tune_500_qids__image_only__direct__blackwell_records.json
corrected_tune500:bridge_ijepa_w1qf_bf16_v1_ep4::bridge_ijepa_w1qf_bf16_v1_ep4__corrected_chatml_v1_eos__tune_500_qids__image_only__direct__blackwell::exact,corrected_chatml_v1_eos,corrected_tune500:bridge_ijepa_w1qf_bf16_v1_ep4,tune_500_qids,ijepa,qformer32,none,relate,175,exact,31.428571,13.714286,17.714286,outputs/eval/tuning/bridge_ijepa_w1qf_bf16_v1_ep4__corrected_chatml_v1_eos__tune_500_qids__image_only__direct__blackwell_records.json
corrected_tune500:bridge_ijepa_w1qf_bf16_v1_ep4::bridge_ijepa_w1qf_bf16_v1_ep4__corrected_chatml_v1_eos__tune_500_qids__image_only__direct__blackwell::exact_full,corrected_chatml_v1_eos,corrected_tune500:bridge_ijepa_w1qf_bf16_v1_ep4,tune_500_qids,ijepa,qformer32,none,choose,52,exact_full,59.615385,63.461538,-3.846154,outputs/eval/tuning/bridge_ijepa_w1qf_bf16_v1_ep4__corrected_chatml_v1_eos__tune_500_qids__image_only__direct__blackwell_records.json
corrected_tune500:bridge_ijepa_w1qf_bf16_v1_ep4::bridge_ijepa_w1qf_bf16_v1_ep4__corrected_chatml_v1_eos__tune_500_qids__image_only__direct__blackwell::exact_full,corrected_chatml_v1_eos,corrected_tune500:bridge_ijepa_w1qf_bf16_v1_ep4,tune_500_qids,ijepa,qformer32,none,compare,18,exact_full,38.888889,33.333333,5.555556,outputs/eval/tuning/bridge_ijepa_w1qf_bf16_v1_ep4__corrected_chatml_v1_eos__tune_500_qids__image_only__direct__blackwell_records.json
corrected_tune500:bridge_ijepa_w1qf_bf16_v1_ep4::bridge_ijepa_w1qf_bf16_v1_ep4__corrected_chatml_v1_eos__tune_500_qids__image_only__direct__blackwell::exact_full,corrected_chatml_v1_eos,corrected_tune500:bridge_ijepa_w1qf_bf16_v1_ep4,tune_500_qids,ijepa,qformer32,none,exist,98,exact_full,55.102041,41.836735,13.265306,outputs/eval/tuning/bridge_ijepa_w1qf_bf16_v1_ep4__corrected_chatml_v1_eos__tune_500_qids__image_only__direct__blackwell_records.json
corrected_tune500:bridge_ijepa_w1qf_bf16_v1_ep4::bridge_ijepa_w1qf_bf16_v1_ep4__corrected_chatml_v1_eos__tune_500_qids__image_only__direct__blackwell::exact_full,corrected_chatml_v1_eos,corrected_tune500:bridge_ijepa_w1qf_bf16_v1_ep4,tune_500_qids,ijepa,qformer32,none,other,157,exact_full,42.038217,32.484076,9.55414,outputs/eval/tuning/bridge_ijepa_w1qf_bf16_v1_ep4__corrected_chatml_v1_eos__tune_500_qids__image_only__direct__blackwell_records.json
corrected_tune500:bridge_ijepa_w1qf_bf16_v1_ep4::bridge_ijepa_w1qf_bf16_v1_ep4__corrected_chatml_v1_eos__tune_500_qids__image_only__direct__blackwell::exact_full,corrected_chatml_v1_eos,corrected_tune500:bridge_ijepa_w1qf_bf16_v1_ep4,tune_500_qids,ijepa,qformer32,none,relate,175,exact_full,31.428571,13.714286,17.714286,outputs/eval/tuning/bridge_ijepa_w1qf_bf16_v1_ep4__corrected_chatml_v1_eos__tune_500_qids__image_only__direct__blackwell_records.json
corrected_tune500:bridge_ijepa_w1qf_bf16_v1_ep4::bridge_ijepa_w1qf_bf16_v1_ep4__corrected_chatml_v1_eos__tune_500_qids__image_only__direct__blackwell::vqa_soft,corrected_chatml_v1_eos,corrected_tune500:bridge_ijepa_w1qf_bf16_v1_ep4,tune_500_qids,ijepa,qformer32,none,choose,52,vqa_soft,59.615385,65.384615,-5.769231,outputs/eval/tuning/bridge_ijepa_w1qf_bf16_v1_ep4__corrected_chatml_v1_eos__tune_500_qids__image_only__direct__blackwell_records.json
corrected_tune500:bridge_ijepa_w1qf_bf16_v1_ep4::bridge_ijepa_w1qf_bf16_v1_ep4__corrected_chatml_v1_eos__tune_500_qids__image_only__direct__blackwell::vqa_soft,corrected_chatml_v1_eos,corrected_tune500:bridge_ijepa_w1qf_bf16_v1_ep4,tune_500_qids,ijepa,qformer32,none,compare,18,vqa_soft,38.888889,44.444444,-5.555556,outputs/eval/tuning/bridge_ijepa_w1qf_bf16_v1_ep4__corrected_chatml_v1_eos__tune_500_qids__image_only__direct__blackwell_records.json
corrected_tune500:bridge_ijepa_w1qf_bf16_v1_ep4::bridge_ijepa_w1qf_bf16_v1_ep4__corrected_chatml_v1_eos__tune_500_qids__image_only__direct__blackwell::vqa_soft,corrected_chatml_v1_eos,corrected_tune500:bridge_ijepa_w1qf_bf16_v1_ep4,tune_500_qids,ijepa,qformer32,none,exist,98,vqa_soft,55.102041,48.979592,6.122449,outputs/eval/tuning/bridge_ijepa_w1qf_bf16_v1_ep4__corrected_chatml_v1_eos__tune_500_qids__image_only__direct__blackwell_records.json
corrected_tune500:bridge_ijepa_w1qf_bf16_v1_ep4::bridge_ijepa_w1qf_bf16_v1_ep4__corrected_chatml_v1_eos__tune_500_qids__image_only__direct__blackwell::vqa_soft,corrected_chatml_v1_eos,corrected_tune500:bridge_ijepa_w1qf_bf16_v1_ep4,tune_500_qids,ijepa,qformer32,none,other,157,vqa_soft,42.038217,34.394904,7.643312,outputs/eval/tuning/bridge_ijepa_w1qf_bf16_v1_ep4__corrected_chatml_v1_eos__tune_500_qids__image_only__direct__blackwell_records.json
corrected_tune500:bridge_ijepa_w1qf_bf16_v1_ep4::bridge_ijepa_w1qf_bf16_v1_ep4__corrected_chatml_v1_eos__tune_500_qids__image_only__direct__blackwell::vqa_soft,corrected_chatml_v1_eos,corrected_tune500:bridge_ijepa_w1qf_bf16_v1_ep4,tune_500_qids,ijepa,qformer32,none,relate,175,vqa_soft,33.142857,14.285714,18.857143,outputs/eval/tuning/bridge_ijepa_w1qf_bf16_v1_ep4__corrected_chatml_v1_eos__tune_500_qids__image_only__direct__blackwell_records.json
corrected_tune500:bridge_ijepa_w1qf_bf16_v1_ep5::bridge_ijepa_w1qf_bf16_v1_ep5__corrected_chatml_v1_eos__tune_500_qids__image_only__direct::exact,corrected_chatml_v1_eos,corrected_tune500:bridge_ijepa_w1qf_bf16_v1_ep5,tune_500_qids,ijepa,qformer32,none,choose,52,exact,53.846154,61.538462,-7.692308,outputs/eval/tuning/bridge_ijepa_w1qf_bf16_v1_ep5__corrected_chatml_v1_eos__tune_500_qids__image_only__direct_records.json
corrected_tune500:bridge_ijepa_w1qf_bf16_v1_ep5::bridge_ijepa_w1qf_bf16_v1_ep5__corrected_chatml_v1_eos__tune_500_qids__image_only__direct::exact,corrected_chatml_v1_eos,corrected_tune500:bridge_ijepa_w1qf_bf16_v1_ep5,tune_500_qids,ijepa,qformer32,none,compare,18,exact,38.888889,33.333333,5.555556,outputs/eval/tuning/bridge_ijepa_w1qf_bf16_v1_ep5__corrected_chatml_v1_eos__tune_500_qids__image_only__direct_records.json
corrected_tune500:bridge_ijepa_w1qf_bf16_v1_ep5::bridge_ijepa_w1qf_bf16_v1_ep5__corrected_chatml_v1_eos__tune_500_qids__image_only__direct::exact,corrected_chatml_v1_eos,corrected_tune500:bridge_ijepa_w1qf_bf16_v1_ep5,tune_500_qids,ijepa,qformer32,none,exist,98,exact,56.122449,42.857143,13.265306,outputs/eval/tuning/bridge_ijepa_w1qf_bf16_v1_ep5__corrected_chatml_v1_eos__tune_500_qids__image_only__direct_records.json
corrected_tune500:bridge_ijepa_w1qf_bf16_v1_ep5::bridge_ijepa_w1qf_bf16_v1_ep5__corrected_chatml_v1_eos__tune_500_qids__image_only__direct::exact,corrected_chatml_v1_eos,corrected_tune500:bridge_ijepa_w1qf_bf16_v1_ep5,tune_500_qids,ijepa,qformer32,none,other,157,exact,42.675159,31.210191,11.464968,outputs/eval/tuning/bridge_ijepa_w1qf_bf16_v1_ep5__corrected_chatml_v1_eos__tune_500_qids__image_only__direct_records.json
corrected_tune500:bridge_ijepa_w1qf_bf16_v1_ep5::bridge_ijepa_w1qf_bf16_v1_ep5__corrected_chatml_v1_eos__tune_500_qids__image_only__direct::exact,corrected_chatml_v1_eos,corrected_tune500:bridge_ijepa_w1qf_bf16_v1_ep5,tune_500_qids,ijepa,qformer32,none,relate,175,exact,31.428571,13.714286,17.714286,outputs/eval/tuning/bridge_ijepa_w1qf_bf16_v1_ep5__corrected_chatml_v1_eos__tune_500_qids__image_only__direct_records.json
corrected_tune500:bridge_ijepa_w1qf_bf16_v1_ep5::bridge_ijepa_w1qf_bf16_v1_ep5__corrected_chatml_v1_eos__tune_500_qids__image_only__direct::exact_full,corrected_chatml_v1_eos,corrected_tune500:bridge_ijepa_w1qf_bf16_v1_ep5,tune_500_qids,ijepa,qformer32,none,choose,52,exact_full,53.846154,61.538462,-7.692308,outputs/eval/tuning/bridge_ijepa_w1qf_bf16_v1_ep5__corrected_chatml_v1_eos__tune_500_qids__image_only__direct_records.json
corrected_tune500:bridge_ijepa_w1qf_bf16_v1_ep5::bridge_ijepa_w1qf_bf16_v1_ep5__corrected_chatml_v1_eos__tune_500_qids__image_only__direct::exact_full,corrected_chatml_v1_eos,corrected_tune500:bridge_ijepa_w1qf_bf16_v1_ep5,tune_500_qids,ijepa,qformer32,none,compare,18,exact_full,38.888889,33.333333,5.555556,outputs/eval/tuning/bridge_ijepa_w1qf_bf16_v1_ep5__corrected_chatml_v1_eos__tune_500_qids__image_only__direct_records.json
corrected_tune500:bridge_ijepa_w1qf_bf16_v1_ep5::bridge_ijepa_w1qf_bf16_v1_ep5__corrected_chatml_v1_eos__tune_500_qids__image_only__direct::exact_full,corrected_chatml_v1_eos,corrected_tune500:bridge_ijepa_w1qf_bf16_v1_ep5,tune_500_qids,ijepa,qformer32,none,exist,98,exact_full,56.122449,42.857143,13.265306,outputs/eval/tuning/bridge_ijepa_w1qf_bf16_v1_ep5__corrected_chatml_v1_eos__tune_500_qids__image_only__direct_records.json
corrected_tune500:bridge_ijepa_w1qf_bf16_v1_ep5::bridge_ijepa_w1qf_bf16_v1_ep5__corrected_chatml_v1_eos__tune_500_qids__image_only__direct::exact_full,corrected_chatml_v1_eos,corrected_tune500:bridge_ijepa_w1qf_bf16_v1_ep5,tune_500_qids,ijepa,qformer32,none,other,157,exact_full,42.675159,31.210191,11.464968,outputs/eval/tuning/bridge_ijepa_w1qf_bf16_v1_ep5__corrected_chatml_v1_eos__tune_500_qids__image_only__direct_records.json
corrected_tune500:bridge_ijepa_w1qf_bf16_v1_ep5::bridge_ijepa_w1qf_bf16_v1_ep5__corrected_chatml_v1_eos__tune_500_qids__image_only__direct::exact_full,corrected_chatml_v1_eos,corrected_tune500:bridge_ijepa_w1qf_bf16_v1_ep5,tune_500_qids,ijepa,qformer32,none,relate,175,exact_full,31.428571,13.714286,17.714286,outputs/eval/tuning/bridge_ijepa_w1qf_bf16_v1_ep5__corrected_chatml_v1_eos__tune_500_qids__image_only__direct_records.json
corrected_tune500:bridge_ijepa_w1qf_bf16_v1_ep5::bridge_ijepa_w1qf_bf16_v1_ep5__corrected_chatml_v1_eos__tune_500_qids__image_only__direct::vqa_soft,corrected_chatml_v1_eos,corrected_tune500:bridge_ijepa_w1qf_bf16_v1_ep5,tune_500_qids,ijepa,qformer32,none,choose,52,vqa_soft,53.846154,63.461538,-9.615385,outputs/eval/tuning/bridge_ijepa_w1qf_bf16_v1_ep5__corrected_chatml_v1_eos__tune_500_qids__image_only__direct_records.json
corrected_tune500:bridge_ijepa_w1qf_bf16_v1_ep5::bridge_ijepa_w1qf_bf16_v1_ep5__corrected_chatml_v1_eos__tune_500_qids__image_only__direct::vqa_soft,corrected_chatml_v1_eos,corrected_tune500:bridge_ijepa_w1qf_bf16_v1_ep5,tune_500_qids,ijepa,qformer32,none,compare,18,vqa_soft,38.888889,44.444444,-5.555556,outputs/eval/tuning/bridge_ijepa_w1qf_bf16_v1_ep5__corrected_chatml_v1_eos__tune_500_qids__image_only__direct_records.json
corrected_tune500:bridge_ijepa_w1qf_bf16_v1_ep5::bridge_ijepa_w1qf_bf16_v1_ep5__corrected_chatml_v1_eos__tune_500_qids__image_only__direct::vqa_soft,corrected_chatml_v1_eos,corrected_tune500:bridge_ijepa_w1qf_bf16_v1_ep5,tune_500_qids,ijepa,qformer32,none,exist,98,vqa_soft,56.122449,47.959184,8.163265,outputs/eval/tuning/bridge_ijepa_w1qf_bf16_v1_ep5__corrected_chatml_v1_eos__tune_500_qids__image_only__direct_records.json
corrected_tune500:bridge_ijepa_w1qf_bf16_v1_ep5::bridge_ijepa_w1qf_bf16_v1_ep5__corrected_chatml_v1_eos__tune_500_qids__image_only__direct::vqa_soft,corrected_chatml_v1_eos,corrected_tune500:bridge_ijepa_w1qf_bf16_v1_ep5,tune_500_qids,ijepa,qformer32,none,other,157,vqa_soft,42.675159,33.757962,8.917197,outputs/eval/tuning/bridge_ijepa_w1qf_bf16_v1_ep5__corrected_chatml_v1_eos__tune_500_qids__image_only__direct_records.json
corrected_tune500:bridge_ijepa_w1qf_bf16_v1_ep5::bridge_ijepa_w1qf_bf16_v1_ep5__corrected_chatml_v1_eos__tune_500_qids__image_only__direct::vqa_soft,corrected_chatml_v1_eos,corrected_tune500:bridge_ijepa_w1qf_bf16_v1_ep5,tune_500_qids,ijepa,qformer32,none,relate,175,vqa_soft,32.571429,14.285714,18.285714,outputs/eval/tuning/bridge_ijepa_w1qf_bf16_v1_ep5__corrected_chatml_v1_eos__tune_500_qids__image_only__direct_records.json
corrected_tune500:bridge_ijepa_w1qf_bf16_v1_ep5::bridge_ijepa_w1qf_bf16_v1_ep5__corrected_chatml_v1_eos__tune_500_qids__image_only__direct__blackwell::exact,corrected_chatml_v1_eos,corrected_tune500:bridge_ijepa_w1qf_bf16_v1_ep5,tune_500_qids,ijepa,qformer32,none,choose,52,exact,57.692308,63.461538,-5.769231,outputs/eval/tuning/bridge_ijepa_w1qf_bf16_v1_ep5__corrected_chatml_v1_eos__tune_500_qids__image_only__direct__blackwell_records.json
corrected_tune500:bridge_ijepa_w1qf_bf16_v1_ep5::bridge_ijepa_w1qf_bf16_v1_ep5__corrected_chatml_v1_eos__tune_500_qids__image_only__direct__blackwell::exact,corrected_chatml_v1_eos,corrected_tune500:bridge_ijepa_w1qf_bf16_v1_ep5,tune_500_qids,ijepa,qformer32,none,compare,18,exact,38.888889,33.333333,5.555556,outputs/eval/tuning/bridge_ijepa_w1qf_bf16_v1_ep5__corrected_chatml_v1_eos__tune_500_qids__image_only__direct__blackwell_records.json
corrected_tune500:bridge_ijepa_w1qf_bf16_v1_ep5::bridge_ijepa_w1qf_bf16_v1_ep5__corrected_chatml_v1_eos__tune_500_qids__image_only__direct__blackwell::exact,corrected_chatml_v1_eos,corrected_tune500:bridge_ijepa_w1qf_bf16_v1_ep5,tune_500_qids,ijepa,qformer32,none,exist,98,exact,55.102041,41.836735,13.265306,outputs/eval/tuning/bridge_ijepa_w1qf_bf16_v1_ep5__corrected_chatml_v1_eos__tune_500_qids__image_only__direct__blackwell_records.json
corrected_tune500:bridge_ijepa_w1qf_bf16_v1_ep5::bridge_ijepa_w1qf_bf16_v1_ep5__corrected_chatml_v1_eos__tune_500_qids__image_only__direct__blackwell::exact,corrected_chatml_v1_eos,corrected_tune500:bridge_ijepa_w1qf_bf16_v1_ep5,tune_500_qids,ijepa,qformer32,none,other,157,exact,42.038217,32.484076,9.55414,outputs/eval/tuning/bridge_ijepa_w1qf_bf16_v1_ep5__corrected_chatml_v1_eos__tune_500_qids__image_only__direct__blackwell_records.json
corrected_tune500:bridge_ijepa_w1qf_bf16_v1_ep5::bridge_ijepa_w1qf_bf16_v1_ep5__corrected_chatml_v1_eos__tune_500_qids__image_only__direct__blackwell::exact,corrected_chatml_v1_eos,corrected_tune500:bridge_ijepa_w1qf_bf16_v1_ep5,tune_500_qids,ijepa,qformer32,none,relate,175,exact,31.428571,13.714286,17.714286,outputs/eval/tuning/bridge_ijepa_w1qf_bf16_v1_ep5__corrected_chatml_v1_eos__tune_500_qids__image_only__direct__blackwell_records.json
corrected_tune500:bridge_ijepa_w1qf_bf16_v1_ep5::bridge_ijepa_w1qf_bf16_v1_ep5__corrected_chatml_v1_eos__tune_500_qids__image_only__direct__blackwell::exact_full,corrected_chatml_v1_eos,corrected_tune500:bridge_ijepa_w1qf_bf16_v1_ep5,tune_500_qids,ijepa,qformer32,none,choose,52,exact_full,57.692308,63.461538,-5.769231,outputs/eval/tuning/bridge_ijepa_w1qf_bf16_v1_ep5__corrected_chatml_v1_eos__tune_500_qids__image_only__direct__blackwell_records.json
corrected_tune500:bridge_ijepa_w1qf_bf16_v1_ep5::bridge_ijepa_w1qf_bf16_v1_ep5__corrected_chatml_v1_eos__tune_500_qids__image_only__direct__blackwell::exact_full,corrected_chatml_v1_eos,corrected_tune500:bridge_ijepa_w1qf_bf16_v1_ep5,tune_500_qids,ijepa,qformer32,none,compare,18,exact_full,38.888889,33.333333,5.555556,outputs/eval/tuning/bridge_ijepa_w1qf_bf16_v1_ep5__corrected_chatml_v1_eos__tune_500_qids__image_only__direct__blackwell_records.json
corrected_tune500:bridge_ijepa_w1qf_bf16_v1_ep5::bridge_ijepa_w1qf_bf16_v1_ep5__corrected_chatml_v1_eos__tune_500_qids__image_only__direct__blackwell::exact_full,corrected_chatml_v1_eos,corrected_tune500:bridge_ijepa_w1qf_bf16_v1_ep5,tune_500_qids,ijepa,qformer32,none,exist,98,exact_full,55.102041,41.836735,13.265306,outputs/eval/tuning/bridge_ijepa_w1qf_bf16_v1_ep5__corrected_chatml_v1_eos__tune_500_qids__image_only__direct__blackwell_records.json
corrected_tune500:bridge_ijepa_w1qf_bf16_v1_ep5::bridge_ijepa_w1qf_bf16_v1_ep5__corrected_chatml_v1_eos__tune_500_qids__image_only__direct__blackwell::exact_full,corrected_chatml_v1_eos,corrected_tune500:bridge_ijepa_w1qf_bf16_v1_ep5,tune_500_qids,ijepa,qformer32,none,other,157,exact_full,42.038217,32.484076,9.55414,outputs/eval/tuning/bridge_ijepa_w1qf_bf16_v1_ep5__corrected_chatml_v1_eos__tune_500_qids__image_only__direct__blackwell_records.json
corrected_tune500:bridge_ijepa_w1qf_bf16_v1_ep5::bridge_ijepa_w1qf_bf16_v1_ep5__corrected_chatml_v1_eos__tune_500_qids__image_only__direct__blackwell::exact_full,corrected_chatml_v1_eos,corrected_tune500:bridge_ijepa_w1qf_bf16_v1_ep5,tune_500_qids,ijepa,qformer32,none,relate,175,exact_full,31.428571,13.714286,17.714286,outputs/eval/tuning/bridge_ijepa_w1qf_bf16_v1_ep5__corrected_chatml_v1_eos__tune_500_qids__image_only__direct__blackwell_records.json
corrected_tune500:bridge_ijepa_w1qf_bf16_v1_ep5::bridge_ijepa_w1qf_bf16_v1_ep5__corrected_chatml_v1_eos__tune_500_qids__image_only__direct__blackwell::vqa_soft,corrected_chatml_v1_eos,corrected_tune500:bridge_ijepa_w1qf_bf16_v1_ep5,tune_500_qids,ijepa,qformer32,none,choose,52,vqa_soft,57.692308,65.384615,-7.692308,outputs/eval/tuning/bridge_ijepa_w1qf_bf16_v1_ep5__corrected_chatml_v1_eos__tune_500_qids__image_only__direct__blackwell_records.json
corrected_tune500:bridge_ijepa_w1qf_bf16_v1_ep5::bridge_ijepa_w1qf_bf16_v1_ep5__corrected_chatml_v1_eos__tune_500_qids__image_only__direct__blackwell::vqa_soft,corrected_chatml_v1_eos,corrected_tune500:bridge_ijepa_w1qf_bf16_v1_ep5,tune_500_qids,ijepa,qformer32,none,compare,18,vqa_soft,38.888889,44.444444,-5.555556,outputs/eval/tuning/bridge_ijepa_w1qf_bf16_v1_ep5__corrected_chatml_v1_eos__tune_500_qids__image_only__direct__blackwell_records.json
corrected_tune500:bridge_ijepa_w1qf_bf16_v1_ep5::bridge_ijepa_w1qf_bf16_v1_ep5__corrected_chatml_v1_eos__tune_500_qids__image_only__direct__blackwell::vqa_soft,corrected_chatml_v1_eos,corrected_tune500:bridge_ijepa_w1qf_bf16_v1_ep5,tune_500_qids,ijepa,qformer32,none,exist,98,vqa_soft,55.102041,48.979592,6.122449,outputs/eval/tuning/bridge_ijepa_w1qf_bf16_v1_ep5__corrected_chatml_v1_eos__tune_500_qids__image_only__direct__blackwell_records.json
corrected_tune500:bridge_ijepa_w1qf_bf16_v1_ep5::bridge_ijepa_w1qf_bf16_v1_ep5__corrected_chatml_v1_eos__tune_500_qids__image_only__direct__blackwell::vqa_soft,corrected_chatml_v1_eos,corrected_tune500:bridge_ijepa_w1qf_bf16_v1_ep5,tune_500_qids,ijepa,qformer32,none,other,157,vqa_soft,42.038217,34.394904,7.643312,outputs/eval/tuning/bridge_ijepa_w1qf_bf16_v1_ep5__corrected_chatml_v1_eos__tune_500_qids__image_only__direct__blackwell_records.json
corrected_tune500:bridge_ijepa_w1qf_bf16_v1_ep5::bridge_ijepa_w1qf_bf16_v1_ep5__corrected_chatml_v1_eos__tune_500_qids__image_only__direct__blackwell::vqa_soft,corrected_chatml_v1_eos,corrected_tune500:bridge_ijepa_w1qf_bf16_v1_ep5,tune_500_qids,ijepa,qformer32,none,relate,175,vqa_soft,32.571429,14.285714,18.285714,outputs/eval/tuning/bridge_ijepa_w1qf_bf16_v1_ep5__corrected_chatml_v1_eos__tune_500_qids__image_only__direct__blackwell_records.json
graph_trust_owlv2:objects_filtered::bridge_clip_w1_bf16_v1_ep5__corrected_chatml_v1_eos__tune_500_qids__image_plus_graph__direct__objects_filtered::exact,corrected_chatml_v1_eos,graph_trust_owlv2:objects_filtered,tune_500_qids,clip,mlp256,scene_graph_control,choose,52,exact,61.538462,69.230769,-7.692308,outputs/eval/graph_trust_2290580/bridge_clip_w1_bf16_v1_ep5__corrected_chatml_v1_eos__tune_500_qids__image_plus_graph__direct__objects_filtered_records.json
graph_trust_owlv2:objects_filtered::bridge_clip_w1_bf16_v1_ep5__corrected_chatml_v1_eos__tune_500_qids__image_plus_graph__direct__objects_filtered::exact,corrected_chatml_v1_eos,graph_trust_owlv2:objects_filtered,tune_500_qids,clip,mlp256,scene_graph_control,compare,18,exact,50,50,0,outputs/eval/graph_trust_2290580/bridge_clip_w1_bf16_v1_ep5__corrected_chatml_v1_eos__tune_500_qids__image_plus_graph__direct__objects_filtered_records.json
graph_trust_owlv2:objects_filtered::bridge_clip_w1_bf16_v1_ep5__corrected_chatml_v1_eos__tune_500_qids__image_plus_graph__direct__objects_filtered::exact,corrected_chatml_v1_eos,graph_trust_owlv2:objects_filtered,tune_500_qids,clip,mlp256,scene_graph_control,exist,98,exact,66.326531,66.326531,0,outputs/eval/graph_trust_2290580/bridge_clip_w1_bf16_v1_ep5__corrected_chatml_v1_eos__tune_500_qids__image_plus_graph__direct__objects_filtered_records.json
graph_trust_owlv2:objects_filtered::bridge_clip_w1_bf16_v1_ep5__corrected_chatml_v1_eos__tune_500_qids__image_plus_graph__direct__objects_filtered::exact,corrected_chatml_v1_eos,graph_trust_owlv2:objects_filtered,tune_500_qids,clip,mlp256,scene_graph_control,other,157,exact,57.324841,50.955414,6.369427,outputs/eval/graph_trust_2290580/bridge_clip_w1_bf16_v1_ep5__corrected_chatml_v1_eos__tune_500_qids__image_plus_graph__direct__objects_filtered_records.json
graph_trust_owlv2:objects_filtered::bridge_clip_w1_bf16_v1_ep5__corrected_chatml_v1_eos__tune_500_qids__image_plus_graph__direct__objects_filtered::exact,corrected_chatml_v1_eos,graph_trust_owlv2:objects_filtered,tune_500_qids,clip,mlp256,scene_graph_control,relate,175,exact,39.428571,37.142857,2.285714,outputs/eval/graph_trust_2290580/bridge_clip_w1_bf16_v1_ep5__corrected_chatml_v1_eos__tune_500_qids__image_plus_graph__direct__objects_filtered_records.json
graph_trust_owlv2:objects_filtered::bridge_clip_w1_bf16_v1_ep5__corrected_chatml_v1_eos__tune_500_qids__image_plus_graph__direct__objects_filtered::exact_full,corrected_chatml_v1_eos,graph_trust_owlv2:objects_filtered,tune_500_qids,clip,mlp256,scene_graph_control,choose,52,exact_full,61.538462,69.230769,-7.692308,outputs/eval/graph_trust_2290580/bridge_clip_w1_bf16_v1_ep5__corrected_chatml_v1_eos__tune_500_qids__image_plus_graph__direct__objects_filtered_records.json
graph_trust_owlv2:objects_filtered::bridge_clip_w1_bf16_v1_ep5__corrected_chatml_v1_eos__tune_500_qids__image_plus_graph__direct__objects_filtered::exact_full,corrected_chatml_v1_eos,graph_trust_owlv2:objects_filtered,tune_500_qids,clip,mlp256,scene_graph_control,compare,18,exact_full,50,50,0,outputs/eval/graph_trust_2290580/bridge_clip_w1_bf16_v1_ep5__corrected_chatml_v1_eos__tune_500_qids__image_plus_graph__direct__objects_filtered_records.json
graph_trust_owlv2:objects_filtered::bridge_clip_w1_bf16_v1_ep5__corrected_chatml_v1_eos__tune_500_qids__image_plus_graph__direct__objects_filtered::exact_full,corrected_chatml_v1_eos,graph_trust_owlv2:objects_filtered,tune_500_qids,clip,mlp256,scene_graph_control,exist,98,exact_full,66.326531,66.326531,0,outputs/eval/graph_trust_2290580/bridge_clip_w1_bf16_v1_ep5__corrected_chatml_v1_eos__tune_500_qids__image_plus_graph__direct__objects_filtered_records.json
graph_trust_owlv2:objects_filtered::bridge_clip_w1_bf16_v1_ep5__corrected_chatml_v1_eos__tune_500_qids__image_plus_graph__direct__objects_filtered::exact_full,corrected_chatml_v1_eos,graph_trust_owlv2:objects_filtered,tune_500_qids,clip,mlp256,scene_graph_control,other,157,exact_full,57.324841,50.955414,6.369427,outputs/eval/graph_trust_2290580/bridge_clip_w1_bf16_v1_ep5__corrected_chatml_v1_eos__tune_500_qids__image_plus_graph__direct__objects_filtered_records.json
graph_trust_owlv2:objects_filtered::bridge_clip_w1_bf16_v1_ep5__corrected_chatml_v1_eos__tune_500_qids__image_plus_graph__direct__objects_filtered::exact_full,corrected_chatml_v1_eos,graph_trust_owlv2:objects_filtered,tune_500_qids,clip,mlp256,scene_graph_control,relate,175,exact_full,39.428571,37.142857,2.285714,outputs/eval/graph_trust_2290580/bridge_clip_w1_bf16_v1_ep5__corrected_chatml_v1_eos__tune_500_qids__image_plus_graph__direct__objects_filtered_records.json
graph_trust_owlv2:objects_filtered::bridge_clip_w1_bf16_v1_ep5__corrected_chatml_v1_eos__tune_500_qids__image_plus_graph__direct__objects_filtered::vqa_soft,corrected_chatml_v1_eos,graph_trust_owlv2:objects_filtered,tune_500_qids,clip,mlp256,scene_graph_control,choose,52,vqa_soft,61.538462,69.230769,-7.692308,outputs/eval/graph_trust_2290580/bridge_clip_w1_bf16_v1_ep5__corrected_chatml_v1_eos__tune_500_qids__image_plus_graph__direct__objects_filtered_records.json
graph_trust_owlv2:objects_filtered::bridge_clip_w1_bf16_v1_ep5__corrected_chatml_v1_eos__tune_500_qids__image_plus_graph__direct__objects_filtered::vqa_soft,corrected_chatml_v1_eos,graph_trust_owlv2:objects_filtered,tune_500_qids,clip,mlp256,scene_graph_control,compare,18,vqa_soft,50,50,0,outputs/eval/graph_trust_2290580/bridge_clip_w1_bf16_v1_ep5__corrected_chatml_v1_eos__tune_500_qids__image_plus_graph__direct__objects_filtered_records.json
graph_trust_owlv2:objects_filtered::bridge_clip_w1_bf16_v1_ep5__corrected_chatml_v1_eos__tune_500_qids__image_plus_graph__direct__objects_filtered::vqa_soft,corrected_chatml_v1_eos,graph_trust_owlv2:objects_filtered,tune_500_qids,clip,mlp256,scene_graph_control,exist,98,vqa_soft,66.326531,66.326531,0,outputs/eval/graph_trust_2290580/bridge_clip_w1_bf16_v1_ep5__corrected_chatml_v1_eos__tune_500_qids__image_plus_graph__direct__objects_filtered_records.json
graph_trust_owlv2:objects_filtered::bridge_clip_w1_bf16_v1_ep5__corrected_chatml_v1_eos__tune_500_qids__image_plus_graph__direct__objects_filtered::vqa_soft,corrected_chatml_v1_eos,graph_trust_owlv2:objects_filtered,tune_500_qids,clip,mlp256,scene_graph_control,other,157,vqa_soft,57.324841,50.955414,6.369427,outputs/eval/graph_trust_2290580/bridge_clip_w1_bf16_v1_ep5__corrected_chatml_v1_eos__tune_500_qids__image_plus_graph__direct__objects_filtered_records.json
graph_trust_owlv2:objects_filtered::bridge_clip_w1_bf16_v1_ep5__corrected_chatml_v1_eos__tune_500_qids__image_plus_graph__direct__objects_filtered::vqa_soft,corrected_chatml_v1_eos,graph_trust_owlv2:objects_filtered,tune_500_qids,clip,mlp256,scene_graph_control,relate,175,vqa_soft,40.571429,37.714286,2.857143,outputs/eval/graph_trust_2290580/bridge_clip_w1_bf16_v1_ep5__corrected_chatml_v1_eos__tune_500_qids__image_plus_graph__direct__objects_filtered_records.json
graph_trust_owlv2:objects_only::bridge_clip_w1_bf16_v1_ep5__corrected_chatml_v1_eos__tune_500_qids__image_plus_graph__direct__objects_only::exact,corrected_chatml_v1_eos,graph_trust_owlv2:objects_only,tune_500_qids,clip,mlp256,scene_graph_control,choose,52,exact,65.384615,69.230769,-3.846154,outputs/eval/graph_trust_2290580/bridge_clip_w1_bf16_v1_ep5__corrected_chatml_v1_eos__tune_500_qids__image_plus_graph__direct__objects_only_records.json
graph_trust_owlv2:objects_only::bridge_clip_w1_bf16_v1_ep5__corrected_chatml_v1_eos__tune_500_qids__image_plus_graph__direct__objects_only::exact,corrected_chatml_v1_eos,graph_trust_owlv2:objects_only,tune_500_qids,clip,mlp256,scene_graph_control,compare,18,exact,44.444444,50,-5.555556,outputs/eval/graph_trust_2290580/bridge_clip_w1_bf16_v1_ep5__corrected_chatml_v1_eos__tune_500_qids__image_plus_graph__direct__objects_only_records.json
graph_trust_owlv2:objects_only::bridge_clip_w1_bf16_v1_ep5__corrected_chatml_v1_eos__tune_500_qids__image_plus_graph__direct__objects_only::exact,corrected_chatml_v1_eos,graph_trust_owlv2:objects_only,tune_500_qids,clip,mlp256,scene_graph_control,exist,98,exact,62.244898,66.326531,-4.081633,outputs/eval/graph_trust_2290580/bridge_clip_w1_bf16_v1_ep5__corrected_chatml_v1_eos__tune_500_qids__image_plus_graph__direct__objects_only_records.json
graph_trust_owlv2:objects_only::bridge_clip_w1_bf16_v1_ep5__corrected_chatml_v1_eos__tune_500_qids__image_plus_graph__direct__objects_only::exact,corrected_chatml_v1_eos,graph_trust_owlv2:objects_only,tune_500_qids,clip,mlp256,scene_graph_control,other,157,exact,54.77707,50.955414,3.821656,outputs/eval/graph_trust_2290580/bridge_clip_w1_bf16_v1_ep5__corrected_chatml_v1_eos__tune_500_qids__image_plus_graph__direct__objects_only_records.json
graph_trust_owlv2:objects_only::bridge_clip_w1_bf16_v1_ep5__corrected_chatml_v1_eos__tune_500_qids__image_plus_graph__direct__objects_only::exact,corrected_chatml_v1_eos,graph_trust_owlv2:objects_only,tune_500_qids,clip,mlp256,scene_graph_control,relate,175,exact,38.285714,37.142857,1.142857,outputs/eval/graph_trust_2290580/bridge_clip_w1_bf16_v1_ep5__corrected_chatml_v1_eos__tune_500_qids__image_plus_graph__direct__objects_only_records.json
graph_trust_owlv2:objects_only::bridge_clip_w1_bf16_v1_ep5__corrected_chatml_v1_eos__tune_500_qids__image_plus_graph__direct__objects_only::exact_full,corrected_chatml_v1_eos,graph_trust_owlv2:objects_only,tune_500_qids,clip,mlp256,scene_graph_control,choose,52,exact_full,65.384615,69.230769,-3.846154,outputs/eval/graph_trust_2290580/bridge_clip_w1_bf16_v1_ep5__corrected_chatml_v1_eos__tune_500_qids__image_plus_graph__direct__objects_only_records.json
graph_trust_owlv2:objects_only::bridge_clip_w1_bf16_v1_ep5__corrected_chatml_v1_eos__tune_500_qids__image_plus_graph__direct__objects_only::exact_full,corrected_chatml_v1_eos,graph_trust_owlv2:objects_only,tune_500_qids,clip,mlp256,scene_graph_control,compare,18,exact_full,44.444444,50,-5.555556,outputs/eval/graph_trust_2290580/bridge_clip_w1_bf16_v1_ep5__corrected_chatml_v1_eos__tune_500_qids__image_plus_graph__direct__objects_only_records.json
graph_trust_owlv2:objects_only::bridge_clip_w1_bf16_v1_ep5__corrected_chatml_v1_eos__tune_500_qids__image_plus_graph__direct__objects_only::exact_full,corrected_chatml_v1_eos,graph_trust_owlv2:objects_only,tune_500_qids,clip,mlp256,scene_graph_control,exist,98,exact_full,62.244898,66.326531,-4.081633,outputs/eval/graph_trust_2290580/bridge_clip_w1_bf16_v1_ep5__corrected_chatml_v1_eos__tune_500_qids__image_plus_graph__direct__objects_only_records.json
graph_trust_owlv2:objects_only::bridge_clip_w1_bf16_v1_ep5__corrected_chatml_v1_eos__tune_500_qids__image_plus_graph__direct__objects_only::exact_full,corrected_chatml_v1_eos,graph_trust_owlv2:objects_only,tune_500_qids,clip,mlp256,scene_graph_control,other,157,exact_full,54.77707,50.955414,3.821656,outputs/eval/graph_trust_2290580/bridge_clip_w1_bf16_v1_ep5__corrected_chatml_v1_eos__tune_500_qids__image_plus_graph__direct__objects_only_records.json
graph_trust_owlv2:objects_only::bridge_clip_w1_bf16_v1_ep5__corrected_chatml_v1_eos__tune_500_qids__image_plus_graph__direct__objects_only::exact_full,corrected_chatml_v1_eos,graph_trust_owlv2:objects_only,tune_500_qids,clip,mlp256,scene_graph_control,relate,175,exact_full,38.285714,37.142857,1.142857,outputs/eval/graph_trust_2290580/bridge_clip_w1_bf16_v1_ep5__corrected_chatml_v1_eos__tune_500_qids__image_plus_graph__direct__objects_only_records.json
graph_trust_owlv2:objects_only::bridge_clip_w1_bf16_v1_ep5__corrected_chatml_v1_eos__tune_500_qids__image_plus_graph__direct__objects_only::vqa_soft,corrected_chatml_v1_eos,graph_trust_owlv2:objects_only,tune_500_qids,clip,mlp256,scene_graph_control,choose,52,vqa_soft,65.384615,69.230769,-3.846154,outputs/eval/graph_trust_2290580/bridge_clip_w1_bf16_v1_ep5__corrected_chatml_v1_eos__tune_500_qids__image_plus_graph__direct__objects_only_records.json
graph_trust_owlv2:objects_only::bridge_clip_w1_bf16_v1_ep5__corrected_chatml_v1_eos__tune_500_qids__image_plus_graph__direct__objects_only::vqa_soft,corrected_chatml_v1_eos,graph_trust_owlv2:objects_only,tune_500_qids,clip,mlp256,scene_graph_control,compare,18,vqa_soft,44.444444,50,-5.555556,outputs/eval/graph_trust_2290580/bridge_clip_w1_bf16_v1_ep5__corrected_chatml_v1_eos__tune_500_qids__image_plus_graph__direct__objects_only_records.json
graph_trust_owlv2:objects_only::bridge_clip_w1_bf16_v1_ep5__corrected_chatml_v1_eos__tune_500_qids__image_plus_graph__direct__objects_only::vqa_soft,corrected_chatml_v1_eos,graph_trust_owlv2:objects_only,tune_500_qids,clip,mlp256,scene_graph_control,exist,98,vqa_soft,62.244898,66.326531,-4.081633,outputs/eval/graph_trust_2290580/bridge_clip_w1_bf16_v1_ep5__corrected_chatml_v1_eos__tune_500_qids__image_plus_graph__direct__objects_only_records.json
graph_trust_owlv2:objects_only::bridge_clip_w1_bf16_v1_ep5__corrected_chatml_v1_eos__tune_500_qids__image_plus_graph__direct__objects_only::vqa_soft,corrected_chatml_v1_eos,graph_trust_owlv2:objects_only,tune_500_qids,clip,mlp256,scene_graph_control,other,157,vqa_soft,54.77707,50.955414,3.821656,outputs/eval/graph_trust_2290580/bridge_clip_w1_bf16_v1_ep5__corrected_chatml_v1_eos__tune_500_qids__image_plus_graph__direct__objects_only_records.json
graph_trust_owlv2:objects_only::bridge_clip_w1_bf16_v1_ep5__corrected_chatml_v1_eos__tune_500_qids__image_plus_graph__direct__objects_only::vqa_soft,corrected_chatml_v1_eos,graph_trust_owlv2:objects_only,tune_500_qids,clip,mlp256,scene_graph_control,relate,175,vqa_soft,39.428571,37.714286,1.714286,outputs/eval/graph_trust_2290580/bridge_clip_w1_bf16_v1_ep5__corrected_chatml_v1_eos__tune_500_qids__image_plus_graph__direct__objects_only_records.json
graph_trust_owlv2:oracle::bridge_clip_w1_bf16_v1_ep5__corrected_chatml_v1_eos__tune_500_qids__image_plus_graph__direct__oracle::exact,corrected_chatml_v1_eos,graph_trust_owlv2:oracle,tune_500_qids,clip,mlp256,scene_graph_oracle,choose,52,exact,78.846154,69.230769,9.615385,outputs/eval/graph_trust_2290580/bridge_clip_w1_bf16_v1_ep5__corrected_chatml_v1_eos__tune_500_qids__image_plus_graph__direct__oracle_records.json
graph_trust_owlv2:oracle::bridge_clip_w1_bf16_v1_ep5__corrected_chatml_v1_eos__tune_500_qids__image_plus_graph__direct__oracle::exact,corrected_chatml_v1_eos,graph_trust_owlv2:oracle,tune_500_qids,clip,mlp256,scene_graph_oracle,compare,18,exact,44.444444,50,-5.555556,outputs/eval/graph_trust_2290580/bridge_clip_w1_bf16_v1_ep5__corrected_chatml_v1_eos__tune_500_qids__image_plus_graph__direct__oracle_records.json
graph_trust_owlv2:oracle::bridge_clip_w1_bf16_v1_ep5__corrected_chatml_v1_eos__tune_500_qids__image_plus_graph__direct__oracle::exact,corrected_chatml_v1_eos,graph_trust_owlv2:oracle,tune_500_qids,clip,mlp256,scene_graph_oracle,exist,98,exact,73.469388,66.326531,7.142857,outputs/eval/graph_trust_2290580/bridge_clip_w1_bf16_v1_ep5__corrected_chatml_v1_eos__tune_500_qids__image_plus_graph__direct__oracle_records.json
graph_trust_owlv2:oracle::bridge_clip_w1_bf16_v1_ep5__corrected_chatml_v1_eos__tune_500_qids__image_plus_graph__direct__oracle::exact,corrected_chatml_v1_eos,graph_trust_owlv2:oracle,tune_500_qids,clip,mlp256,scene_graph_oracle,other,157,exact,67.515924,50.955414,16.56051,outputs/eval/graph_trust_2290580/bridge_clip_w1_bf16_v1_ep5__corrected_chatml_v1_eos__tune_500_qids__image_plus_graph__direct__oracle_records.json
graph_trust_owlv2:oracle::bridge_clip_w1_bf16_v1_ep5__corrected_chatml_v1_eos__tune_500_qids__image_plus_graph__direct__oracle::exact,corrected_chatml_v1_eos,graph_trust_owlv2:oracle,tune_500_qids,clip,mlp256,scene_graph_oracle,relate,175,exact,65.142857,37.142857,28,outputs/eval/graph_trust_2290580/bridge_clip_w1_bf16_v1_ep5__corrected_chatml_v1_eos__tune_500_qids__image_plus_graph__direct__oracle_records.json
graph_trust_owlv2:oracle::bridge_clip_w1_bf16_v1_ep5__corrected_chatml_v1_eos__tune_500_qids__image_plus_graph__direct__oracle::exact_full,corrected_chatml_v1_eos,graph_trust_owlv2:oracle,tune_500_qids,clip,mlp256,scene_graph_oracle,choose,52,exact_full,78.846154,69.230769,9.615385,outputs/eval/graph_trust_2290580/bridge_clip_w1_bf16_v1_ep5__corrected_chatml_v1_eos__tune_500_qids__image_plus_graph__direct__oracle_records.json
graph_trust_owlv2:oracle::bridge_clip_w1_bf16_v1_ep5__corrected_chatml_v1_eos__tune_500_qids__image_plus_graph__direct__oracle::exact_full,corrected_chatml_v1_eos,graph_trust_owlv2:oracle,tune_500_qids,clip,mlp256,scene_graph_oracle,compare,18,exact_full,44.444444,50,-5.555556,outputs/eval/graph_trust_2290580/bridge_clip_w1_bf16_v1_ep5__corrected_chatml_v1_eos__tune_500_qids__image_plus_graph__direct__oracle_records.json
graph_trust_owlv2:oracle::bridge_clip_w1_bf16_v1_ep5__corrected_chatml_v1_eos__tune_500_qids__image_plus_graph__direct__oracle::exact_full,corrected_chatml_v1_eos,graph_trust_owlv2:oracle,tune_500_qids,clip,mlp256,scene_graph_oracle,exist,98,exact_full,73.469388,66.326531,7.142857,outputs/eval/graph_trust_2290580/bridge_clip_w1_bf16_v1_ep5__corrected_chatml_v1_eos__tune_500_qids__image_plus_graph__direct__oracle_records.json
graph_trust_owlv2:oracle::bridge_clip_w1_bf16_v1_ep5__corrected_chatml_v1_eos__tune_500_qids__image_plus_graph__direct__oracle::exact_full,corrected_chatml_v1_eos,graph_trust_owlv2:oracle,tune_500_qids,clip,mlp256,scene_graph_oracle,other,157,exact_full,67.515924,50.955414,16.56051,outputs/eval/graph_trust_2290580/bridge_clip_w1_bf16_v1_ep5__corrected_chatml_v1_eos__tune_500_qids__image_plus_graph__direct__oracle_records.json
graph_trust_owlv2:oracle::bridge_clip_w1_bf16_v1_ep5__corrected_chatml_v1_eos__tune_500_qids__image_plus_graph__direct__oracle::exact_full,corrected_chatml_v1_eos,graph_trust_owlv2:oracle,tune_500_qids,clip,mlp256,scene_graph_oracle,relate,175,exact_full,65.142857,37.142857,28,outputs/eval/graph_trust_2290580/bridge_clip_w1_bf16_v1_ep5__corrected_chatml_v1_eos__tune_500_qids__image_plus_graph__direct__oracle_records.json
graph_trust_owlv2:oracle::bridge_clip_w1_bf16_v1_ep5__corrected_chatml_v1_eos__tune_500_qids__image_plus_graph__direct__oracle::vqa_soft,corrected_chatml_v1_eos,graph_trust_owlv2:oracle,tune_500_qids,clip,mlp256,scene_graph_oracle,choose,52,vqa_soft,78.846154,69.230769,9.615385,outputs/eval/graph_trust_2290580/bridge_clip_w1_bf16_v1_ep5__corrected_chatml_v1_eos__tune_500_qids__image_plus_graph__direct__oracle_records.json
graph_trust_owlv2:oracle::bridge_clip_w1_bf16_v1_ep5__corrected_chatml_v1_eos__tune_500_qids__image_plus_graph__direct__oracle::vqa_soft,corrected_chatml_v1_eos,graph_trust_owlv2:oracle,tune_500_qids,clip,mlp256,scene_graph_oracle,compare,18,vqa_soft,44.444444,50,-5.555556,outputs/eval/graph_trust_2290580/bridge_clip_w1_bf16_v1_ep5__corrected_chatml_v1_eos__tune_500_qids__image_plus_graph__direct__oracle_records.json
graph_trust_owlv2:oracle::bridge_clip_w1_bf16_v1_ep5__corrected_chatml_v1_eos__tune_500_qids__image_plus_graph__direct__oracle::vqa_soft,corrected_chatml_v1_eos,graph_trust_owlv2:oracle,tune_500_qids,clip,mlp256,scene_graph_oracle,exist,98,vqa_soft,73.469388,66.326531,7.142857,outputs/eval/graph_trust_2290580/bridge_clip_w1_bf16_v1_ep5__corrected_chatml_v1_eos__tune_500_qids__image_plus_graph__direct__oracle_records.json
graph_trust_owlv2:oracle::bridge_clip_w1_bf16_v1_ep5__corrected_chatml_v1_eos__tune_500_qids__image_plus_graph__direct__oracle::vqa_soft,corrected_chatml_v1_eos,graph_trust_owlv2:oracle,tune_500_qids,clip,mlp256,scene_graph_oracle,other,157,vqa_soft,67.515924,50.955414,16.56051,outputs/eval/graph_trust_2290580/bridge_clip_w1_bf16_v1_ep5__corrected_chatml_v1_eos__tune_500_qids__image_plus_graph__direct__oracle_records.json
graph_trust_owlv2:oracle::bridge_clip_w1_bf16_v1_ep5__corrected_chatml_v1_eos__tune_500_qids__image_plus_graph__direct__oracle::vqa_soft,corrected_chatml_v1_eos,graph_trust_owlv2:oracle,tune_500_qids,clip,mlp256,scene_graph_oracle,relate,175,vqa_soft,69.142857,37.714286,31.428571,outputs/eval/graph_trust_2290580/bridge_clip_w1_bf16_v1_ep5__corrected_chatml_v1_eos__tune_500_qids__image_plus_graph__direct__oracle_records.json
graph_trust_owlv2:pred::bridge_clip_w1_bf16_v1_ep5__corrected_chatml_v1_eos__tune_500_qids__image_plus_graph__direct__pred::exact,corrected_chatml_v1_eos,graph_trust_owlv2:pred,tune_500_qids,clip,mlp256,scene_graph_predicted_owlv2,choose,52,exact,67.307692,69.230769,-1.923077,outputs/eval/graph_trust_2290580/bridge_clip_w1_bf16_v1_ep5__corrected_chatml_v1_eos__tune_500_qids__image_plus_graph__direct__pred_records.json
graph_trust_owlv2:pred::bridge_clip_w1_bf16_v1_ep5__corrected_chatml_v1_eos__tune_500_qids__image_plus_graph__direct__pred::exact,corrected_chatml_v1_eos,graph_trust_owlv2:pred,tune_500_qids,clip,mlp256,scene_graph_predicted_owlv2,compare,18,exact,44.444444,50,-5.555556,outputs/eval/graph_trust_2290580/bridge_clip_w1_bf16_v1_ep5__corrected_chatml_v1_eos__tune_500_qids__image_plus_graph__direct__pred_records.json
graph_trust_owlv2:pred::bridge_clip_w1_bf16_v1_ep5__corrected_chatml_v1_eos__tune_500_qids__image_plus_graph__direct__pred::exact,corrected_chatml_v1_eos,graph_trust_owlv2:pred,tune_500_qids,clip,mlp256,scene_graph_predicted_owlv2,exist,98,exact,65.306122,66.326531,-1.020408,outputs/eval/graph_trust_2290580/bridge_clip_w1_bf16_v1_ep5__corrected_chatml_v1_eos__tune_500_qids__image_plus_graph__direct__pred_records.json
graph_trust_owlv2:pred::bridge_clip_w1_bf16_v1_ep5__corrected_chatml_v1_eos__tune_500_qids__image_plus_graph__direct__pred::exact,corrected_chatml_v1_eos,graph_trust_owlv2:pred,tune_500_qids,clip,mlp256,scene_graph_predicted_owlv2,other,157,exact,57.961783,50.955414,7.006369,outputs/eval/graph_trust_2290580/bridge_clip_w1_bf16_v1_ep5__corrected_chatml_v1_eos__tune_500_qids__image_plus_graph__direct__pred_records.json
graph_trust_owlv2:pred::bridge_clip_w1_bf16_v1_ep5__corrected_chatml_v1_eos__tune_500_qids__image_plus_graph__direct__pred::exact,corrected_chatml_v1_eos,graph_trust_owlv2:pred,tune_500_qids,clip,mlp256,scene_graph_predicted_owlv2,relate,175,exact,38.285714,37.142857,1.142857,outputs/eval/graph_trust_2290580/bridge_clip_w1_bf16_v1_ep5__corrected_chatml_v1_eos__tune_500_qids__image_plus_graph__direct__pred_records.json
graph_trust_owlv2:pred::bridge_clip_w1_bf16_v1_ep5__corrected_chatml_v1_eos__tune_500_qids__image_plus_graph__direct__pred::exact_full,corrected_chatml_v1_eos,graph_trust_owlv2:pred,tune_500_qids,clip,mlp256,scene_graph_predicted_owlv2,choose,52,exact_full,67.307692,69.230769,-1.923077,outputs/eval/graph_trust_2290580/bridge_clip_w1_bf16_v1_ep5__corrected_chatml_v1_eos__tune_500_qids__image_plus_graph__direct__pred_records.json
graph_trust_owlv2:pred::bridge_clip_w1_bf16_v1_ep5__corrected_chatml_v1_eos__tune_500_qids__image_plus_graph__direct__pred::exact_full,corrected_chatml_v1_eos,graph_trust_owlv2:pred,tune_500_qids,clip,mlp256,scene_graph_predicted_owlv2,compare,18,exact_full,44.444444,50,-5.555556,outputs/eval/graph_trust_2290580/bridge_clip_w1_bf16_v1_ep5__corrected_chatml_v1_eos__tune_500_qids__image_plus_graph__direct__pred_records.json
graph_trust_owlv2:pred::bridge_clip_w1_bf16_v1_ep5__corrected_chatml_v1_eos__tune_500_qids__image_plus_graph__direct__pred::exact_full,corrected_chatml_v1_eos,graph_trust_owlv2:pred,tune_500_qids,clip,mlp256,scene_graph_predicted_owlv2,exist,98,exact_full,65.306122,66.326531,-1.020408,outputs/eval/graph_trust_2290580/bridge_clip_w1_bf16_v1_ep5__corrected_chatml_v1_eos__tune_500_qids__image_plus_graph__direct__pred_records.json
graph_trust_owlv2:pred::bridge_clip_w1_bf16_v1_ep5__corrected_chatml_v1_eos__tune_500_qids__image_plus_graph__direct__pred::exact_full,corrected_chatml_v1_eos,graph_trust_owlv2:pred,tune_500_qids,clip,mlp256,scene_graph_predicted_owlv2,other,157,exact_full,57.961783,50.955414,7.006369,outputs/eval/graph_trust_2290580/bridge_clip_w1_bf16_v1_ep5__corrected_chatml_v1_eos__tune_500_qids__image_plus_graph__direct__pred_records.json
graph_trust_owlv2:pred::bridge_clip_w1_bf16_v1_ep5__corrected_chatml_v1_eos__tune_500_qids__image_plus_graph__direct__pred::exact_full,corrected_chatml_v1_eos,graph_trust_owlv2:pred,tune_500_qids,clip,mlp256,scene_graph_predicted_owlv2,relate,175,exact_full,38.285714,37.142857,1.142857,outputs/eval/graph_trust_2290580/bridge_clip_w1_bf16_v1_ep5__corrected_chatml_v1_eos__tune_500_qids__image_plus_graph__direct__pred_records.json
graph_trust_owlv2:pred::bridge_clip_w1_bf16_v1_ep5__corrected_chatml_v1_eos__tune_500_qids__image_plus_graph__direct__pred::vqa_soft,corrected_chatml_v1_eos,graph_trust_owlv2:pred,tune_500_qids,clip,mlp256,scene_graph_predicted_owlv2,choose,52,vqa_soft,67.307692,69.230769,-1.923077,outputs/eval/graph_trust_2290580/bridge_clip_w1_bf16_v1_ep5__corrected_chatml_v1_eos__tune_500_qids__image_plus_graph__direct__pred_records.json
graph_trust_owlv2:pred::bridge_clip_w1_bf16_v1_ep5__corrected_chatml_v1_eos__tune_500_qids__image_plus_graph__direct__pred::vqa_soft,corrected_chatml_v1_eos,graph_trust_owlv2:pred,tune_500_qids,clip,mlp256,scene_graph_predicted_owlv2,compare,18,vqa_soft,44.444444,50,-5.555556,outputs/eval/graph_trust_2290580/bridge_clip_w1_bf16_v1_ep5__corrected_chatml_v1_eos__tune_500_qids__image_plus_graph__direct__pred_records.json
graph_trust_owlv2:pred::bridge_clip_w1_bf16_v1_ep5__corrected_chatml_v1_eos__tune_500_qids__image_plus_graph__direct__pred::vqa_soft,corrected_chatml_v1_eos,graph_trust_owlv2:pred,tune_500_qids,clip,mlp256,scene_graph_predicted_owlv2,exist,98,vqa_soft,65.306122,66.326531,-1.020408,outputs/eval/graph_trust_2290580/bridge_clip_w1_bf16_v1_ep5__corrected_chatml_v1_eos__tune_500_qids__image_plus_graph__direct__pred_records.json
graph_trust_owlv2:pred::bridge_clip_w1_bf16_v1_ep5__corrected_chatml_v1_eos__tune_500_qids__image_plus_graph__direct__pred::vqa_soft,corrected_chatml_v1_eos,graph_trust_owlv2:pred,tune_500_qids,clip,mlp256,scene_graph_predicted_owlv2,other,157,vqa_soft,57.961783,50.955414,7.006369,outputs/eval/graph_trust_2290580/bridge_clip_w1_bf16_v1_ep5__corrected_chatml_v1_eos__tune_500_qids__image_plus_graph__direct__pred_records.json
graph_trust_owlv2:pred::bridge_clip_w1_bf16_v1_ep5__corrected_chatml_v1_eos__tune_500_qids__image_plus_graph__direct__pred::vqa_soft,corrected_chatml_v1_eos,graph_trust_owlv2:pred,tune_500_qids,clip,mlp256,scene_graph_predicted_owlv2,relate,175,vqa_soft,40,37.714286,2.285714,outputs/eval/graph_trust_2290580/bridge_clip_w1_bf16_v1_ep5__corrected_chatml_v1_eos__tune_500_qids__image_plus_graph__direct__pred_records.json
graph_trust_owlv2:pred_q::bridge_clip_w1_bf16_v1_ep5__corrected_chatml_v1_eos__tune_500_qids__image_plus_graph__direct__pred_q::exact,corrected_chatml_v1_eos,graph_trust_owlv2:pred_q,tune_500_qids,clip,mlp256,scene_graph_predicted_owlv2,choose,52,exact,53.846154,69.230769,-15.384615,outputs/eval/graph_trust_2290580/bridge_clip_w1_bf16_v1_ep5__corrected_chatml_v1_eos__tune_500_qids__image_plus_graph__direct__pred_q_records.json
graph_trust_owlv2:pred_q::bridge_clip_w1_bf16_v1_ep5__corrected_chatml_v1_eos__tune_500_qids__image_plus_graph__direct__pred_q::exact,corrected_chatml_v1_eos,graph_trust_owlv2:pred_q,tune_500_qids,clip,mlp256,scene_graph_predicted_owlv2,compare,18,exact,44.444444,50,-5.555556,outputs/eval/graph_trust_2290580/bridge_clip_w1_bf16_v1_ep5__corrected_chatml_v1_eos__tune_500_qids__image_plus_graph__direct__pred_q_records.json
graph_trust_owlv2:pred_q::bridge_clip_w1_bf16_v1_ep5__corrected_chatml_v1_eos__tune_500_qids__image_plus_graph__direct__pred_q::exact,corrected_chatml_v1_eos,graph_trust_owlv2:pred_q,tune_500_qids,clip,mlp256,scene_graph_predicted_owlv2,exist,98,exact,68.367347,66.326531,2.040816,outputs/eval/graph_trust_2290580/bridge_clip_w1_bf16_v1_ep5__corrected_chatml_v1_eos__tune_500_qids__image_plus_graph__direct__pred_q_records.json
graph_trust_owlv2:pred_q::bridge_clip_w1_bf16_v1_ep5__corrected_chatml_v1_eos__tune_500_qids__image_plus_graph__direct__pred_q::exact,corrected_chatml_v1_eos,graph_trust_owlv2:pred_q,tune_500_qids,clip,mlp256,scene_graph_predicted_owlv2,other,157,exact,57.324841,50.955414,6.369427,outputs/eval/graph_trust_2290580/bridge_clip_w1_bf16_v1_ep5__corrected_chatml_v1_eos__tune_500_qids__image_plus_graph__direct__pred_q_records.json
graph_trust_owlv2:pred_q::bridge_clip_w1_bf16_v1_ep5__corrected_chatml_v1_eos__tune_500_qids__image_plus_graph__direct__pred_q::exact,corrected_chatml_v1_eos,graph_trust_owlv2:pred_q,tune_500_qids,clip,mlp256,scene_graph_predicted_owlv2,relate,175,exact,41.714286,37.142857,4.571429,outputs/eval/graph_trust_2290580/bridge_clip_w1_bf16_v1_ep5__corrected_chatml_v1_eos__tune_500_qids__image_plus_graph__direct__pred_q_records.json
graph_trust_owlv2:pred_q::bridge_clip_w1_bf16_v1_ep5__corrected_chatml_v1_eos__tune_500_qids__image_plus_graph__direct__pred_q::exact_full,corrected_chatml_v1_eos,graph_trust_owlv2:pred_q,tune_500_qids,clip,mlp256,scene_graph_predicted_owlv2,choose,52,exact_full,53.846154,69.230769,-15.384615,outputs/eval/graph_trust_2290580/bridge_clip_w1_bf16_v1_ep5__corrected_chatml_v1_eos__tune_500_qids__image_plus_graph__direct__pred_q_records.json
graph_trust_owlv2:pred_q::bridge_clip_w1_bf16_v1_ep5__corrected_chatml_v1_eos__tune_500_qids__image_plus_graph__direct__pred_q::exact_full,corrected_chatml_v1_eos,graph_trust_owlv2:pred_q,tune_500_qids,clip,mlp256,scene_graph_predicted_owlv2,compare,18,exact_full,44.444444,50,-5.555556,outputs/eval/graph_trust_2290580/bridge_clip_w1_bf16_v1_ep5__corrected_chatml_v1_eos__tune_500_qids__image_plus_graph__direct__pred_q_records.json
graph_trust_owlv2:pred_q::bridge_clip_w1_bf16_v1_ep5__corrected_chatml_v1_eos__tune_500_qids__image_plus_graph__direct__pred_q::exact_full,corrected_chatml_v1_eos,graph_trust_owlv2:pred_q,tune_500_qids,clip,mlp256,scene_graph_predicted_owlv2,exist,98,exact_full,68.367347,66.326531,2.040816,outputs/eval/graph_trust_2290580/bridge_clip_w1_bf16_v1_ep5__corrected_chatml_v1_eos__tune_500_qids__image_plus_graph__direct__pred_q_records.json
graph_trust_owlv2:pred_q::bridge_clip_w1_bf16_v1_ep5__corrected_chatml_v1_eos__tune_500_qids__image_plus_graph__direct__pred_q::exact_full,corrected_chatml_v1_eos,graph_trust_owlv2:pred_q,tune_500_qids,clip,mlp256,scene_graph_predicted_owlv2,other,157,exact_full,57.324841,50.955414,6.369427,outputs/eval/graph_trust_2290580/bridge_clip_w1_bf16_v1_ep5__corrected_chatml_v1_eos__tune_500_qids__image_plus_graph__direct__pred_q_records.json
graph_trust_owlv2:pred_q::bridge_clip_w1_bf16_v1_ep5__corrected_chatml_v1_eos__tune_500_qids__image_plus_graph__direct__pred_q::exact_full,corrected_chatml_v1_eos,graph_trust_owlv2:pred_q,tune_500_qids,clip,mlp256,scene_graph_predicted_owlv2,relate,175,exact_full,41.714286,37.142857,4.571429,outputs/eval/graph_trust_2290580/bridge_clip_w1_bf16_v1_ep5__corrected_chatml_v1_eos__tune_500_qids__image_plus_graph__direct__pred_q_records.json
graph_trust_owlv2:pred_q::bridge_clip_w1_bf16_v1_ep5__corrected_chatml_v1_eos__tune_500_qids__image_plus_graph__direct__pred_q::vqa_soft,corrected_chatml_v1_eos,graph_trust_owlv2:pred_q,tune_500_qids,clip,mlp256,scene_graph_predicted_owlv2,choose,52,vqa_soft,53.846154,69.230769,-15.384615,outputs/eval/graph_trust_2290580/bridge_clip_w1_bf16_v1_ep5__corrected_chatml_v1_eos__tune_500_qids__image_plus_graph__direct__pred_q_records.json
graph_trust_owlv2:pred_q::bridge_clip_w1_bf16_v1_ep5__corrected_chatml_v1_eos__tune_500_qids__image_plus_graph__direct__pred_q::vqa_soft,corrected_chatml_v1_eos,graph_trust_owlv2:pred_q,tune_500_qids,clip,mlp256,scene_graph_predicted_owlv2,compare,18,vqa_soft,44.444444,50,-5.555556,outputs/eval/graph_trust_2290580/bridge_clip_w1_bf16_v1_ep5__corrected_chatml_v1_eos__tune_500_qids__image_plus_graph__direct__pred_q_records.json
graph_trust_owlv2:pred_q::bridge_clip_w1_bf16_v1_ep5__corrected_chatml_v1_eos__tune_500_qids__image_plus_graph__direct__pred_q::vqa_soft,corrected_chatml_v1_eos,graph_trust_owlv2:pred_q,tune_500_qids,clip,mlp256,scene_graph_predicted_owlv2,exist,98,vqa_soft,68.367347,66.326531,2.040816,outputs/eval/graph_trust_2290580/bridge_clip_w1_bf16_v1_ep5__corrected_chatml_v1_eos__tune_500_qids__image_plus_graph__direct__pred_q_records.json
graph_trust_owlv2:pred_q::bridge_clip_w1_bf16_v1_ep5__corrected_chatml_v1_eos__tune_500_qids__image_plus_graph__direct__pred_q::vqa_soft,corrected_chatml_v1_eos,graph_trust_owlv2:pred_q,tune_500_qids,clip,mlp256,scene_graph_predicted_owlv2,other,157,vqa_soft,57.961783,50.955414,7.006369,outputs/eval/graph_trust_2290580/bridge_clip_w1_bf16_v1_ep5__corrected_chatml_v1_eos__tune_500_qids__image_plus_graph__direct__pred_q_records.json
graph_trust_owlv2:pred_q::bridge_clip_w1_bf16_v1_ep5__corrected_chatml_v1_eos__tune_500_qids__image_plus_graph__direct__pred_q::vqa_soft,corrected_chatml_v1_eos,graph_trust_owlv2:pred_q,tune_500_qids,clip,mlp256,scene_graph_predicted_owlv2,relate,175,vqa_soft,42.857143,37.714286,5.142857,outputs/eval/graph_trust_2290580/bridge_clip_w1_bf16_v1_ep5__corrected_chatml_v1_eos__tune_500_qids__image_plus_graph__direct__pred_q_records.json
graph_trust_owlv2:relations_shuffled::bridge_clip_w1_bf16_v1_ep5__corrected_chatml_v1_eos__tune_500_qids__image_plus_graph__direct__relations_shuffled::exact,corrected_chatml_v1_eos,graph_trust_owlv2:relations_shuffled,tune_500_qids,clip,mlp256,scene_graph_control,choose,52,exact,65.384615,69.230769,-3.846154,outputs/eval/graph_trust_2290580/bridge_clip_w1_bf16_v1_ep5__corrected_chatml_v1_eos__tune_500_qids__image_plus_graph__direct__relations_shuffled_records.json
graph_trust_owlv2:relations_shuffled::bridge_clip_w1_bf16_v1_ep5__corrected_chatml_v1_eos__tune_500_qids__image_plus_graph__direct__relations_shuffled::exact,corrected_chatml_v1_eos,graph_trust_owlv2:relations_shuffled,tune_500_qids,clip,mlp256,scene_graph_control,compare,18,exact,50,50,0,outputs/eval/graph_trust_2290580/bridge_clip_w1_bf16_v1_ep5__corrected_chatml_v1_eos__tune_500_qids__image_plus_graph__direct__relations_shuffled_records.json
graph_trust_owlv2:relations_shuffled::bridge_clip_w1_bf16_v1_ep5__corrected_chatml_v1_eos__tune_500_qids__image_plus_graph__direct__relations_shuffled::exact,corrected_chatml_v1_eos,graph_trust_owlv2:relations_shuffled,tune_500_qids,clip,mlp256,scene_graph_control,exist,98,exact,65.306122,66.326531,-1.020408,outputs/eval/graph_trust_2290580/bridge_clip_w1_bf16_v1_ep5__corrected_chatml_v1_eos__tune_500_qids__image_plus_graph__direct__relations_shuffled_records.json
graph_trust_owlv2:relations_shuffled::bridge_clip_w1_bf16_v1_ep5__corrected_chatml_v1_eos__tune_500_qids__image_plus_graph__direct__relations_shuffled::exact,corrected_chatml_v1_eos,graph_trust_owlv2:relations_shuffled,tune_500_qids,clip,mlp256,scene_graph_control,other,157,exact,55.414013,50.955414,4.458599,outputs/eval/graph_trust_2290580/bridge_clip_w1_bf16_v1_ep5__corrected_chatml_v1_eos__tune_500_qids__image_plus_graph__direct__relations_shuffled_records.json
graph_trust_owlv2:relations_shuffled::bridge_clip_w1_bf16_v1_ep5__corrected_chatml_v1_eos__tune_500_qids__image_plus_graph__direct__relations_shuffled::exact,corrected_chatml_v1_eos,graph_trust_owlv2:relations_shuffled,tune_500_qids,clip,mlp256,scene_graph_control,relate,175,exact,39.428571,37.142857,2.285714,outputs/eval/graph_trust_2290580/bridge_clip_w1_bf16_v1_ep5__corrected_chatml_v1_eos__tune_500_qids__image_plus_graph__direct__relations_shuffled_records.json
graph_trust_owlv2:relations_shuffled::bridge_clip_w1_bf16_v1_ep5__corrected_chatml_v1_eos__tune_500_qids__image_plus_graph__direct__relations_shuffled::exact_full,corrected_chatml_v1_eos,graph_trust_owlv2:relations_shuffled,tune_500_qids,clip,mlp256,scene_graph_control,choose,52,exact_full,65.384615,69.230769,-3.846154,outputs/eval/graph_trust_2290580/bridge_clip_w1_bf16_v1_ep5__corrected_chatml_v1_eos__tune_500_qids__image_plus_graph__direct__relations_shuffled_records.json
graph_trust_owlv2:relations_shuffled::bridge_clip_w1_bf16_v1_ep5__corrected_chatml_v1_eos__tune_500_qids__image_plus_graph__direct__relations_shuffled::exact_full,corrected_chatml_v1_eos,graph_trust_owlv2:relations_shuffled,tune_500_qids,clip,mlp256,scene_graph_control,compare,18,exact_full,50,50,0,outputs/eval/graph_trust_2290580/bridge_clip_w1_bf16_v1_ep5__corrected_chatml_v1_eos__tune_500_qids__image_plus_graph__direct__relations_shuffled_records.json
graph_trust_owlv2:relations_shuffled::bridge_clip_w1_bf16_v1_ep5__corrected_chatml_v1_eos__tune_500_qids__image_plus_graph__direct__relations_shuffled::exact_full,corrected_chatml_v1_eos,graph_trust_owlv2:relations_shuffled,tune_500_qids,clip,mlp256,scene_graph_control,exist,98,exact_full,65.306122,66.326531,-1.020408,outputs/eval/graph_trust_2290580/bridge_clip_w1_bf16_v1_ep5__corrected_chatml_v1_eos__tune_500_qids__image_plus_graph__direct__relations_shuffled_records.json
graph_trust_owlv2:relations_shuffled::bridge_clip_w1_bf16_v1_ep5__corrected_chatml_v1_eos__tune_500_qids__image_plus_graph__direct__relations_shuffled::exact_full,corrected_chatml_v1_eos,graph_trust_owlv2:relations_shuffled,tune_500_qids,clip,mlp256,scene_graph_control,other,157,exact_full,55.414013,50.955414,4.458599,outputs/eval/graph_trust_2290580/bridge_clip_w1_bf16_v1_ep5__corrected_chatml_v1_eos__tune_500_qids__image_plus_graph__direct__relations_shuffled_records.json
graph_trust_owlv2:relations_shuffled::bridge_clip_w1_bf16_v1_ep5__corrected_chatml_v1_eos__tune_500_qids__image_plus_graph__direct__relations_shuffled::exact_full,corrected_chatml_v1_eos,graph_trust_owlv2:relations_shuffled,tune_500_qids,clip,mlp256,scene_graph_control,relate,175,exact_full,39.428571,37.142857,2.285714,outputs/eval/graph_trust_2290580/bridge_clip_w1_bf16_v1_ep5__corrected_chatml_v1_eos__tune_500_qids__image_plus_graph__direct__relations_shuffled_records.json
graph_trust_owlv2:relations_shuffled::bridge_clip_w1_bf16_v1_ep5__corrected_chatml_v1_eos__tune_500_qids__image_plus_graph__direct__relations_shuffled::vqa_soft,corrected_chatml_v1_eos,graph_trust_owlv2:relations_shuffled,tune_500_qids,clip,mlp256,scene_graph_control,choose,52,vqa_soft,65.384615,69.230769,-3.846154,outputs/eval/graph_trust_2290580/bridge_clip_w1_bf16_v1_ep5__corrected_chatml_v1_eos__tune_500_qids__image_plus_graph__direct__relations_shuffled_records.json
graph_trust_owlv2:relations_shuffled::bridge_clip_w1_bf16_v1_ep5__corrected_chatml_v1_eos__tune_500_qids__image_plus_graph__direct__relations_shuffled::vqa_soft,corrected_chatml_v1_eos,graph_trust_owlv2:relations_shuffled,tune_500_qids,clip,mlp256,scene_graph_control,compare,18,vqa_soft,50,50,0,outputs/eval/graph_trust_2290580/bridge_clip_w1_bf16_v1_ep5__corrected_chatml_v1_eos__tune_500_qids__image_plus_graph__direct__relations_shuffled_records.json
graph_trust_owlv2:relations_shuffled::bridge_clip_w1_bf16_v1_ep5__corrected_chatml_v1_eos__tune_500_qids__image_plus_graph__direct__relations_shuffled::vqa_soft,corrected_chatml_v1_eos,graph_trust_owlv2:relations_shuffled,tune_500_qids,clip,mlp256,scene_graph_control,exist,98,vqa_soft,65.306122,66.326531,-1.020408,outputs/eval/graph_trust_2290580/bridge_clip_w1_bf16_v1_ep5__corrected_chatml_v1_eos__tune_500_qids__image_plus_graph__direct__relations_shuffled_records.json
graph_trust_owlv2:relations_shuffled::bridge_clip_w1_bf16_v1_ep5__corrected_chatml_v1_eos__tune_500_qids__image_plus_graph__direct__relations_shuffled::vqa_soft,corrected_chatml_v1_eos,graph_trust_owlv2:relations_shuffled,tune_500_qids,clip,mlp256,scene_graph_control,other,157,vqa_soft,55.414013,50.955414,4.458599,outputs/eval/graph_trust_2290580/bridge_clip_w1_bf16_v1_ep5__corrected_chatml_v1_eos__tune_500_qids__image_plus_graph__direct__relations_shuffled_records.json
graph_trust_owlv2:relations_shuffled::bridge_clip_w1_bf16_v1_ep5__corrected_chatml_v1_eos__tune_500_qids__image_plus_graph__direct__relations_shuffled::vqa_soft,corrected_chatml_v1_eos,graph_trust_owlv2:relations_shuffled,tune_500_qids,clip,mlp256,scene_graph_control,relate,175,vqa_soft,40.571429,37.714286,2.857143,outputs/eval/graph_trust_2290580/bridge_clip_w1_bf16_v1_ep5__corrected_chatml_v1_eos__tune_500_qids__image_plus_graph__direct__relations_shuffled_records.json
graph_trust_owlv2:wrong_image::bridge_clip_w1_bf16_v1_ep5__corrected_chatml_v1_eos__tune_500_qids__image_plus_graph__direct__wrong_image::exact,corrected_chatml_v1_eos,graph_trust_owlv2:wrong_image,tune_500_qids,clip,mlp256,scene_graph_control,choose,52,exact,69.230769,69.230769,0,outputs/eval/graph_trust_2290580/bridge_clip_w1_bf16_v1_ep5__corrected_chatml_v1_eos__tune_500_qids__image_plus_graph__direct__wrong_image_records.json
graph_trust_owlv2:wrong_image::bridge_clip_w1_bf16_v1_ep5__corrected_chatml_v1_eos__tune_500_qids__image_plus_graph__direct__wrong_image::exact,corrected_chatml_v1_eos,graph_trust_owlv2:wrong_image,tune_500_qids,clip,mlp256,scene_graph_control,compare,18,exact,50,50,0,outputs/eval/graph_trust_2290580/bridge_clip_w1_bf16_v1_ep5__corrected_chatml_v1_eos__tune_500_qids__image_plus_graph__direct__wrong_image_records.json
graph_trust_owlv2:wrong_image::bridge_clip_w1_bf16_v1_ep5__corrected_chatml_v1_eos__tune_500_qids__image_plus_graph__direct__wrong_image::exact,corrected_chatml_v1_eos,graph_trust_owlv2:wrong_image,tune_500_qids,clip,mlp256,scene_graph_control,exist,98,exact,68.367347,66.326531,2.040816,outputs/eval/graph_trust_2290580/bridge_clip_w1_bf16_v1_ep5__corrected_chatml_v1_eos__tune_500_qids__image_plus_graph__direct__wrong_image_records.json
graph_trust_owlv2:wrong_image::bridge_clip_w1_bf16_v1_ep5__corrected_chatml_v1_eos__tune_500_qids__image_plus_graph__direct__wrong_image::exact,corrected_chatml_v1_eos,graph_trust_owlv2:wrong_image,tune_500_qids,clip,mlp256,scene_graph_control,other,157,exact,56.050955,50.955414,5.095541,outputs/eval/graph_trust_2290580/bridge_clip_w1_bf16_v1_ep5__corrected_chatml_v1_eos__tune_500_qids__image_plus_graph__direct__wrong_image_records.json
graph_trust_owlv2:wrong_image::bridge_clip_w1_bf16_v1_ep5__corrected_chatml_v1_eos__tune_500_qids__image_plus_graph__direct__wrong_image::exact,corrected_chatml_v1_eos,graph_trust_owlv2:wrong_image,tune_500_qids,clip,mlp256,scene_graph_control,relate,175,exact,37.142857,37.142857,0,outputs/eval/graph_trust_2290580/bridge_clip_w1_bf16_v1_ep5__corrected_chatml_v1_eos__tune_500_qids__image_plus_graph__direct__wrong_image_records.json
graph_trust_owlv2:wrong_image::bridge_clip_w1_bf16_v1_ep5__corrected_chatml_v1_eos__tune_500_qids__image_plus_graph__direct__wrong_image::exact_full,corrected_chatml_v1_eos,graph_trust_owlv2:wrong_image,tune_500_qids,clip,mlp256,scene_graph_control,choose,52,exact_full,69.230769,69.230769,0,outputs/eval/graph_trust_2290580/bridge_clip_w1_bf16_v1_ep5__corrected_chatml_v1_eos__tune_500_qids__image_plus_graph__direct__wrong_image_records.json
graph_trust_owlv2:wrong_image::bridge_clip_w1_bf16_v1_ep5__corrected_chatml_v1_eos__tune_500_qids__image_plus_graph__direct__wrong_image::exact_full,corrected_chatml_v1_eos,graph_trust_owlv2:wrong_image,tune_500_qids,clip,mlp256,scene_graph_control,compare,18,exact_full,50,50,0,outputs/eval/graph_trust_2290580/bridge_clip_w1_bf16_v1_ep5__corrected_chatml_v1_eos__tune_500_qids__image_plus_graph__direct__wrong_image_records.json
graph_trust_owlv2:wrong_image::bridge_clip_w1_bf16_v1_ep5__corrected_chatml_v1_eos__tune_500_qids__image_plus_graph__direct__wrong_image::exact_full,corrected_chatml_v1_eos,graph_trust_owlv2:wrong_image,tune_500_qids,clip,mlp256,scene_graph_control,exist,98,exact_full,68.367347,66.326531,2.040816,outputs/eval/graph_trust_2290580/bridge_clip_w1_bf16_v1_ep5__corrected_chatml_v1_eos__tune_500_qids__image_plus_graph__direct__wrong_image_records.json
graph_trust_owlv2:wrong_image::bridge_clip_w1_bf16_v1_ep5__corrected_chatml_v1_eos__tune_500_qids__image_plus_graph__direct__wrong_image::exact_full,corrected_chatml_v1_eos,graph_trust_owlv2:wrong_image,tune_500_qids,clip,mlp256,scene_graph_control,other,157,exact_full,56.050955,50.955414,5.095541,outputs/eval/graph_trust_2290580/bridge_clip_w1_bf16_v1_ep5__corrected_chatml_v1_eos__tune_500_qids__image_plus_graph__direct__wrong_image_records.json
graph_trust_owlv2:wrong_image::bridge_clip_w1_bf16_v1_ep5__corrected_chatml_v1_eos__tune_500_qids__image_plus_graph__direct__wrong_image::exact_full,corrected_chatml_v1_eos,graph_trust_owlv2:wrong_image,tune_500_qids,clip,mlp256,scene_graph_control,relate,175,exact_full,37.142857,37.142857,0,outputs/eval/graph_trust_2290580/bridge_clip_w1_bf16_v1_ep5__corrected_chatml_v1_eos__tune_500_qids__image_plus_graph__direct__wrong_image_records.json
graph_trust_owlv2:wrong_image::bridge_clip_w1_bf16_v1_ep5__corrected_chatml_v1_eos__tune_500_qids__image_plus_graph__direct__wrong_image::vqa_soft,corrected_chatml_v1_eos,graph_trust_owlv2:wrong_image,tune_500_qids,clip,mlp256,scene_graph_control,choose,52,vqa_soft,69.230769,69.230769,0,outputs/eval/graph_trust_2290580/bridge_clip_w1_bf16_v1_ep5__corrected_chatml_v1_eos__tune_500_qids__image_plus_graph__direct__wrong_image_records.json
graph_trust_owlv2:wrong_image::bridge_clip_w1_bf16_v1_ep5__corrected_chatml_v1_eos__tune_500_qids__image_plus_graph__direct__wrong_image::vqa_soft,corrected_chatml_v1_eos,graph_trust_owlv2:wrong_image,tune_500_qids,clip,mlp256,scene_graph_control,compare,18,vqa_soft,50,50,0,outputs/eval/graph_trust_2290580/bridge_clip_w1_bf16_v1_ep5__corrected_chatml_v1_eos__tune_500_qids__image_plus_graph__direct__wrong_image_records.json
graph_trust_owlv2:wrong_image::bridge_clip_w1_bf16_v1_ep5__corrected_chatml_v1_eos__tune_500_qids__image_plus_graph__direct__wrong_image::vqa_soft,corrected_chatml_v1_eos,graph_trust_owlv2:wrong_image,tune_500_qids,clip,mlp256,scene_graph_control,exist,98,vqa_soft,68.367347,66.326531,2.040816,outputs/eval/graph_trust_2290580/bridge_clip_w1_bf16_v1_ep5__corrected_chatml_v1_eos__tune_500_qids__image_plus_graph__direct__wrong_image_records.json
graph_trust_owlv2:wrong_image::bridge_clip_w1_bf16_v1_ep5__corrected_chatml_v1_eos__tune_500_qids__image_plus_graph__direct__wrong_image::vqa_soft,corrected_chatml_v1_eos,graph_trust_owlv2:wrong_image,tune_500_qids,clip,mlp256,scene_graph_control,other,157,vqa_soft,56.050955,50.955414,5.095541,outputs/eval/graph_trust_2290580/bridge_clip_w1_bf16_v1_ep5__corrected_chatml_v1_eos__tune_500_qids__image_plus_graph__direct__wrong_image_records.json
graph_trust_owlv2:wrong_image::bridge_clip_w1_bf16_v1_ep5__corrected_chatml_v1_eos__tune_500_qids__image_plus_graph__direct__wrong_image::vqa_soft,corrected_chatml_v1_eos,graph_trust_owlv2:wrong_image,tune_500_qids,clip,mlp256,scene_graph_control,relate,175,vqa_soft,38.857143,37.714286,1.142857,outputs/eval/graph_trust_2290580/bridge_clip_w1_bf16_v1_ep5__corrected_chatml_v1_eos__tune_500_qids__image_plus_graph__direct__wrong_image_records.json
legacy_locked2000:bridge_clip_150k_3ep::bridge_clip_150k_3ep::exact,legacy_raw_prompt_no_eos,legacy_locked2000:bridge_clip_150k_3ep,eval_2000_qids,clip,,none,choose,197,exact,22.335025,37.563452,-15.228426,outputs/eval/bridge_clip_150k_3ep_records.json
legacy_locked2000:bridge_clip_150k_3ep::bridge_clip_150k_3ep::exact,legacy_raw_prompt_no_eos,legacy_locked2000:bridge_clip_150k_3ep,eval_2000_qids,clip,,none,compare,58,exact,34.482759,17.241379,17.241379,outputs/eval/bridge_clip_150k_3ep_records.json
legacy_locked2000:bridge_clip_150k_3ep::bridge_clip_150k_3ep::exact,legacy_raw_prompt_no_eos,legacy_locked2000:bridge_clip_150k_3ep,eval_2000_qids,clip,,none,exist,354,exact,31.073446,27.40113,3.672316,outputs/eval/bridge_clip_150k_3ep_records.json
legacy_locked2000:bridge_clip_150k_3ep::bridge_clip_150k_3ep::exact,legacy_raw_prompt_no_eos,legacy_locked2000:bridge_clip_150k_3ep,eval_2000_qids,clip,,none,other,610,exact,10.655738,17.377049,-6.721311,outputs/eval/bridge_clip_150k_3ep_records.json
legacy_locked2000:bridge_clip_150k_3ep::bridge_clip_150k_3ep::exact,legacy_raw_prompt_no_eos,legacy_locked2000:bridge_clip_150k_3ep,eval_2000_qids,clip,,none,relate,781,exact,13.18822,12.548015,0.640205,outputs/eval/bridge_clip_150k_3ep_records.json
legacy_locked2000:bridge_clip_150k_3ep::bridge_clip_150k_3ep::vqa_soft,legacy_raw_prompt_no_eos,legacy_locked2000:bridge_clip_150k_3ep,eval_2000_qids,clip,,none,choose,197,vqa_soft,63.451777,52.791878,10.659898,outputs/eval/bridge_clip_150k_3ep_records.json
legacy_locked2000:bridge_clip_150k_3ep::bridge_clip_150k_3ep::vqa_soft,legacy_raw_prompt_no_eos,legacy_locked2000:bridge_clip_150k_3ep,eval_2000_qids,clip,,none,compare,58,vqa_soft,56.896552,46.551724,10.344828,outputs/eval/bridge_clip_150k_3ep_records.json
legacy_locked2000:bridge_clip_150k_3ep::bridge_clip_150k_3ep::vqa_soft,legacy_raw_prompt_no_eos,legacy_locked2000:bridge_clip_150k_3ep,eval_2000_qids,clip,,none,exist,354,vqa_soft,52.259887,47.175141,5.084746,outputs/eval/bridge_clip_150k_3ep_records.json
legacy_locked2000:bridge_clip_150k_3ep::bridge_clip_150k_3ep::vqa_soft,legacy_raw_prompt_no_eos,legacy_locked2000:bridge_clip_150k_3ep,eval_2000_qids,clip,,none,other,610,vqa_soft,46.557377,32.459016,14.098361,outputs/eval/bridge_clip_150k_3ep_records.json
legacy_locked2000:bridge_clip_150k_3ep::bridge_clip_150k_3ep::vqa_soft,legacy_raw_prompt_no_eos,legacy_locked2000:bridge_clip_150k_3ep,eval_2000_qids,clip,,none,relate,781,vqa_soft,38.412292,15.108835,23.303457,outputs/eval/bridge_clip_150k_3ep_records.json
legacy_locked2000:bridge_clip_150k_3ep_cot::bridge_clip_150k_3ep_cot::exact,legacy_raw_prompt_no_eos,legacy_locked2000:bridge_clip_150k_3ep_cot,eval_2000_qids,clip,,cot,choose,197,exact,50.253807,22.335025,27.918782,outputs/eval/bridge_clip_150k_3ep_cot_records.json
legacy_locked2000:bridge_clip_150k_3ep_cot::bridge_clip_150k_3ep_cot::exact,legacy_raw_prompt_no_eos,legacy_locked2000:bridge_clip_150k_3ep_cot,eval_2000_qids,clip,,cot,compare,58,exact,46.551724,34.482759,12.068966,outputs/eval/bridge_clip_150k_3ep_cot_records.json
legacy_locked2000:bridge_clip_150k_3ep_cot::bridge_clip_150k_3ep_cot::exact,legacy_raw_prompt_no_eos,legacy_locked2000:bridge_clip_150k_3ep_cot,eval_2000_qids,clip,,cot,exist,354,exact,51.412429,31.073446,20.338983,outputs/eval/bridge_clip_150k_3ep_cot_records.json
legacy_locked2000:bridge_clip_150k_3ep_cot::bridge_clip_150k_3ep_cot::exact,legacy_raw_prompt_no_eos,legacy_locked2000:bridge_clip_150k_3ep_cot,eval_2000_qids,clip,,cot,other,610,exact,30.327869,10.655738,19.672131,outputs/eval/bridge_clip_150k_3ep_cot_records.json
legacy_locked2000:bridge_clip_150k_3ep_cot::bridge_clip_150k_3ep_cot::exact,legacy_raw_prompt_no_eos,legacy_locked2000:bridge_clip_150k_3ep_cot,eval_2000_qids,clip,,cot,relate,781,exact,30.601793,13.18822,17.413572,outputs/eval/bridge_clip_150k_3ep_cot_records.json
legacy_locked2000:bridge_clip_150k_3ep_cot::bridge_clip_150k_3ep_cot::vqa_soft,legacy_raw_prompt_no_eos,legacy_locked2000:bridge_clip_150k_3ep_cot,eval_2000_qids,clip,,cot,choose,197,vqa_soft,58.883249,63.451777,-4.568528,outputs/eval/bridge_clip_150k_3ep_cot_records.json
legacy_locked2000:bridge_clip_150k_3ep_cot::bridge_clip_150k_3ep_cot::vqa_soft,legacy_raw_prompt_no_eos,legacy_locked2000:bridge_clip_150k_3ep_cot,eval_2000_qids,clip,,cot,compare,58,vqa_soft,53.448276,56.896552,-3.448276,outputs/eval/bridge_clip_150k_3ep_cot_records.json
legacy_locked2000:bridge_clip_150k_3ep_cot::bridge_clip_150k_3ep_cot::vqa_soft,legacy_raw_prompt_no_eos,legacy_locked2000:bridge_clip_150k_3ep_cot,eval_2000_qids,clip,,cot,exist,354,vqa_soft,53.954802,52.259887,1.694915,outputs/eval/bridge_clip_150k_3ep_cot_records.json
legacy_locked2000:bridge_clip_150k_3ep_cot::bridge_clip_150k_3ep_cot::vqa_soft,legacy_raw_prompt_no_eos,legacy_locked2000:bridge_clip_150k_3ep_cot,eval_2000_qids,clip,,cot,other,610,vqa_soft,40.983607,46.557377,-5.57377,outputs/eval/bridge_clip_150k_3ep_cot_records.json
legacy_locked2000:bridge_clip_150k_3ep_cot::bridge_clip_150k_3ep_cot::vqa_soft,legacy_raw_prompt_no_eos,legacy_locked2000:bridge_clip_150k_3ep_cot,eval_2000_qids,clip,,cot,relate,781,vqa_soft,34.314981,38.412292,-4.097311,outputs/eval/bridge_clip_150k_3ep_cot_records.json
legacy_locked2000:bridge_clip_150k_3ep_scene_graph::bridge_clip_150k_3ep_scene_graph::exact,legacy_raw_prompt_no_eos,legacy_locked2000:bridge_clip_150k_3ep_scene_graph,eval_2000_qids,clip,,scene_graph_oracle,choose,197,exact,67.005076,22.335025,44.670051,outputs/eval/bridge_clip_150k_3ep_scene_graph_records.json
legacy_locked2000:bridge_clip_150k_3ep_scene_graph::bridge_clip_150k_3ep_scene_graph::exact,legacy_raw_prompt_no_eos,legacy_locked2000:bridge_clip_150k_3ep_scene_graph,eval_2000_qids,clip,,scene_graph_oracle,compare,58,exact,55.172414,34.482759,20.689655,outputs/eval/bridge_clip_150k_3ep_scene_graph_records.json
legacy_locked2000:bridge_clip_150k_3ep_scene_graph::bridge_clip_150k_3ep_scene_graph::exact,legacy_raw_prompt_no_eos,legacy_locked2000:bridge_clip_150k_3ep_scene_graph,eval_2000_qids,clip,,scene_graph_oracle,exist,354,exact,74.011299,31.073446,42.937853,outputs/eval/bridge_clip_150k_3ep_scene_graph_records.json
legacy_locked2000:bridge_clip_150k_3ep_scene_graph::bridge_clip_150k_3ep_scene_graph::exact,legacy_raw_prompt_no_eos,legacy_locked2000:bridge_clip_150k_3ep_scene_graph,eval_2000_qids,clip,,scene_graph_oracle,other,610,exact,61.967213,10.655738,51.311475,outputs/eval/bridge_clip_150k_3ep_scene_graph_records.json
legacy_locked2000:bridge_clip_150k_3ep_scene_graph::bridge_clip_150k_3ep_scene_graph::exact,legacy_raw_prompt_no_eos,legacy_locked2000:bridge_clip_150k_3ep_scene_graph,eval_2000_qids,clip,,scene_graph_oracle,relate,781,exact,52.880922,13.18822,39.692702,outputs/eval/bridge_clip_150k_3ep_scene_graph_records.json
legacy_locked2000:bridge_clip_150k_3ep_scene_graph::bridge_clip_150k_3ep_scene_graph::vqa_soft,legacy_raw_prompt_no_eos,legacy_locked2000:bridge_clip_150k_3ep_scene_graph,eval_2000_qids,clip,,scene_graph_oracle,choose,197,vqa_soft,78.680203,63.451777,15.228426,outputs/eval/bridge_clip_150k_3ep_scene_graph_records.json
legacy_locked2000:bridge_clip_150k_3ep_scene_graph::bridge_clip_150k_3ep_scene_graph::vqa_soft,legacy_raw_prompt_no_eos,legacy_locked2000:bridge_clip_150k_3ep_scene_graph,eval_2000_qids,clip,,scene_graph_oracle,compare,58,vqa_soft,56.896552,56.896552,0,outputs/eval/bridge_clip_150k_3ep_scene_graph_records.json
legacy_locked2000:bridge_clip_150k_3ep_scene_graph::bridge_clip_150k_3ep_scene_graph::vqa_soft,legacy_raw_prompt_no_eos,legacy_locked2000:bridge_clip_150k_3ep_scene_graph,eval_2000_qids,clip,,scene_graph_oracle,exist,354,vqa_soft,78.248588,52.259887,25.988701,outputs/eval/bridge_clip_150k_3ep_scene_graph_records.json
legacy_locked2000:bridge_clip_150k_3ep_scene_graph::bridge_clip_150k_3ep_scene_graph::vqa_soft,legacy_raw_prompt_no_eos,legacy_locked2000:bridge_clip_150k_3ep_scene_graph,eval_2000_qids,clip,,scene_graph_oracle,other,610,vqa_soft,70.327869,46.557377,23.770492,outputs/eval/bridge_clip_150k_3ep_scene_graph_records.json
legacy_locked2000:bridge_clip_150k_3ep_scene_graph::bridge_clip_150k_3ep_scene_graph::vqa_soft,legacy_raw_prompt_no_eos,legacy_locked2000:bridge_clip_150k_3ep_scene_graph,eval_2000_qids,clip,,scene_graph_oracle,relate,781,vqa_soft,71.446863,38.412292,33.034571,outputs/eval/bridge_clip_150k_3ep_scene_graph_records.json
legacy_locked2000:bridge_clip_150k_cosine_ep1::bridge_clip_150k_cosine_ep1::exact,legacy_raw_prompt_no_eos,legacy_locked2000:bridge_clip_150k_cosine_ep1,eval_2000_qids,clip,,none,choose,197,exact,6.091371,37.563452,-31.472081,outputs/eval/bridge_clip_150k_cosine_ep1_records.json
legacy_locked2000:bridge_clip_150k_cosine_ep1::bridge_clip_150k_cosine_ep1::exact,legacy_raw_prompt_no_eos,legacy_locked2000:bridge_clip_150k_cosine_ep1,eval_2000_qids,clip,,none,compare,58,exact,6.896552,17.241379,-10.344828,outputs/eval/bridge_clip_150k_cosine_ep1_records.json
legacy_locked2000:bridge_clip_150k_cosine_ep1::bridge_clip_150k_cosine_ep1::exact,legacy_raw_prompt_no_eos,legacy_locked2000:bridge_clip_150k_cosine_ep1,eval_2000_qids,clip,,none,exist,354,exact,8.474576,27.40113,-18.926554,outputs/eval/bridge_clip_150k_cosine_ep1_records.json
legacy_locked2000:bridge_clip_150k_cosine_ep1::bridge_clip_150k_cosine_ep1::exact,legacy_raw_prompt_no_eos,legacy_locked2000:bridge_clip_150k_cosine_ep1,eval_2000_qids,clip,,none,other,610,exact,3.606557,17.377049,-13.770492,outputs/eval/bridge_clip_150k_cosine_ep1_records.json
legacy_locked2000:bridge_clip_150k_cosine_ep1::bridge_clip_150k_cosine_ep1::exact,legacy_raw_prompt_no_eos,legacy_locked2000:bridge_clip_150k_cosine_ep1,eval_2000_qids,clip,,none,relate,781,exact,4.353393,12.548015,-8.194622,outputs/eval/bridge_clip_150k_cosine_ep1_records.json
legacy_locked2000:bridge_clip_150k_cosine_ep1::bridge_clip_150k_cosine_ep1::vqa_soft,legacy_raw_prompt_no_eos,legacy_locked2000:bridge_clip_150k_cosine_ep1,eval_2000_qids,clip,,none,choose,197,vqa_soft,65.482234,52.791878,12.690355,outputs/eval/bridge_clip_150k_cosine_ep1_records.json
legacy_locked2000:bridge_clip_150k_cosine_ep1::bridge_clip_150k_cosine_ep1::vqa_soft,legacy_raw_prompt_no_eos,legacy_locked2000:bridge_clip_150k_cosine_ep1,eval_2000_qids,clip,,none,compare,58,vqa_soft,44.827586,46.551724,-1.724138,outputs/eval/bridge_clip_150k_cosine_ep1_records.json
legacy_locked2000:bridge_clip_150k_cosine_ep1::bridge_clip_150k_cosine_ep1::vqa_soft,legacy_raw_prompt_no_eos,legacy_locked2000:bridge_clip_150k_cosine_ep1,eval_2000_qids,clip,,none,exist,354,vqa_soft,42.655367,47.175141,-4.519774,outputs/eval/bridge_clip_150k_cosine_ep1_records.json
legacy_locked2000:bridge_clip_150k_cosine_ep1::bridge_clip_150k_cosine_ep1::vqa_soft,legacy_raw_prompt_no_eos,legacy_locked2000:bridge_clip_150k_cosine_ep1,eval_2000_qids,clip,,none,other,610,vqa_soft,44.590164,32.459016,12.131148,outputs/eval/bridge_clip_150k_cosine_ep1_records.json
legacy_locked2000:bridge_clip_150k_cosine_ep1::bridge_clip_150k_cosine_ep1::vqa_soft,legacy_raw_prompt_no_eos,legacy_locked2000:bridge_clip_150k_cosine_ep1,eval_2000_qids,clip,,none,relate,781,vqa_soft,35.851472,15.108835,20.742638,outputs/eval/bridge_clip_150k_cosine_ep1_records.json
legacy_locked2000:bridge_clip_150k_cosine_ep2::bridge_clip_150k_cosine_ep2::exact,legacy_raw_prompt_no_eos,legacy_locked2000:bridge_clip_150k_cosine_ep2,eval_2000_qids,clip,,none,choose,197,exact,8.121827,37.563452,-29.441624,outputs/eval/bridge_clip_150k_cosine_ep2_records.json
legacy_locked2000:bridge_clip_150k_cosine_ep2::bridge_clip_150k_cosine_ep2::exact,legacy_raw_prompt_no_eos,legacy_locked2000:bridge_clip_150k_cosine_ep2,eval_2000_qids,clip,,none,compare,58,exact,12.068966,17.241379,-5.172414,outputs/eval/bridge_clip_150k_cosine_ep2_records.json
legacy_locked2000:bridge_clip_150k_cosine_ep2::bridge_clip_150k_cosine_ep2::exact,legacy_raw_prompt_no_eos,legacy_locked2000:bridge_clip_150k_cosine_ep2,eval_2000_qids,clip,,none,exist,354,exact,11.016949,27.40113,-16.384181,outputs/eval/bridge_clip_150k_cosine_ep2_records.json
legacy_locked2000:bridge_clip_150k_cosine_ep2::bridge_clip_150k_cosine_ep2::exact,legacy_raw_prompt_no_eos,legacy_locked2000:bridge_clip_150k_cosine_ep2,eval_2000_qids,clip,,none,other,610,exact,6.885246,17.377049,-10.491803,outputs/eval/bridge_clip_150k_cosine_ep2_records.json
legacy_locked2000:bridge_clip_150k_cosine_ep2::bridge_clip_150k_cosine_ep2::exact,legacy_raw_prompt_no_eos,legacy_locked2000:bridge_clip_150k_cosine_ep2,eval_2000_qids,clip,,none,relate,781,exact,4.993598,12.548015,-7.554417,outputs/eval/bridge_clip_150k_cosine_ep2_records.json
legacy_locked2000:bridge_clip_150k_cosine_ep2::bridge_clip_150k_cosine_ep2::vqa_soft,legacy_raw_prompt_no_eos,legacy_locked2000:bridge_clip_150k_cosine_ep2,eval_2000_qids,clip,,none,choose,197,vqa_soft,65.482234,52.791878,12.690355,outputs/eval/bridge_clip_150k_cosine_ep2_records.json
legacy_locked2000:bridge_clip_150k_cosine_ep2::bridge_clip_150k_cosine_ep2::vqa_soft,legacy_raw_prompt_no_eos,legacy_locked2000:bridge_clip_150k_cosine_ep2,eval_2000_qids,clip,,none,compare,58,vqa_soft,50,46.551724,3.448276,outputs/eval/bridge_clip_150k_cosine_ep2_records.json
legacy_locked2000:bridge_clip_150k_cosine_ep2::bridge_clip_150k_cosine_ep2::vqa_soft,legacy_raw_prompt_no_eos,legacy_locked2000:bridge_clip_150k_cosine_ep2,eval_2000_qids,clip,,none,exist,354,vqa_soft,51.694915,47.175141,4.519774,outputs/eval/bridge_clip_150k_cosine_ep2_records.json
legacy_locked2000:bridge_clip_150k_cosine_ep2::bridge_clip_150k_cosine_ep2::vqa_soft,legacy_raw_prompt_no_eos,legacy_locked2000:bridge_clip_150k_cosine_ep2,eval_2000_qids,clip,,none,other,610,vqa_soft,47.213115,32.459016,14.754098,outputs/eval/bridge_clip_150k_cosine_ep2_records.json
legacy_locked2000:bridge_clip_150k_cosine_ep2::bridge_clip_150k_cosine_ep2::vqa_soft,legacy_raw_prompt_no_eos,legacy_locked2000:bridge_clip_150k_cosine_ep2,eval_2000_qids,clip,,none,relate,781,vqa_soft,39.052497,15.108835,23.943662,outputs/eval/bridge_clip_150k_cosine_ep2_records.json
legacy_locked2000:bridge_clip_150k_cosine_ep3::bridge_clip_150k_cosine_ep3::exact,legacy_raw_prompt_no_eos,legacy_locked2000:bridge_clip_150k_cosine_ep3,eval_2000_qids,clip,,none,choose,197,exact,14.720812,37.563452,-22.84264,outputs/eval/bridge_clip_150k_cosine_ep3_records.json
legacy_locked2000:bridge_clip_150k_cosine_ep3::bridge_clip_150k_cosine_ep3::exact,legacy_raw_prompt_no_eos,legacy_locked2000:bridge_clip_150k_cosine_ep3,eval_2000_qids,clip,,none,compare,58,exact,15.517241,17.241379,-1.724138,outputs/eval/bridge_clip_150k_cosine_ep3_records.json
legacy_locked2000:bridge_clip_150k_cosine_ep3::bridge_clip_150k_cosine_ep3::exact,legacy_raw_prompt_no_eos,legacy_locked2000:bridge_clip_150k_cosine_ep3,eval_2000_qids,clip,,none,exist,354,exact,19.491525,27.40113,-7.909605,outputs/eval/bridge_clip_150k_cosine_ep3_records.json
legacy_locked2000:bridge_clip_150k_cosine_ep3::bridge_clip_150k_cosine_ep3::exact,legacy_raw_prompt_no_eos,legacy_locked2000:bridge_clip_150k_cosine_ep3,eval_2000_qids,clip,,none,other,610,exact,6.885246,17.377049,-10.491803,outputs/eval/bridge_clip_150k_cosine_ep3_records.json
legacy_locked2000:bridge_clip_150k_cosine_ep3::bridge_clip_150k_cosine_ep3::exact,legacy_raw_prompt_no_eos,legacy_locked2000:bridge_clip_150k_cosine_ep3,eval_2000_qids,clip,,none,relate,781,exact,7.042254,12.548015,-5.505762,outputs/eval/bridge_clip_150k_cosine_ep3_records.json
legacy_locked2000:bridge_clip_150k_cosine_ep3::bridge_clip_150k_cosine_ep3::vqa_soft,legacy_raw_prompt_no_eos,legacy_locked2000:bridge_clip_150k_cosine_ep3,eval_2000_qids,clip,,none,choose,197,vqa_soft,67.51269,52.791878,14.720812,outputs/eval/bridge_clip_150k_cosine_ep3_records.json
legacy_locked2000:bridge_clip_150k_cosine_ep3::bridge_clip_150k_cosine_ep3::vqa_soft,legacy_raw_prompt_no_eos,legacy_locked2000:bridge_clip_150k_cosine_ep3,eval_2000_qids,clip,,none,compare,58,vqa_soft,48.275862,46.551724,1.724138,outputs/eval/bridge_clip_150k_cosine_ep3_records.json
legacy_locked2000:bridge_clip_150k_cosine_ep3::bridge_clip_150k_cosine_ep3::vqa_soft,legacy_raw_prompt_no_eos,legacy_locked2000:bridge_clip_150k_cosine_ep3,eval_2000_qids,clip,,none,exist,354,vqa_soft,54.519774,47.175141,7.344633,outputs/eval/bridge_clip_150k_cosine_ep3_records.json
legacy_locked2000:bridge_clip_150k_cosine_ep3::bridge_clip_150k_cosine_ep3::vqa_soft,legacy_raw_prompt_no_eos,legacy_locked2000:bridge_clip_150k_cosine_ep3,eval_2000_qids,clip,,none,other,610,vqa_soft,46.885246,32.459016,14.42623,outputs/eval/bridge_clip_150k_cosine_ep3_records.json
legacy_locked2000:bridge_clip_150k_cosine_ep3::bridge_clip_150k_cosine_ep3::vqa_soft,legacy_raw_prompt_no_eos,legacy_locked2000:bridge_clip_150k_cosine_ep3,eval_2000_qids,clip,,none,relate,781,vqa_soft,39.692702,15.108835,24.583867,outputs/eval/bridge_clip_150k_cosine_ep3_records.json
legacy_locked2000:bridge_clip_150k_mlp_ep1::bridge_clip_150k_mlp_ep1::exact,legacy_raw_prompt_no_eos,legacy_locked2000:bridge_clip_150k_mlp_ep1,eval_2000_qids,clip,mlp256,none,choose,197,exact,16.751269,37.563452,-20.812183,outputs/eval/bridge_clip_150k_mlp_ep1_records.json
legacy_locked2000:bridge_clip_150k_mlp_ep1::bridge_clip_150k_mlp_ep1::exact,legacy_raw_prompt_no_eos,legacy_locked2000:bridge_clip_150k_mlp_ep1,eval_2000_qids,clip,mlp256,none,compare,58,exact,43.103448,17.241379,25.862069,outputs/eval/bridge_clip_150k_mlp_ep1_records.json
legacy_locked2000:bridge_clip_150k_mlp_ep1::bridge_clip_150k_mlp_ep1::exact,legacy_raw_prompt_no_eos,legacy_locked2000:bridge_clip_150k_mlp_ep1,eval_2000_qids,clip,mlp256,none,exist,354,exact,15.819209,27.40113,-11.581921,outputs/eval/bridge_clip_150k_mlp_ep1_records.json
legacy_locked2000:bridge_clip_150k_mlp_ep1::bridge_clip_150k_mlp_ep1::exact,legacy_raw_prompt_no_eos,legacy_locked2000:bridge_clip_150k_mlp_ep1,eval_2000_qids,clip,mlp256,none,other,610,exact,8.196721,17.377049,-9.180328,outputs/eval/bridge_clip_150k_mlp_ep1_records.json
legacy_locked2000:bridge_clip_150k_mlp_ep1::bridge_clip_150k_mlp_ep1::exact,legacy_raw_prompt_no_eos,legacy_locked2000:bridge_clip_150k_mlp_ep1,eval_2000_qids,clip,mlp256,none,relate,781,exact,8.194622,12.548015,-4.353393,outputs/eval/bridge_clip_150k_mlp_ep1_records.json
legacy_locked2000:bridge_clip_150k_mlp_ep1::bridge_clip_150k_mlp_ep1::vqa_soft,legacy_raw_prompt_no_eos,legacy_locked2000:bridge_clip_150k_mlp_ep1,eval_2000_qids,clip,mlp256,none,choose,197,vqa_soft,69.035533,52.791878,16.243655,outputs/eval/bridge_clip_150k_mlp_ep1_records.json
legacy_locked2000:bridge_clip_150k_mlp_ep1::bridge_clip_150k_mlp_ep1::vqa_soft,legacy_raw_prompt_no_eos,legacy_locked2000:bridge_clip_150k_mlp_ep1,eval_2000_qids,clip,mlp256,none,compare,58,vqa_soft,53.448276,46.551724,6.896552,outputs/eval/bridge_clip_150k_mlp_ep1_records.json
legacy_locked2000:bridge_clip_150k_mlp_ep1::bridge_clip_150k_mlp_ep1::vqa_soft,legacy_raw_prompt_no_eos,legacy_locked2000:bridge_clip_150k_mlp_ep1,eval_2000_qids,clip,mlp256,none,exist,354,vqa_soft,48.587571,47.175141,1.412429,outputs/eval/bridge_clip_150k_mlp_ep1_records.json
legacy_locked2000:bridge_clip_150k_mlp_ep1::bridge_clip_150k_mlp_ep1::vqa_soft,legacy_raw_prompt_no_eos,legacy_locked2000:bridge_clip_150k_mlp_ep1,eval_2000_qids,clip,mlp256,none,other,610,vqa_soft,47.213115,32.459016,14.754098,outputs/eval/bridge_clip_150k_mlp_ep1_records.json
legacy_locked2000:bridge_clip_150k_mlp_ep1::bridge_clip_150k_mlp_ep1::vqa_soft,legacy_raw_prompt_no_eos,legacy_locked2000:bridge_clip_150k_mlp_ep1,eval_2000_qids,clip,mlp256,none,relate,781,vqa_soft,35.46735,15.108835,20.358515,outputs/eval/bridge_clip_150k_mlp_ep1_records.json
legacy_locked2000:bridge_clip_150k_mlp_ep2::bridge_clip_150k_mlp_ep2::exact,legacy_raw_prompt_no_eos,legacy_locked2000:bridge_clip_150k_mlp_ep2,eval_2000_qids,clip,mlp256,none,choose,197,exact,1.522843,37.563452,-36.040609,outputs/eval/bridge_clip_150k_mlp_ep2_records.json
legacy_locked2000:bridge_clip_150k_mlp_ep2::bridge_clip_150k_mlp_ep2::exact,legacy_raw_prompt_no_eos,legacy_locked2000:bridge_clip_150k_mlp_ep2,eval_2000_qids,clip,mlp256,none,compare,58,exact,1.724138,17.241379,-15.517241,outputs/eval/bridge_clip_150k_mlp_ep2_records.json
legacy_locked2000:bridge_clip_150k_mlp_ep2::bridge_clip_150k_mlp_ep2::exact,legacy_raw_prompt_no_eos,legacy_locked2000:bridge_clip_150k_mlp_ep2,eval_2000_qids,clip,mlp256,none,exist,354,exact,0,27.40113,-27.40113,outputs/eval/bridge_clip_150k_mlp_ep2_records.json
legacy_locked2000:bridge_clip_150k_mlp_ep2::bridge_clip_150k_mlp_ep2::exact,legacy_raw_prompt_no_eos,legacy_locked2000:bridge_clip_150k_mlp_ep2,eval_2000_qids,clip,mlp256,none,other,610,exact,0.655738,17.377049,-16.721311,outputs/eval/bridge_clip_150k_mlp_ep2_records.json
legacy_locked2000:bridge_clip_150k_mlp_ep2::bridge_clip_150k_mlp_ep2::exact,legacy_raw_prompt_no_eos,legacy_locked2000:bridge_clip_150k_mlp_ep2,eval_2000_qids,clip,mlp256,none,relate,781,exact,0.640205,12.548015,-11.90781,outputs/eval/bridge_clip_150k_mlp_ep2_records.json
legacy_locked2000:bridge_clip_150k_mlp_ep2::bridge_clip_150k_mlp_ep2::vqa_soft,legacy_raw_prompt_no_eos,legacy_locked2000:bridge_clip_150k_mlp_ep2,eval_2000_qids,clip,mlp256,none,choose,197,vqa_soft,75.634518,52.791878,22.84264,outputs/eval/bridge_clip_150k_mlp_ep2_records.json
legacy_locked2000:bridge_clip_150k_mlp_ep2::bridge_clip_150k_mlp_ep2::vqa_soft,legacy_raw_prompt_no_eos,legacy_locked2000:bridge_clip_150k_mlp_ep2,eval_2000_qids,clip,mlp256,none,compare,58,vqa_soft,37.931034,46.551724,-8.62069,outputs/eval/bridge_clip_150k_mlp_ep2_records.json
legacy_locked2000:bridge_clip_150k_mlp_ep2::bridge_clip_150k_mlp_ep2::vqa_soft,legacy_raw_prompt_no_eos,legacy_locked2000:bridge_clip_150k_mlp_ep2,eval_2000_qids,clip,mlp256,none,exist,354,vqa_soft,50.847458,47.175141,3.672316,outputs/eval/bridge_clip_150k_mlp_ep2_records.json
legacy_locked2000:bridge_clip_150k_mlp_ep2::bridge_clip_150k_mlp_ep2::vqa_soft,legacy_raw_prompt_no_eos,legacy_locked2000:bridge_clip_150k_mlp_ep2,eval_2000_qids,clip,mlp256,none,other,610,vqa_soft,49.016393,32.459016,16.557377,outputs/eval/bridge_clip_150k_mlp_ep2_records.json
legacy_locked2000:bridge_clip_150k_mlp_ep2::bridge_clip_150k_mlp_ep2::vqa_soft,legacy_raw_prompt_no_eos,legacy_locked2000:bridge_clip_150k_mlp_ep2,eval_2000_qids,clip,mlp256,none,relate,781,vqa_soft,37.516005,15.108835,22.40717,outputs/eval/bridge_clip_150k_mlp_ep2_records.json
legacy_locked2000:bridge_clip_150k_mlp_ep3::bridge_clip_150k_mlp_ep3::exact,legacy_raw_prompt_no_eos,legacy_locked2000:bridge_clip_150k_mlp_ep3,eval_2000_qids,clip,mlp256,none,choose,197,exact,0.507614,37.563452,-37.055838,outputs/eval/bridge_clip_150k_mlp_ep3_records.json
legacy_locked2000:bridge_clip_150k_mlp_ep3::bridge_clip_150k_mlp_ep3::exact,legacy_raw_prompt_no_eos,legacy_locked2000:bridge_clip_150k_mlp_ep3,eval_2000_qids,clip,mlp256,none,compare,58,exact,0,17.241379,-17.241379,outputs/eval/bridge_clip_150k_mlp_ep3_records.json
legacy_locked2000:bridge_clip_150k_mlp_ep3::bridge_clip_150k_mlp_ep3::exact,legacy_raw_prompt_no_eos,legacy_locked2000:bridge_clip_150k_mlp_ep3,eval_2000_qids,clip,mlp256,none,exist,354,exact,0.847458,27.40113,-26.553672,outputs/eval/bridge_clip_150k_mlp_ep3_records.json
legacy_locked2000:bridge_clip_150k_mlp_ep3::bridge_clip_150k_mlp_ep3::exact,legacy_raw_prompt_no_eos,legacy_locked2000:bridge_clip_150k_mlp_ep3,eval_2000_qids,clip,mlp256,none,other,610,exact,0.327869,17.377049,-17.04918,outputs/eval/bridge_clip_150k_mlp_ep3_records.json
legacy_locked2000:bridge_clip_150k_mlp_ep3::bridge_clip_150k_mlp_ep3::exact,legacy_raw_prompt_no_eos,legacy_locked2000:bridge_clip_150k_mlp_ep3,eval_2000_qids,clip,mlp256,none,relate,781,exact,0.640205,12.548015,-11.90781,outputs/eval/bridge_clip_150k_mlp_ep3_records.json
legacy_locked2000:bridge_clip_150k_mlp_ep3::bridge_clip_150k_mlp_ep3::vqa_soft,legacy_raw_prompt_no_eos,legacy_locked2000:bridge_clip_150k_mlp_ep3,eval_2000_qids,clip,mlp256,none,choose,197,vqa_soft,78.680203,52.791878,25.888325,outputs/eval/bridge_clip_150k_mlp_ep3_records.json
legacy_locked2000:bridge_clip_150k_mlp_ep3::bridge_clip_150k_mlp_ep3::vqa_soft,legacy_raw_prompt_no_eos,legacy_locked2000:bridge_clip_150k_mlp_ep3,eval_2000_qids,clip,mlp256,none,compare,58,vqa_soft,62.068966,46.551724,15.517241,outputs/eval/bridge_clip_150k_mlp_ep3_records.json
legacy_locked2000:bridge_clip_150k_mlp_ep3::bridge_clip_150k_mlp_ep3::vqa_soft,legacy_raw_prompt_no_eos,legacy_locked2000:bridge_clip_150k_mlp_ep3,eval_2000_qids,clip,mlp256,none,exist,354,vqa_soft,64.689266,47.175141,17.514124,outputs/eval/bridge_clip_150k_mlp_ep3_records.json
legacy_locked2000:bridge_clip_150k_mlp_ep3::bridge_clip_150k_mlp_ep3::vqa_soft,legacy_raw_prompt_no_eos,legacy_locked2000:bridge_clip_150k_mlp_ep3,eval_2000_qids,clip,mlp256,none,other,610,vqa_soft,54.098361,32.459016,21.639344,outputs/eval/bridge_clip_150k_mlp_ep3_records.json
legacy_locked2000:bridge_clip_150k_mlp_ep3::bridge_clip_150k_mlp_ep3::vqa_soft,legacy_raw_prompt_no_eos,legacy_locked2000:bridge_clip_150k_mlp_ep3,eval_2000_qids,clip,mlp256,none,relate,781,vqa_soft,46.09475,15.108835,30.985915,outputs/eval/bridge_clip_150k_mlp_ep3_records.json
legacy_locked2000:bridge_clip_150k_mlp_ep3_cot::bridge_clip_150k_mlp_ep3_cot::exact,legacy_raw_prompt_no_eos,legacy_locked2000:bridge_clip_150k_mlp_ep3_cot,eval_2000_qids,clip,mlp256,cot,choose,197,exact,36.548223,0.507614,36.040609,outputs/eval/bridge_clip_150k_mlp_ep3_cot_records.json
legacy_locked2000:bridge_clip_150k_mlp_ep3_cot::bridge_clip_150k_mlp_ep3_cot::exact,legacy_raw_prompt_no_eos,legacy_locked2000:bridge_clip_150k_mlp_ep3_cot,eval_2000_qids,clip,mlp256,cot,compare,58,exact,27.586207,0,27.586207,outputs/eval/bridge_clip_150k_mlp_ep3_cot_records.json
legacy_locked2000:bridge_clip_150k_mlp_ep3_cot::bridge_clip_150k_mlp_ep3_cot::exact,legacy_raw_prompt_no_eos,legacy_locked2000:bridge_clip_150k_mlp_ep3_cot,eval_2000_qids,clip,mlp256,cot,exist,354,exact,22.316384,0.847458,21.468927,outputs/eval/bridge_clip_150k_mlp_ep3_cot_records.json
legacy_locked2000:bridge_clip_150k_mlp_ep3_cot::bridge_clip_150k_mlp_ep3_cot::exact,legacy_raw_prompt_no_eos,legacy_locked2000:bridge_clip_150k_mlp_ep3_cot,eval_2000_qids,clip,mlp256,cot,other,610,exact,18.196721,0.327869,17.868852,outputs/eval/bridge_clip_150k_mlp_ep3_cot_records.json
legacy_locked2000:bridge_clip_150k_mlp_ep3_cot::bridge_clip_150k_mlp_ep3_cot::exact,legacy_raw_prompt_no_eos,legacy_locked2000:bridge_clip_150k_mlp_ep3_cot,eval_2000_qids,clip,mlp256,cot,relate,781,exact,23.431498,0.640205,22.791293,outputs/eval/bridge_clip_150k_mlp_ep3_cot_records.json
legacy_locked2000:bridge_clip_150k_mlp_ep3_cot::bridge_clip_150k_mlp_ep3_cot::vqa_soft,legacy_raw_prompt_no_eos,legacy_locked2000:bridge_clip_150k_mlp_ep3_cot,eval_2000_qids,clip,mlp256,cot,choose,197,vqa_soft,51.77665,78.680203,-26.903553,outputs/eval/bridge_clip_150k_mlp_ep3_cot_records.json
legacy_locked2000:bridge_clip_150k_mlp_ep3_cot::bridge_clip_150k_mlp_ep3_cot::vqa_soft,legacy_raw_prompt_no_eos,legacy_locked2000:bridge_clip_150k_mlp_ep3_cot,eval_2000_qids,clip,mlp256,cot,compare,58,vqa_soft,53.448276,62.068966,-8.62069,outputs/eval/bridge_clip_150k_mlp_ep3_cot_records.json
legacy_locked2000:bridge_clip_150k_mlp_ep3_cot::bridge_clip_150k_mlp_ep3_cot::vqa_soft,legacy_raw_prompt_no_eos,legacy_locked2000:bridge_clip_150k_mlp_ep3_cot,eval_2000_qids,clip,mlp256,cot,exist,354,vqa_soft,61.299435,64.689266,-3.389831,outputs/eval/bridge_clip_150k_mlp_ep3_cot_records.json
legacy_locked2000:bridge_clip_150k_mlp_ep3_cot::bridge_clip_150k_mlp_ep3_cot::vqa_soft,legacy_raw_prompt_no_eos,legacy_locked2000:bridge_clip_150k_mlp_ep3_cot,eval_2000_qids,clip,mlp256,cot,other,610,vqa_soft,44.918033,54.098361,-9.180328,outputs/eval/bridge_clip_150k_mlp_ep3_cot_records.json
legacy_locked2000:bridge_clip_150k_mlp_ep3_cot::bridge_clip_150k_mlp_ep3_cot::vqa_soft,legacy_raw_prompt_no_eos,legacy_locked2000:bridge_clip_150k_mlp_ep3_cot,eval_2000_qids,clip,mlp256,cot,relate,781,vqa_soft,39.820743,46.09475,-6.274008,outputs/eval/bridge_clip_150k_mlp_ep3_cot_records.json
legacy_locked2000:bridge_clip_150k_mlp_ep3_scene_graph::bridge_clip_150k_mlp_ep3_scene_graph::exact,legacy_raw_prompt_no_eos,legacy_locked2000:bridge_clip_150k_mlp_ep3_scene_graph,eval_2000_qids,clip,mlp256,scene_graph_oracle,choose,197,exact,71.573604,0.507614,71.06599,outputs/eval/bridge_clip_150k_mlp_ep3_scene_graph_records.json
legacy_locked2000:bridge_clip_150k_mlp_ep3_scene_graph::bridge_clip_150k_mlp_ep3_scene_graph::exact,legacy_raw_prompt_no_eos,legacy_locked2000:bridge_clip_150k_mlp_ep3_scene_graph,eval_2000_qids,clip,mlp256,scene_graph_oracle,compare,58,exact,63.793103,0,63.793103,outputs/eval/bridge_clip_150k_mlp_ep3_scene_graph_records.json
legacy_locked2000:bridge_clip_150k_mlp_ep3_scene_graph::bridge_clip_150k_mlp_ep3_scene_graph::exact,legacy_raw_prompt_no_eos,legacy_locked2000:bridge_clip_150k_mlp_ep3_scene_graph,eval_2000_qids,clip,mlp256,scene_graph_oracle,exist,354,exact,67.79661,0.847458,66.949153,outputs/eval/bridge_clip_150k_mlp_ep3_scene_graph_records.json
legacy_locked2000:bridge_clip_150k_mlp_ep3_scene_graph::bridge_clip_150k_mlp_ep3_scene_graph::exact,legacy_raw_prompt_no_eos,legacy_locked2000:bridge_clip_150k_mlp_ep3_scene_graph,eval_2000_qids,clip,mlp256,scene_graph_oracle,other,610,exact,64.098361,0.327869,63.770492,outputs/eval/bridge_clip_150k_mlp_ep3_scene_graph_records.json
legacy_locked2000:bridge_clip_150k_mlp_ep3_scene_graph::bridge_clip_150k_mlp_ep3_scene_graph::exact,legacy_raw_prompt_no_eos,legacy_locked2000:bridge_clip_150k_mlp_ep3_scene_graph,eval_2000_qids,clip,mlp256,scene_graph_oracle,relate,781,exact,61.715749,0.640205,61.075544,outputs/eval/bridge_clip_150k_mlp_ep3_scene_graph_records.json
legacy_locked2000:bridge_clip_150k_mlp_ep3_scene_graph::bridge_clip_150k_mlp_ep3_scene_graph::vqa_soft,legacy_raw_prompt_no_eos,legacy_locked2000:bridge_clip_150k_mlp_ep3_scene_graph,eval_2000_qids,clip,mlp256,scene_graph_oracle,choose,197,vqa_soft,73.604061,78.680203,-5.076142,outputs/eval/bridge_clip_150k_mlp_ep3_scene_graph_records.json
legacy_locked2000:bridge_clip_150k_mlp_ep3_scene_graph::bridge_clip_150k_mlp_ep3_scene_graph::vqa_soft,legacy_raw_prompt_no_eos,legacy_locked2000:bridge_clip_150k_mlp_ep3_scene_graph,eval_2000_qids,clip,mlp256,scene_graph_oracle,compare,58,vqa_soft,70.689655,62.068966,8.62069,outputs/eval/bridge_clip_150k_mlp_ep3_scene_graph_records.json
legacy_locked2000:bridge_clip_150k_mlp_ep3_scene_graph::bridge_clip_150k_mlp_ep3_scene_graph::vqa_soft,legacy_raw_prompt_no_eos,legacy_locked2000:bridge_clip_150k_mlp_ep3_scene_graph,eval_2000_qids,clip,mlp256,scene_graph_oracle,exist,354,vqa_soft,78.248588,64.689266,13.559322,outputs/eval/bridge_clip_150k_mlp_ep3_scene_graph_records.json
legacy_locked2000:bridge_clip_150k_mlp_ep3_scene_graph::bridge_clip_150k_mlp_ep3_scene_graph::vqa_soft,legacy_raw_prompt_no_eos,legacy_locked2000:bridge_clip_150k_mlp_ep3_scene_graph,eval_2000_qids,clip,mlp256,scene_graph_oracle,other,610,vqa_soft,69.344262,54.098361,15.245902,outputs/eval/bridge_clip_150k_mlp_ep3_scene_graph_records.json
legacy_locked2000:bridge_clip_150k_mlp_ep3_scene_graph::bridge_clip_150k_mlp_ep3_scene_graph::vqa_soft,legacy_raw_prompt_no_eos,legacy_locked2000:bridge_clip_150k_mlp_ep3_scene_graph,eval_2000_qids,clip,mlp256,scene_graph_oracle,relate,781,vqa_soft,70.166453,46.09475,24.071703,outputs/eval/bridge_clip_150k_mlp_ep3_scene_graph_records.json
legacy_locked2000:bridge_clip_150k_mlp_ep3_scene_graph_predq::bridge_clip_150k_mlp_ep3_scene_graph_predq::exact,legacy_raw_prompt_no_eos,legacy_locked2000:bridge_clip_150k_mlp_ep3_scene_graph_predq,eval_2000_qids,clip,mlp256,scene_graph_predicted_owlv2,choose,197,exact,56.345178,0.507614,55.837563,outputs/eval/bridge_clip_150k_mlp_ep3_scene_graph_predq_records.json
legacy_locked2000:bridge_clip_150k_mlp_ep3_scene_graph_predq::bridge_clip_150k_mlp_ep3_scene_graph_predq::exact,legacy_raw_prompt_no_eos,legacy_locked2000:bridge_clip_150k_mlp_ep3_scene_graph_predq,eval_2000_qids,clip,mlp256,scene_graph_predicted_owlv2,compare,58,exact,51.724138,0,51.724138,outputs/eval/bridge_clip_150k_mlp_ep3_scene_graph_predq_records.json
legacy_locked2000:bridge_clip_150k_mlp_ep3_scene_graph_predq::bridge_clip_150k_mlp_ep3_scene_graph_predq::exact,legacy_raw_prompt_no_eos,legacy_locked2000:bridge_clip_150k_mlp_ep3_scene_graph_predq,eval_2000_qids,clip,mlp256,scene_graph_predicted_owlv2,exist,354,exact,60.451977,0.847458,59.60452,outputs/eval/bridge_clip_150k_mlp_ep3_scene_graph_predq_records.json
legacy_locked2000:bridge_clip_150k_mlp_ep3_scene_graph_predq::bridge_clip_150k_mlp_ep3_scene_graph_predq::exact,legacy_raw_prompt_no_eos,legacy_locked2000:bridge_clip_150k_mlp_ep3_scene_graph_predq,eval_2000_qids,clip,mlp256,scene_graph_predicted_owlv2,other,610,exact,45.737705,0.327869,45.409836,outputs/eval/bridge_clip_150k_mlp_ep3_scene_graph_predq_records.json
legacy_locked2000:bridge_clip_150k_mlp_ep3_scene_graph_predq::bridge_clip_150k_mlp_ep3_scene_graph_predq::exact,legacy_raw_prompt_no_eos,legacy_locked2000:bridge_clip_150k_mlp_ep3_scene_graph_predq,eval_2000_qids,clip,mlp256,scene_graph_predicted_owlv2,relate,781,exact,39.180538,0.640205,38.540333,outputs/eval/bridge_clip_150k_mlp_ep3_scene_graph_predq_records.json
legacy_locked2000:bridge_clip_150k_mlp_ep3_scene_graph_predq::bridge_clip_150k_mlp_ep3_scene_graph_predq::vqa_soft,legacy_raw_prompt_no_eos,legacy_locked2000:bridge_clip_150k_mlp_ep3_scene_graph_predq,eval_2000_qids,clip,mlp256,scene_graph_predicted_owlv2,choose,197,vqa_soft,57.360406,78.680203,-21.319797,outputs/eval/bridge_clip_150k_mlp_ep3_scene_graph_predq_records.json
legacy_locked2000:bridge_clip_150k_mlp_ep3_scene_graph_predq::bridge_clip_150k_mlp_ep3_scene_graph_predq::vqa_soft,legacy_raw_prompt_no_eos,legacy_locked2000:bridge_clip_150k_mlp_ep3_scene_graph_predq,eval_2000_qids,clip,mlp256,scene_graph_predicted_owlv2,compare,58,vqa_soft,56.896552,62.068966,-5.172414,outputs/eval/bridge_clip_150k_mlp_ep3_scene_graph_predq_records.json
legacy_locked2000:bridge_clip_150k_mlp_ep3_scene_graph_predq::bridge_clip_150k_mlp_ep3_scene_graph_predq::vqa_soft,legacy_raw_prompt_no_eos,legacy_locked2000:bridge_clip_150k_mlp_ep3_scene_graph_predq,eval_2000_qids,clip,mlp256,scene_graph_predicted_owlv2,exist,354,vqa_soft,66.384181,64.689266,1.694915,outputs/eval/bridge_clip_150k_mlp_ep3_scene_graph_predq_records.json
legacy_locked2000:bridge_clip_150k_mlp_ep3_scene_graph_predq::bridge_clip_150k_mlp_ep3_scene_graph_predq::vqa_soft,legacy_raw_prompt_no_eos,legacy_locked2000:bridge_clip_150k_mlp_ep3_scene_graph_predq,eval_2000_qids,clip,mlp256,scene_graph_predicted_owlv2,other,610,vqa_soft,48.360656,54.098361,-5.737705,outputs/eval/bridge_clip_150k_mlp_ep3_scene_graph_predq_records.json
legacy_locked2000:bridge_clip_150k_mlp_ep3_scene_graph_predq::bridge_clip_150k_mlp_ep3_scene_graph_predq::vqa_soft,legacy_raw_prompt_no_eos,legacy_locked2000:bridge_clip_150k_mlp_ep3_scene_graph_predq,eval_2000_qids,clip,mlp256,scene_graph_predicted_owlv2,relate,781,vqa_soft,41.485275,46.09475,-4.609475,outputs/eval/bridge_clip_150k_mlp_ep3_scene_graph_predq_records.json
legacy_locked2000:bridge_clip_150k_nocls_ep1::bridge_clip_150k_nocls_ep1::exact,legacy_raw_prompt_no_eos,legacy_locked2000:bridge_clip_150k_nocls_ep1,eval_2000_qids,clip,,none,choose,197,exact,7.106599,37.563452,-30.456853,outputs/eval/bridge_clip_150k_nocls_ep1_records.json
legacy_locked2000:bridge_clip_150k_nocls_ep1::bridge_clip_150k_nocls_ep1::exact,legacy_raw_prompt_no_eos,legacy_locked2000:bridge_clip_150k_nocls_ep1,eval_2000_qids,clip,,none,compare,58,exact,12.068966,17.241379,-5.172414,outputs/eval/bridge_clip_150k_nocls_ep1_records.json
legacy_locked2000:bridge_clip_150k_nocls_ep1::bridge_clip_150k_nocls_ep1::exact,legacy_raw_prompt_no_eos,legacy_locked2000:bridge_clip_150k_nocls_ep1,eval_2000_qids,clip,,none,exist,354,exact,6.779661,27.40113,-20.621469,outputs/eval/bridge_clip_150k_nocls_ep1_records.json
legacy_locked2000:bridge_clip_150k_nocls_ep1::bridge_clip_150k_nocls_ep1::exact,legacy_raw_prompt_no_eos,legacy_locked2000:bridge_clip_150k_nocls_ep1,eval_2000_qids,clip,,none,other,610,exact,4.42623,17.377049,-12.95082,outputs/eval/bridge_clip_150k_nocls_ep1_records.json
legacy_locked2000:bridge_clip_150k_nocls_ep1::bridge_clip_150k_nocls_ep1::exact,legacy_raw_prompt_no_eos,legacy_locked2000:bridge_clip_150k_nocls_ep1,eval_2000_qids,clip,,none,relate,781,exact,3.457106,12.548015,-9.090909,outputs/eval/bridge_clip_150k_nocls_ep1_records.json
legacy_locked2000:bridge_clip_150k_nocls_ep1::bridge_clip_150k_nocls_ep1::vqa_soft,legacy_raw_prompt_no_eos,legacy_locked2000:bridge_clip_150k_nocls_ep1,eval_2000_qids,clip,,none,choose,197,vqa_soft,61.928934,52.791878,9.137056,outputs/eval/bridge_clip_150k_nocls_ep1_records.json
legacy_locked2000:bridge_clip_150k_nocls_ep1::bridge_clip_150k_nocls_ep1::vqa_soft,legacy_raw_prompt_no_eos,legacy_locked2000:bridge_clip_150k_nocls_ep1,eval_2000_qids,clip,,none,compare,58,vqa_soft,51.724138,46.551724,5.172414,outputs/eval/bridge_clip_150k_nocls_ep1_records.json
legacy_locked2000:bridge_clip_150k_nocls_ep1::bridge_clip_150k_nocls_ep1::vqa_soft,legacy_raw_prompt_no_eos,legacy_locked2000:bridge_clip_150k_nocls_ep1,eval_2000_qids,clip,,none,exist,354,vqa_soft,48.870056,47.175141,1.694915,outputs/eval/bridge_clip_150k_nocls_ep1_records.json
legacy_locked2000:bridge_clip_150k_nocls_ep1::bridge_clip_150k_nocls_ep1::vqa_soft,legacy_raw_prompt_no_eos,legacy_locked2000:bridge_clip_150k_nocls_ep1,eval_2000_qids,clip,,none,other,610,vqa_soft,43.114754,32.459016,10.655738,outputs/eval/bridge_clip_150k_nocls_ep1_records.json
legacy_locked2000:bridge_clip_150k_nocls_ep1::bridge_clip_150k_nocls_ep1::vqa_soft,legacy_raw_prompt_no_eos,legacy_locked2000:bridge_clip_150k_nocls_ep1,eval_2000_qids,clip,,none,relate,781,vqa_soft,35.723431,15.108835,20.614597,outputs/eval/bridge_clip_150k_nocls_ep1_records.json
legacy_locked2000:bridge_clip_150k_nocls_ep2::bridge_clip_150k_nocls_ep2::exact,legacy_raw_prompt_no_eos,legacy_locked2000:bridge_clip_150k_nocls_ep2,eval_2000_qids,clip,,none,choose,197,exact,6.598985,37.563452,-30.964467,outputs/eval/bridge_clip_150k_nocls_ep2_records.json
legacy_locked2000:bridge_clip_150k_nocls_ep2::bridge_clip_150k_nocls_ep2::exact,legacy_raw_prompt_no_eos,legacy_locked2000:bridge_clip_150k_nocls_ep2,eval_2000_qids,clip,,none,compare,58,exact,15.517241,17.241379,-1.724138,outputs/eval/bridge_clip_150k_nocls_ep2_records.json
legacy_locked2000:bridge_clip_150k_nocls_ep2::bridge_clip_150k_nocls_ep2::exact,legacy_raw_prompt_no_eos,legacy_locked2000:bridge_clip_150k_nocls_ep2,eval_2000_qids,clip,,none,exist,354,exact,6.779661,27.40113,-20.621469,outputs/eval/bridge_clip_150k_nocls_ep2_records.json
legacy_locked2000:bridge_clip_150k_nocls_ep2::bridge_clip_150k_nocls_ep2::exact,legacy_raw_prompt_no_eos,legacy_locked2000:bridge_clip_150k_nocls_ep2,eval_2000_qids,clip,,none,other,610,exact,5.901639,17.377049,-11.47541,outputs/eval/bridge_clip_150k_nocls_ep2_records.json
legacy_locked2000:bridge_clip_150k_nocls_ep2::bridge_clip_150k_nocls_ep2::exact,legacy_raw_prompt_no_eos,legacy_locked2000:bridge_clip_150k_nocls_ep2,eval_2000_qids,clip,,none,relate,781,exact,6.145967,12.548015,-6.402049,outputs/eval/bridge_clip_150k_nocls_ep2_records.json
legacy_locked2000:bridge_clip_150k_nocls_ep2::bridge_clip_150k_nocls_ep2::vqa_soft,legacy_raw_prompt_no_eos,legacy_locked2000:bridge_clip_150k_nocls_ep2,eval_2000_qids,clip,,none,choose,197,vqa_soft,66.497462,52.791878,13.705584,outputs/eval/bridge_clip_150k_nocls_ep2_records.json
legacy_locked2000:bridge_clip_150k_nocls_ep2::bridge_clip_150k_nocls_ep2::vqa_soft,legacy_raw_prompt_no_eos,legacy_locked2000:bridge_clip_150k_nocls_ep2,eval_2000_qids,clip,,none,compare,58,vqa_soft,50,46.551724,3.448276,outputs/eval/bridge_clip_150k_nocls_ep2_records.json
legacy_locked2000:bridge_clip_150k_nocls_ep2::bridge_clip_150k_nocls_ep2::vqa_soft,legacy_raw_prompt_no_eos,legacy_locked2000:bridge_clip_150k_nocls_ep2,eval_2000_qids,clip,,none,exist,354,vqa_soft,52.259887,47.175141,5.084746,outputs/eval/bridge_clip_150k_nocls_ep2_records.json
legacy_locked2000:bridge_clip_150k_nocls_ep2::bridge_clip_150k_nocls_ep2::vqa_soft,legacy_raw_prompt_no_eos,legacy_locked2000:bridge_clip_150k_nocls_ep2,eval_2000_qids,clip,,none,other,610,vqa_soft,43.442623,32.459016,10.983607,outputs/eval/bridge_clip_150k_nocls_ep2_records.json
legacy_locked2000:bridge_clip_150k_nocls_ep2::bridge_clip_150k_nocls_ep2::vqa_soft,legacy_raw_prompt_no_eos,legacy_locked2000:bridge_clip_150k_nocls_ep2,eval_2000_qids,clip,,none,relate,781,vqa_soft,36.8758,15.108835,21.766965,outputs/eval/bridge_clip_150k_nocls_ep2_records.json
legacy_locked2000:bridge_clip_150k_nocls_ep3::bridge_clip_150k_nocls_ep3::exact,legacy_raw_prompt_no_eos,legacy_locked2000:bridge_clip_150k_nocls_ep3,eval_2000_qids,clip,,none,choose,197,exact,7.614213,37.563452,-29.949239,outputs/eval/bridge_clip_150k_nocls_ep3_records.json
legacy_locked2000:bridge_clip_150k_nocls_ep3::bridge_clip_150k_nocls_ep3::exact,legacy_raw_prompt_no_eos,legacy_locked2000:bridge_clip_150k_nocls_ep3,eval_2000_qids,clip,,none,compare,58,exact,24.137931,17.241379,6.896552,outputs/eval/bridge_clip_150k_nocls_ep3_records.json
legacy_locked2000:bridge_clip_150k_nocls_ep3::bridge_clip_150k_nocls_ep3::exact,legacy_raw_prompt_no_eos,legacy_locked2000:bridge_clip_150k_nocls_ep3,eval_2000_qids,clip,,none,exist,354,exact,13.841808,27.40113,-13.559322,outputs/eval/bridge_clip_150k_nocls_ep3_records.json
legacy_locked2000:bridge_clip_150k_nocls_ep3::bridge_clip_150k_nocls_ep3::exact,legacy_raw_prompt_no_eos,legacy_locked2000:bridge_clip_150k_nocls_ep3,eval_2000_qids,clip,,none,other,610,exact,5.409836,17.377049,-11.967213,outputs/eval/bridge_clip_150k_nocls_ep3_records.json
legacy_locked2000:bridge_clip_150k_nocls_ep3::bridge_clip_150k_nocls_ep3::exact,legacy_raw_prompt_no_eos,legacy_locked2000:bridge_clip_150k_nocls_ep3,eval_2000_qids,clip,,none,relate,781,exact,6.53009,12.548015,-6.017926,outputs/eval/bridge_clip_150k_nocls_ep3_records.json
legacy_locked2000:bridge_clip_150k_nocls_ep3::bridge_clip_150k_nocls_ep3::vqa_soft,legacy_raw_prompt_no_eos,legacy_locked2000:bridge_clip_150k_nocls_ep3,eval_2000_qids,clip,,none,choose,197,vqa_soft,64.974619,52.791878,12.182741,outputs/eval/bridge_clip_150k_nocls_ep3_records.json
legacy_locked2000:bridge_clip_150k_nocls_ep3::bridge_clip_150k_nocls_ep3::vqa_soft,legacy_raw_prompt_no_eos,legacy_locked2000:bridge_clip_150k_nocls_ep3,eval_2000_qids,clip,,none,compare,58,vqa_soft,58.62069,46.551724,12.068966,outputs/eval/bridge_clip_150k_nocls_ep3_records.json
legacy_locked2000:bridge_clip_150k_nocls_ep3::bridge_clip_150k_nocls_ep3::vqa_soft,legacy_raw_prompt_no_eos,legacy_locked2000:bridge_clip_150k_nocls_ep3,eval_2000_qids,clip,,none,exist,354,vqa_soft,54.519774,47.175141,7.344633,outputs/eval/bridge_clip_150k_nocls_ep3_records.json
legacy_locked2000:bridge_clip_150k_nocls_ep3::bridge_clip_150k_nocls_ep3::vqa_soft,legacy_raw_prompt_no_eos,legacy_locked2000:bridge_clip_150k_nocls_ep3,eval_2000_qids,clip,,none,other,610,vqa_soft,46.229508,32.459016,13.770492,outputs/eval/bridge_clip_150k_nocls_ep3_records.json
legacy_locked2000:bridge_clip_150k_nocls_ep3::bridge_clip_150k_nocls_ep3::vqa_soft,legacy_raw_prompt_no_eos,legacy_locked2000:bridge_clip_150k_nocls_ep3,eval_2000_qids,clip,,none,relate,781,vqa_soft,36.235595,15.108835,21.126761,outputs/eval/bridge_clip_150k_nocls_ep3_records.json
legacy_locked2000:bridge_clip_150k_pool_ep1::bridge_clip_150k_pool_ep1::exact,legacy_raw_prompt_no_eos,legacy_locked2000:bridge_clip_150k_pool_ep1,eval_2000_qids,clip,pool32,none,choose,197,exact,0,37.563452,-37.563452,outputs/eval/bridge_clip_150k_pool_ep1_records.json
legacy_locked2000:bridge_clip_150k_pool_ep1::bridge_clip_150k_pool_ep1::exact,legacy_raw_prompt_no_eos,legacy_locked2000:bridge_clip_150k_pool_ep1,eval_2000_qids,clip,pool32,none,compare,58,exact,0,17.241379,-17.241379,outputs/eval/bridge_clip_150k_pool_ep1_records.json
legacy_locked2000:bridge_clip_150k_pool_ep1::bridge_clip_150k_pool_ep1::exact,legacy_raw_prompt_no_eos,legacy_locked2000:bridge_clip_150k_pool_ep1,eval_2000_qids,clip,pool32,none,exist,354,exact,0,27.40113,-27.40113,outputs/eval/bridge_clip_150k_pool_ep1_records.json
legacy_locked2000:bridge_clip_150k_pool_ep1::bridge_clip_150k_pool_ep1::exact,legacy_raw_prompt_no_eos,legacy_locked2000:bridge_clip_150k_pool_ep1,eval_2000_qids,clip,pool32,none,other,610,exact,0,17.377049,-17.377049,outputs/eval/bridge_clip_150k_pool_ep1_records.json
legacy_locked2000:bridge_clip_150k_pool_ep1::bridge_clip_150k_pool_ep1::exact,legacy_raw_prompt_no_eos,legacy_locked2000:bridge_clip_150k_pool_ep1,eval_2000_qids,clip,pool32,none,relate,781,exact,0,12.548015,-12.548015,outputs/eval/bridge_clip_150k_pool_ep1_records.json
legacy_locked2000:bridge_clip_150k_pool_ep1::bridge_clip_150k_pool_ep1::vqa_soft,legacy_raw_prompt_no_eos,legacy_locked2000:bridge_clip_150k_pool_ep1,eval_2000_qids,clip,pool32,none,choose,197,vqa_soft,71.573604,52.791878,18.781726,outputs/eval/bridge_clip_150k_pool_ep1_records.json
legacy_locked2000:bridge_clip_150k_pool_ep1::bridge_clip_150k_pool_ep1::vqa_soft,legacy_raw_prompt_no_eos,legacy_locked2000:bridge_clip_150k_pool_ep1,eval_2000_qids,clip,pool32,none,compare,58,vqa_soft,25.862069,46.551724,-20.689655,outputs/eval/bridge_clip_150k_pool_ep1_records.json
legacy_locked2000:bridge_clip_150k_pool_ep1::bridge_clip_150k_pool_ep1::vqa_soft,legacy_raw_prompt_no_eos,legacy_locked2000:bridge_clip_150k_pool_ep1,eval_2000_qids,clip,pool32,none,exist,354,vqa_soft,51.129944,47.175141,3.954802,outputs/eval/bridge_clip_150k_pool_ep1_records.json
legacy_locked2000:bridge_clip_150k_pool_ep1::bridge_clip_150k_pool_ep1::vqa_soft,legacy_raw_prompt_no_eos,legacy_locked2000:bridge_clip_150k_pool_ep1,eval_2000_qids,clip,pool32,none,other,610,vqa_soft,43.442623,32.459016,10.983607,outputs/eval/bridge_clip_150k_pool_ep1_records.json
legacy_locked2000:bridge_clip_150k_pool_ep1::bridge_clip_150k_pool_ep1::vqa_soft,legacy_raw_prompt_no_eos,legacy_locked2000:bridge_clip_150k_pool_ep1,eval_2000_qids,clip,pool32,none,relate,781,vqa_soft,37.131882,15.108835,22.023047,outputs/eval/bridge_clip_150k_pool_ep1_records.json
legacy_locked2000:bridge_clip_150k_pool_ep2::bridge_clip_150k_pool_ep2::exact,legacy_raw_prompt_no_eos,legacy_locked2000:bridge_clip_150k_pool_ep2,eval_2000_qids,clip,pool32,none,choose,197,exact,2.538071,37.563452,-35.025381,outputs/eval/bridge_clip_150k_pool_ep2_records.json
legacy_locked2000:bridge_clip_150k_pool_ep2::bridge_clip_150k_pool_ep2::exact,legacy_raw_prompt_no_eos,legacy_locked2000:bridge_clip_150k_pool_ep2,eval_2000_qids,clip,pool32,none,compare,58,exact,8.62069,17.241379,-8.62069,outputs/eval/bridge_clip_150k_pool_ep2_records.json
legacy_locked2000:bridge_clip_150k_pool_ep2::bridge_clip_150k_pool_ep2::exact,legacy_raw_prompt_no_eos,legacy_locked2000:bridge_clip_150k_pool_ep2,eval_2000_qids,clip,pool32,none,exist,354,exact,11.299435,27.40113,-16.101695,outputs/eval/bridge_clip_150k_pool_ep2_records.json
legacy_locked2000:bridge_clip_150k_pool_ep2::bridge_clip_150k_pool_ep2::exact,legacy_raw_prompt_no_eos,legacy_locked2000:bridge_clip_150k_pool_ep2,eval_2000_qids,clip,pool32,none,other,610,exact,5.081967,17.377049,-12.295082,outputs/eval/bridge_clip_150k_pool_ep2_records.json
legacy_locked2000:bridge_clip_150k_pool_ep2::bridge_clip_150k_pool_ep2::exact,legacy_raw_prompt_no_eos,legacy_locked2000:bridge_clip_150k_pool_ep2,eval_2000_qids,clip,pool32,none,relate,781,exact,2.432778,12.548015,-10.115237,outputs/eval/bridge_clip_150k_pool_ep2_records.json
legacy_locked2000:bridge_clip_150k_pool_ep2::bridge_clip_150k_pool_ep2::vqa_soft,legacy_raw_prompt_no_eos,legacy_locked2000:bridge_clip_150k_pool_ep2,eval_2000_qids,clip,pool32,none,choose,197,vqa_soft,70.558376,52.791878,17.766497,outputs/eval/bridge_clip_150k_pool_ep2_records.json
legacy_locked2000:bridge_clip_150k_pool_ep2::bridge_clip_150k_pool_ep2::vqa_soft,legacy_raw_prompt_no_eos,legacy_locked2000:bridge_clip_150k_pool_ep2,eval_2000_qids,clip,pool32,none,compare,58,vqa_soft,58.62069,46.551724,12.068966,outputs/eval/bridge_clip_150k_pool_ep2_records.json
legacy_locked2000:bridge_clip_150k_pool_ep2::bridge_clip_150k_pool_ep2::vqa_soft,legacy_raw_prompt_no_eos,legacy_locked2000:bridge_clip_150k_pool_ep2,eval_2000_qids,clip,pool32,none,exist,354,vqa_soft,57.344633,47.175141,10.169492,outputs/eval/bridge_clip_150k_pool_ep2_records.json
legacy_locked2000:bridge_clip_150k_pool_ep2::bridge_clip_150k_pool_ep2::vqa_soft,legacy_raw_prompt_no_eos,legacy_locked2000:bridge_clip_150k_pool_ep2,eval_2000_qids,clip,pool32,none,other,610,vqa_soft,48.196721,32.459016,15.737705,outputs/eval/bridge_clip_150k_pool_ep2_records.json
legacy_locked2000:bridge_clip_150k_pool_ep2::bridge_clip_150k_pool_ep2::vqa_soft,legacy_raw_prompt_no_eos,legacy_locked2000:bridge_clip_150k_pool_ep2,eval_2000_qids,clip,pool32,none,relate,781,vqa_soft,41.997439,15.108835,26.888604,outputs/eval/bridge_clip_150k_pool_ep2_records.json
legacy_locked2000:bridge_clip_150k_pool_ep3::bridge_clip_150k_pool_ep3::exact,legacy_raw_prompt_no_eos,legacy_locked2000:bridge_clip_150k_pool_ep3,eval_2000_qids,clip,pool32,none,choose,197,exact,3.045685,37.563452,-34.517766,outputs/eval/bridge_clip_150k_pool_ep3_records.json
legacy_locked2000:bridge_clip_150k_pool_ep3::bridge_clip_150k_pool_ep3::exact,legacy_raw_prompt_no_eos,legacy_locked2000:bridge_clip_150k_pool_ep3,eval_2000_qids,clip,pool32,none,compare,58,exact,5.172414,17.241379,-12.068966,outputs/eval/bridge_clip_150k_pool_ep3_records.json
legacy_locked2000:bridge_clip_150k_pool_ep3::bridge_clip_150k_pool_ep3::exact,legacy_raw_prompt_no_eos,legacy_locked2000:bridge_clip_150k_pool_ep3,eval_2000_qids,clip,pool32,none,exist,354,exact,3.954802,27.40113,-23.446328,outputs/eval/bridge_clip_150k_pool_ep3_records.json
legacy_locked2000:bridge_clip_150k_pool_ep3::bridge_clip_150k_pool_ep3::exact,legacy_raw_prompt_no_eos,legacy_locked2000:bridge_clip_150k_pool_ep3,eval_2000_qids,clip,pool32,none,other,610,exact,4.098361,17.377049,-13.278689,outputs/eval/bridge_clip_150k_pool_ep3_records.json
legacy_locked2000:bridge_clip_150k_pool_ep3::bridge_clip_150k_pool_ep3::exact,legacy_raw_prompt_no_eos,legacy_locked2000:bridge_clip_150k_pool_ep3,eval_2000_qids,clip,pool32,none,relate,781,exact,1.536492,12.548015,-11.011524,outputs/eval/bridge_clip_150k_pool_ep3_records.json
legacy_locked2000:bridge_clip_150k_pool_ep3::bridge_clip_150k_pool_ep3::vqa_soft,legacy_raw_prompt_no_eos,legacy_locked2000:bridge_clip_150k_pool_ep3,eval_2000_qids,clip,pool32,none,choose,197,vqa_soft,70.050761,52.791878,17.258883,outputs/eval/bridge_clip_150k_pool_ep3_records.json
legacy_locked2000:bridge_clip_150k_pool_ep3::bridge_clip_150k_pool_ep3::vqa_soft,legacy_raw_prompt_no_eos,legacy_locked2000:bridge_clip_150k_pool_ep3,eval_2000_qids,clip,pool32,none,compare,58,vqa_soft,50,46.551724,3.448276,outputs/eval/bridge_clip_150k_pool_ep3_records.json
legacy_locked2000:bridge_clip_150k_pool_ep3::bridge_clip_150k_pool_ep3::vqa_soft,legacy_raw_prompt_no_eos,legacy_locked2000:bridge_clip_150k_pool_ep3,eval_2000_qids,clip,pool32,none,exist,354,vqa_soft,58.19209,47.175141,11.016949,outputs/eval/bridge_clip_150k_pool_ep3_records.json
legacy_locked2000:bridge_clip_150k_pool_ep3::bridge_clip_150k_pool_ep3::vqa_soft,legacy_raw_prompt_no_eos,legacy_locked2000:bridge_clip_150k_pool_ep3,eval_2000_qids,clip,pool32,none,other,610,vqa_soft,50.983607,32.459016,18.52459,outputs/eval/bridge_clip_150k_pool_ep3_records.json
legacy_locked2000:bridge_clip_150k_pool_ep3::bridge_clip_150k_pool_ep3::vqa_soft,legacy_raw_prompt_no_eos,legacy_locked2000:bridge_clip_150k_pool_ep3,eval_2000_qids,clip,pool32,none,relate,781,vqa_soft,43.790013,15.108835,28.681178,outputs/eval/bridge_clip_150k_pool_ep3_records.json
legacy_locked2000:bridge_clip_500k_ep1::bridge_clip_500k_ep1::exact,legacy_raw_prompt_no_eos,legacy_locked2000:bridge_clip_500k_ep1,eval_2000_qids,clip,,none,choose,197,exact,5.076142,37.563452,-32.48731,outputs/eval/bridge_clip_500k_ep1_records.json
legacy_locked2000:bridge_clip_500k_ep1::bridge_clip_500k_ep1::exact,legacy_raw_prompt_no_eos,legacy_locked2000:bridge_clip_500k_ep1,eval_2000_qids,clip,,none,compare,58,exact,6.896552,17.241379,-10.344828,outputs/eval/bridge_clip_500k_ep1_records.json
legacy_locked2000:bridge_clip_500k_ep1::bridge_clip_500k_ep1::exact,legacy_raw_prompt_no_eos,legacy_locked2000:bridge_clip_500k_ep1,eval_2000_qids,clip,,none,exist,354,exact,9.322034,27.40113,-18.079096,outputs/eval/bridge_clip_500k_ep1_records.json
legacy_locked2000:bridge_clip_500k_ep1::bridge_clip_500k_ep1::exact,legacy_raw_prompt_no_eos,legacy_locked2000:bridge_clip_500k_ep1,eval_2000_qids,clip,,none,other,610,exact,2.786885,17.377049,-14.590164,outputs/eval/bridge_clip_500k_ep1_records.json
legacy_locked2000:bridge_clip_500k_ep1::bridge_clip_500k_ep1::exact,legacy_raw_prompt_no_eos,legacy_locked2000:bridge_clip_500k_ep1,eval_2000_qids,clip,,none,relate,781,exact,4.993598,12.548015,-7.554417,outputs/eval/bridge_clip_500k_ep1_records.json
legacy_locked2000:bridge_clip_500k_ep1::bridge_clip_500k_ep1::vqa_soft,legacy_raw_prompt_no_eos,legacy_locked2000:bridge_clip_500k_ep1,eval_2000_qids,clip,,none,choose,197,vqa_soft,62.944162,52.791878,10.152284,outputs/eval/bridge_clip_500k_ep1_records.json
legacy_locked2000:bridge_clip_500k_ep1::bridge_clip_500k_ep1::vqa_soft,legacy_raw_prompt_no_eos,legacy_locked2000:bridge_clip_500k_ep1,eval_2000_qids,clip,,none,compare,58,vqa_soft,15.517241,46.551724,-31.034483,outputs/eval/bridge_clip_500k_ep1_records.json
legacy_locked2000:bridge_clip_500k_ep1::bridge_clip_500k_ep1::vqa_soft,legacy_raw_prompt_no_eos,legacy_locked2000:bridge_clip_500k_ep1,eval_2000_qids,clip,,none,exist,354,vqa_soft,39.830508,47.175141,-7.344633,outputs/eval/bridge_clip_500k_ep1_records.json
legacy_locked2000:bridge_clip_500k_ep1::bridge_clip_500k_ep1::vqa_soft,legacy_raw_prompt_no_eos,legacy_locked2000:bridge_clip_500k_ep1,eval_2000_qids,clip,,none,other,610,vqa_soft,37.377049,32.459016,4.918033,outputs/eval/bridge_clip_500k_ep1_records.json
legacy_locked2000:bridge_clip_500k_ep1::bridge_clip_500k_ep1::vqa_soft,legacy_raw_prompt_no_eos,legacy_locked2000:bridge_clip_500k_ep1,eval_2000_qids,clip,,none,relate,781,vqa_soft,32.778489,15.108835,17.669654,outputs/eval/bridge_clip_500k_ep1_records.json
legacy_locked2000:bridge_clip_500k_ep2::bridge_clip_500k_ep2::exact,legacy_raw_prompt_no_eos,legacy_locked2000:bridge_clip_500k_ep2,eval_2000_qids,clip,,none,choose,197,exact,2.538071,37.563452,-35.025381,outputs/eval/bridge_clip_500k_ep2_records.json
legacy_locked2000:bridge_clip_500k_ep2::bridge_clip_500k_ep2::exact,legacy_raw_prompt_no_eos,legacy_locked2000:bridge_clip_500k_ep2,eval_2000_qids,clip,,none,compare,58,exact,3.448276,17.241379,-13.793103,outputs/eval/bridge_clip_500k_ep2_records.json
legacy_locked2000:bridge_clip_500k_ep2::bridge_clip_500k_ep2::exact,legacy_raw_prompt_no_eos,legacy_locked2000:bridge_clip_500k_ep2,eval_2000_qids,clip,,none,exist,354,exact,12.146893,27.40113,-15.254237,outputs/eval/bridge_clip_500k_ep2_records.json
legacy_locked2000:bridge_clip_500k_ep2::bridge_clip_500k_ep2::exact,legacy_raw_prompt_no_eos,legacy_locked2000:bridge_clip_500k_ep2,eval_2000_qids,clip,,none,other,610,exact,2.295082,17.377049,-15.081967,outputs/eval/bridge_clip_500k_ep2_records.json
legacy_locked2000:bridge_clip_500k_ep2::bridge_clip_500k_ep2::exact,legacy_raw_prompt_no_eos,legacy_locked2000:bridge_clip_500k_ep2,eval_2000_qids,clip,,none,relate,781,exact,3.585147,12.548015,-8.962868,outputs/eval/bridge_clip_500k_ep2_records.json
legacy_locked2000:bridge_clip_500k_ep2::bridge_clip_500k_ep2::vqa_soft,legacy_raw_prompt_no_eos,legacy_locked2000:bridge_clip_500k_ep2,eval_2000_qids,clip,,none,choose,197,vqa_soft,74.111675,52.791878,21.319797,outputs/eval/bridge_clip_500k_ep2_records.json
legacy_locked2000:bridge_clip_500k_ep2::bridge_clip_500k_ep2::vqa_soft,legacy_raw_prompt_no_eos,legacy_locked2000:bridge_clip_500k_ep2,eval_2000_qids,clip,,none,compare,58,vqa_soft,55.172414,46.551724,8.62069,outputs/eval/bridge_clip_500k_ep2_records.json
legacy_locked2000:bridge_clip_500k_ep2::bridge_clip_500k_ep2::vqa_soft,legacy_raw_prompt_no_eos,legacy_locked2000:bridge_clip_500k_ep2,eval_2000_qids,clip,,none,exist,354,vqa_soft,57.344633,47.175141,10.169492,outputs/eval/bridge_clip_500k_ep2_records.json
legacy_locked2000:bridge_clip_500k_ep2::bridge_clip_500k_ep2::vqa_soft,legacy_raw_prompt_no_eos,legacy_locked2000:bridge_clip_500k_ep2,eval_2000_qids,clip,,none,other,610,vqa_soft,45.737705,32.459016,13.278689,outputs/eval/bridge_clip_500k_ep2_records.json
legacy_locked2000:bridge_clip_500k_ep2::bridge_clip_500k_ep2::vqa_soft,legacy_raw_prompt_no_eos,legacy_locked2000:bridge_clip_500k_ep2,eval_2000_qids,clip,,none,relate,781,vqa_soft,41.101152,15.108835,25.992318,outputs/eval/bridge_clip_500k_ep2_records.json
legacy_locked2000:bridge_clip_500k_ep3::bridge_clip_500k_ep3::exact,legacy_raw_prompt_no_eos,legacy_locked2000:bridge_clip_500k_ep3,eval_2000_qids,clip,,none,choose,197,exact,6.091371,37.563452,-31.472081,outputs/eval/bridge_clip_500k_ep3_records.json
legacy_locked2000:bridge_clip_500k_ep3::bridge_clip_500k_ep3::exact,legacy_raw_prompt_no_eos,legacy_locked2000:bridge_clip_500k_ep3,eval_2000_qids,clip,,none,compare,58,exact,3.448276,17.241379,-13.793103,outputs/eval/bridge_clip_500k_ep3_records.json
legacy_locked2000:bridge_clip_500k_ep3::bridge_clip_500k_ep3::exact,legacy_raw_prompt_no_eos,legacy_locked2000:bridge_clip_500k_ep3,eval_2000_qids,clip,,none,exist,354,exact,10.451977,27.40113,-16.949153,outputs/eval/bridge_clip_500k_ep3_records.json
legacy_locked2000:bridge_clip_500k_ep3::bridge_clip_500k_ep3::exact,legacy_raw_prompt_no_eos,legacy_locked2000:bridge_clip_500k_ep3,eval_2000_qids,clip,,none,other,610,exact,3.442623,17.377049,-13.934426,outputs/eval/bridge_clip_500k_ep3_records.json
legacy_locked2000:bridge_clip_500k_ep3::bridge_clip_500k_ep3::exact,legacy_raw_prompt_no_eos,legacy_locked2000:bridge_clip_500k_ep3,eval_2000_qids,clip,,none,relate,781,exact,3.841229,12.548015,-8.706786,outputs/eval/bridge_clip_500k_ep3_records.json
legacy_locked2000:bridge_clip_500k_ep3::bridge_clip_500k_ep3::vqa_soft,legacy_raw_prompt_no_eos,legacy_locked2000:bridge_clip_500k_ep3,eval_2000_qids,clip,,none,choose,197,vqa_soft,71.573604,52.791878,18.781726,outputs/eval/bridge_clip_500k_ep3_records.json
legacy_locked2000:bridge_clip_500k_ep3::bridge_clip_500k_ep3::vqa_soft,legacy_raw_prompt_no_eos,legacy_locked2000:bridge_clip_500k_ep3,eval_2000_qids,clip,,none,compare,58,vqa_soft,56.896552,46.551724,10.344828,outputs/eval/bridge_clip_500k_ep3_records.json
legacy_locked2000:bridge_clip_500k_ep3::bridge_clip_500k_ep3::vqa_soft,legacy_raw_prompt_no_eos,legacy_locked2000:bridge_clip_500k_ep3,eval_2000_qids,clip,,none,exist,354,vqa_soft,55.932203,47.175141,8.757062,outputs/eval/bridge_clip_500k_ep3_records.json
legacy_locked2000:bridge_clip_500k_ep3::bridge_clip_500k_ep3::vqa_soft,legacy_raw_prompt_no_eos,legacy_locked2000:bridge_clip_500k_ep3,eval_2000_qids,clip,,none,other,610,vqa_soft,45.409836,32.459016,12.95082,outputs/eval/bridge_clip_500k_ep3_records.json
legacy_locked2000:bridge_clip_500k_ep3::bridge_clip_500k_ep3::vqa_soft,legacy_raw_prompt_no_eos,legacy_locked2000:bridge_clip_500k_ep3,eval_2000_qids,clip,,none,relate,781,vqa_soft,41.997439,15.108835,26.888604,outputs/eval/bridge_clip_500k_ep3_records.json
legacy_locked2000:bridge_clip_500k_ep3_scene_graph::bridge_clip_500k_ep3_scene_graph::exact,legacy_raw_prompt_no_eos,legacy_locked2000:bridge_clip_500k_ep3_scene_graph,eval_2000_qids,clip,,scene_graph_oracle,choose,197,exact,45.685279,6.091371,39.593909,outputs/eval/bridge_clip_500k_ep3_scene_graph_records.json
legacy_locked2000:bridge_clip_500k_ep3_scene_graph::bridge_clip_500k_ep3_scene_graph::exact,legacy_raw_prompt_no_eos,legacy_locked2000:bridge_clip_500k_ep3_scene_graph,eval_2000_qids,clip,,scene_graph_oracle,compare,58,exact,12.068966,3.448276,8.62069,outputs/eval/bridge_clip_500k_ep3_scene_graph_records.json
legacy_locked2000:bridge_clip_500k_ep3_scene_graph::bridge_clip_500k_ep3_scene_graph::exact,legacy_raw_prompt_no_eos,legacy_locked2000:bridge_clip_500k_ep3_scene_graph,eval_2000_qids,clip,,scene_graph_oracle,exist,354,exact,51.694915,10.451977,41.242938,outputs/eval/bridge_clip_500k_ep3_scene_graph_records.json
legacy_locked2000:bridge_clip_500k_ep3_scene_graph::bridge_clip_500k_ep3_scene_graph::exact,legacy_raw_prompt_no_eos,legacy_locked2000:bridge_clip_500k_ep3_scene_graph,eval_2000_qids,clip,,scene_graph_oracle,other,610,exact,44.590164,3.442623,41.147541,outputs/eval/bridge_clip_500k_ep3_scene_graph_records.json
legacy_locked2000:bridge_clip_500k_ep3_scene_graph::bridge_clip_500k_ep3_scene_graph::exact,legacy_raw_prompt_no_eos,legacy_locked2000:bridge_clip_500k_ep3_scene_graph,eval_2000_qids,clip,,scene_graph_oracle,relate,781,exact,38.284251,3.841229,34.443022,outputs/eval/bridge_clip_500k_ep3_scene_graph_records.json
legacy_locked2000:bridge_clip_500k_ep3_scene_graph::bridge_clip_500k_ep3_scene_graph::vqa_soft,legacy_raw_prompt_no_eos,legacy_locked2000:bridge_clip_500k_ep3_scene_graph,eval_2000_qids,clip,,scene_graph_oracle,choose,197,vqa_soft,76.142132,71.573604,4.568528,outputs/eval/bridge_clip_500k_ep3_scene_graph_records.json
legacy_locked2000:bridge_clip_500k_ep3_scene_graph::bridge_clip_500k_ep3_scene_graph::vqa_soft,legacy_raw_prompt_no_eos,legacy_locked2000:bridge_clip_500k_ep3_scene_graph,eval_2000_qids,clip,,scene_graph_oracle,compare,58,vqa_soft,62.068966,56.896552,5.172414,outputs/eval/bridge_clip_500k_ep3_scene_graph_records.json
legacy_locked2000:bridge_clip_500k_ep3_scene_graph::bridge_clip_500k_ep3_scene_graph::vqa_soft,legacy_raw_prompt_no_eos,legacy_locked2000:bridge_clip_500k_ep3_scene_graph,eval_2000_qids,clip,,scene_graph_oracle,exist,354,vqa_soft,82.20339,55.932203,26.271186,outputs/eval/bridge_clip_500k_ep3_scene_graph_records.json
legacy_locked2000:bridge_clip_500k_ep3_scene_graph::bridge_clip_500k_ep3_scene_graph::vqa_soft,legacy_raw_prompt_no_eos,legacy_locked2000:bridge_clip_500k_ep3_scene_graph,eval_2000_qids,clip,,scene_graph_oracle,other,610,vqa_soft,71.639344,45.409836,26.229508,outputs/eval/bridge_clip_500k_ep3_scene_graph_records.json
legacy_locked2000:bridge_clip_500k_ep3_scene_graph::bridge_clip_500k_ep3_scene_graph::vqa_soft,legacy_raw_prompt_no_eos,legacy_locked2000:bridge_clip_500k_ep3_scene_graph,eval_2000_qids,clip,,scene_graph_oracle,relate,781,vqa_soft,68.117798,41.997439,26.120359,outputs/eval/bridge_clip_500k_ep3_scene_graph_records.json
legacy_locked2000:bridge_clip_500k_ep3_scene_graph_pred::bridge_clip_500k_ep3_scene_graph_pred::exact,legacy_raw_prompt_no_eos,legacy_locked2000:bridge_clip_500k_ep3_scene_graph_pred,eval_2000_qids,clip,,scene_graph_predicted_owlv2,choose,197,exact,14.720812,6.091371,8.629442,outputs/eval/bridge_clip_500k_ep3_scene_graph_pred_records.json
legacy_locked2000:bridge_clip_500k_ep3_scene_graph_pred::bridge_clip_500k_ep3_scene_graph_pred::exact,legacy_raw_prompt_no_eos,legacy_locked2000:bridge_clip_500k_ep3_scene_graph_pred,eval_2000_qids,clip,,scene_graph_predicted_owlv2,compare,58,exact,1.724138,3.448276,-1.724138,outputs/eval/bridge_clip_500k_ep3_scene_graph_pred_records.json
legacy_locked2000:bridge_clip_500k_ep3_scene_graph_pred::bridge_clip_500k_ep3_scene_graph_pred::exact,legacy_raw_prompt_no_eos,legacy_locked2000:bridge_clip_500k_ep3_scene_graph_pred,eval_2000_qids,clip,,scene_graph_predicted_owlv2,exist,354,exact,20.621469,10.451977,10.169492,outputs/eval/bridge_clip_500k_ep3_scene_graph_pred_records.json
legacy_locked2000:bridge_clip_500k_ep3_scene_graph_pred::bridge_clip_500k_ep3_scene_graph_pred::exact,legacy_raw_prompt_no_eos,legacy_locked2000:bridge_clip_500k_ep3_scene_graph_pred,eval_2000_qids,clip,,scene_graph_predicted_owlv2,other,610,exact,10.655738,3.442623,7.213115,outputs/eval/bridge_clip_500k_ep3_scene_graph_pred_records.json
legacy_locked2000:bridge_clip_500k_ep3_scene_graph_pred::bridge_clip_500k_ep3_scene_graph_pred::exact,legacy_raw_prompt_no_eos,legacy_locked2000:bridge_clip_500k_ep3_scene_graph_pred,eval_2000_qids,clip,,scene_graph_predicted_owlv2,relate,781,exact,13.572343,3.841229,9.731114,outputs/eval/bridge_clip_500k_ep3_scene_graph_pred_records.json
legacy_locked2000:bridge_clip_500k_ep3_scene_graph_pred::bridge_clip_500k_ep3_scene_graph_pred::vqa_soft,legacy_raw_prompt_no_eos,legacy_locked2000:bridge_clip_500k_ep3_scene_graph_pred,eval_2000_qids,clip,,scene_graph_predicted_owlv2,choose,197,vqa_soft,63.451777,71.573604,-8.121827,outputs/eval/bridge_clip_500k_ep3_scene_graph_pred_records.json
legacy_locked2000:bridge_clip_500k_ep3_scene_graph_pred::bridge_clip_500k_ep3_scene_graph_pred::vqa_soft,legacy_raw_prompt_no_eos,legacy_locked2000:bridge_clip_500k_ep3_scene_graph_pred,eval_2000_qids,clip,,scene_graph_predicted_owlv2,compare,58,vqa_soft,44.827586,56.896552,-12.068966,outputs/eval/bridge_clip_500k_ep3_scene_graph_pred_records.json
legacy_locked2000:bridge_clip_500k_ep3_scene_graph_pred::bridge_clip_500k_ep3_scene_graph_pred::vqa_soft,legacy_raw_prompt_no_eos,legacy_locked2000:bridge_clip_500k_ep3_scene_graph_pred,eval_2000_qids,clip,,scene_graph_predicted_owlv2,exist,354,vqa_soft,60.451977,55.932203,4.519774,outputs/eval/bridge_clip_500k_ep3_scene_graph_pred_records.json
legacy_locked2000:bridge_clip_500k_ep3_scene_graph_pred::bridge_clip_500k_ep3_scene_graph_pred::vqa_soft,legacy_raw_prompt_no_eos,legacy_locked2000:bridge_clip_500k_ep3_scene_graph_pred,eval_2000_qids,clip,,scene_graph_predicted_owlv2,other,610,vqa_soft,36.229508,45.409836,-9.180328,outputs/eval/bridge_clip_500k_ep3_scene_graph_pred_records.json
legacy_locked2000:bridge_clip_500k_ep3_scene_graph_pred::bridge_clip_500k_ep3_scene_graph_pred::vqa_soft,legacy_raw_prompt_no_eos,legacy_locked2000:bridge_clip_500k_ep3_scene_graph_pred,eval_2000_qids,clip,,scene_graph_predicted_owlv2,relate,781,vqa_soft,31.882202,41.997439,-10.115237,outputs/eval/bridge_clip_500k_ep3_scene_graph_pred_records.json
legacy_locked2000:bridge_clip_500k_ep3_scene_graph_predq::bridge_clip_500k_ep3_scene_graph_predq::exact,legacy_raw_prompt_no_eos,legacy_locked2000:bridge_clip_500k_ep3_scene_graph_predq,eval_2000_qids,clip,,scene_graph_predicted_owlv2,choose,197,exact,19.28934,6.091371,13.19797,outputs/eval/bridge_clip_500k_ep3_scene_graph_predq_records.json
legacy_locked2000:bridge_clip_500k_ep3_scene_graph_predq::bridge_clip_500k_ep3_scene_graph_predq::exact,legacy_raw_prompt_no_eos,legacy_locked2000:bridge_clip_500k_ep3_scene_graph_predq,eval_2000_qids,clip,,scene_graph_predicted_owlv2,compare,58,exact,0,3.448276,-3.448276,outputs/eval/bridge_clip_500k_ep3_scene_graph_predq_records.json
legacy_locked2000:bridge_clip_500k_ep3_scene_graph_predq::bridge_clip_500k_ep3_scene_graph_predq::exact,legacy_raw_prompt_no_eos,legacy_locked2000:bridge_clip_500k_ep3_scene_graph_predq,eval_2000_qids,clip,,scene_graph_predicted_owlv2,exist,354,exact,3.954802,10.451977,-6.497175,outputs/eval/bridge_clip_500k_ep3_scene_graph_predq_records.json
legacy_locked2000:bridge_clip_500k_ep3_scene_graph_predq::bridge_clip_500k_ep3_scene_graph_predq::exact,legacy_raw_prompt_no_eos,legacy_locked2000:bridge_clip_500k_ep3_scene_graph_predq,eval_2000_qids,clip,,scene_graph_predicted_owlv2,other,610,exact,5.081967,3.442623,1.639344,outputs/eval/bridge_clip_500k_ep3_scene_graph_predq_records.json
legacy_locked2000:bridge_clip_500k_ep3_scene_graph_predq::bridge_clip_500k_ep3_scene_graph_predq::exact,legacy_raw_prompt_no_eos,legacy_locked2000:bridge_clip_500k_ep3_scene_graph_predq,eval_2000_qids,clip,,scene_graph_predicted_owlv2,relate,781,exact,4.353393,3.841229,0.512164,outputs/eval/bridge_clip_500k_ep3_scene_graph_predq_records.json
legacy_locked2000:bridge_clip_500k_ep3_scene_graph_predq::bridge_clip_500k_ep3_scene_graph_predq::vqa_soft,legacy_raw_prompt_no_eos,legacy_locked2000:bridge_clip_500k_ep3_scene_graph_predq,eval_2000_qids,clip,,scene_graph_predicted_owlv2,choose,197,vqa_soft,67.51269,71.573604,-4.060914,outputs/eval/bridge_clip_500k_ep3_scene_graph_predq_records.json
legacy_locked2000:bridge_clip_500k_ep3_scene_graph_predq::bridge_clip_500k_ep3_scene_graph_predq::vqa_soft,legacy_raw_prompt_no_eos,legacy_locked2000:bridge_clip_500k_ep3_scene_graph_predq,eval_2000_qids,clip,,scene_graph_predicted_owlv2,compare,58,vqa_soft,44.827586,56.896552,-12.068966,outputs/eval/bridge_clip_500k_ep3_scene_graph_predq_records.json
legacy_locked2000:bridge_clip_500k_ep3_scene_graph_predq::bridge_clip_500k_ep3_scene_graph_predq::vqa_soft,legacy_raw_prompt_no_eos,legacy_locked2000:bridge_clip_500k_ep3_scene_graph_predq,eval_2000_qids,clip,,scene_graph_predicted_owlv2,exist,354,vqa_soft,62.711864,55.932203,6.779661,outputs/eval/bridge_clip_500k_ep3_scene_graph_predq_records.json
legacy_locked2000:bridge_clip_500k_ep3_scene_graph_predq::bridge_clip_500k_ep3_scene_graph_predq::vqa_soft,legacy_raw_prompt_no_eos,legacy_locked2000:bridge_clip_500k_ep3_scene_graph_predq,eval_2000_qids,clip,,scene_graph_predicted_owlv2,other,610,vqa_soft,40.819672,45.409836,-4.590164,outputs/eval/bridge_clip_500k_ep3_scene_graph_predq_records.json
legacy_locked2000:bridge_clip_500k_ep3_scene_graph_predq::bridge_clip_500k_ep3_scene_graph_predq::vqa_soft,legacy_raw_prompt_no_eos,legacy_locked2000:bridge_clip_500k_ep3_scene_graph_predq,eval_2000_qids,clip,,scene_graph_predicted_owlv2,relate,781,vqa_soft,32.522407,41.997439,-9.475032,outputs/eval/bridge_clip_500k_ep3_scene_graph_predq_records.json
legacy_locked2000:bridge_ijepa_150k::bridge_ijepa_150k::exact,legacy_raw_prompt_no_eos,legacy_locked2000:bridge_ijepa_150k,eval_2000_qids,ijepa,,none,choose,197,exact,9.64467,37.563452,-27.918782,outputs/eval/bridge_ijepa_150k_records.json
legacy_locked2000:bridge_ijepa_150k::bridge_ijepa_150k::exact,legacy_raw_prompt_no_eos,legacy_locked2000:bridge_ijepa_150k,eval_2000_qids,ijepa,,none,compare,58,exact,22.413793,17.241379,5.172414,outputs/eval/bridge_ijepa_150k_records.json
legacy_locked2000:bridge_ijepa_150k::bridge_ijepa_150k::exact,legacy_raw_prompt_no_eos,legacy_locked2000:bridge_ijepa_150k,eval_2000_qids,ijepa,,none,exist,354,exact,14.689266,27.40113,-12.711864,outputs/eval/bridge_ijepa_150k_records.json
legacy_locked2000:bridge_ijepa_150k::bridge_ijepa_150k::exact,legacy_raw_prompt_no_eos,legacy_locked2000:bridge_ijepa_150k,eval_2000_qids,ijepa,,none,other,610,exact,5.737705,17.377049,-11.639344,outputs/eval/bridge_ijepa_150k_records.json
legacy_locked2000:bridge_ijepa_150k::bridge_ijepa_150k::exact,legacy_raw_prompt_no_eos,legacy_locked2000:bridge_ijepa_150k,eval_2000_qids,ijepa,,none,relate,781,exact,5.505762,12.548015,-7.042254,outputs/eval/bridge_ijepa_150k_records.json
legacy_locked2000:bridge_ijepa_150k::bridge_ijepa_150k::vqa_soft,legacy_raw_prompt_no_eos,legacy_locked2000:bridge_ijepa_150k,eval_2000_qids,ijepa,,none,choose,197,vqa_soft,63.451777,52.791878,10.659898,outputs/eval/bridge_ijepa_150k_records.json
legacy_locked2000:bridge_ijepa_150k::bridge_ijepa_150k::vqa_soft,legacy_raw_prompt_no_eos,legacy_locked2000:bridge_ijepa_150k,eval_2000_qids,ijepa,,none,compare,58,vqa_soft,44.827586,46.551724,-1.724138,outputs/eval/bridge_ijepa_150k_records.json
legacy_locked2000:bridge_ijepa_150k::bridge_ijepa_150k::vqa_soft,legacy_raw_prompt_no_eos,legacy_locked2000:bridge_ijepa_150k,eval_2000_qids,ijepa,,none,exist,354,vqa_soft,43.785311,47.175141,-3.389831,outputs/eval/bridge_ijepa_150k_records.json
legacy_locked2000:bridge_ijepa_150k::bridge_ijepa_150k::vqa_soft,legacy_raw_prompt_no_eos,legacy_locked2000:bridge_ijepa_150k,eval_2000_qids,ijepa,,none,other,610,vqa_soft,43.606557,32.459016,11.147541,outputs/eval/bridge_ijepa_150k_records.json
legacy_locked2000:bridge_ijepa_150k::bridge_ijepa_150k::vqa_soft,legacy_raw_prompt_no_eos,legacy_locked2000:bridge_ijepa_150k,eval_2000_qids,ijepa,,none,relate,781,vqa_soft,29.449424,15.108835,14.340589,outputs/eval/bridge_ijepa_150k_records.json
legacy_locked2000:bridge_ijepa_150k_3ep::bridge_ijepa_150k_3ep::exact,legacy_raw_prompt_no_eos,legacy_locked2000:bridge_ijepa_150k_3ep,eval_2000_qids,ijepa,,none,choose,197,exact,34.010152,37.563452,-3.553299,outputs/eval/bridge_ijepa_150k_3ep_records.json
legacy_locked2000:bridge_ijepa_150k_3ep::bridge_ijepa_150k_3ep::exact,legacy_raw_prompt_no_eos,legacy_locked2000:bridge_ijepa_150k_3ep,eval_2000_qids,ijepa,,none,compare,58,exact,46.551724,17.241379,29.310345,outputs/eval/bridge_ijepa_150k_3ep_records.json
legacy_locked2000:bridge_ijepa_150k_3ep::bridge_ijepa_150k_3ep::exact,legacy_raw_prompt_no_eos,legacy_locked2000:bridge_ijepa_150k_3ep,eval_2000_qids,ijepa,,none,exist,354,exact,36.158192,27.40113,8.757062,outputs/eval/bridge_ijepa_150k_3ep_records.json
legacy_locked2000:bridge_ijepa_150k_3ep::bridge_ijepa_150k_3ep::exact,legacy_raw_prompt_no_eos,legacy_locked2000:bridge_ijepa_150k_3ep,eval_2000_qids,ijepa,,none,other,610,exact,17.540984,17.377049,0.163934,outputs/eval/bridge_ijepa_150k_3ep_records.json
legacy_locked2000:bridge_ijepa_150k_3ep::bridge_ijepa_150k_3ep::exact,legacy_raw_prompt_no_eos,legacy_locked2000:bridge_ijepa_150k_3ep,eval_2000_qids,ijepa,,none,relate,781,exact,17.15749,12.548015,4.609475,outputs/eval/bridge_ijepa_150k_3ep_records.json
legacy_locked2000:bridge_ijepa_150k_3ep::bridge_ijepa_150k_3ep::vqa_soft,legacy_raw_prompt_no_eos,legacy_locked2000:bridge_ijepa_150k_3ep,eval_2000_qids,ijepa,,none,choose,197,vqa_soft,64.467005,52.791878,11.675127,outputs/eval/bridge_ijepa_150k_3ep_records.json
legacy_locked2000:bridge_ijepa_150k_3ep::bridge_ijepa_150k_3ep::vqa_soft,legacy_raw_prompt_no_eos,legacy_locked2000:bridge_ijepa_150k_3ep,eval_2000_qids,ijepa,,none,compare,58,vqa_soft,46.551724,46.551724,0,outputs/eval/bridge_ijepa_150k_3ep_records.json
legacy_locked2000:bridge_ijepa_150k_3ep::bridge_ijepa_150k_3ep::vqa_soft,legacy_raw_prompt_no_eos,legacy_locked2000:bridge_ijepa_150k_3ep,eval_2000_qids,ijepa,,none,exist,354,vqa_soft,39.830508,47.175141,-7.344633,outputs/eval/bridge_ijepa_150k_3ep_records.json
legacy_locked2000:bridge_ijepa_150k_3ep::bridge_ijepa_150k_3ep::vqa_soft,legacy_raw_prompt_no_eos,legacy_locked2000:bridge_ijepa_150k_3ep,eval_2000_qids,ijepa,,none,other,610,vqa_soft,41.311475,32.459016,8.852459,outputs/eval/bridge_ijepa_150k_3ep_records.json
legacy_locked2000:bridge_ijepa_150k_3ep::bridge_ijepa_150k_3ep::vqa_soft,legacy_raw_prompt_no_eos,legacy_locked2000:bridge_ijepa_150k_3ep,eval_2000_qids,ijepa,,none,relate,781,vqa_soft,30.985915,15.108835,15.877081,outputs/eval/bridge_ijepa_150k_3ep_records.json
legacy_locked2000:bridge_ijepa_150k_3ep_cot::bridge_ijepa_150k_3ep_cot::exact,legacy_raw_prompt_no_eos,legacy_locked2000:bridge_ijepa_150k_3ep_cot,eval_2000_qids,ijepa,,cot,choose,197,exact,34.010152,34.010152,0,outputs/eval/bridge_ijepa_150k_3ep_cot_records.json
legacy_locked2000:bridge_ijepa_150k_3ep_cot::bridge_ijepa_150k_3ep_cot::exact,legacy_raw_prompt_no_eos,legacy_locked2000:bridge_ijepa_150k_3ep_cot,eval_2000_qids,ijepa,,cot,compare,58,exact,39.655172,46.551724,-6.896552,outputs/eval/bridge_ijepa_150k_3ep_cot_records.json
legacy_locked2000:bridge_ijepa_150k_3ep_cot::bridge_ijepa_150k_3ep_cot::exact,legacy_raw_prompt_no_eos,legacy_locked2000:bridge_ijepa_150k_3ep_cot,eval_2000_qids,ijepa,,cot,exist,354,exact,28.531073,36.158192,-7.627119,outputs/eval/bridge_ijepa_150k_3ep_cot_records.json
legacy_locked2000:bridge_ijepa_150k_3ep_cot::bridge_ijepa_150k_3ep_cot::exact,legacy_raw_prompt_no_eos,legacy_locked2000:bridge_ijepa_150k_3ep_cot,eval_2000_qids,ijepa,,cot,other,610,exact,17.704918,17.540984,0.163934,outputs/eval/bridge_ijepa_150k_3ep_cot_records.json
legacy_locked2000:bridge_ijepa_150k_3ep_cot::bridge_ijepa_150k_3ep_cot::exact,legacy_raw_prompt_no_eos,legacy_locked2000:bridge_ijepa_150k_3ep_cot,eval_2000_qids,ijepa,,cot,relate,781,exact,15.492958,17.15749,-1.664533,outputs/eval/bridge_ijepa_150k_3ep_cot_records.json
legacy_locked2000:bridge_ijepa_150k_3ep_cot::bridge_ijepa_150k_3ep_cot::vqa_soft,legacy_raw_prompt_no_eos,legacy_locked2000:bridge_ijepa_150k_3ep_cot,eval_2000_qids,ijepa,,cot,choose,197,vqa_soft,53.299492,64.467005,-11.167513,outputs/eval/bridge_ijepa_150k_3ep_cot_records.json
legacy_locked2000:bridge_ijepa_150k_3ep_cot::bridge_ijepa_150k_3ep_cot::vqa_soft,legacy_raw_prompt_no_eos,legacy_locked2000:bridge_ijepa_150k_3ep_cot,eval_2000_qids,ijepa,,cot,compare,58,vqa_soft,44.827586,46.551724,-1.724138,outputs/eval/bridge_ijepa_150k_3ep_cot_records.json
legacy_locked2000:bridge_ijepa_150k_3ep_cot::bridge_ijepa_150k_3ep_cot::vqa_soft,legacy_raw_prompt_no_eos,legacy_locked2000:bridge_ijepa_150k_3ep_cot,eval_2000_qids,ijepa,,cot,exist,354,vqa_soft,40.39548,39.830508,0.564972,outputs/eval/bridge_ijepa_150k_3ep_cot_records.json
legacy_locked2000:bridge_ijepa_150k_3ep_cot::bridge_ijepa_150k_3ep_cot::vqa_soft,legacy_raw_prompt_no_eos,legacy_locked2000:bridge_ijepa_150k_3ep_cot,eval_2000_qids,ijepa,,cot,other,610,vqa_soft,31.311475,41.311475,-10,outputs/eval/bridge_ijepa_150k_3ep_cot_records.json
legacy_locked2000:bridge_ijepa_150k_3ep_cot::bridge_ijepa_150k_3ep_cot::vqa_soft,legacy_raw_prompt_no_eos,legacy_locked2000:bridge_ijepa_150k_3ep_cot,eval_2000_qids,ijepa,,cot,relate,781,vqa_soft,24.199744,30.985915,-6.786172,outputs/eval/bridge_ijepa_150k_3ep_cot_records.json
legacy_locked2000:bridge_ijepa_150k_3ep_scene_graph::bridge_ijepa_150k_3ep_scene_graph::exact,legacy_raw_prompt_no_eos,legacy_locked2000:bridge_ijepa_150k_3ep_scene_graph,eval_2000_qids,ijepa,,scene_graph_oracle,choose,197,exact,66.497462,34.010152,32.48731,outputs/eval/bridge_ijepa_150k_3ep_scene_graph_records.json
legacy_locked2000:bridge_ijepa_150k_3ep_scene_graph::bridge_ijepa_150k_3ep_scene_graph::exact,legacy_raw_prompt_no_eos,legacy_locked2000:bridge_ijepa_150k_3ep_scene_graph,eval_2000_qids,ijepa,,scene_graph_oracle,compare,58,exact,56.896552,46.551724,10.344828,outputs/eval/bridge_ijepa_150k_3ep_scene_graph_records.json
legacy_locked2000:bridge_ijepa_150k_3ep_scene_graph::bridge_ijepa_150k_3ep_scene_graph::exact,legacy_raw_prompt_no_eos,legacy_locked2000:bridge_ijepa_150k_3ep_scene_graph,eval_2000_qids,ijepa,,scene_graph_oracle,exist,354,exact,76.553672,36.158192,40.39548,outputs/eval/bridge_ijepa_150k_3ep_scene_graph_records.json
legacy_locked2000:bridge_ijepa_150k_3ep_scene_graph::bridge_ijepa_150k_3ep_scene_graph::exact,legacy_raw_prompt_no_eos,legacy_locked2000:bridge_ijepa_150k_3ep_scene_graph,eval_2000_qids,ijepa,,scene_graph_oracle,other,610,exact,54.262295,17.540984,36.721311,outputs/eval/bridge_ijepa_150k_3ep_scene_graph_records.json
legacy_locked2000:bridge_ijepa_150k_3ep_scene_graph::bridge_ijepa_150k_3ep_scene_graph::exact,legacy_raw_prompt_no_eos,legacy_locked2000:bridge_ijepa_150k_3ep_scene_graph,eval_2000_qids,ijepa,,scene_graph_oracle,relate,781,exact,56.850192,17.15749,39.692702,outputs/eval/bridge_ijepa_150k_3ep_scene_graph_records.json
legacy_locked2000:bridge_ijepa_150k_3ep_scene_graph::bridge_ijepa_150k_3ep_scene_graph::vqa_soft,legacy_raw_prompt_no_eos,legacy_locked2000:bridge_ijepa_150k_3ep_scene_graph,eval_2000_qids,ijepa,,scene_graph_oracle,choose,197,vqa_soft,73.096447,64.467005,8.629442,outputs/eval/bridge_ijepa_150k_3ep_scene_graph_records.json
legacy_locked2000:bridge_ijepa_150k_3ep_scene_graph::bridge_ijepa_150k_3ep_scene_graph::vqa_soft,legacy_raw_prompt_no_eos,legacy_locked2000:bridge_ijepa_150k_3ep_scene_graph,eval_2000_qids,ijepa,,scene_graph_oracle,compare,58,vqa_soft,56.896552,46.551724,10.344828,outputs/eval/bridge_ijepa_150k_3ep_scene_graph_records.json
legacy_locked2000:bridge_ijepa_150k_3ep_scene_graph::bridge_ijepa_150k_3ep_scene_graph::vqa_soft,legacy_raw_prompt_no_eos,legacy_locked2000:bridge_ijepa_150k_3ep_scene_graph,eval_2000_qids,ijepa,,scene_graph_oracle,exist,354,vqa_soft,77.40113,39.830508,37.570621,outputs/eval/bridge_ijepa_150k_3ep_scene_graph_records.json
legacy_locked2000:bridge_ijepa_150k_3ep_scene_graph::bridge_ijepa_150k_3ep_scene_graph::vqa_soft,legacy_raw_prompt_no_eos,legacy_locked2000:bridge_ijepa_150k_3ep_scene_graph,eval_2000_qids,ijepa,,scene_graph_oracle,other,610,vqa_soft,69.836066,41.311475,28.52459,outputs/eval/bridge_ijepa_150k_3ep_scene_graph_records.json
legacy_locked2000:bridge_ijepa_150k_3ep_scene_graph::bridge_ijepa_150k_3ep_scene_graph::vqa_soft,legacy_raw_prompt_no_eos,legacy_locked2000:bridge_ijepa_150k_3ep_scene_graph,eval_2000_qids,ijepa,,scene_graph_oracle,relate,781,vqa_soft,68.758003,30.985915,37.772087,outputs/eval/bridge_ijepa_150k_3ep_scene_graph_records.json
legacy_locked2000:bridge_ijepa_150k_cosine_ep1::bridge_ijepa_150k_cosine_ep1::exact,legacy_raw_prompt_no_eos,legacy_locked2000:bridge_ijepa_150k_cosine_ep1,eval_2000_qids,ijepa,,none,choose,197,exact,16.243655,37.563452,-21.319797,outputs/eval/bridge_ijepa_150k_cosine_ep1_records.json
legacy_locked2000:bridge_ijepa_150k_cosine_ep1::bridge_ijepa_150k_cosine_ep1::exact,legacy_raw_prompt_no_eos,legacy_locked2000:bridge_ijepa_150k_cosine_ep1,eval_2000_qids,ijepa,,none,compare,58,exact,36.206897,17.241379,18.965517,outputs/eval/bridge_ijepa_150k_cosine_ep1_records.json
legacy_locked2000:bridge_ijepa_150k_cosine_ep1::bridge_ijepa_150k_cosine_ep1::exact,legacy_raw_prompt_no_eos,legacy_locked2000:bridge_ijepa_150k_cosine_ep1,eval_2000_qids,ijepa,,none,exist,354,exact,19.774011,27.40113,-7.627119,outputs/eval/bridge_ijepa_150k_cosine_ep1_records.json
legacy_locked2000:bridge_ijepa_150k_cosine_ep1::bridge_ijepa_150k_cosine_ep1::exact,legacy_raw_prompt_no_eos,legacy_locked2000:bridge_ijepa_150k_cosine_ep1,eval_2000_qids,ijepa,,none,other,610,exact,10,17.377049,-7.377049,outputs/eval/bridge_ijepa_150k_cosine_ep1_records.json
legacy_locked2000:bridge_ijepa_150k_cosine_ep1::bridge_ijepa_150k_cosine_ep1::exact,legacy_raw_prompt_no_eos,legacy_locked2000:bridge_ijepa_150k_cosine_ep1,eval_2000_qids,ijepa,,none,relate,781,exact,13.060179,12.548015,0.512164,outputs/eval/bridge_ijepa_150k_cosine_ep1_records.json
legacy_locked2000:bridge_ijepa_150k_cosine_ep1::bridge_ijepa_150k_cosine_ep1::vqa_soft,legacy_raw_prompt_no_eos,legacy_locked2000:bridge_ijepa_150k_cosine_ep1,eval_2000_qids,ijepa,,none,choose,197,vqa_soft,62.944162,52.791878,10.152284,outputs/eval/bridge_ijepa_150k_cosine_ep1_records.json
legacy_locked2000:bridge_ijepa_150k_cosine_ep1::bridge_ijepa_150k_cosine_ep1::vqa_soft,legacy_raw_prompt_no_eos,legacy_locked2000:bridge_ijepa_150k_cosine_ep1,eval_2000_qids,ijepa,,none,compare,58,vqa_soft,51.724138,46.551724,5.172414,outputs/eval/bridge_ijepa_150k_cosine_ep1_records.json
legacy_locked2000:bridge_ijepa_150k_cosine_ep1::bridge_ijepa_150k_cosine_ep1::vqa_soft,legacy_raw_prompt_no_eos,legacy_locked2000:bridge_ijepa_150k_cosine_ep1,eval_2000_qids,ijepa,,none,exist,354,vqa_soft,48.022599,47.175141,0.847458,outputs/eval/bridge_ijepa_150k_cosine_ep1_records.json
legacy_locked2000:bridge_ijepa_150k_cosine_ep1::bridge_ijepa_150k_cosine_ep1::vqa_soft,legacy_raw_prompt_no_eos,legacy_locked2000:bridge_ijepa_150k_cosine_ep1,eval_2000_qids,ijepa,,none,other,610,vqa_soft,40.819672,32.459016,8.360656,outputs/eval/bridge_ijepa_150k_cosine_ep1_records.json
legacy_locked2000:bridge_ijepa_150k_cosine_ep1::bridge_ijepa_150k_cosine_ep1::vqa_soft,legacy_raw_prompt_no_eos,legacy_locked2000:bridge_ijepa_150k_cosine_ep1,eval_2000_qids,ijepa,,none,relate,781,vqa_soft,26.120359,15.108835,11.011524,outputs/eval/bridge_ijepa_150k_cosine_ep1_records.json
legacy_locked2000:bridge_ijepa_150k_cosine_ep2::bridge_ijepa_150k_cosine_ep2::exact,legacy_raw_prompt_no_eos,legacy_locked2000:bridge_ijepa_150k_cosine_ep2,eval_2000_qids,ijepa,,none,choose,197,exact,26.395939,37.563452,-11.167513,outputs/eval/bridge_ijepa_150k_cosine_ep2_records.json
legacy_locked2000:bridge_ijepa_150k_cosine_ep2::bridge_ijepa_150k_cosine_ep2::exact,legacy_raw_prompt_no_eos,legacy_locked2000:bridge_ijepa_150k_cosine_ep2,eval_2000_qids,ijepa,,none,compare,58,exact,43.103448,17.241379,25.862069,outputs/eval/bridge_ijepa_150k_cosine_ep2_records.json
legacy_locked2000:bridge_ijepa_150k_cosine_ep2::bridge_ijepa_150k_cosine_ep2::exact,legacy_raw_prompt_no_eos,legacy_locked2000:bridge_ijepa_150k_cosine_ep2,eval_2000_qids,ijepa,,none,exist,354,exact,40.677966,27.40113,13.276836,outputs/eval/bridge_ijepa_150k_cosine_ep2_records.json
legacy_locked2000:bridge_ijepa_150k_cosine_ep2::bridge_ijepa_150k_cosine_ep2::exact,legacy_raw_prompt_no_eos,legacy_locked2000:bridge_ijepa_150k_cosine_ep2,eval_2000_qids,ijepa,,none,other,610,exact,17.04918,17.377049,-0.327869,outputs/eval/bridge_ijepa_150k_cosine_ep2_records.json
legacy_locked2000:bridge_ijepa_150k_cosine_ep2::bridge_ijepa_150k_cosine_ep2::exact,legacy_raw_prompt_no_eos,legacy_locked2000:bridge_ijepa_150k_cosine_ep2,eval_2000_qids,ijepa,,none,relate,781,exact,15.364917,12.548015,2.816901,outputs/eval/bridge_ijepa_150k_cosine_ep2_records.json
legacy_locked2000:bridge_ijepa_150k_cosine_ep2::bridge_ijepa_150k_cosine_ep2::vqa_soft,legacy_raw_prompt_no_eos,legacy_locked2000:bridge_ijepa_150k_cosine_ep2,eval_2000_qids,ijepa,,none,choose,197,vqa_soft,62.944162,52.791878,10.152284,outputs/eval/bridge_ijepa_150k_cosine_ep2_records.json
legacy_locked2000:bridge_ijepa_150k_cosine_ep2::bridge_ijepa_150k_cosine_ep2::vqa_soft,legacy_raw_prompt_no_eos,legacy_locked2000:bridge_ijepa_150k_cosine_ep2,eval_2000_qids,ijepa,,none,compare,58,vqa_soft,50,46.551724,3.448276,outputs/eval/bridge_ijepa_150k_cosine_ep2_records.json
legacy_locked2000:bridge_ijepa_150k_cosine_ep2::bridge_ijepa_150k_cosine_ep2::vqa_soft,legacy_raw_prompt_no_eos,legacy_locked2000:bridge_ijepa_150k_cosine_ep2,eval_2000_qids,ijepa,,none,exist,354,vqa_soft,48.587571,47.175141,1.412429,outputs/eval/bridge_ijepa_150k_cosine_ep2_records.json
legacy_locked2000:bridge_ijepa_150k_cosine_ep2::bridge_ijepa_150k_cosine_ep2::vqa_soft,legacy_raw_prompt_no_eos,legacy_locked2000:bridge_ijepa_150k_cosine_ep2,eval_2000_qids,ijepa,,none,other,610,vqa_soft,46.557377,32.459016,14.098361,outputs/eval/bridge_ijepa_150k_cosine_ep2_records.json
legacy_locked2000:bridge_ijepa_150k_cosine_ep2::bridge_ijepa_150k_cosine_ep2::vqa_soft,legacy_raw_prompt_no_eos,legacy_locked2000:bridge_ijepa_150k_cosine_ep2,eval_2000_qids,ijepa,,none,relate,781,vqa_soft,31.113956,15.108835,16.005122,outputs/eval/bridge_ijepa_150k_cosine_ep2_records.json
legacy_locked2000:bridge_ijepa_150k_cosine_ep3::bridge_ijepa_150k_cosine_ep3::exact,legacy_raw_prompt_no_eos,legacy_locked2000:bridge_ijepa_150k_cosine_ep3,eval_2000_qids,ijepa,,none,choose,197,exact,21.319797,37.563452,-16.243655,outputs/eval/bridge_ijepa_150k_cosine_ep3_records.json
legacy_locked2000:bridge_ijepa_150k_cosine_ep3::bridge_ijepa_150k_cosine_ep3::exact,legacy_raw_prompt_no_eos,legacy_locked2000:bridge_ijepa_150k_cosine_ep3,eval_2000_qids,ijepa,,none,compare,58,exact,48.275862,17.241379,31.034483,outputs/eval/bridge_ijepa_150k_cosine_ep3_records.json
legacy_locked2000:bridge_ijepa_150k_cosine_ep3::bridge_ijepa_150k_cosine_ep3::exact,legacy_raw_prompt_no_eos,legacy_locked2000:bridge_ijepa_150k_cosine_ep3,eval_2000_qids,ijepa,,none,exist,354,exact,40.677966,27.40113,13.276836,outputs/eval/bridge_ijepa_150k_cosine_ep3_records.json
legacy_locked2000:bridge_ijepa_150k_cosine_ep3::bridge_ijepa_150k_cosine_ep3::exact,legacy_raw_prompt_no_eos,legacy_locked2000:bridge_ijepa_150k_cosine_ep3,eval_2000_qids,ijepa,,none,other,610,exact,14.918033,17.377049,-2.459016,outputs/eval/bridge_ijepa_150k_cosine_ep3_records.json
legacy_locked2000:bridge_ijepa_150k_cosine_ep3::bridge_ijepa_150k_cosine_ep3::exact,legacy_raw_prompt_no_eos,legacy_locked2000:bridge_ijepa_150k_cosine_ep3,eval_2000_qids,ijepa,,none,relate,781,exact,16.005122,12.548015,3.457106,outputs/eval/bridge_ijepa_150k_cosine_ep3_records.json
legacy_locked2000:bridge_ijepa_150k_cosine_ep3::bridge_ijepa_150k_cosine_ep3::vqa_soft,legacy_raw_prompt_no_eos,legacy_locked2000:bridge_ijepa_150k_cosine_ep3,eval_2000_qids,ijepa,,none,choose,197,vqa_soft,63.451777,52.791878,10.659898,outputs/eval/bridge_ijepa_150k_cosine_ep3_records.json
legacy_locked2000:bridge_ijepa_150k_cosine_ep3::bridge_ijepa_150k_cosine_ep3::vqa_soft,legacy_raw_prompt_no_eos,legacy_locked2000:bridge_ijepa_150k_cosine_ep3,eval_2000_qids,ijepa,,none,compare,58,vqa_soft,53.448276,46.551724,6.896552,outputs/eval/bridge_ijepa_150k_cosine_ep3_records.json
legacy_locked2000:bridge_ijepa_150k_cosine_ep3::bridge_ijepa_150k_cosine_ep3::vqa_soft,legacy_raw_prompt_no_eos,legacy_locked2000:bridge_ijepa_150k_cosine_ep3,eval_2000_qids,ijepa,,none,exist,354,vqa_soft,50.847458,47.175141,3.672316,outputs/eval/bridge_ijepa_150k_cosine_ep3_records.json
legacy_locked2000:bridge_ijepa_150k_cosine_ep3::bridge_ijepa_150k_cosine_ep3::vqa_soft,legacy_raw_prompt_no_eos,legacy_locked2000:bridge_ijepa_150k_cosine_ep3,eval_2000_qids,ijepa,,none,other,610,vqa_soft,46.721311,32.459016,14.262295,outputs/eval/bridge_ijepa_150k_cosine_ep3_records.json
legacy_locked2000:bridge_ijepa_150k_cosine_ep3::bridge_ijepa_150k_cosine_ep3::vqa_soft,legacy_raw_prompt_no_eos,legacy_locked2000:bridge_ijepa_150k_cosine_ep3,eval_2000_qids,ijepa,,none,relate,781,vqa_soft,34.18694,15.108835,19.078105,outputs/eval/bridge_ijepa_150k_cosine_ep3_records.json
legacy_locked2000:bridge_ijepa_150k_mlp_ep1::bridge_ijepa_150k_mlp_ep1::exact,legacy_raw_prompt_no_eos,legacy_locked2000:bridge_ijepa_150k_mlp_ep1,eval_2000_qids,ijepa,mlp256,none,choose,197,exact,18.781726,37.563452,-18.781726,outputs/eval/bridge_ijepa_150k_mlp_ep1_records.json
legacy_locked2000:bridge_ijepa_150k_mlp_ep1::bridge_ijepa_150k_mlp_ep1::exact,legacy_raw_prompt_no_eos,legacy_locked2000:bridge_ijepa_150k_mlp_ep1,eval_2000_qids,ijepa,mlp256,none,compare,58,exact,41.37931,17.241379,24.137931,outputs/eval/bridge_ijepa_150k_mlp_ep1_records.json
legacy_locked2000:bridge_ijepa_150k_mlp_ep1::bridge_ijepa_150k_mlp_ep1::exact,legacy_raw_prompt_no_eos,legacy_locked2000:bridge_ijepa_150k_mlp_ep1,eval_2000_qids,ijepa,mlp256,none,exist,354,exact,28.248588,27.40113,0.847458,outputs/eval/bridge_ijepa_150k_mlp_ep1_records.json
legacy_locked2000:bridge_ijepa_150k_mlp_ep1::bridge_ijepa_150k_mlp_ep1::exact,legacy_raw_prompt_no_eos,legacy_locked2000:bridge_ijepa_150k_mlp_ep1,eval_2000_qids,ijepa,mlp256,none,other,610,exact,15.901639,17.377049,-1.47541,outputs/eval/bridge_ijepa_150k_mlp_ep1_records.json
legacy_locked2000:bridge_ijepa_150k_mlp_ep1::bridge_ijepa_150k_mlp_ep1::exact,legacy_raw_prompt_no_eos,legacy_locked2000:bridge_ijepa_150k_mlp_ep1,eval_2000_qids,ijepa,mlp256,none,relate,781,exact,9.346991,12.548015,-3.201024,outputs/eval/bridge_ijepa_150k_mlp_ep1_records.json
legacy_locked2000:bridge_ijepa_150k_mlp_ep1::bridge_ijepa_150k_mlp_ep1::vqa_soft,legacy_raw_prompt_no_eos,legacy_locked2000:bridge_ijepa_150k_mlp_ep1,eval_2000_qids,ijepa,mlp256,none,choose,197,vqa_soft,59.898477,52.791878,7.106599,outputs/eval/bridge_ijepa_150k_mlp_ep1_records.json
legacy_locked2000:bridge_ijepa_150k_mlp_ep1::bridge_ijepa_150k_mlp_ep1::vqa_soft,legacy_raw_prompt_no_eos,legacy_locked2000:bridge_ijepa_150k_mlp_ep1,eval_2000_qids,ijepa,mlp256,none,compare,58,vqa_soft,43.103448,46.551724,-3.448276,outputs/eval/bridge_ijepa_150k_mlp_ep1_records.json
legacy_locked2000:bridge_ijepa_150k_mlp_ep1::bridge_ijepa_150k_mlp_ep1::vqa_soft,legacy_raw_prompt_no_eos,legacy_locked2000:bridge_ijepa_150k_mlp_ep1,eval_2000_qids,ijepa,mlp256,none,exist,354,vqa_soft,40.677966,47.175141,-6.497175,outputs/eval/bridge_ijepa_150k_mlp_ep1_records.json
legacy_locked2000:bridge_ijepa_150k_mlp_ep1::bridge_ijepa_150k_mlp_ep1::vqa_soft,legacy_raw_prompt_no_eos,legacy_locked2000:bridge_ijepa_150k_mlp_ep1,eval_2000_qids,ijepa,mlp256,none,other,610,vqa_soft,46.885246,32.459016,14.42623,outputs/eval/bridge_ijepa_150k_mlp_ep1_records.json
legacy_locked2000:bridge_ijepa_150k_mlp_ep1::bridge_ijepa_150k_mlp_ep1::vqa_soft,legacy_raw_prompt_no_eos,legacy_locked2000:bridge_ijepa_150k_mlp_ep1,eval_2000_qids,ijepa,mlp256,none,relate,781,vqa_soft,28.169014,15.108835,13.060179,outputs/eval/bridge_ijepa_150k_mlp_ep1_records.json
legacy_locked2000:bridge_ijepa_150k_mlp_ep2::bridge_ijepa_150k_mlp_ep2::exact,legacy_raw_prompt_no_eos,legacy_locked2000:bridge_ijepa_150k_mlp_ep2,eval_2000_qids,ijepa,mlp256,none,choose,197,exact,13.705584,37.563452,-23.857868,outputs/eval/bridge_ijepa_150k_mlp_ep2_records.json
legacy_locked2000:bridge_ijepa_150k_mlp_ep2::bridge_ijepa_150k_mlp_ep2::exact,legacy_raw_prompt_no_eos,legacy_locked2000:bridge_ijepa_150k_mlp_ep2,eval_2000_qids,ijepa,mlp256,none,compare,58,exact,31.034483,17.241379,13.793103,outputs/eval/bridge_ijepa_150k_mlp_ep2_records.json
legacy_locked2000:bridge_ijepa_150k_mlp_ep2::bridge_ijepa_150k_mlp_ep2::exact,legacy_raw_prompt_no_eos,legacy_locked2000:bridge_ijepa_150k_mlp_ep2,eval_2000_qids,ijepa,mlp256,none,exist,354,exact,22.316384,27.40113,-5.084746,outputs/eval/bridge_ijepa_150k_mlp_ep2_records.json
legacy_locked2000:bridge_ijepa_150k_mlp_ep2::bridge_ijepa_150k_mlp_ep2::exact,legacy_raw_prompt_no_eos,legacy_locked2000:bridge_ijepa_150k_mlp_ep2,eval_2000_qids,ijepa,mlp256,none,other,610,exact,15.245902,17.377049,-2.131148,outputs/eval/bridge_ijepa_150k_mlp_ep2_records.json
legacy_locked2000:bridge_ijepa_150k_mlp_ep2::bridge_ijepa_150k_mlp_ep2::exact,legacy_raw_prompt_no_eos,legacy_locked2000:bridge_ijepa_150k_mlp_ep2,eval_2000_qids,ijepa,mlp256,none,relate,781,exact,10.115237,12.548015,-2.432778,outputs/eval/bridge_ijepa_150k_mlp_ep2_records.json
legacy_locked2000:bridge_ijepa_150k_mlp_ep2::bridge_ijepa_150k_mlp_ep2::vqa_soft,legacy_raw_prompt_no_eos,legacy_locked2000:bridge_ijepa_150k_mlp_ep2,eval_2000_qids,ijepa,mlp256,none,choose,197,vqa_soft,78.172589,52.791878,25.380711,outputs/eval/bridge_ijepa_150k_mlp_ep2_records.json
legacy_locked2000:bridge_ijepa_150k_mlp_ep2::bridge_ijepa_150k_mlp_ep2::vqa_soft,legacy_raw_prompt_no_eos,legacy_locked2000:bridge_ijepa_150k_mlp_ep2,eval_2000_qids,ijepa,mlp256,none,compare,58,vqa_soft,39.655172,46.551724,-6.896552,outputs/eval/bridge_ijepa_150k_mlp_ep2_records.json
legacy_locked2000:bridge_ijepa_150k_mlp_ep2::bridge_ijepa_150k_mlp_ep2::vqa_soft,legacy_raw_prompt_no_eos,legacy_locked2000:bridge_ijepa_150k_mlp_ep2,eval_2000_qids,ijepa,mlp256,none,exist,354,vqa_soft,46.045198,47.175141,-1.129944,outputs/eval/bridge_ijepa_150k_mlp_ep2_records.json
legacy_locked2000:bridge_ijepa_150k_mlp_ep2::bridge_ijepa_150k_mlp_ep2::vqa_soft,legacy_raw_prompt_no_eos,legacy_locked2000:bridge_ijepa_150k_mlp_ep2,eval_2000_qids,ijepa,mlp256,none,other,610,vqa_soft,52.95082,32.459016,20.491803,outputs/eval/bridge_ijepa_150k_mlp_ep2_records.json
legacy_locked2000:bridge_ijepa_150k_mlp_ep2::bridge_ijepa_150k_mlp_ep2::vqa_soft,legacy_raw_prompt_no_eos,legacy_locked2000:bridge_ijepa_150k_mlp_ep2,eval_2000_qids,ijepa,mlp256,none,relate,781,vqa_soft,36.363636,15.108835,21.254802,outputs/eval/bridge_ijepa_150k_mlp_ep2_records.json
legacy_locked2000:bridge_ijepa_150k_mlp_ep3::bridge_ijepa_150k_mlp_ep3::exact,legacy_raw_prompt_no_eos,legacy_locked2000:bridge_ijepa_150k_mlp_ep3,eval_2000_qids,ijepa,mlp256,none,choose,197,exact,0,37.563452,-37.563452,outputs/eval/bridge_ijepa_150k_mlp_ep3_records.json
legacy_locked2000:bridge_ijepa_150k_mlp_ep3::bridge_ijepa_150k_mlp_ep3::exact,legacy_raw_prompt_no_eos,legacy_locked2000:bridge_ijepa_150k_mlp_ep3,eval_2000_qids,ijepa,mlp256,none,compare,58,exact,0,17.241379,-17.241379,outputs/eval/bridge_ijepa_150k_mlp_ep3_records.json
legacy_locked2000:bridge_ijepa_150k_mlp_ep3::bridge_ijepa_150k_mlp_ep3::exact,legacy_raw_prompt_no_eos,legacy_locked2000:bridge_ijepa_150k_mlp_ep3,eval_2000_qids,ijepa,mlp256,none,exist,354,exact,0,27.40113,-27.40113,outputs/eval/bridge_ijepa_150k_mlp_ep3_records.json
legacy_locked2000:bridge_ijepa_150k_mlp_ep3::bridge_ijepa_150k_mlp_ep3::exact,legacy_raw_prompt_no_eos,legacy_locked2000:bridge_ijepa_150k_mlp_ep3,eval_2000_qids,ijepa,mlp256,none,other,610,exact,0,17.377049,-17.377049,outputs/eval/bridge_ijepa_150k_mlp_ep3_records.json
legacy_locked2000:bridge_ijepa_150k_mlp_ep3::bridge_ijepa_150k_mlp_ep3::exact,legacy_raw_prompt_no_eos,legacy_locked2000:bridge_ijepa_150k_mlp_ep3,eval_2000_qids,ijepa,mlp256,none,relate,781,exact,0,12.548015,-12.548015,outputs/eval/bridge_ijepa_150k_mlp_ep3_records.json
legacy_locked2000:bridge_ijepa_150k_mlp_ep3::bridge_ijepa_150k_mlp_ep3::vqa_soft,legacy_raw_prompt_no_eos,legacy_locked2000:bridge_ijepa_150k_mlp_ep3,eval_2000_qids,ijepa,mlp256,none,choose,197,vqa_soft,86.80203,52.791878,34.010152,outputs/eval/bridge_ijepa_150k_mlp_ep3_records.json
legacy_locked2000:bridge_ijepa_150k_mlp_ep3::bridge_ijepa_150k_mlp_ep3::vqa_soft,legacy_raw_prompt_no_eos,legacy_locked2000:bridge_ijepa_150k_mlp_ep3,eval_2000_qids,ijepa,mlp256,none,compare,58,vqa_soft,51.724138,46.551724,5.172414,outputs/eval/bridge_ijepa_150k_mlp_ep3_records.json
legacy_locked2000:bridge_ijepa_150k_mlp_ep3::bridge_ijepa_150k_mlp_ep3::vqa_soft,legacy_raw_prompt_no_eos,legacy_locked2000:bridge_ijepa_150k_mlp_ep3,eval_2000_qids,ijepa,mlp256,none,exist,354,vqa_soft,55.084746,47.175141,7.909605,outputs/eval/bridge_ijepa_150k_mlp_ep3_records.json
legacy_locked2000:bridge_ijepa_150k_mlp_ep3::bridge_ijepa_150k_mlp_ep3::vqa_soft,legacy_raw_prompt_no_eos,legacy_locked2000:bridge_ijepa_150k_mlp_ep3,eval_2000_qids,ijepa,mlp256,none,other,610,vqa_soft,56.229508,32.459016,23.770492,outputs/eval/bridge_ijepa_150k_mlp_ep3_records.json
legacy_locked2000:bridge_ijepa_150k_mlp_ep3::bridge_ijepa_150k_mlp_ep3::vqa_soft,legacy_raw_prompt_no_eos,legacy_locked2000:bridge_ijepa_150k_mlp_ep3,eval_2000_qids,ijepa,mlp256,none,relate,781,vqa_soft,42.253521,15.108835,27.144686,outputs/eval/bridge_ijepa_150k_mlp_ep3_records.json
legacy_locked2000:bridge_ijepa_150k_mlp_ep3_cot::bridge_ijepa_150k_mlp_ep3_cot::exact,legacy_raw_prompt_no_eos,legacy_locked2000:bridge_ijepa_150k_mlp_ep3_cot,eval_2000_qids,ijepa,mlp256,cot,choose,197,exact,4.568528,0,4.568528,outputs/eval/bridge_ijepa_150k_mlp_ep3_cot_records.json
legacy_locked2000:bridge_ijepa_150k_mlp_ep3_cot::bridge_ijepa_150k_mlp_ep3_cot::exact,legacy_raw_prompt_no_eos,legacy_locked2000:bridge_ijepa_150k_mlp_ep3_cot,eval_2000_qids,ijepa,mlp256,cot,compare,58,exact,13.793103,0,13.793103,outputs/eval/bridge_ijepa_150k_mlp_ep3_cot_records.json
legacy_locked2000:bridge_ijepa_150k_mlp_ep3_cot::bridge_ijepa_150k_mlp_ep3_cot::exact,legacy_raw_prompt_no_eos,legacy_locked2000:bridge_ijepa_150k_mlp_ep3_cot,eval_2000_qids,ijepa,mlp256,cot,exist,354,exact,15.254237,0,15.254237,outputs/eval/bridge_ijepa_150k_mlp_ep3_cot_records.json
legacy_locked2000:bridge_ijepa_150k_mlp_ep3_cot::bridge_ijepa_150k_mlp_ep3_cot::exact,legacy_raw_prompt_no_eos,legacy_locked2000:bridge_ijepa_150k_mlp_ep3_cot,eval_2000_qids,ijepa,mlp256,cot,other,610,exact,5.081967,0,5.081967,outputs/eval/bridge_ijepa_150k_mlp_ep3_cot_records.json
legacy_locked2000:bridge_ijepa_150k_mlp_ep3_cot::bridge_ijepa_150k_mlp_ep3_cot::exact,legacy_raw_prompt_no_eos,legacy_locked2000:bridge_ijepa_150k_mlp_ep3_cot,eval_2000_qids,ijepa,mlp256,cot,relate,781,exact,5.377721,0,5.377721,outputs/eval/bridge_ijepa_150k_mlp_ep3_cot_records.json
legacy_locked2000:bridge_ijepa_150k_mlp_ep3_cot::bridge_ijepa_150k_mlp_ep3_cot::vqa_soft,legacy_raw_prompt_no_eos,legacy_locked2000:bridge_ijepa_150k_mlp_ep3_cot,eval_2000_qids,ijepa,mlp256,cot,choose,197,vqa_soft,49.746193,86.80203,-37.055838,outputs/eval/bridge_ijepa_150k_mlp_ep3_cot_records.json
legacy_locked2000:bridge_ijepa_150k_mlp_ep3_cot::bridge_ijepa_150k_mlp_ep3_cot::vqa_soft,legacy_raw_prompt_no_eos,legacy_locked2000:bridge_ijepa_150k_mlp_ep3_cot,eval_2000_qids,ijepa,mlp256,cot,compare,58,vqa_soft,62.068966,51.724138,10.344828,outputs/eval/bridge_ijepa_150k_mlp_ep3_cot_records.json
legacy_locked2000:bridge_ijepa_150k_mlp_ep3_cot::bridge_ijepa_150k_mlp_ep3_cot::vqa_soft,legacy_raw_prompt_no_eos,legacy_locked2000:bridge_ijepa_150k_mlp_ep3_cot,eval_2000_qids,ijepa,mlp256,cot,exist,354,vqa_soft,50.282486,55.084746,-4.80226,outputs/eval/bridge_ijepa_150k_mlp_ep3_cot_records.json
legacy_locked2000:bridge_ijepa_150k_mlp_ep3_cot::bridge_ijepa_150k_mlp_ep3_cot::vqa_soft,legacy_raw_prompt_no_eos,legacy_locked2000:bridge_ijepa_150k_mlp_ep3_cot,eval_2000_qids,ijepa,mlp256,cot,other,610,vqa_soft,40.491803,56.229508,-15.737705,outputs/eval/bridge_ijepa_150k_mlp_ep3_cot_records.json
legacy_locked2000:bridge_ijepa_150k_mlp_ep3_cot::bridge_ijepa_150k_mlp_ep3_cot::vqa_soft,legacy_raw_prompt_no_eos,legacy_locked2000:bridge_ijepa_150k_mlp_ep3_cot,eval_2000_qids,ijepa,mlp256,cot,relate,781,vqa_soft,36.619718,42.253521,-5.633803,outputs/eval/bridge_ijepa_150k_mlp_ep3_cot_records.json
legacy_locked2000:bridge_ijepa_150k_mlp_ep3_scene_graph::bridge_ijepa_150k_mlp_ep3_scene_graph::exact,legacy_raw_prompt_no_eos,legacy_locked2000:bridge_ijepa_150k_mlp_ep3_scene_graph,eval_2000_qids,ijepa,mlp256,scene_graph_oracle,choose,197,exact,31.979695,0,31.979695,outputs/eval/bridge_ijepa_150k_mlp_ep3_scene_graph_records.json
legacy_locked2000:bridge_ijepa_150k_mlp_ep3_scene_graph::bridge_ijepa_150k_mlp_ep3_scene_graph::exact,legacy_raw_prompt_no_eos,legacy_locked2000:bridge_ijepa_150k_mlp_ep3_scene_graph,eval_2000_qids,ijepa,mlp256,scene_graph_oracle,compare,58,exact,31.034483,0,31.034483,outputs/eval/bridge_ijepa_150k_mlp_ep3_scene_graph_records.json
legacy_locked2000:bridge_ijepa_150k_mlp_ep3_scene_graph::bridge_ijepa_150k_mlp_ep3_scene_graph::exact,legacy_raw_prompt_no_eos,legacy_locked2000:bridge_ijepa_150k_mlp_ep3_scene_graph,eval_2000_qids,ijepa,mlp256,scene_graph_oracle,exist,354,exact,34.745763,0,34.745763,outputs/eval/bridge_ijepa_150k_mlp_ep3_scene_graph_records.json
legacy_locked2000:bridge_ijepa_150k_mlp_ep3_scene_graph::bridge_ijepa_150k_mlp_ep3_scene_graph::exact,legacy_raw_prompt_no_eos,legacy_locked2000:bridge_ijepa_150k_mlp_ep3_scene_graph,eval_2000_qids,ijepa,mlp256,scene_graph_oracle,other,610,exact,13.934426,0,13.934426,outputs/eval/bridge_ijepa_150k_mlp_ep3_scene_graph_records.json
legacy_locked2000:bridge_ijepa_150k_mlp_ep3_scene_graph::bridge_ijepa_150k_mlp_ep3_scene_graph::exact,legacy_raw_prompt_no_eos,legacy_locked2000:bridge_ijepa_150k_mlp_ep3_scene_graph,eval_2000_qids,ijepa,mlp256,scene_graph_oracle,relate,781,exact,14.596671,0,14.596671,outputs/eval/bridge_ijepa_150k_mlp_ep3_scene_graph_records.json
legacy_locked2000:bridge_ijepa_150k_mlp_ep3_scene_graph::bridge_ijepa_150k_mlp_ep3_scene_graph::vqa_soft,legacy_raw_prompt_no_eos,legacy_locked2000:bridge_ijepa_150k_mlp_ep3_scene_graph,eval_2000_qids,ijepa,mlp256,scene_graph_oracle,choose,197,vqa_soft,77.15736,86.80203,-9.64467,outputs/eval/bridge_ijepa_150k_mlp_ep3_scene_graph_records.json
legacy_locked2000:bridge_ijepa_150k_mlp_ep3_scene_graph::bridge_ijepa_150k_mlp_ep3_scene_graph::vqa_soft,legacy_raw_prompt_no_eos,legacy_locked2000:bridge_ijepa_150k_mlp_ep3_scene_graph,eval_2000_qids,ijepa,mlp256,scene_graph_oracle,compare,58,vqa_soft,67.241379,51.724138,15.517241,outputs/eval/bridge_ijepa_150k_mlp_ep3_scene_graph_records.json
legacy_locked2000:bridge_ijepa_150k_mlp_ep3_scene_graph::bridge_ijepa_150k_mlp_ep3_scene_graph::vqa_soft,legacy_raw_prompt_no_eos,legacy_locked2000:bridge_ijepa_150k_mlp_ep3_scene_graph,eval_2000_qids,ijepa,mlp256,scene_graph_oracle,exist,354,vqa_soft,79.661017,55.084746,24.576271,outputs/eval/bridge_ijepa_150k_mlp_ep3_scene_graph_records.json
legacy_locked2000:bridge_ijepa_150k_mlp_ep3_scene_graph::bridge_ijepa_150k_mlp_ep3_scene_graph::vqa_soft,legacy_raw_prompt_no_eos,legacy_locked2000:bridge_ijepa_150k_mlp_ep3_scene_graph,eval_2000_qids,ijepa,mlp256,scene_graph_oracle,other,610,vqa_soft,68.032787,56.229508,11.803279,outputs/eval/bridge_ijepa_150k_mlp_ep3_scene_graph_records.json
legacy_locked2000:bridge_ijepa_150k_mlp_ep3_scene_graph::bridge_ijepa_150k_mlp_ep3_scene_graph::vqa_soft,legacy_raw_prompt_no_eos,legacy_locked2000:bridge_ijepa_150k_mlp_ep3_scene_graph,eval_2000_qids,ijepa,mlp256,scene_graph_oracle,relate,781,vqa_soft,68.886044,42.253521,26.632522,outputs/eval/bridge_ijepa_150k_mlp_ep3_scene_graph_records.json
legacy_locked2000:bridge_ijepa_150k_mlp_ep3_scene_graph_predq::bridge_ijepa_150k_mlp_ep3_scene_graph_predq::exact,legacy_raw_prompt_no_eos,legacy_locked2000:bridge_ijepa_150k_mlp_ep3_scene_graph_predq,eval_2000_qids,ijepa,mlp256,scene_graph_predicted_owlv2,choose,197,exact,9.64467,0,9.64467,outputs/eval/bridge_ijepa_150k_mlp_ep3_scene_graph_predq_records.json
legacy_locked2000:bridge_ijepa_150k_mlp_ep3_scene_graph_predq::bridge_ijepa_150k_mlp_ep3_scene_graph_predq::exact,legacy_raw_prompt_no_eos,legacy_locked2000:bridge_ijepa_150k_mlp_ep3_scene_graph_predq,eval_2000_qids,ijepa,mlp256,scene_graph_predicted_owlv2,compare,58,exact,18.965517,0,18.965517,outputs/eval/bridge_ijepa_150k_mlp_ep3_scene_graph_predq_records.json
legacy_locked2000:bridge_ijepa_150k_mlp_ep3_scene_graph_predq::bridge_ijepa_150k_mlp_ep3_scene_graph_predq::exact,legacy_raw_prompt_no_eos,legacy_locked2000:bridge_ijepa_150k_mlp_ep3_scene_graph_predq,eval_2000_qids,ijepa,mlp256,scene_graph_predicted_owlv2,exist,354,exact,9.322034,0,9.322034,outputs/eval/bridge_ijepa_150k_mlp_ep3_scene_graph_predq_records.json
legacy_locked2000:bridge_ijepa_150k_mlp_ep3_scene_graph_predq::bridge_ijepa_150k_mlp_ep3_scene_graph_predq::exact,legacy_raw_prompt_no_eos,legacy_locked2000:bridge_ijepa_150k_mlp_ep3_scene_graph_predq,eval_2000_qids,ijepa,mlp256,scene_graph_predicted_owlv2,other,610,exact,4.42623,0,4.42623,outputs/eval/bridge_ijepa_150k_mlp_ep3_scene_graph_predq_records.json
legacy_locked2000:bridge_ijepa_150k_mlp_ep3_scene_graph_predq::bridge_ijepa_150k_mlp_ep3_scene_graph_predq::exact,legacy_raw_prompt_no_eos,legacy_locked2000:bridge_ijepa_150k_mlp_ep3_scene_graph_predq,eval_2000_qids,ijepa,mlp256,scene_graph_predicted_owlv2,relate,781,exact,4.097311,0,4.097311,outputs/eval/bridge_ijepa_150k_mlp_ep3_scene_graph_predq_records.json
legacy_locked2000:bridge_ijepa_150k_mlp_ep3_scene_graph_predq::bridge_ijepa_150k_mlp_ep3_scene_graph_predq::vqa_soft,legacy_raw_prompt_no_eos,legacy_locked2000:bridge_ijepa_150k_mlp_ep3_scene_graph_predq,eval_2000_qids,ijepa,mlp256,scene_graph_predicted_owlv2,choose,197,vqa_soft,74.619289,86.80203,-12.182741,outputs/eval/bridge_ijepa_150k_mlp_ep3_scene_graph_predq_records.json
legacy_locked2000:bridge_ijepa_150k_mlp_ep3_scene_graph_predq::bridge_ijepa_150k_mlp_ep3_scene_graph_predq::vqa_soft,legacy_raw_prompt_no_eos,legacy_locked2000:bridge_ijepa_150k_mlp_ep3_scene_graph_predq,eval_2000_qids,ijepa,mlp256,scene_graph_predicted_owlv2,compare,58,vqa_soft,56.896552,51.724138,5.172414,outputs/eval/bridge_ijepa_150k_mlp_ep3_scene_graph_predq_records.json
legacy_locked2000:bridge_ijepa_150k_mlp_ep3_scene_graph_predq::bridge_ijepa_150k_mlp_ep3_scene_graph_predq::vqa_soft,legacy_raw_prompt_no_eos,legacy_locked2000:bridge_ijepa_150k_mlp_ep3_scene_graph_predq,eval_2000_qids,ijepa,mlp256,scene_graph_predicted_owlv2,exist,354,vqa_soft,62.429379,55.084746,7.344633,outputs/eval/bridge_ijepa_150k_mlp_ep3_scene_graph_predq_records.json
legacy_locked2000:bridge_ijepa_150k_mlp_ep3_scene_graph_predq::bridge_ijepa_150k_mlp_ep3_scene_graph_predq::vqa_soft,legacy_raw_prompt_no_eos,legacy_locked2000:bridge_ijepa_150k_mlp_ep3_scene_graph_predq,eval_2000_qids,ijepa,mlp256,scene_graph_predicted_owlv2,other,610,vqa_soft,52.95082,56.229508,-3.278689,outputs/eval/bridge_ijepa_150k_mlp_ep3_scene_graph_predq_records.json
legacy_locked2000:bridge_ijepa_150k_mlp_ep3_scene_graph_predq::bridge_ijepa_150k_mlp_ep3_scene_graph_predq::vqa_soft,legacy_raw_prompt_no_eos,legacy_locked2000:bridge_ijepa_150k_mlp_ep3_scene_graph_predq,eval_2000_qids,ijepa,mlp256,scene_graph_predicted_owlv2,relate,781,vqa_soft,42.253521,42.253521,0,outputs/eval/bridge_ijepa_150k_mlp_ep3_scene_graph_predq_records.json
legacy_locked2000:bridge_ijepa_150k_pool_ep1::bridge_ijepa_150k_pool_ep1::exact,legacy_raw_prompt_no_eos,legacy_locked2000:bridge_ijepa_150k_pool_ep1,eval_2000_qids,ijepa,pool32,none,choose,197,exact,4.568528,37.563452,-32.994924,outputs/eval/bridge_ijepa_150k_pool_ep1_records.json
legacy_locked2000:bridge_ijepa_150k_pool_ep1::bridge_ijepa_150k_pool_ep1::exact,legacy_raw_prompt_no_eos,legacy_locked2000:bridge_ijepa_150k_pool_ep1,eval_2000_qids,ijepa,pool32,none,compare,58,exact,12.068966,17.241379,-5.172414,outputs/eval/bridge_ijepa_150k_pool_ep1_records.json
legacy_locked2000:bridge_ijepa_150k_pool_ep1::bridge_ijepa_150k_pool_ep1::exact,legacy_raw_prompt_no_eos,legacy_locked2000:bridge_ijepa_150k_pool_ep1,eval_2000_qids,ijepa,pool32,none,exist,354,exact,15.254237,27.40113,-12.146893,outputs/eval/bridge_ijepa_150k_pool_ep1_records.json
legacy_locked2000:bridge_ijepa_150k_pool_ep1::bridge_ijepa_150k_pool_ep1::exact,legacy_raw_prompt_no_eos,legacy_locked2000:bridge_ijepa_150k_pool_ep1,eval_2000_qids,ijepa,pool32,none,other,610,exact,6.721311,17.377049,-10.655738,outputs/eval/bridge_ijepa_150k_pool_ep1_records.json
legacy_locked2000:bridge_ijepa_150k_pool_ep1::bridge_ijepa_150k_pool_ep1::exact,legacy_raw_prompt_no_eos,legacy_locked2000:bridge_ijepa_150k_pool_ep1,eval_2000_qids,ijepa,pool32,none,relate,781,exact,7.298335,12.548015,-5.24968,outputs/eval/bridge_ijepa_150k_pool_ep1_records.json
legacy_locked2000:bridge_ijepa_150k_pool_ep1::bridge_ijepa_150k_pool_ep1::vqa_soft,legacy_raw_prompt_no_eos,legacy_locked2000:bridge_ijepa_150k_pool_ep1,eval_2000_qids,ijepa,pool32,none,choose,197,vqa_soft,63.959391,52.791878,11.167513,outputs/eval/bridge_ijepa_150k_pool_ep1_records.json
legacy_locked2000:bridge_ijepa_150k_pool_ep1::bridge_ijepa_150k_pool_ep1::vqa_soft,legacy_raw_prompt_no_eos,legacy_locked2000:bridge_ijepa_150k_pool_ep1,eval_2000_qids,ijepa,pool32,none,compare,58,vqa_soft,50,46.551724,3.448276,outputs/eval/bridge_ijepa_150k_pool_ep1_records.json
legacy_locked2000:bridge_ijepa_150k_pool_ep1::bridge_ijepa_150k_pool_ep1::vqa_soft,legacy_raw_prompt_no_eos,legacy_locked2000:bridge_ijepa_150k_pool_ep1,eval_2000_qids,ijepa,pool32,none,exist,354,vqa_soft,51.129944,47.175141,3.954802,outputs/eval/bridge_ijepa_150k_pool_ep1_records.json
legacy_locked2000:bridge_ijepa_150k_pool_ep1::bridge_ijepa_150k_pool_ep1::vqa_soft,legacy_raw_prompt_no_eos,legacy_locked2000:bridge_ijepa_150k_pool_ep1,eval_2000_qids,ijepa,pool32,none,other,610,vqa_soft,45.081967,32.459016,12.622951,outputs/eval/bridge_ijepa_150k_pool_ep1_records.json
legacy_locked2000:bridge_ijepa_150k_pool_ep1::bridge_ijepa_150k_pool_ep1::vqa_soft,legacy_raw_prompt_no_eos,legacy_locked2000:bridge_ijepa_150k_pool_ep1,eval_2000_qids,ijepa,pool32,none,relate,781,vqa_soft,31.498079,15.108835,16.389245,outputs/eval/bridge_ijepa_150k_pool_ep1_records.json
legacy_locked2000:bridge_ijepa_150k_pool_ep2::bridge_ijepa_150k_pool_ep2::exact,legacy_raw_prompt_no_eos,legacy_locked2000:bridge_ijepa_150k_pool_ep2,eval_2000_qids,ijepa,pool32,none,choose,197,exact,0.507614,37.563452,-37.055838,outputs/eval/bridge_ijepa_150k_pool_ep2_records.json
legacy_locked2000:bridge_ijepa_150k_pool_ep2::bridge_ijepa_150k_pool_ep2::exact,legacy_raw_prompt_no_eos,legacy_locked2000:bridge_ijepa_150k_pool_ep2,eval_2000_qids,ijepa,pool32,none,compare,58,exact,3.448276,17.241379,-13.793103,outputs/eval/bridge_ijepa_150k_pool_ep2_records.json
legacy_locked2000:bridge_ijepa_150k_pool_ep2::bridge_ijepa_150k_pool_ep2::exact,legacy_raw_prompt_no_eos,legacy_locked2000:bridge_ijepa_150k_pool_ep2,eval_2000_qids,ijepa,pool32,none,exist,354,exact,4.80226,27.40113,-22.59887,outputs/eval/bridge_ijepa_150k_pool_ep2_records.json
legacy_locked2000:bridge_ijepa_150k_pool_ep2::bridge_ijepa_150k_pool_ep2::exact,legacy_raw_prompt_no_eos,legacy_locked2000:bridge_ijepa_150k_pool_ep2,eval_2000_qids,ijepa,pool32,none,other,610,exact,0.655738,17.377049,-16.721311,outputs/eval/bridge_ijepa_150k_pool_ep2_records.json
legacy_locked2000:bridge_ijepa_150k_pool_ep2::bridge_ijepa_150k_pool_ep2::exact,legacy_raw_prompt_no_eos,legacy_locked2000:bridge_ijepa_150k_pool_ep2,eval_2000_qids,ijepa,pool32,none,relate,781,exact,1.536492,12.548015,-11.011524,outputs/eval/bridge_ijepa_150k_pool_ep2_records.json
legacy_locked2000:bridge_ijepa_150k_pool_ep2::bridge_ijepa_150k_pool_ep2::vqa_soft,legacy_raw_prompt_no_eos,legacy_locked2000:bridge_ijepa_150k_pool_ep2,eval_2000_qids,ijepa,pool32,none,choose,197,vqa_soft,74.111675,52.791878,21.319797,outputs/eval/bridge_ijepa_150k_pool_ep2_records.json
legacy_locked2000:bridge_ijepa_150k_pool_ep2::bridge_ijepa_150k_pool_ep2::vqa_soft,legacy_raw_prompt_no_eos,legacy_locked2000:bridge_ijepa_150k_pool_ep2,eval_2000_qids,ijepa,pool32,none,compare,58,vqa_soft,48.275862,46.551724,1.724138,outputs/eval/bridge_ijepa_150k_pool_ep2_records.json
legacy_locked2000:bridge_ijepa_150k_pool_ep2::bridge_ijepa_150k_pool_ep2::vqa_soft,legacy_raw_prompt_no_eos,legacy_locked2000:bridge_ijepa_150k_pool_ep2,eval_2000_qids,ijepa,pool32,none,exist,354,vqa_soft,56.214689,47.175141,9.039548,outputs/eval/bridge_ijepa_150k_pool_ep2_records.json
legacy_locked2000:bridge_ijepa_150k_pool_ep2::bridge_ijepa_150k_pool_ep2::vqa_soft,legacy_raw_prompt_no_eos,legacy_locked2000:bridge_ijepa_150k_pool_ep2,eval_2000_qids,ijepa,pool32,none,other,610,vqa_soft,49.508197,32.459016,17.04918,outputs/eval/bridge_ijepa_150k_pool_ep2_records.json
legacy_locked2000:bridge_ijepa_150k_pool_ep2::bridge_ijepa_150k_pool_ep2::vqa_soft,legacy_raw_prompt_no_eos,legacy_locked2000:bridge_ijepa_150k_pool_ep2,eval_2000_qids,ijepa,pool32,none,relate,781,vqa_soft,36.491677,15.108835,21.382843,outputs/eval/bridge_ijepa_150k_pool_ep2_records.json
legacy_locked2000:bridge_ijepa_150k_pool_ep3::bridge_ijepa_150k_pool_ep3::exact,legacy_raw_prompt_no_eos,legacy_locked2000:bridge_ijepa_150k_pool_ep3,eval_2000_qids,ijepa,pool32,none,choose,197,exact,0.507614,37.563452,-37.055838,outputs/eval/bridge_ijepa_150k_pool_ep3_records.json
legacy_locked2000:bridge_ijepa_150k_pool_ep3::bridge_ijepa_150k_pool_ep3::exact,legacy_raw_prompt_no_eos,legacy_locked2000:bridge_ijepa_150k_pool_ep3,eval_2000_qids,ijepa,pool32,none,compare,58,exact,13.793103,17.241379,-3.448276,outputs/eval/bridge_ijepa_150k_pool_ep3_records.json
legacy_locked2000:bridge_ijepa_150k_pool_ep3::bridge_ijepa_150k_pool_ep3::exact,legacy_raw_prompt_no_eos,legacy_locked2000:bridge_ijepa_150k_pool_ep3,eval_2000_qids,ijepa,pool32,none,exist,354,exact,5.084746,27.40113,-22.316384,outputs/eval/bridge_ijepa_150k_pool_ep3_records.json
legacy_locked2000:bridge_ijepa_150k_pool_ep3::bridge_ijepa_150k_pool_ep3::exact,legacy_raw_prompt_no_eos,legacy_locked2000:bridge_ijepa_150k_pool_ep3,eval_2000_qids,ijepa,pool32,none,other,610,exact,1.311475,17.377049,-16.065574,outputs/eval/bridge_ijepa_150k_pool_ep3_records.json
legacy_locked2000:bridge_ijepa_150k_pool_ep3::bridge_ijepa_150k_pool_ep3::exact,legacy_raw_prompt_no_eos,legacy_locked2000:bridge_ijepa_150k_pool_ep3,eval_2000_qids,ijepa,pool32,none,relate,781,exact,2.816901,12.548015,-9.731114,outputs/eval/bridge_ijepa_150k_pool_ep3_records.json
legacy_locked2000:bridge_ijepa_150k_pool_ep3::bridge_ijepa_150k_pool_ep3::vqa_soft,legacy_raw_prompt_no_eos,legacy_locked2000:bridge_ijepa_150k_pool_ep3,eval_2000_qids,ijepa,pool32,none,choose,197,vqa_soft,76.649746,52.791878,23.857868,outputs/eval/bridge_ijepa_150k_pool_ep3_records.json
legacy_locked2000:bridge_ijepa_150k_pool_ep3::bridge_ijepa_150k_pool_ep3::vqa_soft,legacy_raw_prompt_no_eos,legacy_locked2000:bridge_ijepa_150k_pool_ep3,eval_2000_qids,ijepa,pool32,none,compare,58,vqa_soft,62.068966,46.551724,15.517241,outputs/eval/bridge_ijepa_150k_pool_ep3_records.json
legacy_locked2000:bridge_ijepa_150k_pool_ep3::bridge_ijepa_150k_pool_ep3::vqa_soft,legacy_raw_prompt_no_eos,legacy_locked2000:bridge_ijepa_150k_pool_ep3,eval_2000_qids,ijepa,pool32,none,exist,354,vqa_soft,54.80226,47.175141,7.627119,outputs/eval/bridge_ijepa_150k_pool_ep3_records.json
legacy_locked2000:bridge_ijepa_150k_pool_ep3::bridge_ijepa_150k_pool_ep3::vqa_soft,legacy_raw_prompt_no_eos,legacy_locked2000:bridge_ijepa_150k_pool_ep3,eval_2000_qids,ijepa,pool32,none,other,610,vqa_soft,51.47541,32.459016,19.016393,outputs/eval/bridge_ijepa_150k_pool_ep3_records.json
legacy_locked2000:bridge_ijepa_150k_pool_ep3::bridge_ijepa_150k_pool_ep3::vqa_soft,legacy_raw_prompt_no_eos,legacy_locked2000:bridge_ijepa_150k_pool_ep3,eval_2000_qids,ijepa,pool32,none,relate,781,vqa_soft,39.43662,15.108835,24.327785,outputs/eval/bridge_ijepa_150k_pool_ep3_records.json
legacy_locked2000:bridge_ijepa_150k_shuf_ep1::bridge_ijepa_150k_shuf_ep1::exact,legacy_raw_prompt_no_eos,legacy_locked2000:bridge_ijepa_150k_shuf_ep1,eval_2000_qids,ijepa,,none,choose,197,exact,29.441624,37.563452,-8.121827,outputs/eval/bridge_ijepa_150k_shuf_ep1_records.json
legacy_locked2000:bridge_ijepa_150k_shuf_ep1::bridge_ijepa_150k_shuf_ep1::exact,legacy_raw_prompt_no_eos,legacy_locked2000:bridge_ijepa_150k_shuf_ep1,eval_2000_qids,ijepa,,none,compare,58,exact,48.275862,17.241379,31.034483,outputs/eval/bridge_ijepa_150k_shuf_ep1_records.json
legacy_locked2000:bridge_ijepa_150k_shuf_ep1::bridge_ijepa_150k_shuf_ep1::exact,legacy_raw_prompt_no_eos,legacy_locked2000:bridge_ijepa_150k_shuf_ep1,eval_2000_qids,ijepa,,none,exist,354,exact,41.80791,27.40113,14.40678,outputs/eval/bridge_ijepa_150k_shuf_ep1_records.json
legacy_locked2000:bridge_ijepa_150k_shuf_ep1::bridge_ijepa_150k_shuf_ep1::exact,legacy_raw_prompt_no_eos,legacy_locked2000:bridge_ijepa_150k_shuf_ep1,eval_2000_qids,ijepa,,none,other,610,exact,17.04918,17.377049,-0.327869,outputs/eval/bridge_ijepa_150k_shuf_ep1_records.json
legacy_locked2000:bridge_ijepa_150k_shuf_ep1::bridge_ijepa_150k_shuf_ep1::exact,legacy_raw_prompt_no_eos,legacy_locked2000:bridge_ijepa_150k_shuf_ep1,eval_2000_qids,ijepa,,none,relate,781,exact,13.316261,12.548015,0.768246,outputs/eval/bridge_ijepa_150k_shuf_ep1_records.json
legacy_locked2000:bridge_ijepa_150k_shuf_ep1::bridge_ijepa_150k_shuf_ep1::vqa_soft,legacy_raw_prompt_no_eos,legacy_locked2000:bridge_ijepa_150k_shuf_ep1,eval_2000_qids,ijepa,,none,choose,197,vqa_soft,57.360406,52.791878,4.568528,outputs/eval/bridge_ijepa_150k_shuf_ep1_records.json
legacy_locked2000:bridge_ijepa_150k_shuf_ep1::bridge_ijepa_150k_shuf_ep1::vqa_soft,legacy_raw_prompt_no_eos,legacy_locked2000:bridge_ijepa_150k_shuf_ep1,eval_2000_qids,ijepa,,none,compare,58,vqa_soft,55.172414,46.551724,8.62069,outputs/eval/bridge_ijepa_150k_shuf_ep1_records.json
legacy_locked2000:bridge_ijepa_150k_shuf_ep1::bridge_ijepa_150k_shuf_ep1::vqa_soft,legacy_raw_prompt_no_eos,legacy_locked2000:bridge_ijepa_150k_shuf_ep1,eval_2000_qids,ijepa,,none,exist,354,vqa_soft,45.480226,47.175141,-1.694915,outputs/eval/bridge_ijepa_150k_shuf_ep1_records.json
legacy_locked2000:bridge_ijepa_150k_shuf_ep1::bridge_ijepa_150k_shuf_ep1::vqa_soft,legacy_raw_prompt_no_eos,legacy_locked2000:bridge_ijepa_150k_shuf_ep1,eval_2000_qids,ijepa,,none,other,610,vqa_soft,38.196721,32.459016,5.737705,outputs/eval/bridge_ijepa_150k_shuf_ep1_records.json
legacy_locked2000:bridge_ijepa_150k_shuf_ep1::bridge_ijepa_150k_shuf_ep1::vqa_soft,legacy_raw_prompt_no_eos,legacy_locked2000:bridge_ijepa_150k_shuf_ep1,eval_2000_qids,ijepa,,none,relate,781,vqa_soft,23.431498,15.108835,8.322663,outputs/eval/bridge_ijepa_150k_shuf_ep1_records.json
legacy_locked2000:bridge_ijepa_150k_shuf_ep2::bridge_ijepa_150k_shuf_ep2::exact,legacy_raw_prompt_no_eos,legacy_locked2000:bridge_ijepa_150k_shuf_ep2,eval_2000_qids,ijepa,,none,choose,197,exact,52.284264,37.563452,14.720812,outputs/eval/bridge_ijepa_150k_shuf_ep2_records.json
legacy_locked2000:bridge_ijepa_150k_shuf_ep2::bridge_ijepa_150k_shuf_ep2::exact,legacy_raw_prompt_no_eos,legacy_locked2000:bridge_ijepa_150k_shuf_ep2,eval_2000_qids,ijepa,,none,compare,58,exact,55.172414,17.241379,37.931034,outputs/eval/bridge_ijepa_150k_shuf_ep2_records.json
legacy_locked2000:bridge_ijepa_150k_shuf_ep2::bridge_ijepa_150k_shuf_ep2::exact,legacy_raw_prompt_no_eos,legacy_locked2000:bridge_ijepa_150k_shuf_ep2,eval_2000_qids,ijepa,,none,exist,354,exact,45.19774,27.40113,17.79661,outputs/eval/bridge_ijepa_150k_shuf_ep2_records.json
legacy_locked2000:bridge_ijepa_150k_shuf_ep2::bridge_ijepa_150k_shuf_ep2::exact,legacy_raw_prompt_no_eos,legacy_locked2000:bridge_ijepa_150k_shuf_ep2,eval_2000_qids,ijepa,,none,other,610,exact,20.655738,17.377049,3.278689,outputs/eval/bridge_ijepa_150k_shuf_ep2_records.json
legacy_locked2000:bridge_ijepa_150k_shuf_ep2::bridge_ijepa_150k_shuf_ep2::exact,legacy_raw_prompt_no_eos,legacy_locked2000:bridge_ijepa_150k_shuf_ep2,eval_2000_qids,ijepa,,none,relate,781,exact,18.309859,12.548015,5.761844,outputs/eval/bridge_ijepa_150k_shuf_ep2_records.json
legacy_locked2000:bridge_ijepa_150k_shuf_ep2::bridge_ijepa_150k_shuf_ep2::vqa_soft,legacy_raw_prompt_no_eos,legacy_locked2000:bridge_ijepa_150k_shuf_ep2,eval_2000_qids,ijepa,,none,choose,197,vqa_soft,61.42132,52.791878,8.629442,outputs/eval/bridge_ijepa_150k_shuf_ep2_records.json
legacy_locked2000:bridge_ijepa_150k_shuf_ep2::bridge_ijepa_150k_shuf_ep2::vqa_soft,legacy_raw_prompt_no_eos,legacy_locked2000:bridge_ijepa_150k_shuf_ep2,eval_2000_qids,ijepa,,none,compare,58,vqa_soft,55.172414,46.551724,8.62069,outputs/eval/bridge_ijepa_150k_shuf_ep2_records.json
legacy_locked2000:bridge_ijepa_150k_shuf_ep2::bridge_ijepa_150k_shuf_ep2::vqa_soft,legacy_raw_prompt_no_eos,legacy_locked2000:bridge_ijepa_150k_shuf_ep2,eval_2000_qids,ijepa,,none,exist,354,vqa_soft,48.870056,47.175141,1.694915,outputs/eval/bridge_ijepa_150k_shuf_ep2_records.json
legacy_locked2000:bridge_ijepa_150k_shuf_ep2::bridge_ijepa_150k_shuf_ep2::vqa_soft,legacy_raw_prompt_no_eos,legacy_locked2000:bridge_ijepa_150k_shuf_ep2,eval_2000_qids,ijepa,,none,other,610,vqa_soft,39.016393,32.459016,6.557377,outputs/eval/bridge_ijepa_150k_shuf_ep2_records.json
legacy_locked2000:bridge_ijepa_150k_shuf_ep2::bridge_ijepa_150k_shuf_ep2::vqa_soft,legacy_raw_prompt_no_eos,legacy_locked2000:bridge_ijepa_150k_shuf_ep2,eval_2000_qids,ijepa,,none,relate,781,vqa_soft,25.992318,15.108835,10.883483,outputs/eval/bridge_ijepa_150k_shuf_ep2_records.json
legacy_locked2000:bridge_ijepa_150k_shuf_ep3::bridge_ijepa_150k_shuf_ep3::exact,legacy_raw_prompt_no_eos,legacy_locked2000:bridge_ijepa_150k_shuf_ep3,eval_2000_qids,ijepa,,none,choose,197,exact,43.147208,37.563452,5.583756,outputs/eval/bridge_ijepa_150k_shuf_ep3_records.json
legacy_locked2000:bridge_ijepa_150k_shuf_ep3::bridge_ijepa_150k_shuf_ep3::exact,legacy_raw_prompt_no_eos,legacy_locked2000:bridge_ijepa_150k_shuf_ep3,eval_2000_qids,ijepa,,none,compare,58,exact,51.724138,17.241379,34.482759,outputs/eval/bridge_ijepa_150k_shuf_ep3_records.json
legacy_locked2000:bridge_ijepa_150k_shuf_ep3::bridge_ijepa_150k_shuf_ep3::exact,legacy_raw_prompt_no_eos,legacy_locked2000:bridge_ijepa_150k_shuf_ep3,eval_2000_qids,ijepa,,none,exist,354,exact,44.067797,27.40113,16.666667,outputs/eval/bridge_ijepa_150k_shuf_ep3_records.json
legacy_locked2000:bridge_ijepa_150k_shuf_ep3::bridge_ijepa_150k_shuf_ep3::exact,legacy_raw_prompt_no_eos,legacy_locked2000:bridge_ijepa_150k_shuf_ep3,eval_2000_qids,ijepa,,none,other,610,exact,20.655738,17.377049,3.278689,outputs/eval/bridge_ijepa_150k_shuf_ep3_records.json
legacy_locked2000:bridge_ijepa_150k_shuf_ep3::bridge_ijepa_150k_shuf_ep3::exact,legacy_raw_prompt_no_eos,legacy_locked2000:bridge_ijepa_150k_shuf_ep3,eval_2000_qids,ijepa,,none,relate,781,exact,14.852753,12.548015,2.304738,outputs/eval/bridge_ijepa_150k_shuf_ep3_records.json
legacy_locked2000:bridge_ijepa_150k_shuf_ep3::bridge_ijepa_150k_shuf_ep3::vqa_soft,legacy_raw_prompt_no_eos,legacy_locked2000:bridge_ijepa_150k_shuf_ep3,eval_2000_qids,ijepa,,none,choose,197,vqa_soft,57.86802,52.791878,5.076142,outputs/eval/bridge_ijepa_150k_shuf_ep3_records.json
legacy_locked2000:bridge_ijepa_150k_shuf_ep3::bridge_ijepa_150k_shuf_ep3::vqa_soft,legacy_raw_prompt_no_eos,legacy_locked2000:bridge_ijepa_150k_shuf_ep3,eval_2000_qids,ijepa,,none,compare,58,vqa_soft,55.172414,46.551724,8.62069,outputs/eval/bridge_ijepa_150k_shuf_ep3_records.json
legacy_locked2000:bridge_ijepa_150k_shuf_ep3::bridge_ijepa_150k_shuf_ep3::vqa_soft,legacy_raw_prompt_no_eos,legacy_locked2000:bridge_ijepa_150k_shuf_ep3,eval_2000_qids,ijepa,,none,exist,354,vqa_soft,46.045198,47.175141,-1.129944,outputs/eval/bridge_ijepa_150k_shuf_ep3_records.json
legacy_locked2000:bridge_ijepa_150k_shuf_ep3::bridge_ijepa_150k_shuf_ep3::vqa_soft,legacy_raw_prompt_no_eos,legacy_locked2000:bridge_ijepa_150k_shuf_ep3,eval_2000_qids,ijepa,,none,other,610,vqa_soft,42.786885,32.459016,10.327869,outputs/eval/bridge_ijepa_150k_shuf_ep3_records.json
legacy_locked2000:bridge_ijepa_150k_shuf_ep3::bridge_ijepa_150k_shuf_ep3::vqa_soft,legacy_raw_prompt_no_eos,legacy_locked2000:bridge_ijepa_150k_shuf_ep3,eval_2000_qids,ijepa,,none,relate,781,vqa_soft,26.504481,15.108835,11.395647,outputs/eval/bridge_ijepa_150k_shuf_ep3_records.json
legacy_locked2000:bridge_ijepa_500k_ep1::bridge_ijepa_500k_ep1::exact,legacy_raw_prompt_no_eos,legacy_locked2000:bridge_ijepa_500k_ep1,eval_2000_qids,ijepa,,none,choose,197,exact,39.593909,37.563452,2.030457,outputs/eval/bridge_ijepa_500k_ep1_records.json
legacy_locked2000:bridge_ijepa_500k_ep1::bridge_ijepa_500k_ep1::exact,legacy_raw_prompt_no_eos,legacy_locked2000:bridge_ijepa_500k_ep1,eval_2000_qids,ijepa,,none,compare,58,exact,39.655172,17.241379,22.413793,outputs/eval/bridge_ijepa_500k_ep1_records.json
legacy_locked2000:bridge_ijepa_500k_ep1::bridge_ijepa_500k_ep1::exact,legacy_raw_prompt_no_eos,legacy_locked2000:bridge_ijepa_500k_ep1,eval_2000_qids,ijepa,,none,exist,354,exact,33.898305,27.40113,6.497175,outputs/eval/bridge_ijepa_500k_ep1_records.json
legacy_locked2000:bridge_ijepa_500k_ep1::bridge_ijepa_500k_ep1::exact,legacy_raw_prompt_no_eos,legacy_locked2000:bridge_ijepa_500k_ep1,eval_2000_qids,ijepa,,none,other,610,exact,20,17.377049,2.622951,outputs/eval/bridge_ijepa_500k_ep1_records.json
legacy_locked2000:bridge_ijepa_500k_ep1::bridge_ijepa_500k_ep1::exact,legacy_raw_prompt_no_eos,legacy_locked2000:bridge_ijepa_500k_ep1,eval_2000_qids,ijepa,,none,relate,781,exact,14.852753,12.548015,2.304738,outputs/eval/bridge_ijepa_500k_ep1_records.json
legacy_locked2000:bridge_ijepa_500k_ep1::bridge_ijepa_500k_ep1::vqa_soft,legacy_raw_prompt_no_eos,legacy_locked2000:bridge_ijepa_500k_ep1,eval_2000_qids,ijepa,,none,choose,197,vqa_soft,58.883249,52.791878,6.091371,outputs/eval/bridge_ijepa_500k_ep1_records.json
legacy_locked2000:bridge_ijepa_500k_ep1::bridge_ijepa_500k_ep1::vqa_soft,legacy_raw_prompt_no_eos,legacy_locked2000:bridge_ijepa_500k_ep1,eval_2000_qids,ijepa,,none,compare,58,vqa_soft,46.551724,46.551724,0,outputs/eval/bridge_ijepa_500k_ep1_records.json
legacy_locked2000:bridge_ijepa_500k_ep1::bridge_ijepa_500k_ep1::vqa_soft,legacy_raw_prompt_no_eos,legacy_locked2000:bridge_ijepa_500k_ep1,eval_2000_qids,ijepa,,none,exist,354,vqa_soft,48.022599,47.175141,0.847458,outputs/eval/bridge_ijepa_500k_ep1_records.json
legacy_locked2000:bridge_ijepa_500k_ep1::bridge_ijepa_500k_ep1::vqa_soft,legacy_raw_prompt_no_eos,legacy_locked2000:bridge_ijepa_500k_ep1,eval_2000_qids,ijepa,,none,other,610,vqa_soft,41.803279,32.459016,9.344262,outputs/eval/bridge_ijepa_500k_ep1_records.json
legacy_locked2000:bridge_ijepa_500k_ep1::bridge_ijepa_500k_ep1::vqa_soft,legacy_raw_prompt_no_eos,legacy_locked2000:bridge_ijepa_500k_ep1,eval_2000_qids,ijepa,,none,relate,781,vqa_soft,25.736236,15.108835,10.627401,outputs/eval/bridge_ijepa_500k_ep1_records.json
legacy_locked2000:bridge_ijepa_500k_ep2::bridge_ijepa_500k_ep2::exact,legacy_raw_prompt_no_eos,legacy_locked2000:bridge_ijepa_500k_ep2,eval_2000_qids,ijepa,,none,choose,197,exact,22.335025,37.563452,-15.228426,outputs/eval/bridge_ijepa_500k_ep2_records.json
legacy_locked2000:bridge_ijepa_500k_ep2::bridge_ijepa_500k_ep2::exact,legacy_raw_prompt_no_eos,legacy_locked2000:bridge_ijepa_500k_ep2,eval_2000_qids,ijepa,,none,compare,58,exact,29.310345,17.241379,12.068966,outputs/eval/bridge_ijepa_500k_ep2_records.json
legacy_locked2000:bridge_ijepa_500k_ep2::bridge_ijepa_500k_ep2::exact,legacy_raw_prompt_no_eos,legacy_locked2000:bridge_ijepa_500k_ep2,eval_2000_qids,ijepa,,none,exist,354,exact,20.338983,27.40113,-7.062147,outputs/eval/bridge_ijepa_500k_ep2_records.json
legacy_locked2000:bridge_ijepa_500k_ep2::bridge_ijepa_500k_ep2::exact,legacy_raw_prompt_no_eos,legacy_locked2000:bridge_ijepa_500k_ep2,eval_2000_qids,ijepa,,none,other,610,exact,11.147541,17.377049,-6.229508,outputs/eval/bridge_ijepa_500k_ep2_records.json
legacy_locked2000:bridge_ijepa_500k_ep2::bridge_ijepa_500k_ep2::exact,legacy_raw_prompt_no_eos,legacy_locked2000:bridge_ijepa_500k_ep2,eval_2000_qids,ijepa,,none,relate,781,exact,10.627401,12.548015,-1.920615,outputs/eval/bridge_ijepa_500k_ep2_records.json
legacy_locked2000:bridge_ijepa_500k_ep2::bridge_ijepa_500k_ep2::vqa_soft,legacy_raw_prompt_no_eos,legacy_locked2000:bridge_ijepa_500k_ep2,eval_2000_qids,ijepa,,none,choose,197,vqa_soft,62.436548,52.791878,9.64467,outputs/eval/bridge_ijepa_500k_ep2_records.json
legacy_locked2000:bridge_ijepa_500k_ep2::bridge_ijepa_500k_ep2::vqa_soft,legacy_raw_prompt_no_eos,legacy_locked2000:bridge_ijepa_500k_ep2,eval_2000_qids,ijepa,,none,compare,58,vqa_soft,46.551724,46.551724,0,outputs/eval/bridge_ijepa_500k_ep2_records.json
legacy_locked2000:bridge_ijepa_500k_ep2::bridge_ijepa_500k_ep2::vqa_soft,legacy_raw_prompt_no_eos,legacy_locked2000:bridge_ijepa_500k_ep2,eval_2000_qids,ijepa,,none,exist,354,vqa_soft,37.288136,47.175141,-9.887006,outputs/eval/bridge_ijepa_500k_ep2_records.json
legacy_locked2000:bridge_ijepa_500k_ep2::bridge_ijepa_500k_ep2::vqa_soft,legacy_raw_prompt_no_eos,legacy_locked2000:bridge_ijepa_500k_ep2,eval_2000_qids,ijepa,,none,other,610,vqa_soft,42.131148,32.459016,9.672131,outputs/eval/bridge_ijepa_500k_ep2_records.json
legacy_locked2000:bridge_ijepa_500k_ep2::bridge_ijepa_500k_ep2::vqa_soft,legacy_raw_prompt_no_eos,legacy_locked2000:bridge_ijepa_500k_ep2,eval_2000_qids,ijepa,,none,relate,781,vqa_soft,31.370038,15.108835,16.261204,outputs/eval/bridge_ijepa_500k_ep2_records.json
legacy_locked2000:bridge_ijepa_500k_ep3::bridge_ijepa_500k_ep3::exact,legacy_raw_prompt_no_eos,legacy_locked2000:bridge_ijepa_500k_ep3,eval_2000_qids,ijepa,,none,choose,197,exact,32.994924,37.563452,-4.568528,outputs/eval/bridge_ijepa_500k_ep3_records.json
legacy_locked2000:bridge_ijepa_500k_ep3::bridge_ijepa_500k_ep3::exact,legacy_raw_prompt_no_eos,legacy_locked2000:bridge_ijepa_500k_ep3,eval_2000_qids,ijepa,,none,compare,58,exact,44.827586,17.241379,27.586207,outputs/eval/bridge_ijepa_500k_ep3_records.json
legacy_locked2000:bridge_ijepa_500k_ep3::bridge_ijepa_500k_ep3::exact,legacy_raw_prompt_no_eos,legacy_locked2000:bridge_ijepa_500k_ep3,eval_2000_qids,ijepa,,none,exist,354,exact,33.615819,27.40113,6.214689,outputs/eval/bridge_ijepa_500k_ep3_records.json
legacy_locked2000:bridge_ijepa_500k_ep3::bridge_ijepa_500k_ep3::exact,legacy_raw_prompt_no_eos,legacy_locked2000:bridge_ijepa_500k_ep3,eval_2000_qids,ijepa,,none,other,610,exact,15.081967,17.377049,-2.295082,outputs/eval/bridge_ijepa_500k_ep3_records.json
legacy_locked2000:bridge_ijepa_500k_ep3::bridge_ijepa_500k_ep3::exact,legacy_raw_prompt_no_eos,legacy_locked2000:bridge_ijepa_500k_ep3,eval_2000_qids,ijepa,,none,relate,781,exact,14.596671,12.548015,2.048656,outputs/eval/bridge_ijepa_500k_ep3_records.json
legacy_locked2000:bridge_ijepa_500k_ep3::bridge_ijepa_500k_ep3::vqa_soft,legacy_raw_prompt_no_eos,legacy_locked2000:bridge_ijepa_500k_ep3,eval_2000_qids,ijepa,,none,choose,197,vqa_soft,65.482234,52.791878,12.690355,outputs/eval/bridge_ijepa_500k_ep3_records.json
legacy_locked2000:bridge_ijepa_500k_ep3::bridge_ijepa_500k_ep3::vqa_soft,legacy_raw_prompt_no_eos,legacy_locked2000:bridge_ijepa_500k_ep3,eval_2000_qids,ijepa,,none,compare,58,vqa_soft,62.068966,46.551724,15.517241,outputs/eval/bridge_ijepa_500k_ep3_records.json
legacy_locked2000:bridge_ijepa_500k_ep3::bridge_ijepa_500k_ep3::vqa_soft,legacy_raw_prompt_no_eos,legacy_locked2000:bridge_ijepa_500k_ep3,eval_2000_qids,ijepa,,none,exist,354,vqa_soft,46.045198,47.175141,-1.129944,outputs/eval/bridge_ijepa_500k_ep3_records.json
legacy_locked2000:bridge_ijepa_500k_ep3::bridge_ijepa_500k_ep3::vqa_soft,legacy_raw_prompt_no_eos,legacy_locked2000:bridge_ijepa_500k_ep3,eval_2000_qids,ijepa,,none,other,610,vqa_soft,41.639344,32.459016,9.180328,outputs/eval/bridge_ijepa_500k_ep3_records.json
legacy_locked2000:bridge_ijepa_500k_ep3::bridge_ijepa_500k_ep3::vqa_soft,legacy_raw_prompt_no_eos,legacy_locked2000:bridge_ijepa_500k_ep3,eval_2000_qids,ijepa,,none,relate,781,vqa_soft,35.339309,15.108835,20.230474,outputs/eval/bridge_ijepa_500k_ep3_records.json
legacy_locked2000:bridge_ijepa_500k_ep3_scene_graph::bridge_ijepa_500k_ep3_scene_graph::exact,legacy_raw_prompt_no_eos,legacy_locked2000:bridge_ijepa_500k_ep3_scene_graph,eval_2000_qids,ijepa,,scene_graph_oracle,choose,197,exact,48.22335,32.994924,15.228426,outputs/eval/bridge_ijepa_500k_ep3_scene_graph_records.json
legacy_locked2000:bridge_ijepa_500k_ep3_scene_graph::bridge_ijepa_500k_ep3_scene_graph::exact,legacy_raw_prompt_no_eos,legacy_locked2000:bridge_ijepa_500k_ep3_scene_graph,eval_2000_qids,ijepa,,scene_graph_oracle,compare,58,exact,55.172414,44.827586,10.344828,outputs/eval/bridge_ijepa_500k_ep3_scene_graph_records.json
legacy_locked2000:bridge_ijepa_500k_ep3_scene_graph::bridge_ijepa_500k_ep3_scene_graph::exact,legacy_raw_prompt_no_eos,legacy_locked2000:bridge_ijepa_500k_ep3_scene_graph,eval_2000_qids,ijepa,,scene_graph_oracle,exist,354,exact,65.254237,33.615819,31.638418,outputs/eval/bridge_ijepa_500k_ep3_scene_graph_records.json
legacy_locked2000:bridge_ijepa_500k_ep3_scene_graph::bridge_ijepa_500k_ep3_scene_graph::exact,legacy_raw_prompt_no_eos,legacy_locked2000:bridge_ijepa_500k_ep3_scene_graph,eval_2000_qids,ijepa,,scene_graph_oracle,other,610,exact,48.852459,15.081967,33.770492,outputs/eval/bridge_ijepa_500k_ep3_scene_graph_records.json
legacy_locked2000:bridge_ijepa_500k_ep3_scene_graph::bridge_ijepa_500k_ep3_scene_graph::exact,legacy_raw_prompt_no_eos,legacy_locked2000:bridge_ijepa_500k_ep3_scene_graph,eval_2000_qids,ijepa,,scene_graph_oracle,relate,781,exact,37.772087,14.596671,23.175416,outputs/eval/bridge_ijepa_500k_ep3_scene_graph_records.json
legacy_locked2000:bridge_ijepa_500k_ep3_scene_graph::bridge_ijepa_500k_ep3_scene_graph::vqa_soft,legacy_raw_prompt_no_eos,legacy_locked2000:bridge_ijepa_500k_ep3_scene_graph,eval_2000_qids,ijepa,,scene_graph_oracle,choose,197,vqa_soft,76.142132,65.482234,10.659898,outputs/eval/bridge_ijepa_500k_ep3_scene_graph_records.json
legacy_locked2000:bridge_ijepa_500k_ep3_scene_graph::bridge_ijepa_500k_ep3_scene_graph::vqa_soft,legacy_raw_prompt_no_eos,legacy_locked2000:bridge_ijepa_500k_ep3_scene_graph,eval_2000_qids,ijepa,,scene_graph_oracle,compare,58,vqa_soft,58.62069,62.068966,-3.448276,outputs/eval/bridge_ijepa_500k_ep3_scene_graph_records.json
legacy_locked2000:bridge_ijepa_500k_ep3_scene_graph::bridge_ijepa_500k_ep3_scene_graph::vqa_soft,legacy_raw_prompt_no_eos,legacy_locked2000:bridge_ijepa_500k_ep3_scene_graph,eval_2000_qids,ijepa,,scene_graph_oracle,exist,354,vqa_soft,80.79096,46.045198,34.745763,outputs/eval/bridge_ijepa_500k_ep3_scene_graph_records.json
legacy_locked2000:bridge_ijepa_500k_ep3_scene_graph::bridge_ijepa_500k_ep3_scene_graph::vqa_soft,legacy_raw_prompt_no_eos,legacy_locked2000:bridge_ijepa_500k_ep3_scene_graph,eval_2000_qids,ijepa,,scene_graph_oracle,other,610,vqa_soft,73.770492,41.639344,32.131148,outputs/eval/bridge_ijepa_500k_ep3_scene_graph_records.json
legacy_locked2000:bridge_ijepa_500k_ep3_scene_graph::bridge_ijepa_500k_ep3_scene_graph::vqa_soft,legacy_raw_prompt_no_eos,legacy_locked2000:bridge_ijepa_500k_ep3_scene_graph,eval_2000_qids,ijepa,,scene_graph_oracle,relate,781,vqa_soft,72.087068,35.339309,36.747759,outputs/eval/bridge_ijepa_500k_ep3_scene_graph_records.json
legacy_locked2000:bridge_ijepa_500k_ep3_scene_graph_pred::bridge_ijepa_500k_ep3_scene_graph_pred::exact,legacy_raw_prompt_no_eos,legacy_locked2000:bridge_ijepa_500k_ep3_scene_graph_pred,eval_2000_qids,ijepa,,scene_graph_predicted_owlv2,choose,197,exact,39.593909,32.994924,6.598985,outputs/eval/bridge_ijepa_500k_ep3_scene_graph_pred_records.json
legacy_locked2000:bridge_ijepa_500k_ep3_scene_graph_pred::bridge_ijepa_500k_ep3_scene_graph_pred::exact,legacy_raw_prompt_no_eos,legacy_locked2000:bridge_ijepa_500k_ep3_scene_graph_pred,eval_2000_qids,ijepa,,scene_graph_predicted_owlv2,compare,58,exact,31.034483,44.827586,-13.793103,outputs/eval/bridge_ijepa_500k_ep3_scene_graph_pred_records.json
legacy_locked2000:bridge_ijepa_500k_ep3_scene_graph_pred::bridge_ijepa_500k_ep3_scene_graph_pred::exact,legacy_raw_prompt_no_eos,legacy_locked2000:bridge_ijepa_500k_ep3_scene_graph_pred,eval_2000_qids,ijepa,,scene_graph_predicted_owlv2,exist,354,exact,39.265537,33.615819,5.649718,outputs/eval/bridge_ijepa_500k_ep3_scene_graph_pred_records.json
legacy_locked2000:bridge_ijepa_500k_ep3_scene_graph_pred::bridge_ijepa_500k_ep3_scene_graph_pred::exact,legacy_raw_prompt_no_eos,legacy_locked2000:bridge_ijepa_500k_ep3_scene_graph_pred,eval_2000_qids,ijepa,,scene_graph_predicted_owlv2,other,610,exact,21.803279,15.081967,6.721311,outputs/eval/bridge_ijepa_500k_ep3_scene_graph_pred_records.json
legacy_locked2000:bridge_ijepa_500k_ep3_scene_graph_pred::bridge_ijepa_500k_ep3_scene_graph_pred::exact,legacy_raw_prompt_no_eos,legacy_locked2000:bridge_ijepa_500k_ep3_scene_graph_pred,eval_2000_qids,ijepa,,scene_graph_predicted_owlv2,relate,781,exact,21.382843,14.596671,6.786172,outputs/eval/bridge_ijepa_500k_ep3_scene_graph_pred_records.json
legacy_locked2000:bridge_ijepa_500k_ep3_scene_graph_pred::bridge_ijepa_500k_ep3_scene_graph_pred::vqa_soft,legacy_raw_prompt_no_eos,legacy_locked2000:bridge_ijepa_500k_ep3_scene_graph_pred,eval_2000_qids,ijepa,,scene_graph_predicted_owlv2,choose,197,vqa_soft,62.944162,65.482234,-2.538071,outputs/eval/bridge_ijepa_500k_ep3_scene_graph_pred_records.json
legacy_locked2000:bridge_ijepa_500k_ep3_scene_graph_pred::bridge_ijepa_500k_ep3_scene_graph_pred::vqa_soft,legacy_raw_prompt_no_eos,legacy_locked2000:bridge_ijepa_500k_ep3_scene_graph_pred,eval_2000_qids,ijepa,,scene_graph_predicted_owlv2,compare,58,vqa_soft,43.103448,62.068966,-18.965517,outputs/eval/bridge_ijepa_500k_ep3_scene_graph_pred_records.json
legacy_locked2000:bridge_ijepa_500k_ep3_scene_graph_pred::bridge_ijepa_500k_ep3_scene_graph_pred::vqa_soft,legacy_raw_prompt_no_eos,legacy_locked2000:bridge_ijepa_500k_ep3_scene_graph_pred,eval_2000_qids,ijepa,,scene_graph_predicted_owlv2,exist,354,vqa_soft,58.474576,46.045198,12.429379,outputs/eval/bridge_ijepa_500k_ep3_scene_graph_pred_records.json
legacy_locked2000:bridge_ijepa_500k_ep3_scene_graph_pred::bridge_ijepa_500k_ep3_scene_graph_pred::vqa_soft,legacy_raw_prompt_no_eos,legacy_locked2000:bridge_ijepa_500k_ep3_scene_graph_pred,eval_2000_qids,ijepa,,scene_graph_predicted_owlv2,other,610,vqa_soft,37.04918,41.639344,-4.590164,outputs/eval/bridge_ijepa_500k_ep3_scene_graph_pred_records.json
legacy_locked2000:bridge_ijepa_500k_ep3_scene_graph_pred::bridge_ijepa_500k_ep3_scene_graph_pred::vqa_soft,legacy_raw_prompt_no_eos,legacy_locked2000:bridge_ijepa_500k_ep3_scene_graph_pred,eval_2000_qids,ijepa,,scene_graph_predicted_owlv2,relate,781,vqa_soft,29.449424,35.339309,-5.889885,outputs/eval/bridge_ijepa_500k_ep3_scene_graph_pred_records.json
legacy_locked2000:bridge_ijepa_500k_ep3_scene_graph_predq::bridge_ijepa_500k_ep3_scene_graph_predq::exact,legacy_raw_prompt_no_eos,legacy_locked2000:bridge_ijepa_500k_ep3_scene_graph_predq,eval_2000_qids,ijepa,,scene_graph_predicted_owlv2,choose,197,exact,57.86802,32.994924,24.873096,outputs/eval/bridge_ijepa_500k_ep3_scene_graph_predq_records.json
legacy_locked2000:bridge_ijepa_500k_ep3_scene_graph_predq::bridge_ijepa_500k_ep3_scene_graph_predq::exact,legacy_raw_prompt_no_eos,legacy_locked2000:bridge_ijepa_500k_ep3_scene_graph_predq,eval_2000_qids,ijepa,,scene_graph_predicted_owlv2,compare,58,exact,39.655172,44.827586,-5.172414,outputs/eval/bridge_ijepa_500k_ep3_scene_graph_predq_records.json
legacy_locked2000:bridge_ijepa_500k_ep3_scene_graph_predq::bridge_ijepa_500k_ep3_scene_graph_predq::exact,legacy_raw_prompt_no_eos,legacy_locked2000:bridge_ijepa_500k_ep3_scene_graph_predq,eval_2000_qids,ijepa,,scene_graph_predicted_owlv2,exist,354,exact,51.129944,33.615819,17.514124,outputs/eval/bridge_ijepa_500k_ep3_scene_graph_predq_records.json
legacy_locked2000:bridge_ijepa_500k_ep3_scene_graph_predq::bridge_ijepa_500k_ep3_scene_graph_predq::exact,legacy_raw_prompt_no_eos,legacy_locked2000:bridge_ijepa_500k_ep3_scene_graph_predq,eval_2000_qids,ijepa,,scene_graph_predicted_owlv2,other,610,exact,33.114754,15.081967,18.032787,outputs/eval/bridge_ijepa_500k_ep3_scene_graph_predq_records.json
legacy_locked2000:bridge_ijepa_500k_ep3_scene_graph_predq::bridge_ijepa_500k_ep3_scene_graph_predq::exact,legacy_raw_prompt_no_eos,legacy_locked2000:bridge_ijepa_500k_ep3_scene_graph_predq,eval_2000_qids,ijepa,,scene_graph_predicted_owlv2,relate,781,exact,25.096031,14.596671,10.49936,outputs/eval/bridge_ijepa_500k_ep3_scene_graph_predq_records.json
legacy_locked2000:bridge_ijepa_500k_ep3_scene_graph_predq::bridge_ijepa_500k_ep3_scene_graph_predq::vqa_soft,legacy_raw_prompt_no_eos,legacy_locked2000:bridge_ijepa_500k_ep3_scene_graph_predq,eval_2000_qids,ijepa,,scene_graph_predicted_owlv2,choose,197,vqa_soft,62.436548,65.482234,-3.045685,outputs/eval/bridge_ijepa_500k_ep3_scene_graph_predq_records.json
legacy_locked2000:bridge_ijepa_500k_ep3_scene_graph_predq::bridge_ijepa_500k_ep3_scene_graph_predq::vqa_soft,legacy_raw_prompt_no_eos,legacy_locked2000:bridge_ijepa_500k_ep3_scene_graph_predq,eval_2000_qids,ijepa,,scene_graph_predicted_owlv2,compare,58,vqa_soft,50,62.068966,-12.068966,outputs/eval/bridge_ijepa_500k_ep3_scene_graph_predq_records.json
legacy_locked2000:bridge_ijepa_500k_ep3_scene_graph_predq::bridge_ijepa_500k_ep3_scene_graph_predq::vqa_soft,legacy_raw_prompt_no_eos,legacy_locked2000:bridge_ijepa_500k_ep3_scene_graph_predq,eval_2000_qids,ijepa,,scene_graph_predicted_owlv2,exist,354,vqa_soft,61.864407,46.045198,15.819209,outputs/eval/bridge_ijepa_500k_ep3_scene_graph_predq_records.json
legacy_locked2000:bridge_ijepa_500k_ep3_scene_graph_predq::bridge_ijepa_500k_ep3_scene_graph_predq::vqa_soft,legacy_raw_prompt_no_eos,legacy_locked2000:bridge_ijepa_500k_ep3_scene_graph_predq,eval_2000_qids,ijepa,,scene_graph_predicted_owlv2,other,610,vqa_soft,43.770492,41.639344,2.131148,outputs/eval/bridge_ijepa_500k_ep3_scene_graph_predq_records.json
legacy_locked2000:bridge_ijepa_500k_ep3_scene_graph_predq::bridge_ijepa_500k_ep3_scene_graph_predq::vqa_soft,legacy_raw_prompt_no_eos,legacy_locked2000:bridge_ijepa_500k_ep3_scene_graph_predq,eval_2000_qids,ijepa,,scene_graph_predicted_owlv2,relate,781,vqa_soft,35.339309,35.339309,0,outputs/eval/bridge_ijepa_500k_ep3_scene_graph_predq_records.json
legacy_locked2000:bridge_ijepa_500k_ep4::bridge_ijepa_500k_ep4::exact,legacy_raw_prompt_no_eos,legacy_locked2000:bridge_ijepa_500k_ep4,eval_2000_qids,ijepa,,none,choose,197,exact,12.690355,37.563452,-24.873096,outputs/eval/bridge_ijepa_500k_ep4_records.json
legacy_locked2000:bridge_ijepa_500k_ep4::bridge_ijepa_500k_ep4::exact,legacy_raw_prompt_no_eos,legacy_locked2000:bridge_ijepa_500k_ep4,eval_2000_qids,ijepa,,none,compare,58,exact,18.965517,17.241379,1.724138,outputs/eval/bridge_ijepa_500k_ep4_records.json
legacy_locked2000:bridge_ijepa_500k_ep4::bridge_ijepa_500k_ep4::exact,legacy_raw_prompt_no_eos,legacy_locked2000:bridge_ijepa_500k_ep4,eval_2000_qids,ijepa,,none,exist,354,exact,17.514124,27.40113,-9.887006,outputs/eval/bridge_ijepa_500k_ep4_records.json
legacy_locked2000:bridge_ijepa_500k_ep4::bridge_ijepa_500k_ep4::exact,legacy_raw_prompt_no_eos,legacy_locked2000:bridge_ijepa_500k_ep4,eval_2000_qids,ijepa,,none,other,610,exact,5.901639,17.377049,-11.47541,outputs/eval/bridge_ijepa_500k_ep4_records.json
legacy_locked2000:bridge_ijepa_500k_ep4::bridge_ijepa_500k_ep4::exact,legacy_raw_prompt_no_eos,legacy_locked2000:bridge_ijepa_500k_ep4,eval_2000_qids,ijepa,,none,relate,781,exact,7.170294,12.548015,-5.377721,outputs/eval/bridge_ijepa_500k_ep4_records.json
legacy_locked2000:bridge_ijepa_500k_ep4::bridge_ijepa_500k_ep4::vqa_soft,legacy_raw_prompt_no_eos,legacy_locked2000:bridge_ijepa_500k_ep4,eval_2000_qids,ijepa,,none,choose,197,vqa_soft,65.482234,52.791878,12.690355,outputs/eval/bridge_ijepa_500k_ep4_records.json
legacy_locked2000:bridge_ijepa_500k_ep4::bridge_ijepa_500k_ep4::vqa_soft,legacy_raw_prompt_no_eos,legacy_locked2000:bridge_ijepa_500k_ep4,eval_2000_qids,ijepa,,none,compare,58,vqa_soft,46.551724,46.551724,0,outputs/eval/bridge_ijepa_500k_ep4_records.json
legacy_locked2000:bridge_ijepa_500k_ep4::bridge_ijepa_500k_ep4::vqa_soft,legacy_raw_prompt_no_eos,legacy_locked2000:bridge_ijepa_500k_ep4,eval_2000_qids,ijepa,,none,exist,354,vqa_soft,50.282486,47.175141,3.107345,outputs/eval/bridge_ijepa_500k_ep4_records.json
legacy_locked2000:bridge_ijepa_500k_ep4::bridge_ijepa_500k_ep4::vqa_soft,legacy_raw_prompt_no_eos,legacy_locked2000:bridge_ijepa_500k_ep4,eval_2000_qids,ijepa,,none,other,610,vqa_soft,40.655738,32.459016,8.196721,outputs/eval/bridge_ijepa_500k_ep4_records.json
legacy_locked2000:bridge_ijepa_500k_ep4::bridge_ijepa_500k_ep4::vqa_soft,legacy_raw_prompt_no_eos,legacy_locked2000:bridge_ijepa_500k_ep4,eval_2000_qids,ijepa,,none,relate,781,vqa_soft,33.802817,15.108835,18.693982,outputs/eval/bridge_ijepa_500k_ep4_records.json
legacy_locked2000:bridge_ijepa_500k_ep5::bridge_ijepa_500k_ep5::exact,legacy_raw_prompt_no_eos,legacy_locked2000:bridge_ijepa_500k_ep5,eval_2000_qids,ijepa,,none,choose,197,exact,18.781726,37.563452,-18.781726,outputs/eval/bridge_ijepa_500k_ep5_records.json
legacy_locked2000:bridge_ijepa_500k_ep5::bridge_ijepa_500k_ep5::exact,legacy_raw_prompt_no_eos,legacy_locked2000:bridge_ijepa_500k_ep5,eval_2000_qids,ijepa,,none,compare,58,exact,29.310345,17.241379,12.068966,outputs/eval/bridge_ijepa_500k_ep5_records.json
legacy_locked2000:bridge_ijepa_500k_ep5::bridge_ijepa_500k_ep5::exact,legacy_raw_prompt_no_eos,legacy_locked2000:bridge_ijepa_500k_ep5,eval_2000_qids,ijepa,,none,exist,354,exact,20.056497,27.40113,-7.344633,outputs/eval/bridge_ijepa_500k_ep5_records.json
legacy_locked2000:bridge_ijepa_500k_ep5::bridge_ijepa_500k_ep5::exact,legacy_raw_prompt_no_eos,legacy_locked2000:bridge_ijepa_500k_ep5,eval_2000_qids,ijepa,,none,other,610,exact,11.147541,17.377049,-6.229508,outputs/eval/bridge_ijepa_500k_ep5_records.json
legacy_locked2000:bridge_ijepa_500k_ep5::bridge_ijepa_500k_ep5::exact,legacy_raw_prompt_no_eos,legacy_locked2000:bridge_ijepa_500k_ep5,eval_2000_qids,ijepa,,none,relate,781,exact,9.475032,12.548015,-3.072983,outputs/eval/bridge_ijepa_500k_ep5_records.json
legacy_locked2000:bridge_ijepa_500k_ep5::bridge_ijepa_500k_ep5::vqa_soft,legacy_raw_prompt_no_eos,legacy_locked2000:bridge_ijepa_500k_ep5,eval_2000_qids,ijepa,,none,choose,197,vqa_soft,62.944162,52.791878,10.152284,outputs/eval/bridge_ijepa_500k_ep5_records.json
legacy_locked2000:bridge_ijepa_500k_ep5::bridge_ijepa_500k_ep5::vqa_soft,legacy_raw_prompt_no_eos,legacy_locked2000:bridge_ijepa_500k_ep5,eval_2000_qids,ijepa,,none,compare,58,vqa_soft,46.551724,46.551724,0,outputs/eval/bridge_ijepa_500k_ep5_records.json
legacy_locked2000:bridge_ijepa_500k_ep5::bridge_ijepa_500k_ep5::vqa_soft,legacy_raw_prompt_no_eos,legacy_locked2000:bridge_ijepa_500k_ep5,eval_2000_qids,ijepa,,none,exist,354,vqa_soft,41.80791,47.175141,-5.367232,outputs/eval/bridge_ijepa_500k_ep5_records.json
legacy_locked2000:bridge_ijepa_500k_ep5::bridge_ijepa_500k_ep5::vqa_soft,legacy_raw_prompt_no_eos,legacy_locked2000:bridge_ijepa_500k_ep5,eval_2000_qids,ijepa,,none,other,610,vqa_soft,42.295082,32.459016,9.836066,outputs/eval/bridge_ijepa_500k_ep5_records.json
legacy_locked2000:bridge_ijepa_500k_ep5::bridge_ijepa_500k_ep5::vqa_soft,legacy_raw_prompt_no_eos,legacy_locked2000:bridge_ijepa_500k_ep5,eval_2000_qids,ijepa,,none,relate,781,vqa_soft,35.979513,15.108835,20.870679,outputs/eval/bridge_ijepa_500k_ep5_records.json
legacy_locked2000:bridge_ijepa_500k_ep6::bridge_ijepa_500k_ep6::exact,legacy_raw_prompt_no_eos,legacy_locked2000:bridge_ijepa_500k_ep6,eval_2000_qids,ijepa,,none,choose,197,exact,17.766497,37.563452,-19.796954,outputs/eval/bridge_ijepa_500k_ep6_records.json
legacy_locked2000:bridge_ijepa_500k_ep6::bridge_ijepa_500k_ep6::exact,legacy_raw_prompt_no_eos,legacy_locked2000:bridge_ijepa_500k_ep6,eval_2000_qids,ijepa,,none,compare,58,exact,24.137931,17.241379,6.896552,outputs/eval/bridge_ijepa_500k_ep6_records.json
legacy_locked2000:bridge_ijepa_500k_ep6::bridge_ijepa_500k_ep6::exact,legacy_raw_prompt_no_eos,legacy_locked2000:bridge_ijepa_500k_ep6,eval_2000_qids,ijepa,,none,exist,354,exact,20.338983,27.40113,-7.062147,outputs/eval/bridge_ijepa_500k_ep6_records.json
legacy_locked2000:bridge_ijepa_500k_ep6::bridge_ijepa_500k_ep6::exact,legacy_raw_prompt_no_eos,legacy_locked2000:bridge_ijepa_500k_ep6,eval_2000_qids,ijepa,,none,other,610,exact,10.655738,17.377049,-6.721311,outputs/eval/bridge_ijepa_500k_ep6_records.json
legacy_locked2000:bridge_ijepa_500k_ep6::bridge_ijepa_500k_ep6::exact,legacy_raw_prompt_no_eos,legacy_locked2000:bridge_ijepa_500k_ep6,eval_2000_qids,ijepa,,none,relate,781,exact,8.322663,12.548015,-4.225352,outputs/eval/bridge_ijepa_500k_ep6_records.json
legacy_locked2000:bridge_ijepa_500k_ep6::bridge_ijepa_500k_ep6::vqa_soft,legacy_raw_prompt_no_eos,legacy_locked2000:bridge_ijepa_500k_ep6,eval_2000_qids,ijepa,,none,choose,197,vqa_soft,65.989848,52.791878,13.19797,outputs/eval/bridge_ijepa_500k_ep6_records.json
legacy_locked2000:bridge_ijepa_500k_ep6::bridge_ijepa_500k_ep6::vqa_soft,legacy_raw_prompt_no_eos,legacy_locked2000:bridge_ijepa_500k_ep6,eval_2000_qids,ijepa,,none,compare,58,vqa_soft,46.551724,46.551724,0,outputs/eval/bridge_ijepa_500k_ep6_records.json
legacy_locked2000:bridge_ijepa_500k_ep6::bridge_ijepa_500k_ep6::vqa_soft,legacy_raw_prompt_no_eos,legacy_locked2000:bridge_ijepa_500k_ep6,eval_2000_qids,ijepa,,none,exist,354,vqa_soft,48.870056,47.175141,1.694915,outputs/eval/bridge_ijepa_500k_ep6_records.json
legacy_locked2000:bridge_ijepa_500k_ep6::bridge_ijepa_500k_ep6::vqa_soft,legacy_raw_prompt_no_eos,legacy_locked2000:bridge_ijepa_500k_ep6,eval_2000_qids,ijepa,,none,other,610,vqa_soft,43.278689,32.459016,10.819672,outputs/eval/bridge_ijepa_500k_ep6_records.json
legacy_locked2000:bridge_ijepa_500k_ep6::bridge_ijepa_500k_ep6::vqa_soft,legacy_raw_prompt_no_eos,legacy_locked2000:bridge_ijepa_500k_ep6,eval_2000_qids,ijepa,,none,relate,781,vqa_soft,35.211268,15.108835,20.102433,outputs/eval/bridge_ijepa_500k_ep6_records.json
legacy_rescore_locked2000:bridge_clip_150k_mlp_anchor_ep3::bridge_clip_150k_mlp_anchor_ep3::exact,legacy_raw_prompt_no_eos,legacy_rescore_locked2000:bridge_clip_150k_mlp_anchor_ep3,eval_2000_qids,clip,mlp256,none,choose,197,exact,3.553299,37.563452,-34.010152,outputs/eval_phase2_rescore/locked2000/bridge_clip_150k_mlp_anchor_ep3_records.json
legacy_rescore_locked2000:bridge_clip_150k_mlp_anchor_ep3::bridge_clip_150k_mlp_anchor_ep3::exact,legacy_raw_prompt_no_eos,legacy_rescore_locked2000:bridge_clip_150k_mlp_anchor_ep3,eval_2000_qids,clip,mlp256,none,compare,58,exact,3.448276,15.517241,-12.068966,outputs/eval_phase2_rescore/locked2000/bridge_clip_150k_mlp_anchor_ep3_records.json
legacy_rescore_locked2000:bridge_clip_150k_mlp_anchor_ep3::bridge_clip_150k_mlp_anchor_ep3::exact,legacy_raw_prompt_no_eos,legacy_rescore_locked2000:bridge_clip_150k_mlp_anchor_ep3,eval_2000_qids,clip,mlp256,none,exist,354,exact,1.694915,26.553672,-24.858757,outputs/eval_phase2_rescore/locked2000/bridge_clip_150k_mlp_anchor_ep3_records.json
legacy_rescore_locked2000:bridge_clip_150k_mlp_anchor_ep3::bridge_clip_150k_mlp_anchor_ep3::exact,legacy_raw_prompt_no_eos,legacy_rescore_locked2000:bridge_clip_150k_mlp_anchor_ep3,eval_2000_qids,clip,mlp256,none,other,610,exact,4.098361,17.377049,-13.278689,outputs/eval_phase2_rescore/locked2000/bridge_clip_150k_mlp_anchor_ep3_records.json
legacy_rescore_locked2000:bridge_clip_150k_mlp_anchor_ep3::bridge_clip_150k_mlp_anchor_ep3::exact,legacy_raw_prompt_no_eos,legacy_rescore_locked2000:bridge_clip_150k_mlp_anchor_ep3,eval_2000_qids,clip,mlp256,none,relate,781,exact,9.346991,13.18822,-3.841229,outputs/eval_phase2_rescore/locked2000/bridge_clip_150k_mlp_anchor_ep3_records.json
legacy_rescore_locked2000:bridge_clip_150k_mlp_anchor_ep3::bridge_clip_150k_mlp_anchor_ep3::vqa_soft,legacy_raw_prompt_no_eos,legacy_rescore_locked2000:bridge_clip_150k_mlp_anchor_ep3,eval_2000_qids,clip,mlp256,none,choose,197,vqa_soft,71.06599,52.284264,18.781726,outputs/eval_phase2_rescore/locked2000/bridge_clip_150k_mlp_anchor_ep3_records.json
legacy_rescore_locked2000:bridge_clip_150k_mlp_anchor_ep3::bridge_clip_150k_mlp_anchor_ep3::vqa_soft,legacy_raw_prompt_no_eos,legacy_rescore_locked2000:bridge_clip_150k_mlp_anchor_ep3,eval_2000_qids,clip,mlp256,none,compare,58,vqa_soft,60.344828,46.551724,13.793103,outputs/eval_phase2_rescore/locked2000/bridge_clip_150k_mlp_anchor_ep3_records.json
legacy_rescore_locked2000:bridge_clip_150k_mlp_anchor_ep3::bridge_clip_150k_mlp_anchor_ep3::vqa_soft,legacy_raw_prompt_no_eos,legacy_rescore_locked2000:bridge_clip_150k_mlp_anchor_ep3,eval_2000_qids,clip,mlp256,none,exist,354,vqa_soft,64.689266,46.610169,18.079096,outputs/eval_phase2_rescore/locked2000/bridge_clip_150k_mlp_anchor_ep3_records.json
legacy_rescore_locked2000:bridge_clip_150k_mlp_anchor_ep3::bridge_clip_150k_mlp_anchor_ep3::vqa_soft,legacy_raw_prompt_no_eos,legacy_rescore_locked2000:bridge_clip_150k_mlp_anchor_ep3,eval_2000_qids,clip,mlp256,none,other,610,vqa_soft,55.245902,31.47541,23.770492,outputs/eval_phase2_rescore/locked2000/bridge_clip_150k_mlp_anchor_ep3_records.json
legacy_rescore_locked2000:bridge_clip_150k_mlp_anchor_ep3::bridge_clip_150k_mlp_anchor_ep3::vqa_soft,legacy_raw_prompt_no_eos,legacy_rescore_locked2000:bridge_clip_150k_mlp_anchor_ep3,eval_2000_qids,clip,mlp256,none,relate,781,vqa_soft,48.271447,15.620999,32.650448,outputs/eval_phase2_rescore/locked2000/bridge_clip_150k_mlp_anchor_ep3_records.json
legacy_rescore_locked2000:bridge_clip_150k_mlp_tuned_ep3::bridge_clip_150k_mlp_tuned_ep3::exact,legacy_raw_prompt_no_eos,legacy_rescore_locked2000:bridge_clip_150k_mlp_tuned_ep3,eval_2000_qids,clip,mlp256,none,choose,197,exact,5.583756,37.563452,-31.979695,outputs/eval_phase2_rescore/locked2000/bridge_clip_150k_mlp_tuned_ep3_records.json
legacy_rescore_locked2000:bridge_clip_150k_mlp_tuned_ep3::bridge_clip_150k_mlp_tuned_ep3::exact,legacy_raw_prompt_no_eos,legacy_rescore_locked2000:bridge_clip_150k_mlp_tuned_ep3,eval_2000_qids,clip,mlp256,none,compare,58,exact,5.172414,15.517241,-10.344828,outputs/eval_phase2_rescore/locked2000/bridge_clip_150k_mlp_tuned_ep3_records.json
legacy_rescore_locked2000:bridge_clip_150k_mlp_tuned_ep3::bridge_clip_150k_mlp_tuned_ep3::exact,legacy_raw_prompt_no_eos,legacy_rescore_locked2000:bridge_clip_150k_mlp_tuned_ep3,eval_2000_qids,clip,mlp256,none,exist,354,exact,2.259887,26.553672,-24.293785,outputs/eval_phase2_rescore/locked2000/bridge_clip_150k_mlp_tuned_ep3_records.json
legacy_rescore_locked2000:bridge_clip_150k_mlp_tuned_ep3::bridge_clip_150k_mlp_tuned_ep3::exact,legacy_raw_prompt_no_eos,legacy_rescore_locked2000:bridge_clip_150k_mlp_tuned_ep3,eval_2000_qids,clip,mlp256,none,other,610,exact,0.983607,17.377049,-16.393443,outputs/eval_phase2_rescore/locked2000/bridge_clip_150k_mlp_tuned_ep3_records.json
legacy_rescore_locked2000:bridge_clip_150k_mlp_tuned_ep3::bridge_clip_150k_mlp_tuned_ep3::exact,legacy_raw_prompt_no_eos,legacy_rescore_locked2000:bridge_clip_150k_mlp_tuned_ep3,eval_2000_qids,clip,mlp256,none,relate,781,exact,1.28041,13.18822,-11.90781,outputs/eval_phase2_rescore/locked2000/bridge_clip_150k_mlp_tuned_ep3_records.json
legacy_rescore_locked2000:bridge_clip_150k_mlp_tuned_ep3::bridge_clip_150k_mlp_tuned_ep3::vqa_soft,legacy_raw_prompt_no_eos,legacy_rescore_locked2000:bridge_clip_150k_mlp_tuned_ep3,eval_2000_qids,clip,mlp256,none,choose,197,vqa_soft,79.187817,52.284264,26.903553,outputs/eval_phase2_rescore/locked2000/bridge_clip_150k_mlp_tuned_ep3_records.json
legacy_rescore_locked2000:bridge_clip_150k_mlp_tuned_ep3::bridge_clip_150k_mlp_tuned_ep3::vqa_soft,legacy_raw_prompt_no_eos,legacy_rescore_locked2000:bridge_clip_150k_mlp_tuned_ep3,eval_2000_qids,clip,mlp256,none,compare,58,vqa_soft,50,46.551724,3.448276,outputs/eval_phase2_rescore/locked2000/bridge_clip_150k_mlp_tuned_ep3_records.json
legacy_rescore_locked2000:bridge_clip_150k_mlp_tuned_ep3::bridge_clip_150k_mlp_tuned_ep3::vqa_soft,legacy_raw_prompt_no_eos,legacy_rescore_locked2000:bridge_clip_150k_mlp_tuned_ep3,eval_2000_qids,clip,mlp256,none,exist,354,vqa_soft,56.497175,46.610169,9.887006,outputs/eval_phase2_rescore/locked2000/bridge_clip_150k_mlp_tuned_ep3_records.json
legacy_rescore_locked2000:bridge_clip_150k_mlp_tuned_ep3::bridge_clip_150k_mlp_tuned_ep3::vqa_soft,legacy_raw_prompt_no_eos,legacy_rescore_locked2000:bridge_clip_150k_mlp_tuned_ep3,eval_2000_qids,clip,mlp256,none,other,610,vqa_soft,57.04918,31.47541,25.57377,outputs/eval_phase2_rescore/locked2000/bridge_clip_150k_mlp_tuned_ep3_records.json
legacy_rescore_locked2000:bridge_clip_150k_mlp_tuned_ep3::bridge_clip_150k_mlp_tuned_ep3::vqa_soft,legacy_raw_prompt_no_eos,legacy_rescore_locked2000:bridge_clip_150k_mlp_tuned_ep3,eval_2000_qids,clip,mlp256,none,relate,781,vqa_soft,46.350832,15.620999,30.729834,outputs/eval_phase2_rescore/locked2000/bridge_clip_150k_mlp_tuned_ep3_records.json
legacy_rescore_locked2000:bridge_dinov2_150k_ep3::bridge_dinov2_150k_ep3::exact,legacy_raw_prompt_no_eos,legacy_rescore_locked2000:bridge_dinov2_150k_ep3,eval_2000_qids,dinov2,,none,choose,197,exact,2.030457,37.563452,-35.532995,outputs/eval_phase2_rescore/locked2000/bridge_dinov2_150k_ep3_records.json
legacy_rescore_locked2000:bridge_dinov2_150k_ep3::bridge_dinov2_150k_ep3::exact,legacy_raw_prompt_no_eos,legacy_rescore_locked2000:bridge_dinov2_150k_ep3,eval_2000_qids,dinov2,,none,compare,58,exact,8.62069,15.517241,-6.896552,outputs/eval_phase2_rescore/locked2000/bridge_dinov2_150k_ep3_records.json
legacy_rescore_locked2000:bridge_dinov2_150k_ep3::bridge_dinov2_150k_ep3::exact,legacy_raw_prompt_no_eos,legacy_rescore_locked2000:bridge_dinov2_150k_ep3,eval_2000_qids,dinov2,,none,exist,354,exact,7.909605,26.553672,-18.644068,outputs/eval_phase2_rescore/locked2000/bridge_dinov2_150k_ep3_records.json
legacy_rescore_locked2000:bridge_dinov2_150k_ep3::bridge_dinov2_150k_ep3::exact,legacy_raw_prompt_no_eos,legacy_rescore_locked2000:bridge_dinov2_150k_ep3,eval_2000_qids,dinov2,,none,other,610,exact,2.459016,17.377049,-14.918033,outputs/eval_phase2_rescore/locked2000/bridge_dinov2_150k_ep3_records.json
legacy_rescore_locked2000:bridge_dinov2_150k_ep3::bridge_dinov2_150k_ep3::exact,legacy_raw_prompt_no_eos,legacy_rescore_locked2000:bridge_dinov2_150k_ep3,eval_2000_qids,dinov2,,none,relate,781,exact,2.560819,13.18822,-10.627401,outputs/eval_phase2_rescore/locked2000/bridge_dinov2_150k_ep3_records.json
legacy_rescore_locked2000:bridge_dinov2_150k_ep3::bridge_dinov2_150k_ep3::vqa_soft,legacy_raw_prompt_no_eos,legacy_rescore_locked2000:bridge_dinov2_150k_ep3,eval_2000_qids,dinov2,,none,choose,197,vqa_soft,63.959391,52.284264,11.675127,outputs/eval_phase2_rescore/locked2000/bridge_dinov2_150k_ep3_records.json
legacy_rescore_locked2000:bridge_dinov2_150k_ep3::bridge_dinov2_150k_ep3::vqa_soft,legacy_raw_prompt_no_eos,legacy_rescore_locked2000:bridge_dinov2_150k_ep3,eval_2000_qids,dinov2,,none,compare,58,vqa_soft,56.896552,46.551724,10.344828,outputs/eval_phase2_rescore/locked2000/bridge_dinov2_150k_ep3_records.json
legacy_rescore_locked2000:bridge_dinov2_150k_ep3::bridge_dinov2_150k_ep3::vqa_soft,legacy_raw_prompt_no_eos,legacy_rescore_locked2000:bridge_dinov2_150k_ep3,eval_2000_qids,dinov2,,none,exist,354,vqa_soft,57.627119,46.610169,11.016949,outputs/eval_phase2_rescore/locked2000/bridge_dinov2_150k_ep3_records.json
legacy_rescore_locked2000:bridge_dinov2_150k_ep3::bridge_dinov2_150k_ep3::vqa_soft,legacy_raw_prompt_no_eos,legacy_rescore_locked2000:bridge_dinov2_150k_ep3,eval_2000_qids,dinov2,,none,other,610,vqa_soft,46.557377,31.47541,15.081967,outputs/eval_phase2_rescore/locked2000/bridge_dinov2_150k_ep3_records.json
legacy_rescore_locked2000:bridge_dinov2_150k_ep3::bridge_dinov2_150k_ep3::vqa_soft,legacy_raw_prompt_no_eos,legacy_rescore_locked2000:bridge_dinov2_150k_ep3,eval_2000_qids,dinov2,,none,relate,781,vqa_soft,38.284251,15.620999,22.663252,outputs/eval_phase2_rescore/locked2000/bridge_dinov2_150k_ep3_records.json
legacy_rescore_locked2000:bridge_dinov2_150k_mlp_ep3::bridge_dinov2_150k_mlp_ep3::exact,legacy_raw_prompt_no_eos,legacy_rescore_locked2000:bridge_dinov2_150k_mlp_ep3,eval_2000_qids,dinov2,mlp256,none,choose,197,exact,7.614213,37.563452,-29.949239,outputs/eval_phase2_rescore/locked2000/bridge_dinov2_150k_mlp_ep3_records.json
legacy_rescore_locked2000:bridge_dinov2_150k_mlp_ep3::bridge_dinov2_150k_mlp_ep3::exact,legacy_raw_prompt_no_eos,legacy_rescore_locked2000:bridge_dinov2_150k_mlp_ep3,eval_2000_qids,dinov2,mlp256,none,compare,58,exact,25.862069,15.517241,10.344828,outputs/eval_phase2_rescore/locked2000/bridge_dinov2_150k_mlp_ep3_records.json
legacy_rescore_locked2000:bridge_dinov2_150k_mlp_ep3::bridge_dinov2_150k_mlp_ep3::exact,legacy_raw_prompt_no_eos,legacy_rescore_locked2000:bridge_dinov2_150k_mlp_ep3,eval_2000_qids,dinov2,mlp256,none,exist,354,exact,25.423729,26.553672,-1.129944,outputs/eval_phase2_rescore/locked2000/bridge_dinov2_150k_mlp_ep3_records.json
legacy_rescore_locked2000:bridge_dinov2_150k_mlp_ep3::bridge_dinov2_150k_mlp_ep3::exact,legacy_raw_prompt_no_eos,legacy_rescore_locked2000:bridge_dinov2_150k_mlp_ep3,eval_2000_qids,dinov2,mlp256,none,other,610,exact,10.983607,17.377049,-6.393443,outputs/eval_phase2_rescore/locked2000/bridge_dinov2_150k_mlp_ep3_records.json
legacy_rescore_locked2000:bridge_dinov2_150k_mlp_ep3::bridge_dinov2_150k_mlp_ep3::exact,legacy_raw_prompt_no_eos,legacy_rescore_locked2000:bridge_dinov2_150k_mlp_ep3,eval_2000_qids,dinov2,mlp256,none,relate,781,exact,9.987196,13.18822,-3.201024,outputs/eval_phase2_rescore/locked2000/bridge_dinov2_150k_mlp_ep3_records.json
legacy_rescore_locked2000:bridge_dinov2_150k_mlp_ep3::bridge_dinov2_150k_mlp_ep3::vqa_soft,legacy_raw_prompt_no_eos,legacy_rescore_locked2000:bridge_dinov2_150k_mlp_ep3,eval_2000_qids,dinov2,mlp256,none,choose,197,vqa_soft,70.050761,52.284264,17.766497,outputs/eval_phase2_rescore/locked2000/bridge_dinov2_150k_mlp_ep3_records.json
legacy_rescore_locked2000:bridge_dinov2_150k_mlp_ep3::bridge_dinov2_150k_mlp_ep3::vqa_soft,legacy_raw_prompt_no_eos,legacy_rescore_locked2000:bridge_dinov2_150k_mlp_ep3,eval_2000_qids,dinov2,mlp256,none,compare,58,vqa_soft,56.896552,46.551724,10.344828,outputs/eval_phase2_rescore/locked2000/bridge_dinov2_150k_mlp_ep3_records.json
legacy_rescore_locked2000:bridge_dinov2_150k_mlp_ep3::bridge_dinov2_150k_mlp_ep3::vqa_soft,legacy_raw_prompt_no_eos,legacy_rescore_locked2000:bridge_dinov2_150k_mlp_ep3,eval_2000_qids,dinov2,mlp256,none,exist,354,vqa_soft,60.451977,46.610169,13.841808,outputs/eval_phase2_rescore/locked2000/bridge_dinov2_150k_mlp_ep3_records.json
legacy_rescore_locked2000:bridge_dinov2_150k_mlp_ep3::bridge_dinov2_150k_mlp_ep3::vqa_soft,legacy_raw_prompt_no_eos,legacy_rescore_locked2000:bridge_dinov2_150k_mlp_ep3,eval_2000_qids,dinov2,mlp256,none,other,610,vqa_soft,51.639344,31.47541,20.163934,outputs/eval_phase2_rescore/locked2000/bridge_dinov2_150k_mlp_ep3_records.json
legacy_rescore_locked2000:bridge_dinov2_150k_mlp_ep3::bridge_dinov2_150k_mlp_ep3::vqa_soft,legacy_raw_prompt_no_eos,legacy_rescore_locked2000:bridge_dinov2_150k_mlp_ep3,eval_2000_qids,dinov2,mlp256,none,relate,781,vqa_soft,43.918054,15.620999,28.297055,outputs/eval_phase2_rescore/locked2000/bridge_dinov2_150k_mlp_ep3_records.json
legacy_rescore_locked2000:bridge_ijepa_150k_mlp_anchor_ep3::bridge_ijepa_150k_mlp_anchor_ep3::exact,legacy_raw_prompt_no_eos,legacy_rescore_locked2000:bridge_ijepa_150k_mlp_anchor_ep3,eval_2000_qids,ijepa,mlp256,none,choose,197,exact,0,37.563452,-37.563452,outputs/eval_phase2_rescore/locked2000/bridge_ijepa_150k_mlp_anchor_ep3_records.json
legacy_rescore_locked2000:bridge_ijepa_150k_mlp_anchor_ep3::bridge_ijepa_150k_mlp_anchor_ep3::exact,legacy_raw_prompt_no_eos,legacy_rescore_locked2000:bridge_ijepa_150k_mlp_anchor_ep3,eval_2000_qids,ijepa,mlp256,none,compare,58,exact,0,15.517241,-15.517241,outputs/eval_phase2_rescore/locked2000/bridge_ijepa_150k_mlp_anchor_ep3_records.json
legacy_rescore_locked2000:bridge_ijepa_150k_mlp_anchor_ep3::bridge_ijepa_150k_mlp_anchor_ep3::exact,legacy_raw_prompt_no_eos,legacy_rescore_locked2000:bridge_ijepa_150k_mlp_anchor_ep3,eval_2000_qids,ijepa,mlp256,none,exist,354,exact,0.282486,26.553672,-26.271186,outputs/eval_phase2_rescore/locked2000/bridge_ijepa_150k_mlp_anchor_ep3_records.json
legacy_rescore_locked2000:bridge_ijepa_150k_mlp_anchor_ep3::bridge_ijepa_150k_mlp_anchor_ep3::exact,legacy_raw_prompt_no_eos,legacy_rescore_locked2000:bridge_ijepa_150k_mlp_anchor_ep3,eval_2000_qids,ijepa,mlp256,none,other,610,exact,0.163934,17.377049,-17.213115,outputs/eval_phase2_rescore/locked2000/bridge_ijepa_150k_mlp_anchor_ep3_records.json
legacy_rescore_locked2000:bridge_ijepa_150k_mlp_anchor_ep3::bridge_ijepa_150k_mlp_anchor_ep3::exact,legacy_raw_prompt_no_eos,legacy_rescore_locked2000:bridge_ijepa_150k_mlp_anchor_ep3,eval_2000_qids,ijepa,mlp256,none,relate,781,exact,0.896287,13.18822,-12.291933,outputs/eval_phase2_rescore/locked2000/bridge_ijepa_150k_mlp_anchor_ep3_records.json
legacy_rescore_locked2000:bridge_ijepa_150k_mlp_anchor_ep3::bridge_ijepa_150k_mlp_anchor_ep3::vqa_soft,legacy_raw_prompt_no_eos,legacy_rescore_locked2000:bridge_ijepa_150k_mlp_anchor_ep3,eval_2000_qids,ijepa,mlp256,none,choose,197,vqa_soft,77.15736,52.284264,24.873096,outputs/eval_phase2_rescore/locked2000/bridge_ijepa_150k_mlp_anchor_ep3_records.json
legacy_rescore_locked2000:bridge_ijepa_150k_mlp_anchor_ep3::bridge_ijepa_150k_mlp_anchor_ep3::vqa_soft,legacy_raw_prompt_no_eos,legacy_rescore_locked2000:bridge_ijepa_150k_mlp_anchor_ep3,eval_2000_qids,ijepa,mlp256,none,compare,58,vqa_soft,62.068966,46.551724,15.517241,outputs/eval_phase2_rescore/locked2000/bridge_ijepa_150k_mlp_anchor_ep3_records.json
legacy_rescore_locked2000:bridge_ijepa_150k_mlp_anchor_ep3::bridge_ijepa_150k_mlp_anchor_ep3::vqa_soft,legacy_raw_prompt_no_eos,legacy_rescore_locked2000:bridge_ijepa_150k_mlp_anchor_ep3,eval_2000_qids,ijepa,mlp256,none,exist,354,vqa_soft,53.954802,46.610169,7.344633,outputs/eval_phase2_rescore/locked2000/bridge_ijepa_150k_mlp_anchor_ep3_records.json
legacy_rescore_locked2000:bridge_ijepa_150k_mlp_anchor_ep3::bridge_ijepa_150k_mlp_anchor_ep3::vqa_soft,legacy_raw_prompt_no_eos,legacy_rescore_locked2000:bridge_ijepa_150k_mlp_anchor_ep3,eval_2000_qids,ijepa,mlp256,none,other,610,vqa_soft,50.655738,31.47541,19.180328,outputs/eval_phase2_rescore/locked2000/bridge_ijepa_150k_mlp_anchor_ep3_records.json
legacy_rescore_locked2000:bridge_ijepa_150k_mlp_anchor_ep3::bridge_ijepa_150k_mlp_anchor_ep3::vqa_soft,legacy_raw_prompt_no_eos,legacy_rescore_locked2000:bridge_ijepa_150k_mlp_anchor_ep3,eval_2000_qids,ijepa,mlp256,none,relate,781,vqa_soft,36.107554,15.620999,20.486556,outputs/eval_phase2_rescore/locked2000/bridge_ijepa_150k_mlp_anchor_ep3_records.json
legacy_rescore_locked2000:bridge_ijepa_150k_mlp_tuned_ep3::bridge_ijepa_150k_mlp_tuned_ep3::exact,legacy_raw_prompt_no_eos,legacy_rescore_locked2000:bridge_ijepa_150k_mlp_tuned_ep3,eval_2000_qids,ijepa,mlp256,none,choose,197,exact,0,37.563452,-37.563452,outputs/eval_phase2_rescore/locked2000/bridge_ijepa_150k_mlp_tuned_ep3_records.json
legacy_rescore_locked2000:bridge_ijepa_150k_mlp_tuned_ep3::bridge_ijepa_150k_mlp_tuned_ep3::exact,legacy_raw_prompt_no_eos,legacy_rescore_locked2000:bridge_ijepa_150k_mlp_tuned_ep3,eval_2000_qids,ijepa,mlp256,none,compare,58,exact,1.724138,15.517241,-13.793103,outputs/eval_phase2_rescore/locked2000/bridge_ijepa_150k_mlp_tuned_ep3_records.json
legacy_rescore_locked2000:bridge_ijepa_150k_mlp_tuned_ep3::bridge_ijepa_150k_mlp_tuned_ep3::exact,legacy_raw_prompt_no_eos,legacy_rescore_locked2000:bridge_ijepa_150k_mlp_tuned_ep3,eval_2000_qids,ijepa,mlp256,none,exist,354,exact,0.282486,26.553672,-26.271186,outputs/eval_phase2_rescore/locked2000/bridge_ijepa_150k_mlp_tuned_ep3_records.json
legacy_rescore_locked2000:bridge_ijepa_150k_mlp_tuned_ep3::bridge_ijepa_150k_mlp_tuned_ep3::exact,legacy_raw_prompt_no_eos,legacy_rescore_locked2000:bridge_ijepa_150k_mlp_tuned_ep3,eval_2000_qids,ijepa,mlp256,none,other,610,exact,0.327869,17.377049,-17.04918,outputs/eval_phase2_rescore/locked2000/bridge_ijepa_150k_mlp_tuned_ep3_records.json
legacy_rescore_locked2000:bridge_ijepa_150k_mlp_tuned_ep3::bridge_ijepa_150k_mlp_tuned_ep3::exact,legacy_raw_prompt_no_eos,legacy_rescore_locked2000:bridge_ijepa_150k_mlp_tuned_ep3,eval_2000_qids,ijepa,mlp256,none,relate,781,exact,0.640205,13.18822,-12.548015,outputs/eval_phase2_rescore/locked2000/bridge_ijepa_150k_mlp_tuned_ep3_records.json
legacy_rescore_locked2000:bridge_ijepa_150k_mlp_tuned_ep3::bridge_ijepa_150k_mlp_tuned_ep3::vqa_soft,legacy_raw_prompt_no_eos,legacy_rescore_locked2000:bridge_ijepa_150k_mlp_tuned_ep3,eval_2000_qids,ijepa,mlp256,none,choose,197,vqa_soft,79.187817,52.284264,26.903553,outputs/eval_phase2_rescore/locked2000/bridge_ijepa_150k_mlp_tuned_ep3_records.json
legacy_rescore_locked2000:bridge_ijepa_150k_mlp_tuned_ep3::bridge_ijepa_150k_mlp_tuned_ep3::vqa_soft,legacy_raw_prompt_no_eos,legacy_rescore_locked2000:bridge_ijepa_150k_mlp_tuned_ep3,eval_2000_qids,ijepa,mlp256,none,compare,58,vqa_soft,43.103448,46.551724,-3.448276,outputs/eval_phase2_rescore/locked2000/bridge_ijepa_150k_mlp_tuned_ep3_records.json
legacy_rescore_locked2000:bridge_ijepa_150k_mlp_tuned_ep3::bridge_ijepa_150k_mlp_tuned_ep3::vqa_soft,legacy_raw_prompt_no_eos,legacy_rescore_locked2000:bridge_ijepa_150k_mlp_tuned_ep3,eval_2000_qids,ijepa,mlp256,none,exist,354,vqa_soft,47.175141,46.610169,0.564972,outputs/eval_phase2_rescore/locked2000/bridge_ijepa_150k_mlp_tuned_ep3_records.json
legacy_rescore_locked2000:bridge_ijepa_150k_mlp_tuned_ep3::bridge_ijepa_150k_mlp_tuned_ep3::vqa_soft,legacy_raw_prompt_no_eos,legacy_rescore_locked2000:bridge_ijepa_150k_mlp_tuned_ep3,eval_2000_qids,ijepa,mlp256,none,other,610,vqa_soft,49.344262,31.47541,17.868852,outputs/eval_phase2_rescore/locked2000/bridge_ijepa_150k_mlp_tuned_ep3_records.json
legacy_rescore_locked2000:bridge_ijepa_150k_mlp_tuned_ep3::bridge_ijepa_150k_mlp_tuned_ep3::vqa_soft,legacy_raw_prompt_no_eos,legacy_rescore_locked2000:bridge_ijepa_150k_mlp_tuned_ep3,eval_2000_qids,ijepa,mlp256,none,relate,781,vqa_soft,40.588988,15.620999,24.96799,outputs/eval_phase2_rescore/locked2000/bridge_ijepa_150k_mlp_tuned_ep3_records.json
legacy_rescore_locked2000:bridge_ijepa_500k_mlp_ep3::bridge_ijepa_500k_mlp_ep3::exact,legacy_raw_prompt_no_eos,legacy_rescore_locked2000:bridge_ijepa_500k_mlp_ep3,eval_2000_qids,ijepa,mlp256,none,choose,197,exact,0,37.563452,-37.563452,outputs/eval_phase2_rescore/locked2000/bridge_ijepa_500k_mlp_ep3_records.json
legacy_rescore_locked2000:bridge_ijepa_500k_mlp_ep3::bridge_ijepa_500k_mlp_ep3::exact,legacy_raw_prompt_no_eos,legacy_rescore_locked2000:bridge_ijepa_500k_mlp_ep3,eval_2000_qids,ijepa,mlp256,none,compare,58,exact,0,15.517241,-15.517241,outputs/eval_phase2_rescore/locked2000/bridge_ijepa_500k_mlp_ep3_records.json
legacy_rescore_locked2000:bridge_ijepa_500k_mlp_ep3::bridge_ijepa_500k_mlp_ep3::exact,legacy_raw_prompt_no_eos,legacy_rescore_locked2000:bridge_ijepa_500k_mlp_ep3,eval_2000_qids,ijepa,mlp256,none,exist,354,exact,0,26.553672,-26.553672,outputs/eval_phase2_rescore/locked2000/bridge_ijepa_500k_mlp_ep3_records.json
legacy_rescore_locked2000:bridge_ijepa_500k_mlp_ep3::bridge_ijepa_500k_mlp_ep3::exact,legacy_raw_prompt_no_eos,legacy_rescore_locked2000:bridge_ijepa_500k_mlp_ep3,eval_2000_qids,ijepa,mlp256,none,other,610,exact,0.163934,17.377049,-17.213115,outputs/eval_phase2_rescore/locked2000/bridge_ijepa_500k_mlp_ep3_records.json
legacy_rescore_locked2000:bridge_ijepa_500k_mlp_ep3::bridge_ijepa_500k_mlp_ep3::exact,legacy_raw_prompt_no_eos,legacy_rescore_locked2000:bridge_ijepa_500k_mlp_ep3,eval_2000_qids,ijepa,mlp256,none,relate,781,exact,0.512164,13.18822,-12.676056,outputs/eval_phase2_rescore/locked2000/bridge_ijepa_500k_mlp_ep3_records.json
legacy_rescore_locked2000:bridge_ijepa_500k_mlp_ep3::bridge_ijepa_500k_mlp_ep3::vqa_soft,legacy_raw_prompt_no_eos,legacy_rescore_locked2000:bridge_ijepa_500k_mlp_ep3,eval_2000_qids,ijepa,mlp256,none,choose,197,vqa_soft,80.203046,52.284264,27.918782,outputs/eval_phase2_rescore/locked2000/bridge_ijepa_500k_mlp_ep3_records.json
legacy_rescore_locked2000:bridge_ijepa_500k_mlp_ep3::bridge_ijepa_500k_mlp_ep3::vqa_soft,legacy_raw_prompt_no_eos,legacy_rescore_locked2000:bridge_ijepa_500k_mlp_ep3,eval_2000_qids,ijepa,mlp256,none,compare,58,vqa_soft,55.172414,46.551724,8.62069,outputs/eval_phase2_rescore/locked2000/bridge_ijepa_500k_mlp_ep3_records.json
legacy_rescore_locked2000:bridge_ijepa_500k_mlp_ep3::bridge_ijepa_500k_mlp_ep3::vqa_soft,legacy_raw_prompt_no_eos,legacy_rescore_locked2000:bridge_ijepa_500k_mlp_ep3,eval_2000_qids,ijepa,mlp256,none,exist,354,vqa_soft,54.519774,46.610169,7.909605,outputs/eval_phase2_rescore/locked2000/bridge_ijepa_500k_mlp_ep3_records.json
legacy_rescore_locked2000:bridge_ijepa_500k_mlp_ep3::bridge_ijepa_500k_mlp_ep3::vqa_soft,legacy_raw_prompt_no_eos,legacy_rescore_locked2000:bridge_ijepa_500k_mlp_ep3,eval_2000_qids,ijepa,mlp256,none,other,610,vqa_soft,54.754098,31.47541,23.278689,outputs/eval_phase2_rescore/locked2000/bridge_ijepa_500k_mlp_ep3_records.json
legacy_rescore_locked2000:bridge_ijepa_500k_mlp_ep3::bridge_ijepa_500k_mlp_ep3::vqa_soft,legacy_raw_prompt_no_eos,legacy_rescore_locked2000:bridge_ijepa_500k_mlp_ep3,eval_2000_qids,ijepa,mlp256,none,relate,781,vqa_soft,42.637644,15.620999,27.016645,outputs/eval_phase2_rescore/locked2000/bridge_ijepa_500k_mlp_ep3_records.json
legacy_rescore_tune500:bridge_clip_150k_mlp_anchor_ep3_tune500::bridge_clip_150k_mlp_anchor_ep3_tune500::exact,legacy_raw_prompt_no_eos,legacy_rescore_tune500:bridge_clip_150k_mlp_anchor_ep3_tune500,tune_500_qids,clip,mlp256,none,choose,52,exact,3.846154,46.153846,-42.307692,outputs/eval_phase2_rescore/tune500/bridge_clip_150k_mlp_anchor_ep3_tune500_records.json
legacy_rescore_tune500:bridge_clip_150k_mlp_anchor_ep3_tune500::bridge_clip_150k_mlp_anchor_ep3_tune500::exact,legacy_raw_prompt_no_eos,legacy_rescore_tune500:bridge_clip_150k_mlp_anchor_ep3_tune500,tune_500_qids,clip,mlp256,none,compare,18,exact,0,5.555556,-5.555556,outputs/eval_phase2_rescore/tune500/bridge_clip_150k_mlp_anchor_ep3_tune500_records.json
legacy_rescore_tune500:bridge_clip_150k_mlp_anchor_ep3_tune500::bridge_clip_150k_mlp_anchor_ep3_tune500::exact,legacy_raw_prompt_no_eos,legacy_rescore_tune500:bridge_clip_150k_mlp_anchor_ep3_tune500,tune_500_qids,clip,mlp256,none,exist,98,exact,1.020408,31.632653,-30.612245,outputs/eval_phase2_rescore/tune500/bridge_clip_150k_mlp_anchor_ep3_tune500_records.json
legacy_rescore_tune500:bridge_clip_150k_mlp_anchor_ep3_tune500::bridge_clip_150k_mlp_anchor_ep3_tune500::exact,legacy_raw_prompt_no_eos,legacy_rescore_tune500:bridge_clip_150k_mlp_anchor_ep3_tune500,tune_500_qids,clip,mlp256,none,other,157,exact,5.095541,17.834395,-12.738854,outputs/eval_phase2_rescore/tune500/bridge_clip_150k_mlp_anchor_ep3_tune500_records.json
legacy_rescore_tune500:bridge_clip_150k_mlp_anchor_ep3_tune500::bridge_clip_150k_mlp_anchor_ep3_tune500::exact,legacy_raw_prompt_no_eos,legacy_rescore_tune500:bridge_clip_150k_mlp_anchor_ep3_tune500,tune_500_qids,clip,mlp256,none,relate,175,exact,8,13.142857,-5.142857,outputs/eval_phase2_rescore/tune500/bridge_clip_150k_mlp_anchor_ep3_tune500_records.json
legacy_rescore_tune500:bridge_clip_150k_mlp_anchor_ep3_tune500::bridge_clip_150k_mlp_anchor_ep3_tune500::vqa_soft,legacy_raw_prompt_no_eos,legacy_rescore_tune500:bridge_clip_150k_mlp_anchor_ep3_tune500,tune_500_qids,clip,mlp256,none,choose,52,vqa_soft,75,55.769231,19.230769,outputs/eval_phase2_rescore/tune500/bridge_clip_150k_mlp_anchor_ep3_tune500_records.json
legacy_rescore_tune500:bridge_clip_150k_mlp_anchor_ep3_tune500::bridge_clip_150k_mlp_anchor_ep3_tune500::vqa_soft,legacy_raw_prompt_no_eos,legacy_rescore_tune500:bridge_clip_150k_mlp_anchor_ep3_tune500,tune_500_qids,clip,mlp256,none,compare,18,vqa_soft,55.555556,38.888889,16.666667,outputs/eval_phase2_rescore/tune500/bridge_clip_150k_mlp_anchor_ep3_tune500_records.json
legacy_rescore_tune500:bridge_clip_150k_mlp_anchor_ep3_tune500::bridge_clip_150k_mlp_anchor_ep3_tune500::vqa_soft,legacy_raw_prompt_no_eos,legacy_rescore_tune500:bridge_clip_150k_mlp_anchor_ep3_tune500,tune_500_qids,clip,mlp256,none,exist,98,vqa_soft,60.204082,47.959184,12.244898,outputs/eval_phase2_rescore/tune500/bridge_clip_150k_mlp_anchor_ep3_tune500_records.json
legacy_rescore_tune500:bridge_clip_150k_mlp_anchor_ep3_tune500::bridge_clip_150k_mlp_anchor_ep3_tune500::vqa_soft,legacy_raw_prompt_no_eos,legacy_rescore_tune500:bridge_clip_150k_mlp_anchor_ep3_tune500,tune_500_qids,clip,mlp256,none,other,157,vqa_soft,55.414013,29.299363,26.11465,outputs/eval_phase2_rescore/tune500/bridge_clip_150k_mlp_anchor_ep3_tune500_records.json
legacy_rescore_tune500:bridge_clip_150k_mlp_anchor_ep3_tune500::bridge_clip_150k_mlp_anchor_ep3_tune500::vqa_soft,legacy_raw_prompt_no_eos,legacy_rescore_tune500:bridge_clip_150k_mlp_anchor_ep3_tune500,tune_500_qids,clip,mlp256,none,relate,175,vqa_soft,45.142857,14.285714,30.857143,outputs/eval_phase2_rescore/tune500/bridge_clip_150k_mlp_anchor_ep3_tune500_records.json
legacy_rescore_tune500:bridge_clip_150k_mlp_tuned_ep3_tune500::bridge_clip_150k_mlp_tuned_ep3_tune500::exact,legacy_raw_prompt_no_eos,legacy_rescore_tune500:bridge_clip_150k_mlp_tuned_ep3_tune500,tune_500_qids,clip,mlp256,none,choose,52,exact,3.846154,46.153846,-42.307692,outputs/eval_phase2_rescore/tune500/bridge_clip_150k_mlp_tuned_ep3_tune500_records.json
legacy_rescore_tune500:bridge_clip_150k_mlp_tuned_ep3_tune500::bridge_clip_150k_mlp_tuned_ep3_tune500::exact,legacy_raw_prompt_no_eos,legacy_rescore_tune500:bridge_clip_150k_mlp_tuned_ep3_tune500,tune_500_qids,clip,mlp256,none,compare,18,exact,11.111111,5.555556,5.555556,outputs/eval_phase2_rescore/tune500/bridge_clip_150k_mlp_tuned_ep3_tune500_records.json
legacy_rescore_tune500:bridge_clip_150k_mlp_tuned_ep3_tune500::bridge_clip_150k_mlp_tuned_ep3_tune500::exact,legacy_raw_prompt_no_eos,legacy_rescore_tune500:bridge_clip_150k_mlp_tuned_ep3_tune500,tune_500_qids,clip,mlp256,none,exist,98,exact,2.040816,31.632653,-29.591837,outputs/eval_phase2_rescore/tune500/bridge_clip_150k_mlp_tuned_ep3_tune500_records.json
legacy_rescore_tune500:bridge_clip_150k_mlp_tuned_ep3_tune500::bridge_clip_150k_mlp_tuned_ep3_tune500::exact,legacy_raw_prompt_no_eos,legacy_rescore_tune500:bridge_clip_150k_mlp_tuned_ep3_tune500,tune_500_qids,clip,mlp256,none,other,157,exact,0.636943,17.834395,-17.197452,outputs/eval_phase2_rescore/tune500/bridge_clip_150k_mlp_tuned_ep3_tune500_records.json
legacy_rescore_tune500:bridge_clip_150k_mlp_tuned_ep3_tune500::bridge_clip_150k_mlp_tuned_ep3_tune500::exact,legacy_raw_prompt_no_eos,legacy_rescore_tune500:bridge_clip_150k_mlp_tuned_ep3_tune500,tune_500_qids,clip,mlp256,none,relate,175,exact,1.714286,13.142857,-11.428571,outputs/eval_phase2_rescore/tune500/bridge_clip_150k_mlp_tuned_ep3_tune500_records.json
legacy_rescore_tune500:bridge_clip_150k_mlp_tuned_ep3_tune500::bridge_clip_150k_mlp_tuned_ep3_tune500::vqa_soft,legacy_raw_prompt_no_eos,legacy_rescore_tune500:bridge_clip_150k_mlp_tuned_ep3_tune500,tune_500_qids,clip,mlp256,none,choose,52,vqa_soft,78.846154,55.769231,23.076923,outputs/eval_phase2_rescore/tune500/bridge_clip_150k_mlp_tuned_ep3_tune500_records.json
legacy_rescore_tune500:bridge_clip_150k_mlp_tuned_ep3_tune500::bridge_clip_150k_mlp_tuned_ep3_tune500::vqa_soft,legacy_raw_prompt_no_eos,legacy_rescore_tune500:bridge_clip_150k_mlp_tuned_ep3_tune500,tune_500_qids,clip,mlp256,none,compare,18,vqa_soft,50,38.888889,11.111111,outputs/eval_phase2_rescore/tune500/bridge_clip_150k_mlp_tuned_ep3_tune500_records.json
legacy_rescore_tune500:bridge_clip_150k_mlp_tuned_ep3_tune500::bridge_clip_150k_mlp_tuned_ep3_tune500::vqa_soft,legacy_raw_prompt_no_eos,legacy_rescore_tune500:bridge_clip_150k_mlp_tuned_ep3_tune500,tune_500_qids,clip,mlp256,none,exist,98,vqa_soft,45.918367,47.959184,-2.040816,outputs/eval_phase2_rescore/tune500/bridge_clip_150k_mlp_tuned_ep3_tune500_records.json
legacy_rescore_tune500:bridge_clip_150k_mlp_tuned_ep3_tune500::bridge_clip_150k_mlp_tuned_ep3_tune500::vqa_soft,legacy_raw_prompt_no_eos,legacy_rescore_tune500:bridge_clip_150k_mlp_tuned_ep3_tune500,tune_500_qids,clip,mlp256,none,other,157,vqa_soft,58.598726,29.299363,29.299363,outputs/eval_phase2_rescore/tune500/bridge_clip_150k_mlp_tuned_ep3_tune500_records.json
legacy_rescore_tune500:bridge_clip_150k_mlp_tuned_ep3_tune500::bridge_clip_150k_mlp_tuned_ep3_tune500::vqa_soft,legacy_raw_prompt_no_eos,legacy_rescore_tune500:bridge_clip_150k_mlp_tuned_ep3_tune500,tune_500_qids,clip,mlp256,none,relate,175,vqa_soft,47.428571,14.285714,33.142857,outputs/eval_phase2_rescore/tune500/bridge_clip_150k_mlp_tuned_ep3_tune500_records.json
legacy_rescore_tune500:bridge_dinov2_150k_ep3_tune500::bridge_dinov2_150k_ep3_tune500::exact,legacy_raw_prompt_no_eos,legacy_rescore_tune500:bridge_dinov2_150k_ep3_tune500,tune_500_qids,dinov2,,none,choose,52,exact,9.615385,46.153846,-36.538462,outputs/eval_phase2_rescore/tune500/bridge_dinov2_150k_ep3_tune500_records.json
legacy_rescore_tune500:bridge_dinov2_150k_ep3_tune500::bridge_dinov2_150k_ep3_tune500::exact,legacy_raw_prompt_no_eos,legacy_rescore_tune500:bridge_dinov2_150k_ep3_tune500,tune_500_qids,dinov2,,none,compare,18,exact,5.555556,5.555556,0,outputs/eval_phase2_rescore/tune500/bridge_dinov2_150k_ep3_tune500_records.json
legacy_rescore_tune500:bridge_dinov2_150k_ep3_tune500::bridge_dinov2_150k_ep3_tune500::exact,legacy_raw_prompt_no_eos,legacy_rescore_tune500:bridge_dinov2_150k_ep3_tune500,tune_500_qids,dinov2,,none,exist,98,exact,8.163265,31.632653,-23.469388,outputs/eval_phase2_rescore/tune500/bridge_dinov2_150k_ep3_tune500_records.json
legacy_rescore_tune500:bridge_dinov2_150k_ep3_tune500::bridge_dinov2_150k_ep3_tune500::exact,legacy_raw_prompt_no_eos,legacy_rescore_tune500:bridge_dinov2_150k_ep3_tune500,tune_500_qids,dinov2,,none,other,157,exact,3.184713,17.834395,-14.649682,outputs/eval_phase2_rescore/tune500/bridge_dinov2_150k_ep3_tune500_records.json
legacy_rescore_tune500:bridge_dinov2_150k_ep3_tune500::bridge_dinov2_150k_ep3_tune500::exact,legacy_raw_prompt_no_eos,legacy_rescore_tune500:bridge_dinov2_150k_ep3_tune500,tune_500_qids,dinov2,,none,relate,175,exact,4.571429,13.142857,-8.571429,outputs/eval_phase2_rescore/tune500/bridge_dinov2_150k_ep3_tune500_records.json
legacy_rescore_tune500:bridge_dinov2_150k_ep3_tune500::bridge_dinov2_150k_ep3_tune500::vqa_soft,legacy_raw_prompt_no_eos,legacy_rescore_tune500:bridge_dinov2_150k_ep3_tune500,tune_500_qids,dinov2,,none,choose,52,vqa_soft,67.307692,55.769231,11.538462,outputs/eval_phase2_rescore/tune500/bridge_dinov2_150k_ep3_tune500_records.json
legacy_rescore_tune500:bridge_dinov2_150k_ep3_tune500::bridge_dinov2_150k_ep3_tune500::vqa_soft,legacy_raw_prompt_no_eos,legacy_rescore_tune500:bridge_dinov2_150k_ep3_tune500,tune_500_qids,dinov2,,none,compare,18,vqa_soft,44.444444,38.888889,5.555556,outputs/eval_phase2_rescore/tune500/bridge_dinov2_150k_ep3_tune500_records.json
legacy_rescore_tune500:bridge_dinov2_150k_ep3_tune500::bridge_dinov2_150k_ep3_tune500::vqa_soft,legacy_raw_prompt_no_eos,legacy_rescore_tune500:bridge_dinov2_150k_ep3_tune500,tune_500_qids,dinov2,,none,exist,98,vqa_soft,50,47.959184,2.040816,outputs/eval_phase2_rescore/tune500/bridge_dinov2_150k_ep3_tune500_records.json
legacy_rescore_tune500:bridge_dinov2_150k_ep3_tune500::bridge_dinov2_150k_ep3_tune500::vqa_soft,legacy_raw_prompt_no_eos,legacy_rescore_tune500:bridge_dinov2_150k_ep3_tune500,tune_500_qids,dinov2,,none,other,157,vqa_soft,47.133758,29.299363,17.834395,outputs/eval_phase2_rescore/tune500/bridge_dinov2_150k_ep3_tune500_records.json
legacy_rescore_tune500:bridge_dinov2_150k_ep3_tune500::bridge_dinov2_150k_ep3_tune500::vqa_soft,legacy_raw_prompt_no_eos,legacy_rescore_tune500:bridge_dinov2_150k_ep3_tune500,tune_500_qids,dinov2,,none,relate,175,vqa_soft,34.285714,14.285714,20,outputs/eval_phase2_rescore/tune500/bridge_dinov2_150k_ep3_tune500_records.json
legacy_rescore_tune500:bridge_dinov2_150k_mlp_ep3_tune500::bridge_dinov2_150k_mlp_ep3_tune500::exact,legacy_raw_prompt_no_eos,legacy_rescore_tune500:bridge_dinov2_150k_mlp_ep3_tune500,tune_500_qids,dinov2,mlp256,none,choose,52,exact,11.538462,46.153846,-34.615385,outputs/eval_phase2_rescore/tune500/bridge_dinov2_150k_mlp_ep3_tune500_records.json
legacy_rescore_tune500:bridge_dinov2_150k_mlp_ep3_tune500::bridge_dinov2_150k_mlp_ep3_tune500::exact,legacy_raw_prompt_no_eos,legacy_rescore_tune500:bridge_dinov2_150k_mlp_ep3_tune500,tune_500_qids,dinov2,mlp256,none,compare,18,exact,16.666667,5.555556,11.111111,outputs/eval_phase2_rescore/tune500/bridge_dinov2_150k_mlp_ep3_tune500_records.json
legacy_rescore_tune500:bridge_dinov2_150k_mlp_ep3_tune500::bridge_dinov2_150k_mlp_ep3_tune500::exact,legacy_raw_prompt_no_eos,legacy_rescore_tune500:bridge_dinov2_150k_mlp_ep3_tune500,tune_500_qids,dinov2,mlp256,none,exist,98,exact,19.387755,31.632653,-12.244898,outputs/eval_phase2_rescore/tune500/bridge_dinov2_150k_mlp_ep3_tune500_records.json
legacy_rescore_tune500:bridge_dinov2_150k_mlp_ep3_tune500::bridge_dinov2_150k_mlp_ep3_tune500::exact,legacy_raw_prompt_no_eos,legacy_rescore_tune500:bridge_dinov2_150k_mlp_ep3_tune500,tune_500_qids,dinov2,mlp256,none,other,157,exact,12.738854,17.834395,-5.095541,outputs/eval_phase2_rescore/tune500/bridge_dinov2_150k_mlp_ep3_tune500_records.json
legacy_rescore_tune500:bridge_dinov2_150k_mlp_ep3_tune500::bridge_dinov2_150k_mlp_ep3_tune500::exact,legacy_raw_prompt_no_eos,legacy_rescore_tune500:bridge_dinov2_150k_mlp_ep3_tune500,tune_500_qids,dinov2,mlp256,none,relate,175,exact,8,13.142857,-5.142857,outputs/eval_phase2_rescore/tune500/bridge_dinov2_150k_mlp_ep3_tune500_records.json
legacy_rescore_tune500:bridge_dinov2_150k_mlp_ep3_tune500::bridge_dinov2_150k_mlp_ep3_tune500::vqa_soft,legacy_raw_prompt_no_eos,legacy_rescore_tune500:bridge_dinov2_150k_mlp_ep3_tune500,tune_500_qids,dinov2,mlp256,none,choose,52,vqa_soft,75,55.769231,19.230769,outputs/eval_phase2_rescore/tune500/bridge_dinov2_150k_mlp_ep3_tune500_records.json
legacy_rescore_tune500:bridge_dinov2_150k_mlp_ep3_tune500::bridge_dinov2_150k_mlp_ep3_tune500::vqa_soft,legacy_raw_prompt_no_eos,legacy_rescore_tune500:bridge_dinov2_150k_mlp_ep3_tune500,tune_500_qids,dinov2,mlp256,none,compare,18,vqa_soft,38.888889,38.888889,0,outputs/eval_phase2_rescore/tune500/bridge_dinov2_150k_mlp_ep3_tune500_records.json
legacy_rescore_tune500:bridge_dinov2_150k_mlp_ep3_tune500::bridge_dinov2_150k_mlp_ep3_tune500::vqa_soft,legacy_raw_prompt_no_eos,legacy_rescore_tune500:bridge_dinov2_150k_mlp_ep3_tune500,tune_500_qids,dinov2,mlp256,none,exist,98,vqa_soft,59.183673,47.959184,11.22449,outputs/eval_phase2_rescore/tune500/bridge_dinov2_150k_mlp_ep3_tune500_records.json
legacy_rescore_tune500:bridge_dinov2_150k_mlp_ep3_tune500::bridge_dinov2_150k_mlp_ep3_tune500::vqa_soft,legacy_raw_prompt_no_eos,legacy_rescore_tune500:bridge_dinov2_150k_mlp_ep3_tune500,tune_500_qids,dinov2,mlp256,none,other,157,vqa_soft,51.592357,29.299363,22.292994,outputs/eval_phase2_rescore/tune500/bridge_dinov2_150k_mlp_ep3_tune500_records.json
legacy_rescore_tune500:bridge_dinov2_150k_mlp_ep3_tune500::bridge_dinov2_150k_mlp_ep3_tune500::vqa_soft,legacy_raw_prompt_no_eos,legacy_rescore_tune500:bridge_dinov2_150k_mlp_ep3_tune500,tune_500_qids,dinov2,mlp256,none,relate,175,vqa_soft,44,14.285714,29.714286,outputs/eval_phase2_rescore/tune500/bridge_dinov2_150k_mlp_ep3_tune500_records.json
legacy_rescore_tune500:bridge_ijepa_150k_mlp_anchor_ep3_tune500::bridge_ijepa_150k_mlp_anchor_ep3_tune500::exact,legacy_raw_prompt_no_eos,legacy_rescore_tune500:bridge_ijepa_150k_mlp_anchor_ep3_tune500,tune_500_qids,ijepa,mlp256,none,choose,52,exact,0,46.153846,-46.153846,outputs/eval_phase2_rescore/tune500/bridge_ijepa_150k_mlp_anchor_ep3_tune500_records.json
legacy_rescore_tune500:bridge_ijepa_150k_mlp_anchor_ep3_tune500::bridge_ijepa_150k_mlp_anchor_ep3_tune500::exact,legacy_raw_prompt_no_eos,legacy_rescore_tune500:bridge_ijepa_150k_mlp_anchor_ep3_tune500,tune_500_qids,ijepa,mlp256,none,compare,18,exact,0,5.555556,-5.555556,outputs/eval_phase2_rescore/tune500/bridge_ijepa_150k_mlp_anchor_ep3_tune500_records.json
legacy_rescore_tune500:bridge_ijepa_150k_mlp_anchor_ep3_tune500::bridge_ijepa_150k_mlp_anchor_ep3_tune500::exact,legacy_raw_prompt_no_eos,legacy_rescore_tune500:bridge_ijepa_150k_mlp_anchor_ep3_tune500,tune_500_qids,ijepa,mlp256,none,exist,98,exact,0,31.632653,-31.632653,outputs/eval_phase2_rescore/tune500/bridge_ijepa_150k_mlp_anchor_ep3_tune500_records.json
legacy_rescore_tune500:bridge_ijepa_150k_mlp_anchor_ep3_tune500::bridge_ijepa_150k_mlp_anchor_ep3_tune500::exact,legacy_raw_prompt_no_eos,legacy_rescore_tune500:bridge_ijepa_150k_mlp_anchor_ep3_tune500,tune_500_qids,ijepa,mlp256,none,other,157,exact,0.636943,17.834395,-17.197452,outputs/eval_phase2_rescore/tune500/bridge_ijepa_150k_mlp_anchor_ep3_tune500_records.json
legacy_rescore_tune500:bridge_ijepa_150k_mlp_anchor_ep3_tune500::bridge_ijepa_150k_mlp_anchor_ep3_tune500::exact,legacy_raw_prompt_no_eos,legacy_rescore_tune500:bridge_ijepa_150k_mlp_anchor_ep3_tune500,tune_500_qids,ijepa,mlp256,none,relate,175,exact,0,13.142857,-13.142857,outputs/eval_phase2_rescore/tune500/bridge_ijepa_150k_mlp_anchor_ep3_tune500_records.json
legacy_rescore_tune500:bridge_ijepa_150k_mlp_anchor_ep3_tune500::bridge_ijepa_150k_mlp_anchor_ep3_tune500::vqa_soft,legacy_raw_prompt_no_eos,legacy_rescore_tune500:bridge_ijepa_150k_mlp_anchor_ep3_tune500,tune_500_qids,ijepa,mlp256,none,choose,52,vqa_soft,78.846154,55.769231,23.076923,outputs/eval_phase2_rescore/tune500/bridge_ijepa_150k_mlp_anchor_ep3_tune500_records.json
legacy_rescore_tune500:bridge_ijepa_150k_mlp_anchor_ep3_tune500::bridge_ijepa_150k_mlp_anchor_ep3_tune500::vqa_soft,legacy_raw_prompt_no_eos,legacy_rescore_tune500:bridge_ijepa_150k_mlp_anchor_ep3_tune500,tune_500_qids,ijepa,mlp256,none,compare,18,vqa_soft,55.555556,38.888889,16.666667,outputs/eval_phase2_rescore/tune500/bridge_ijepa_150k_mlp_anchor_ep3_tune500_records.json
legacy_rescore_tune500:bridge_ijepa_150k_mlp_anchor_ep3_tune500::bridge_ijepa_150k_mlp_anchor_ep3_tune500::vqa_soft,legacy_raw_prompt_no_eos,legacy_rescore_tune500:bridge_ijepa_150k_mlp_anchor_ep3_tune500,tune_500_qids,ijepa,mlp256,none,exist,98,vqa_soft,52.040816,47.959184,4.081633,outputs/eval_phase2_rescore/tune500/bridge_ijepa_150k_mlp_anchor_ep3_tune500_records.json
legacy_rescore_tune500:bridge_ijepa_150k_mlp_anchor_ep3_tune500::bridge_ijepa_150k_mlp_anchor_ep3_tune500::vqa_soft,legacy_raw_prompt_no_eos,legacy_rescore_tune500:bridge_ijepa_150k_mlp_anchor_ep3_tune500,tune_500_qids,ijepa,mlp256,none,other,157,vqa_soft,52.229299,29.299363,22.929936,outputs/eval_phase2_rescore/tune500/bridge_ijepa_150k_mlp_anchor_ep3_tune500_records.json
legacy_rescore_tune500:bridge_ijepa_150k_mlp_anchor_ep3_tune500::bridge_ijepa_150k_mlp_anchor_ep3_tune500::vqa_soft,legacy_raw_prompt_no_eos,legacy_rescore_tune500:bridge_ijepa_150k_mlp_anchor_ep3_tune500,tune_500_qids,ijepa,mlp256,none,relate,175,vqa_soft,38.857143,14.285714,24.571429,outputs/eval_phase2_rescore/tune500/bridge_ijepa_150k_mlp_anchor_ep3_tune500_records.json
legacy_rescore_tune500:bridge_ijepa_150k_mlp_tuned_ep3_tune500::bridge_ijepa_150k_mlp_tuned_ep3_tune500::exact,legacy_raw_prompt_no_eos,legacy_rescore_tune500:bridge_ijepa_150k_mlp_tuned_ep3_tune500,tune_500_qids,ijepa,mlp256,none,choose,52,exact,1.923077,46.153846,-44.230769,outputs/eval_phase2_rescore/tune500/bridge_ijepa_150k_mlp_tuned_ep3_tune500_records.json
legacy_rescore_tune500:bridge_ijepa_150k_mlp_tuned_ep3_tune500::bridge_ijepa_150k_mlp_tuned_ep3_tune500::exact,legacy_raw_prompt_no_eos,legacy_rescore_tune500:bridge_ijepa_150k_mlp_tuned_ep3_tune500,tune_500_qids,ijepa,mlp256,none,compare,18,exact,5.555556,5.555556,0,outputs/eval_phase2_rescore/tune500/bridge_ijepa_150k_mlp_tuned_ep3_tune500_records.json
legacy_rescore_tune500:bridge_ijepa_150k_mlp_tuned_ep3_tune500::bridge_ijepa_150k_mlp_tuned_ep3_tune500::exact,legacy_raw_prompt_no_eos,legacy_rescore_tune500:bridge_ijepa_150k_mlp_tuned_ep3_tune500,tune_500_qids,ijepa,mlp256,none,exist,98,exact,0,31.632653,-31.632653,outputs/eval_phase2_rescore/tune500/bridge_ijepa_150k_mlp_tuned_ep3_tune500_records.json
legacy_rescore_tune500:bridge_ijepa_150k_mlp_tuned_ep3_tune500::bridge_ijepa_150k_mlp_tuned_ep3_tune500::exact,legacy_raw_prompt_no_eos,legacy_rescore_tune500:bridge_ijepa_150k_mlp_tuned_ep3_tune500,tune_500_qids,ijepa,mlp256,none,other,157,exact,0.636943,17.834395,-17.197452,outputs/eval_phase2_rescore/tune500/bridge_ijepa_150k_mlp_tuned_ep3_tune500_records.json
legacy_rescore_tune500:bridge_ijepa_150k_mlp_tuned_ep3_tune500::bridge_ijepa_150k_mlp_tuned_ep3_tune500::exact,legacy_raw_prompt_no_eos,legacy_rescore_tune500:bridge_ijepa_150k_mlp_tuned_ep3_tune500,tune_500_qids,ijepa,mlp256,none,relate,175,exact,0.571429,13.142857,-12.571429,outputs/eval_phase2_rescore/tune500/bridge_ijepa_150k_mlp_tuned_ep3_tune500_records.json
legacy_rescore_tune500:bridge_ijepa_150k_mlp_tuned_ep3_tune500::bridge_ijepa_150k_mlp_tuned_ep3_tune500::vqa_soft,legacy_raw_prompt_no_eos,legacy_rescore_tune500:bridge_ijepa_150k_mlp_tuned_ep3_tune500,tune_500_qids,ijepa,mlp256,none,choose,52,vqa_soft,73.076923,55.769231,17.307692,outputs/eval_phase2_rescore/tune500/bridge_ijepa_150k_mlp_tuned_ep3_tune500_records.json
legacy_rescore_tune500:bridge_ijepa_150k_mlp_tuned_ep3_tune500::bridge_ijepa_150k_mlp_tuned_ep3_tune500::vqa_soft,legacy_raw_prompt_no_eos,legacy_rescore_tune500:bridge_ijepa_150k_mlp_tuned_ep3_tune500,tune_500_qids,ijepa,mlp256,none,compare,18,vqa_soft,38.888889,38.888889,0,outputs/eval_phase2_rescore/tune500/bridge_ijepa_150k_mlp_tuned_ep3_tune500_records.json
legacy_rescore_tune500:bridge_ijepa_150k_mlp_tuned_ep3_tune500::bridge_ijepa_150k_mlp_tuned_ep3_tune500::vqa_soft,legacy_raw_prompt_no_eos,legacy_rescore_tune500:bridge_ijepa_150k_mlp_tuned_ep3_tune500,tune_500_qids,ijepa,mlp256,none,exist,98,vqa_soft,46.938776,47.959184,-1.020408,outputs/eval_phase2_rescore/tune500/bridge_ijepa_150k_mlp_tuned_ep3_tune500_records.json
legacy_rescore_tune500:bridge_ijepa_150k_mlp_tuned_ep3_tune500::bridge_ijepa_150k_mlp_tuned_ep3_tune500::vqa_soft,legacy_raw_prompt_no_eos,legacy_rescore_tune500:bridge_ijepa_150k_mlp_tuned_ep3_tune500,tune_500_qids,ijepa,mlp256,none,other,157,vqa_soft,40.127389,29.299363,10.828025,outputs/eval_phase2_rescore/tune500/bridge_ijepa_150k_mlp_tuned_ep3_tune500_records.json
legacy_rescore_tune500:bridge_ijepa_150k_mlp_tuned_ep3_tune500::bridge_ijepa_150k_mlp_tuned_ep3_tune500::vqa_soft,legacy_raw_prompt_no_eos,legacy_rescore_tune500:bridge_ijepa_150k_mlp_tuned_ep3_tune500,tune_500_qids,ijepa,mlp256,none,relate,175,vqa_soft,35.428571,14.285714,21.142857,outputs/eval_phase2_rescore/tune500/bridge_ijepa_150k_mlp_tuned_ep3_tune500_records.json
legacy_rescore_tune500:bridge_ijepa_500k_mlp_ep3_tune500::bridge_ijepa_500k_mlp_ep3_tune500::exact,legacy_raw_prompt_no_eos,legacy_rescore_tune500:bridge_ijepa_500k_mlp_ep3_tune500,tune_500_qids,ijepa,mlp256,none,choose,52,exact,0,46.153846,-46.153846,outputs/eval_phase2_rescore/tune500/bridge_ijepa_500k_mlp_ep3_tune500_records.json
legacy_rescore_tune500:bridge_ijepa_500k_mlp_ep3_tune500::bridge_ijepa_500k_mlp_ep3_tune500::exact,legacy_raw_prompt_no_eos,legacy_rescore_tune500:bridge_ijepa_500k_mlp_ep3_tune500,tune_500_qids,ijepa,mlp256,none,compare,18,exact,0,5.555556,-5.555556,outputs/eval_phase2_rescore/tune500/bridge_ijepa_500k_mlp_ep3_tune500_records.json
legacy_rescore_tune500:bridge_ijepa_500k_mlp_ep3_tune500::bridge_ijepa_500k_mlp_ep3_tune500::exact,legacy_raw_prompt_no_eos,legacy_rescore_tune500:bridge_ijepa_500k_mlp_ep3_tune500,tune_500_qids,ijepa,mlp256,none,exist,98,exact,0,31.632653,-31.632653,outputs/eval_phase2_rescore/tune500/bridge_ijepa_500k_mlp_ep3_tune500_records.json
legacy_rescore_tune500:bridge_ijepa_500k_mlp_ep3_tune500::bridge_ijepa_500k_mlp_ep3_tune500::exact,legacy_raw_prompt_no_eos,legacy_rescore_tune500:bridge_ijepa_500k_mlp_ep3_tune500,tune_500_qids,ijepa,mlp256,none,other,157,exact,0,17.834395,-17.834395,outputs/eval_phase2_rescore/tune500/bridge_ijepa_500k_mlp_ep3_tune500_records.json
legacy_rescore_tune500:bridge_ijepa_500k_mlp_ep3_tune500::bridge_ijepa_500k_mlp_ep3_tune500::exact,legacy_raw_prompt_no_eos,legacy_rescore_tune500:bridge_ijepa_500k_mlp_ep3_tune500,tune_500_qids,ijepa,mlp256,none,relate,175,exact,0,13.142857,-13.142857,outputs/eval_phase2_rescore/tune500/bridge_ijepa_500k_mlp_ep3_tune500_records.json
legacy_rescore_tune500:bridge_ijepa_500k_mlp_ep3_tune500::bridge_ijepa_500k_mlp_ep3_tune500::vqa_soft,legacy_raw_prompt_no_eos,legacy_rescore_tune500:bridge_ijepa_500k_mlp_ep3_tune500,tune_500_qids,ijepa,mlp256,none,choose,52,vqa_soft,82.692308,55.769231,26.923077,outputs/eval_phase2_rescore/tune500/bridge_ijepa_500k_mlp_ep3_tune500_records.json
legacy_rescore_tune500:bridge_ijepa_500k_mlp_ep3_tune500::bridge_ijepa_500k_mlp_ep3_tune500::vqa_soft,legacy_raw_prompt_no_eos,legacy_rescore_tune500:bridge_ijepa_500k_mlp_ep3_tune500,tune_500_qids,ijepa,mlp256,none,compare,18,vqa_soft,50,38.888889,11.111111,outputs/eval_phase2_rescore/tune500/bridge_ijepa_500k_mlp_ep3_tune500_records.json
legacy_rescore_tune500:bridge_ijepa_500k_mlp_ep3_tune500::bridge_ijepa_500k_mlp_ep3_tune500::vqa_soft,legacy_raw_prompt_no_eos,legacy_rescore_tune500:bridge_ijepa_500k_mlp_ep3_tune500,tune_500_qids,ijepa,mlp256,none,exist,98,vqa_soft,50,47.959184,2.040816,outputs/eval_phase2_rescore/tune500/bridge_ijepa_500k_mlp_ep3_tune500_records.json
legacy_rescore_tune500:bridge_ijepa_500k_mlp_ep3_tune500::bridge_ijepa_500k_mlp_ep3_tune500::vqa_soft,legacy_raw_prompt_no_eos,legacy_rescore_tune500:bridge_ijepa_500k_mlp_ep3_tune500,tune_500_qids,ijepa,mlp256,none,other,157,vqa_soft,51.592357,29.299363,22.292994,outputs/eval_phase2_rescore/tune500/bridge_ijepa_500k_mlp_ep3_tune500_records.json
legacy_rescore_tune500:bridge_ijepa_500k_mlp_ep3_tune500::bridge_ijepa_500k_mlp_ep3_tune500::vqa_soft,legacy_raw_prompt_no_eos,legacy_rescore_tune500:bridge_ijepa_500k_mlp_ep3_tune500,tune_500_qids,ijepa,mlp256,none,relate,175,vqa_soft,44,14.285714,29.714286,outputs/eval_phase2_rescore/tune500/bridge_ijepa_500k_mlp_ep3_tune500_records.json
legacy_tune500:bridge_clip_150k_mlp_anchor_ep3_tune500::bridge_clip_150k_mlp_anchor_ep3_tune500::exact,legacy_raw_prompt_no_eos,legacy_tune500:bridge_clip_150k_mlp_anchor_ep3_tune500,tune_500_qids,clip,mlp256,none,choose,52,exact,3.846154,46.153846,-42.307692,outputs/eval/tuning/bridge_clip_150k_mlp_anchor_ep3_tune500_records.json
legacy_tune500:bridge_clip_150k_mlp_anchor_ep3_tune500::bridge_clip_150k_mlp_anchor_ep3_tune500::exact,legacy_raw_prompt_no_eos,legacy_tune500:bridge_clip_150k_mlp_anchor_ep3_tune500,tune_500_qids,clip,mlp256,none,compare,18,exact,0,5.555556,-5.555556,outputs/eval/tuning/bridge_clip_150k_mlp_anchor_ep3_tune500_records.json
legacy_tune500:bridge_clip_150k_mlp_anchor_ep3_tune500::bridge_clip_150k_mlp_anchor_ep3_tune500::exact,legacy_raw_prompt_no_eos,legacy_tune500:bridge_clip_150k_mlp_anchor_ep3_tune500,tune_500_qids,clip,mlp256,none,exist,98,exact,1.020408,31.632653,-30.612245,outputs/eval/tuning/bridge_clip_150k_mlp_anchor_ep3_tune500_records.json
legacy_tune500:bridge_clip_150k_mlp_anchor_ep3_tune500::bridge_clip_150k_mlp_anchor_ep3_tune500::exact,legacy_raw_prompt_no_eos,legacy_tune500:bridge_clip_150k_mlp_anchor_ep3_tune500,tune_500_qids,clip,mlp256,none,other,157,exact,5.095541,17.834395,-12.738854,outputs/eval/tuning/bridge_clip_150k_mlp_anchor_ep3_tune500_records.json
legacy_tune500:bridge_clip_150k_mlp_anchor_ep3_tune500::bridge_clip_150k_mlp_anchor_ep3_tune500::exact,legacy_raw_prompt_no_eos,legacy_tune500:bridge_clip_150k_mlp_anchor_ep3_tune500,tune_500_qids,clip,mlp256,none,relate,175,exact,8,13.142857,-5.142857,outputs/eval/tuning/bridge_clip_150k_mlp_anchor_ep3_tune500_records.json
legacy_tune500:bridge_clip_150k_mlp_anchor_ep3_tune500::bridge_clip_150k_mlp_anchor_ep3_tune500::vqa_soft,legacy_raw_prompt_no_eos,legacy_tune500:bridge_clip_150k_mlp_anchor_ep3_tune500,tune_500_qids,clip,mlp256,none,choose,52,vqa_soft,75,55.769231,19.230769,outputs/eval/tuning/bridge_clip_150k_mlp_anchor_ep3_tune500_records.json
legacy_tune500:bridge_clip_150k_mlp_anchor_ep3_tune500::bridge_clip_150k_mlp_anchor_ep3_tune500::vqa_soft,legacy_raw_prompt_no_eos,legacy_tune500:bridge_clip_150k_mlp_anchor_ep3_tune500,tune_500_qids,clip,mlp256,none,compare,18,vqa_soft,55.555556,38.888889,16.666667,outputs/eval/tuning/bridge_clip_150k_mlp_anchor_ep3_tune500_records.json
legacy_tune500:bridge_clip_150k_mlp_anchor_ep3_tune500::bridge_clip_150k_mlp_anchor_ep3_tune500::vqa_soft,legacy_raw_prompt_no_eos,legacy_tune500:bridge_clip_150k_mlp_anchor_ep3_tune500,tune_500_qids,clip,mlp256,none,exist,98,vqa_soft,60.204082,47.959184,12.244898,outputs/eval/tuning/bridge_clip_150k_mlp_anchor_ep3_tune500_records.json
legacy_tune500:bridge_clip_150k_mlp_anchor_ep3_tune500::bridge_clip_150k_mlp_anchor_ep3_tune500::vqa_soft,legacy_raw_prompt_no_eos,legacy_tune500:bridge_clip_150k_mlp_anchor_ep3_tune500,tune_500_qids,clip,mlp256,none,other,157,vqa_soft,55.414013,29.299363,26.11465,outputs/eval/tuning/bridge_clip_150k_mlp_anchor_ep3_tune500_records.json
legacy_tune500:bridge_clip_150k_mlp_anchor_ep3_tune500::bridge_clip_150k_mlp_anchor_ep3_tune500::vqa_soft,legacy_raw_prompt_no_eos,legacy_tune500:bridge_clip_150k_mlp_anchor_ep3_tune500,tune_500_qids,clip,mlp256,none,relate,175,vqa_soft,45.142857,14.285714,30.857143,outputs/eval/tuning/bridge_clip_150k_mlp_anchor_ep3_tune500_records.json
legacy_tune500:bridge_clip_150k_mlp_cont5_s42_v1_ep4_tune500::bridge_clip_150k_mlp_cont5_s42_v1_ep4_tune500::exact,legacy_raw_prompt_no_eos,legacy_tune500:bridge_clip_150k_mlp_cont5_s42_v1_ep4_tune500,tune_500_qids,clip,mlp256,none,choose,52,exact,0,48.076923,-48.076923,outputs/eval/tuning/bridge_clip_150k_mlp_cont5_s42_v1_ep4_tune500_records.json
legacy_tune500:bridge_clip_150k_mlp_cont5_s42_v1_ep4_tune500::bridge_clip_150k_mlp_cont5_s42_v1_ep4_tune500::exact,legacy_raw_prompt_no_eos,legacy_tune500:bridge_clip_150k_mlp_cont5_s42_v1_ep4_tune500,tune_500_qids,clip,mlp256,none,compare,18,exact,5.555556,5.555556,0,outputs/eval/tuning/bridge_clip_150k_mlp_cont5_s42_v1_ep4_tune500_records.json
legacy_tune500:bridge_clip_150k_mlp_cont5_s42_v1_ep4_tune500::bridge_clip_150k_mlp_cont5_s42_v1_ep4_tune500::exact,legacy_raw_prompt_no_eos,legacy_tune500:bridge_clip_150k_mlp_cont5_s42_v1_ep4_tune500,tune_500_qids,clip,mlp256,none,exist,98,exact,3.061224,29.591837,-26.530612,outputs/eval/tuning/bridge_clip_150k_mlp_cont5_s42_v1_ep4_tune500_records.json
legacy_tune500:bridge_clip_150k_mlp_cont5_s42_v1_ep4_tune500::bridge_clip_150k_mlp_cont5_s42_v1_ep4_tune500::exact,legacy_raw_prompt_no_eos,legacy_tune500:bridge_clip_150k_mlp_cont5_s42_v1_ep4_tune500,tune_500_qids,clip,mlp256,none,other,157,exact,2.547771,18.471338,-15.923567,outputs/eval/tuning/bridge_clip_150k_mlp_cont5_s42_v1_ep4_tune500_records.json
legacy_tune500:bridge_clip_150k_mlp_cont5_s42_v1_ep4_tune500::bridge_clip_150k_mlp_cont5_s42_v1_ep4_tune500::exact,legacy_raw_prompt_no_eos,legacy_tune500:bridge_clip_150k_mlp_cont5_s42_v1_ep4_tune500,tune_500_qids,clip,mlp256,none,relate,175,exact,2.285714,13.142857,-10.857143,outputs/eval/tuning/bridge_clip_150k_mlp_cont5_s42_v1_ep4_tune500_records.json
legacy_tune500:bridge_clip_150k_mlp_cont5_s42_v1_ep4_tune500::bridge_clip_150k_mlp_cont5_s42_v1_ep4_tune500::vqa_soft,legacy_raw_prompt_no_eos,legacy_tune500:bridge_clip_150k_mlp_cont5_s42_v1_ep4_tune500,tune_500_qids,clip,mlp256,none,choose,52,vqa_soft,80.769231,57.692308,23.076923,outputs/eval/tuning/bridge_clip_150k_mlp_cont5_s42_v1_ep4_tune500_records.json
legacy_tune500:bridge_clip_150k_mlp_cont5_s42_v1_ep4_tune500::bridge_clip_150k_mlp_cont5_s42_v1_ep4_tune500::vqa_soft,legacy_raw_prompt_no_eos,legacy_tune500:bridge_clip_150k_mlp_cont5_s42_v1_ep4_tune500,tune_500_qids,clip,mlp256,none,compare,18,vqa_soft,44.444444,38.888889,5.555556,outputs/eval/tuning/bridge_clip_150k_mlp_cont5_s42_v1_ep4_tune500_records.json
legacy_tune500:bridge_clip_150k_mlp_cont5_s42_v1_ep4_tune500::bridge_clip_150k_mlp_cont5_s42_v1_ep4_tune500::vqa_soft,legacy_raw_prompt_no_eos,legacy_tune500:bridge_clip_150k_mlp_cont5_s42_v1_ep4_tune500,tune_500_qids,clip,mlp256,none,exist,98,vqa_soft,55.102041,47.959184,7.142857,outputs/eval/tuning/bridge_clip_150k_mlp_cont5_s42_v1_ep4_tune500_records.json
legacy_tune500:bridge_clip_150k_mlp_cont5_s42_v1_ep4_tune500::bridge_clip_150k_mlp_cont5_s42_v1_ep4_tune500::vqa_soft,legacy_raw_prompt_no_eos,legacy_tune500:bridge_clip_150k_mlp_cont5_s42_v1_ep4_tune500,tune_500_qids,clip,mlp256,none,other,157,vqa_soft,54.77707,29.936306,24.840764,outputs/eval/tuning/bridge_clip_150k_mlp_cont5_s42_v1_ep4_tune500_records.json
legacy_tune500:bridge_clip_150k_mlp_cont5_s42_v1_ep4_tune500::bridge_clip_150k_mlp_cont5_s42_v1_ep4_tune500::vqa_soft,legacy_raw_prompt_no_eos,legacy_tune500:bridge_clip_150k_mlp_cont5_s42_v1_ep4_tune500,tune_500_qids,clip,mlp256,none,relate,175,vqa_soft,45.714286,14.285714,31.428571,outputs/eval/tuning/bridge_clip_150k_mlp_cont5_s42_v1_ep4_tune500_records.json
legacy_tune500:bridge_clip_150k_mlp_cont5_s42_v1_ep5_tune500::bridge_clip_150k_mlp_cont5_s42_v1_ep5_tune500::exact,legacy_raw_prompt_no_eos,legacy_tune500:bridge_clip_150k_mlp_cont5_s42_v1_ep5_tune500,tune_500_qids,clip,mlp256,none,choose,52,exact,0,48.076923,-48.076923,outputs/eval/tuning/bridge_clip_150k_mlp_cont5_s42_v1_ep5_tune500_records.json
legacy_tune500:bridge_clip_150k_mlp_cont5_s42_v1_ep5_tune500::bridge_clip_150k_mlp_cont5_s42_v1_ep5_tune500::exact,legacy_raw_prompt_no_eos,legacy_tune500:bridge_clip_150k_mlp_cont5_s42_v1_ep5_tune500,tune_500_qids,clip,mlp256,none,compare,18,exact,5.555556,5.555556,0,outputs/eval/tuning/bridge_clip_150k_mlp_cont5_s42_v1_ep5_tune500_records.json
legacy_tune500:bridge_clip_150k_mlp_cont5_s42_v1_ep5_tune500::bridge_clip_150k_mlp_cont5_s42_v1_ep5_tune500::exact,legacy_raw_prompt_no_eos,legacy_tune500:bridge_clip_150k_mlp_cont5_s42_v1_ep5_tune500,tune_500_qids,clip,mlp256,none,exist,98,exact,0,29.591837,-29.591837,outputs/eval/tuning/bridge_clip_150k_mlp_cont5_s42_v1_ep5_tune500_records.json
legacy_tune500:bridge_clip_150k_mlp_cont5_s42_v1_ep5_tune500::bridge_clip_150k_mlp_cont5_s42_v1_ep5_tune500::exact,legacy_raw_prompt_no_eos,legacy_tune500:bridge_clip_150k_mlp_cont5_s42_v1_ep5_tune500,tune_500_qids,clip,mlp256,none,other,157,exact,0.636943,18.471338,-17.834395,outputs/eval/tuning/bridge_clip_150k_mlp_cont5_s42_v1_ep5_tune500_records.json
legacy_tune500:bridge_clip_150k_mlp_cont5_s42_v1_ep5_tune500::bridge_clip_150k_mlp_cont5_s42_v1_ep5_tune500::exact,legacy_raw_prompt_no_eos,legacy_tune500:bridge_clip_150k_mlp_cont5_s42_v1_ep5_tune500,tune_500_qids,clip,mlp256,none,relate,175,exact,0,13.142857,-13.142857,outputs/eval/tuning/bridge_clip_150k_mlp_cont5_s42_v1_ep5_tune500_records.json
legacy_tune500:bridge_clip_150k_mlp_cont5_s42_v1_ep5_tune500::bridge_clip_150k_mlp_cont5_s42_v1_ep5_tune500::vqa_soft,legacy_raw_prompt_no_eos,legacy_tune500:bridge_clip_150k_mlp_cont5_s42_v1_ep5_tune500,tune_500_qids,clip,mlp256,none,choose,52,vqa_soft,88.461538,57.692308,30.769231,outputs/eval/tuning/bridge_clip_150k_mlp_cont5_s42_v1_ep5_tune500_records.json
legacy_tune500:bridge_clip_150k_mlp_cont5_s42_v1_ep5_tune500::bridge_clip_150k_mlp_cont5_s42_v1_ep5_tune500::vqa_soft,legacy_raw_prompt_no_eos,legacy_tune500:bridge_clip_150k_mlp_cont5_s42_v1_ep5_tune500,tune_500_qids,clip,mlp256,none,compare,18,vqa_soft,33.333333,38.888889,-5.555556,outputs/eval/tuning/bridge_clip_150k_mlp_cont5_s42_v1_ep5_tune500_records.json
legacy_tune500:bridge_clip_150k_mlp_cont5_s42_v1_ep5_tune500::bridge_clip_150k_mlp_cont5_s42_v1_ep5_tune500::vqa_soft,legacy_raw_prompt_no_eos,legacy_tune500:bridge_clip_150k_mlp_cont5_s42_v1_ep5_tune500,tune_500_qids,clip,mlp256,none,exist,98,vqa_soft,50,47.959184,2.040816,outputs/eval/tuning/bridge_clip_150k_mlp_cont5_s42_v1_ep5_tune500_records.json
legacy_tune500:bridge_clip_150k_mlp_cont5_s42_v1_ep5_tune500::bridge_clip_150k_mlp_cont5_s42_v1_ep5_tune500::vqa_soft,legacy_raw_prompt_no_eos,legacy_tune500:bridge_clip_150k_mlp_cont5_s42_v1_ep5_tune500,tune_500_qids,clip,mlp256,none,other,157,vqa_soft,58.598726,29.936306,28.66242,outputs/eval/tuning/bridge_clip_150k_mlp_cont5_s42_v1_ep5_tune500_records.json
legacy_tune500:bridge_clip_150k_mlp_cont5_s42_v1_ep5_tune500::bridge_clip_150k_mlp_cont5_s42_v1_ep5_tune500::vqa_soft,legacy_raw_prompt_no_eos,legacy_tune500:bridge_clip_150k_mlp_cont5_s42_v1_ep5_tune500,tune_500_qids,clip,mlp256,none,relate,175,vqa_soft,48,14.285714,33.714286,outputs/eval/tuning/bridge_clip_150k_mlp_cont5_s42_v1_ep5_tune500_records.json
legacy_tune500:bridge_clip_150k_mlp_ep3_tune500::bridge_clip_150k_mlp_ep3_tune500::exact,legacy_raw_prompt_no_eos,legacy_tune500:bridge_clip_150k_mlp_ep3_tune500,tune_500_qids,clip,mlp256,none,choose,52,exact,0,48.076923,-48.076923,outputs/eval/tuning/bridge_clip_150k_mlp_ep3_tune500_records.json
legacy_tune500:bridge_clip_150k_mlp_ep3_tune500::bridge_clip_150k_mlp_ep3_tune500::exact,legacy_raw_prompt_no_eos,legacy_tune500:bridge_clip_150k_mlp_ep3_tune500,tune_500_qids,clip,mlp256,none,compare,18,exact,0,5.555556,-5.555556,outputs/eval/tuning/bridge_clip_150k_mlp_ep3_tune500_records.json
legacy_tune500:bridge_clip_150k_mlp_ep3_tune500::bridge_clip_150k_mlp_ep3_tune500::exact,legacy_raw_prompt_no_eos,legacy_tune500:bridge_clip_150k_mlp_ep3_tune500,tune_500_qids,clip,mlp256,none,exist,98,exact,0,29.591837,-29.591837,outputs/eval/tuning/bridge_clip_150k_mlp_ep3_tune500_records.json
legacy_tune500:bridge_clip_150k_mlp_ep3_tune500::bridge_clip_150k_mlp_ep3_tune500::exact,legacy_raw_prompt_no_eos,legacy_tune500:bridge_clip_150k_mlp_ep3_tune500,tune_500_qids,clip,mlp256,none,other,157,exact,0,18.471338,-18.471338,outputs/eval/tuning/bridge_clip_150k_mlp_ep3_tune500_records.json
legacy_tune500:bridge_clip_150k_mlp_ep3_tune500::bridge_clip_150k_mlp_ep3_tune500::exact,legacy_raw_prompt_no_eos,legacy_tune500:bridge_clip_150k_mlp_ep3_tune500,tune_500_qids,clip,mlp256,none,relate,175,exact,0.571429,13.142857,-12.571429,outputs/eval/tuning/bridge_clip_150k_mlp_ep3_tune500_records.json
legacy_tune500:bridge_clip_150k_mlp_ep3_tune500::bridge_clip_150k_mlp_ep3_tune500::vqa_soft,legacy_raw_prompt_no_eos,legacy_tune500:bridge_clip_150k_mlp_ep3_tune500,tune_500_qids,clip,mlp256,none,choose,52,vqa_soft,75,57.692308,17.307692,outputs/eval/tuning/bridge_clip_150k_mlp_ep3_tune500_records.json
legacy_tune500:bridge_clip_150k_mlp_ep3_tune500::bridge_clip_150k_mlp_ep3_tune500::vqa_soft,legacy_raw_prompt_no_eos,legacy_tune500:bridge_clip_150k_mlp_ep3_tune500,tune_500_qids,clip,mlp256,none,compare,18,vqa_soft,33.333333,38.888889,-5.555556,outputs/eval/tuning/bridge_clip_150k_mlp_ep3_tune500_records.json
legacy_tune500:bridge_clip_150k_mlp_ep3_tune500::bridge_clip_150k_mlp_ep3_tune500::vqa_soft,legacy_raw_prompt_no_eos,legacy_tune500:bridge_clip_150k_mlp_ep3_tune500,tune_500_qids,clip,mlp256,none,exist,98,vqa_soft,55.102041,47.959184,7.142857,outputs/eval/tuning/bridge_clip_150k_mlp_ep3_tune500_records.json
legacy_tune500:bridge_clip_150k_mlp_ep3_tune500::bridge_clip_150k_mlp_ep3_tune500::vqa_soft,legacy_raw_prompt_no_eos,legacy_tune500:bridge_clip_150k_mlp_ep3_tune500,tune_500_qids,clip,mlp256,none,other,157,vqa_soft,54.77707,29.936306,24.840764,outputs/eval/tuning/bridge_clip_150k_mlp_ep3_tune500_records.json
legacy_tune500:bridge_clip_150k_mlp_ep3_tune500::bridge_clip_150k_mlp_ep3_tune500::vqa_soft,legacy_raw_prompt_no_eos,legacy_tune500:bridge_clip_150k_mlp_ep3_tune500,tune_500_qids,clip,mlp256,none,relate,175,vqa_soft,45.714286,14.285714,31.428571,outputs/eval/tuning/bridge_clip_150k_mlp_ep3_tune500_records.json
legacy_tune500:bridge_clip_150k_mlp_ep3_tune500_mnt10::bridge_clip_150k_mlp_ep3_tune500_mnt10::exact,legacy_raw_prompt_no_eos,legacy_tune500:bridge_clip_150k_mlp_ep3_tune500_mnt10,tune_500_qids,clip,mlp256,none,choose,52,exact,0,48.076923,-48.076923,outputs/eval/tuning/bridge_clip_150k_mlp_ep3_tune500_mnt10_records.json
legacy_tune500:bridge_clip_150k_mlp_ep3_tune500_mnt10::bridge_clip_150k_mlp_ep3_tune500_mnt10::exact,legacy_raw_prompt_no_eos,legacy_tune500:bridge_clip_150k_mlp_ep3_tune500_mnt10,tune_500_qids,clip,mlp256,none,compare,18,exact,0,5.555556,-5.555556,outputs/eval/tuning/bridge_clip_150k_mlp_ep3_tune500_mnt10_records.json
legacy_tune500:bridge_clip_150k_mlp_ep3_tune500_mnt10::bridge_clip_150k_mlp_ep3_tune500_mnt10::exact,legacy_raw_prompt_no_eos,legacy_tune500:bridge_clip_150k_mlp_ep3_tune500_mnt10,tune_500_qids,clip,mlp256,none,exist,98,exact,0,29.591837,-29.591837,outputs/eval/tuning/bridge_clip_150k_mlp_ep3_tune500_mnt10_records.json
legacy_tune500:bridge_clip_150k_mlp_ep3_tune500_mnt10::bridge_clip_150k_mlp_ep3_tune500_mnt10::exact,legacy_raw_prompt_no_eos,legacy_tune500:bridge_clip_150k_mlp_ep3_tune500_mnt10,tune_500_qids,clip,mlp256,none,other,157,exact,0,18.471338,-18.471338,outputs/eval/tuning/bridge_clip_150k_mlp_ep3_tune500_mnt10_records.json
legacy_tune500:bridge_clip_150k_mlp_ep3_tune500_mnt10::bridge_clip_150k_mlp_ep3_tune500_mnt10::exact,legacy_raw_prompt_no_eos,legacy_tune500:bridge_clip_150k_mlp_ep3_tune500_mnt10,tune_500_qids,clip,mlp256,none,relate,175,exact,0.571429,13.142857,-12.571429,outputs/eval/tuning/bridge_clip_150k_mlp_ep3_tune500_mnt10_records.json
legacy_tune500:bridge_clip_150k_mlp_ep3_tune500_mnt10::bridge_clip_150k_mlp_ep3_tune500_mnt10::vqa_soft,legacy_raw_prompt_no_eos,legacy_tune500:bridge_clip_150k_mlp_ep3_tune500_mnt10,tune_500_qids,clip,mlp256,none,choose,52,vqa_soft,75,57.692308,17.307692,outputs/eval/tuning/bridge_clip_150k_mlp_ep3_tune500_mnt10_records.json
legacy_tune500:bridge_clip_150k_mlp_ep3_tune500_mnt10::bridge_clip_150k_mlp_ep3_tune500_mnt10::vqa_soft,legacy_raw_prompt_no_eos,legacy_tune500:bridge_clip_150k_mlp_ep3_tune500_mnt10,tune_500_qids,clip,mlp256,none,compare,18,vqa_soft,33.333333,38.888889,-5.555556,outputs/eval/tuning/bridge_clip_150k_mlp_ep3_tune500_mnt10_records.json
legacy_tune500:bridge_clip_150k_mlp_ep3_tune500_mnt10::bridge_clip_150k_mlp_ep3_tune500_mnt10::vqa_soft,legacy_raw_prompt_no_eos,legacy_tune500:bridge_clip_150k_mlp_ep3_tune500_mnt10,tune_500_qids,clip,mlp256,none,exist,98,vqa_soft,55.102041,47.959184,7.142857,outputs/eval/tuning/bridge_clip_150k_mlp_ep3_tune500_mnt10_records.json
legacy_tune500:bridge_clip_150k_mlp_ep3_tune500_mnt10::bridge_clip_150k_mlp_ep3_tune500_mnt10::vqa_soft,legacy_raw_prompt_no_eos,legacy_tune500:bridge_clip_150k_mlp_ep3_tune500_mnt10,tune_500_qids,clip,mlp256,none,other,157,vqa_soft,54.77707,29.936306,24.840764,outputs/eval/tuning/bridge_clip_150k_mlp_ep3_tune500_mnt10_records.json
legacy_tune500:bridge_clip_150k_mlp_ep3_tune500_mnt10::bridge_clip_150k_mlp_ep3_tune500_mnt10::vqa_soft,legacy_raw_prompt_no_eos,legacy_tune500:bridge_clip_150k_mlp_ep3_tune500_mnt10,tune_500_qids,clip,mlp256,none,relate,175,vqa_soft,45.714286,14.285714,31.428571,outputs/eval/tuning/bridge_clip_150k_mlp_ep3_tune500_mnt10_records.json
legacy_tune500:bridge_clip_150k_mlp_ep3_tune500_mnt32::bridge_clip_150k_mlp_ep3_tune500_mnt32::exact,legacy_raw_prompt_no_eos,legacy_tune500:bridge_clip_150k_mlp_ep3_tune500_mnt32,tune_500_qids,clip,mlp256,none,choose,52,exact,0,48.076923,-48.076923,outputs/eval/tuning/bridge_clip_150k_mlp_ep3_tune500_mnt32_records.json
legacy_tune500:bridge_clip_150k_mlp_ep3_tune500_mnt32::bridge_clip_150k_mlp_ep3_tune500_mnt32::exact,legacy_raw_prompt_no_eos,legacy_tune500:bridge_clip_150k_mlp_ep3_tune500_mnt32,tune_500_qids,clip,mlp256,none,compare,18,exact,0,5.555556,-5.555556,outputs/eval/tuning/bridge_clip_150k_mlp_ep3_tune500_mnt32_records.json
legacy_tune500:bridge_clip_150k_mlp_ep3_tune500_mnt32::bridge_clip_150k_mlp_ep3_tune500_mnt32::exact,legacy_raw_prompt_no_eos,legacy_tune500:bridge_clip_150k_mlp_ep3_tune500_mnt32,tune_500_qids,clip,mlp256,none,exist,98,exact,0,29.591837,-29.591837,outputs/eval/tuning/bridge_clip_150k_mlp_ep3_tune500_mnt32_records.json
legacy_tune500:bridge_clip_150k_mlp_ep3_tune500_mnt32::bridge_clip_150k_mlp_ep3_tune500_mnt32::exact,legacy_raw_prompt_no_eos,legacy_tune500:bridge_clip_150k_mlp_ep3_tune500_mnt32,tune_500_qids,clip,mlp256,none,other,157,exact,0,18.471338,-18.471338,outputs/eval/tuning/bridge_clip_150k_mlp_ep3_tune500_mnt32_records.json
legacy_tune500:bridge_clip_150k_mlp_ep3_tune500_mnt32::bridge_clip_150k_mlp_ep3_tune500_mnt32::exact,legacy_raw_prompt_no_eos,legacy_tune500:bridge_clip_150k_mlp_ep3_tune500_mnt32,tune_500_qids,clip,mlp256,none,relate,175,exact,0.571429,13.142857,-12.571429,outputs/eval/tuning/bridge_clip_150k_mlp_ep3_tune500_mnt32_records.json
legacy_tune500:bridge_clip_150k_mlp_ep3_tune500_mnt32::bridge_clip_150k_mlp_ep3_tune500_mnt32::vqa_soft,legacy_raw_prompt_no_eos,legacy_tune500:bridge_clip_150k_mlp_ep3_tune500_mnt32,tune_500_qids,clip,mlp256,none,choose,52,vqa_soft,78.846154,57.692308,21.153846,outputs/eval/tuning/bridge_clip_150k_mlp_ep3_tune500_mnt32_records.json
legacy_tune500:bridge_clip_150k_mlp_ep3_tune500_mnt32::bridge_clip_150k_mlp_ep3_tune500_mnt32::vqa_soft,legacy_raw_prompt_no_eos,legacy_tune500:bridge_clip_150k_mlp_ep3_tune500_mnt32,tune_500_qids,clip,mlp256,none,compare,18,vqa_soft,33.333333,38.888889,-5.555556,outputs/eval/tuning/bridge_clip_150k_mlp_ep3_tune500_mnt32_records.json
legacy_tune500:bridge_clip_150k_mlp_ep3_tune500_mnt32::bridge_clip_150k_mlp_ep3_tune500_mnt32::vqa_soft,legacy_raw_prompt_no_eos,legacy_tune500:bridge_clip_150k_mlp_ep3_tune500_mnt32,tune_500_qids,clip,mlp256,none,exist,98,vqa_soft,55.102041,47.959184,7.142857,outputs/eval/tuning/bridge_clip_150k_mlp_ep3_tune500_mnt32_records.json
legacy_tune500:bridge_clip_150k_mlp_ep3_tune500_mnt32::bridge_clip_150k_mlp_ep3_tune500_mnt32::vqa_soft,legacy_raw_prompt_no_eos,legacy_tune500:bridge_clip_150k_mlp_ep3_tune500_mnt32,tune_500_qids,clip,mlp256,none,other,157,vqa_soft,56.050955,29.936306,26.11465,outputs/eval/tuning/bridge_clip_150k_mlp_ep3_tune500_mnt32_records.json
legacy_tune500:bridge_clip_150k_mlp_ep3_tune500_mnt32::bridge_clip_150k_mlp_ep3_tune500_mnt32::vqa_soft,legacy_raw_prompt_no_eos,legacy_tune500:bridge_clip_150k_mlp_ep3_tune500_mnt32,tune_500_qids,clip,mlp256,none,relate,175,vqa_soft,47.428571,14.285714,33.142857,outputs/eval/tuning/bridge_clip_150k_mlp_ep3_tune500_mnt32_records.json
legacy_tune500:bridge_clip_150k_mlp_tuned_ep3_tune500::bridge_clip_150k_mlp_tuned_ep3_tune500::exact,legacy_raw_prompt_no_eos,legacy_tune500:bridge_clip_150k_mlp_tuned_ep3_tune500,tune_500_qids,clip,mlp256,none,choose,52,exact,3.846154,46.153846,-42.307692,outputs/eval/tuning/bridge_clip_150k_mlp_tuned_ep3_tune500_records.json
legacy_tune500:bridge_clip_150k_mlp_tuned_ep3_tune500::bridge_clip_150k_mlp_tuned_ep3_tune500::exact,legacy_raw_prompt_no_eos,legacy_tune500:bridge_clip_150k_mlp_tuned_ep3_tune500,tune_500_qids,clip,mlp256,none,compare,18,exact,11.111111,5.555556,5.555556,outputs/eval/tuning/bridge_clip_150k_mlp_tuned_ep3_tune500_records.json
legacy_tune500:bridge_clip_150k_mlp_tuned_ep3_tune500::bridge_clip_150k_mlp_tuned_ep3_tune500::exact,legacy_raw_prompt_no_eos,legacy_tune500:bridge_clip_150k_mlp_tuned_ep3_tune500,tune_500_qids,clip,mlp256,none,exist,98,exact,2.040816,31.632653,-29.591837,outputs/eval/tuning/bridge_clip_150k_mlp_tuned_ep3_tune500_records.json
legacy_tune500:bridge_clip_150k_mlp_tuned_ep3_tune500::bridge_clip_150k_mlp_tuned_ep3_tune500::exact,legacy_raw_prompt_no_eos,legacy_tune500:bridge_clip_150k_mlp_tuned_ep3_tune500,tune_500_qids,clip,mlp256,none,other,157,exact,0.636943,17.834395,-17.197452,outputs/eval/tuning/bridge_clip_150k_mlp_tuned_ep3_tune500_records.json
legacy_tune500:bridge_clip_150k_mlp_tuned_ep3_tune500::bridge_clip_150k_mlp_tuned_ep3_tune500::exact,legacy_raw_prompt_no_eos,legacy_tune500:bridge_clip_150k_mlp_tuned_ep3_tune500,tune_500_qids,clip,mlp256,none,relate,175,exact,1.714286,13.142857,-11.428571,outputs/eval/tuning/bridge_clip_150k_mlp_tuned_ep3_tune500_records.json
legacy_tune500:bridge_clip_150k_mlp_tuned_ep3_tune500::bridge_clip_150k_mlp_tuned_ep3_tune500::vqa_soft,legacy_raw_prompt_no_eos,legacy_tune500:bridge_clip_150k_mlp_tuned_ep3_tune500,tune_500_qids,clip,mlp256,none,choose,52,vqa_soft,78.846154,55.769231,23.076923,outputs/eval/tuning/bridge_clip_150k_mlp_tuned_ep3_tune500_records.json
legacy_tune500:bridge_clip_150k_mlp_tuned_ep3_tune500::bridge_clip_150k_mlp_tuned_ep3_tune500::vqa_soft,legacy_raw_prompt_no_eos,legacy_tune500:bridge_clip_150k_mlp_tuned_ep3_tune500,tune_500_qids,clip,mlp256,none,compare,18,vqa_soft,50,38.888889,11.111111,outputs/eval/tuning/bridge_clip_150k_mlp_tuned_ep3_tune500_records.json
legacy_tune500:bridge_clip_150k_mlp_tuned_ep3_tune500::bridge_clip_150k_mlp_tuned_ep3_tune500::vqa_soft,legacy_raw_prompt_no_eos,legacy_tune500:bridge_clip_150k_mlp_tuned_ep3_tune500,tune_500_qids,clip,mlp256,none,exist,98,vqa_soft,45.918367,47.959184,-2.040816,outputs/eval/tuning/bridge_clip_150k_mlp_tuned_ep3_tune500_records.json
legacy_tune500:bridge_clip_150k_mlp_tuned_ep3_tune500::bridge_clip_150k_mlp_tuned_ep3_tune500::vqa_soft,legacy_raw_prompt_no_eos,legacy_tune500:bridge_clip_150k_mlp_tuned_ep3_tune500,tune_500_qids,clip,mlp256,none,other,157,vqa_soft,58.598726,29.299363,29.299363,outputs/eval/tuning/bridge_clip_150k_mlp_tuned_ep3_tune500_records.json
legacy_tune500:bridge_clip_150k_mlp_tuned_ep3_tune500::bridge_clip_150k_mlp_tuned_ep3_tune500::vqa_soft,legacy_raw_prompt_no_eos,legacy_tune500:bridge_clip_150k_mlp_tuned_ep3_tune500,tune_500_qids,clip,mlp256,none,relate,175,vqa_soft,47.428571,14.285714,33.142857,outputs/eval/tuning/bridge_clip_150k_mlp_tuned_ep3_tune500_records.json
legacy_tune500:bridge_clip_500k_mlp_ep3_tune500::bridge_clip_500k_mlp_ep3_tune500::exact,legacy_raw_prompt_no_eos,legacy_tune500:bridge_clip_500k_mlp_ep3_tune500,tune_500_qids,clip,mlp256,none,choose,52,exact,0,46.153846,-46.153846,outputs/eval/tuning/bridge_clip_500k_mlp_ep3_tune500_records.json
legacy_tune500:bridge_clip_500k_mlp_ep3_tune500::bridge_clip_500k_mlp_ep3_tune500::exact,legacy_raw_prompt_no_eos,legacy_tune500:bridge_clip_500k_mlp_ep3_tune500,tune_500_qids,clip,mlp256,none,compare,18,exact,0,5.555556,-5.555556,outputs/eval/tuning/bridge_clip_500k_mlp_ep3_tune500_records.json
legacy_tune500:bridge_clip_500k_mlp_ep3_tune500::bridge_clip_500k_mlp_ep3_tune500::exact,legacy_raw_prompt_no_eos,legacy_tune500:bridge_clip_500k_mlp_ep3_tune500,tune_500_qids,clip,mlp256,none,exist,98,exact,0,31.632653,-31.632653,outputs/eval/tuning/bridge_clip_500k_mlp_ep3_tune500_records.json
legacy_tune500:bridge_clip_500k_mlp_ep3_tune500::bridge_clip_500k_mlp_ep3_tune500::exact,legacy_raw_prompt_no_eos,legacy_tune500:bridge_clip_500k_mlp_ep3_tune500,tune_500_qids,clip,mlp256,none,other,157,exact,0,17.834395,-17.834395,outputs/eval/tuning/bridge_clip_500k_mlp_ep3_tune500_records.json
legacy_tune500:bridge_clip_500k_mlp_ep3_tune500::bridge_clip_500k_mlp_ep3_tune500::exact,legacy_raw_prompt_no_eos,legacy_tune500:bridge_clip_500k_mlp_ep3_tune500,tune_500_qids,clip,mlp256,none,relate,175,exact,0,13.142857,-13.142857,outputs/eval/tuning/bridge_clip_500k_mlp_ep3_tune500_records.json
legacy_tune500:bridge_clip_500k_mlp_ep3_tune500::bridge_clip_500k_mlp_ep3_tune500::vqa_soft,legacy_raw_prompt_no_eos,legacy_tune500:bridge_clip_500k_mlp_ep3_tune500,tune_500_qids,clip,mlp256,none,choose,52,vqa_soft,78.846154,55.769231,23.076923,outputs/eval/tuning/bridge_clip_500k_mlp_ep3_tune500_records.json
legacy_tune500:bridge_clip_500k_mlp_ep3_tune500::bridge_clip_500k_mlp_ep3_tune500::vqa_soft,legacy_raw_prompt_no_eos,legacy_tune500:bridge_clip_500k_mlp_ep3_tune500,tune_500_qids,clip,mlp256,none,compare,18,vqa_soft,61.111111,38.888889,22.222222,outputs/eval/tuning/bridge_clip_500k_mlp_ep3_tune500_records.json
legacy_tune500:bridge_clip_500k_mlp_ep3_tune500::bridge_clip_500k_mlp_ep3_tune500::vqa_soft,legacy_raw_prompt_no_eos,legacy_tune500:bridge_clip_500k_mlp_ep3_tune500,tune_500_qids,clip,mlp256,none,exist,98,vqa_soft,56.122449,47.959184,8.163265,outputs/eval/tuning/bridge_clip_500k_mlp_ep3_tune500_records.json
legacy_tune500:bridge_clip_500k_mlp_ep3_tune500::bridge_clip_500k_mlp_ep3_tune500::vqa_soft,legacy_raw_prompt_no_eos,legacy_tune500:bridge_clip_500k_mlp_ep3_tune500,tune_500_qids,clip,mlp256,none,other,157,vqa_soft,59.235669,29.299363,29.936306,outputs/eval/tuning/bridge_clip_500k_mlp_ep3_tune500_records.json
legacy_tune500:bridge_clip_500k_mlp_ep3_tune500::bridge_clip_500k_mlp_ep3_tune500::vqa_soft,legacy_raw_prompt_no_eos,legacy_tune500:bridge_clip_500k_mlp_ep3_tune500,tune_500_qids,clip,mlp256,none,relate,175,vqa_soft,48,14.285714,33.714286,outputs/eval/tuning/bridge_clip_500k_mlp_ep3_tune500_records.json
legacy_tune500:bridge_dinov2_150k_ep3_tune500::bridge_dinov2_150k_ep3_tune500::exact,legacy_raw_prompt_no_eos,legacy_tune500:bridge_dinov2_150k_ep3_tune500,tune_500_qids,dinov2,,none,choose,52,exact,9.615385,46.153846,-36.538462,outputs/eval/tuning/bridge_dinov2_150k_ep3_tune500_records.json
legacy_tune500:bridge_dinov2_150k_ep3_tune500::bridge_dinov2_150k_ep3_tune500::exact,legacy_raw_prompt_no_eos,legacy_tune500:bridge_dinov2_150k_ep3_tune500,tune_500_qids,dinov2,,none,compare,18,exact,5.555556,5.555556,0,outputs/eval/tuning/bridge_dinov2_150k_ep3_tune500_records.json
legacy_tune500:bridge_dinov2_150k_ep3_tune500::bridge_dinov2_150k_ep3_tune500::exact,legacy_raw_prompt_no_eos,legacy_tune500:bridge_dinov2_150k_ep3_tune500,tune_500_qids,dinov2,,none,exist,98,exact,8.163265,31.632653,-23.469388,outputs/eval/tuning/bridge_dinov2_150k_ep3_tune500_records.json
legacy_tune500:bridge_dinov2_150k_ep3_tune500::bridge_dinov2_150k_ep3_tune500::exact,legacy_raw_prompt_no_eos,legacy_tune500:bridge_dinov2_150k_ep3_tune500,tune_500_qids,dinov2,,none,other,157,exact,3.184713,17.834395,-14.649682,outputs/eval/tuning/bridge_dinov2_150k_ep3_tune500_records.json
legacy_tune500:bridge_dinov2_150k_ep3_tune500::bridge_dinov2_150k_ep3_tune500::exact,legacy_raw_prompt_no_eos,legacy_tune500:bridge_dinov2_150k_ep3_tune500,tune_500_qids,dinov2,,none,relate,175,exact,4.571429,13.142857,-8.571429,outputs/eval/tuning/bridge_dinov2_150k_ep3_tune500_records.json
legacy_tune500:bridge_dinov2_150k_ep3_tune500::bridge_dinov2_150k_ep3_tune500::vqa_soft,legacy_raw_prompt_no_eos,legacy_tune500:bridge_dinov2_150k_ep3_tune500,tune_500_qids,dinov2,,none,choose,52,vqa_soft,67.307692,55.769231,11.538462,outputs/eval/tuning/bridge_dinov2_150k_ep3_tune500_records.json
legacy_tune500:bridge_dinov2_150k_ep3_tune500::bridge_dinov2_150k_ep3_tune500::vqa_soft,legacy_raw_prompt_no_eos,legacy_tune500:bridge_dinov2_150k_ep3_tune500,tune_500_qids,dinov2,,none,compare,18,vqa_soft,44.444444,38.888889,5.555556,outputs/eval/tuning/bridge_dinov2_150k_ep3_tune500_records.json
legacy_tune500:bridge_dinov2_150k_ep3_tune500::bridge_dinov2_150k_ep3_tune500::vqa_soft,legacy_raw_prompt_no_eos,legacy_tune500:bridge_dinov2_150k_ep3_tune500,tune_500_qids,dinov2,,none,exist,98,vqa_soft,50,47.959184,2.040816,outputs/eval/tuning/bridge_dinov2_150k_ep3_tune500_records.json
legacy_tune500:bridge_dinov2_150k_ep3_tune500::bridge_dinov2_150k_ep3_tune500::vqa_soft,legacy_raw_prompt_no_eos,legacy_tune500:bridge_dinov2_150k_ep3_tune500,tune_500_qids,dinov2,,none,other,157,vqa_soft,47.133758,29.299363,17.834395,outputs/eval/tuning/bridge_dinov2_150k_ep3_tune500_records.json
legacy_tune500:bridge_dinov2_150k_ep3_tune500::bridge_dinov2_150k_ep3_tune500::vqa_soft,legacy_raw_prompt_no_eos,legacy_tune500:bridge_dinov2_150k_ep3_tune500,tune_500_qids,dinov2,,none,relate,175,vqa_soft,34.285714,14.285714,20,outputs/eval/tuning/bridge_dinov2_150k_ep3_tune500_records.json
legacy_tune500:bridge_dinov2_150k_mlp_ep3_tune500::bridge_dinov2_150k_mlp_ep3_tune500::exact,legacy_raw_prompt_no_eos,legacy_tune500:bridge_dinov2_150k_mlp_ep3_tune500,tune_500_qids,dinov2,mlp256,none,choose,52,exact,11.538462,46.153846,-34.615385,outputs/eval/tuning/bridge_dinov2_150k_mlp_ep3_tune500_records.json
legacy_tune500:bridge_dinov2_150k_mlp_ep3_tune500::bridge_dinov2_150k_mlp_ep3_tune500::exact,legacy_raw_prompt_no_eos,legacy_tune500:bridge_dinov2_150k_mlp_ep3_tune500,tune_500_qids,dinov2,mlp256,none,compare,18,exact,16.666667,5.555556,11.111111,outputs/eval/tuning/bridge_dinov2_150k_mlp_ep3_tune500_records.json
legacy_tune500:bridge_dinov2_150k_mlp_ep3_tune500::bridge_dinov2_150k_mlp_ep3_tune500::exact,legacy_raw_prompt_no_eos,legacy_tune500:bridge_dinov2_150k_mlp_ep3_tune500,tune_500_qids,dinov2,mlp256,none,exist,98,exact,19.387755,31.632653,-12.244898,outputs/eval/tuning/bridge_dinov2_150k_mlp_ep3_tune500_records.json
legacy_tune500:bridge_dinov2_150k_mlp_ep3_tune500::bridge_dinov2_150k_mlp_ep3_tune500::exact,legacy_raw_prompt_no_eos,legacy_tune500:bridge_dinov2_150k_mlp_ep3_tune500,tune_500_qids,dinov2,mlp256,none,other,157,exact,12.738854,17.834395,-5.095541,outputs/eval/tuning/bridge_dinov2_150k_mlp_ep3_tune500_records.json
legacy_tune500:bridge_dinov2_150k_mlp_ep3_tune500::bridge_dinov2_150k_mlp_ep3_tune500::exact,legacy_raw_prompt_no_eos,legacy_tune500:bridge_dinov2_150k_mlp_ep3_tune500,tune_500_qids,dinov2,mlp256,none,relate,175,exact,8,13.142857,-5.142857,outputs/eval/tuning/bridge_dinov2_150k_mlp_ep3_tune500_records.json
legacy_tune500:bridge_dinov2_150k_mlp_ep3_tune500::bridge_dinov2_150k_mlp_ep3_tune500::vqa_soft,legacy_raw_prompt_no_eos,legacy_tune500:bridge_dinov2_150k_mlp_ep3_tune500,tune_500_qids,dinov2,mlp256,none,choose,52,vqa_soft,75,55.769231,19.230769,outputs/eval/tuning/bridge_dinov2_150k_mlp_ep3_tune500_records.json
legacy_tune500:bridge_dinov2_150k_mlp_ep3_tune500::bridge_dinov2_150k_mlp_ep3_tune500::vqa_soft,legacy_raw_prompt_no_eos,legacy_tune500:bridge_dinov2_150k_mlp_ep3_tune500,tune_500_qids,dinov2,mlp256,none,compare,18,vqa_soft,38.888889,38.888889,0,outputs/eval/tuning/bridge_dinov2_150k_mlp_ep3_tune500_records.json
legacy_tune500:bridge_dinov2_150k_mlp_ep3_tune500::bridge_dinov2_150k_mlp_ep3_tune500::vqa_soft,legacy_raw_prompt_no_eos,legacy_tune500:bridge_dinov2_150k_mlp_ep3_tune500,tune_500_qids,dinov2,mlp256,none,exist,98,vqa_soft,59.183673,47.959184,11.22449,outputs/eval/tuning/bridge_dinov2_150k_mlp_ep3_tune500_records.json
legacy_tune500:bridge_dinov2_150k_mlp_ep3_tune500::bridge_dinov2_150k_mlp_ep3_tune500::vqa_soft,legacy_raw_prompt_no_eos,legacy_tune500:bridge_dinov2_150k_mlp_ep3_tune500,tune_500_qids,dinov2,mlp256,none,other,157,vqa_soft,51.592357,29.299363,22.292994,outputs/eval/tuning/bridge_dinov2_150k_mlp_ep3_tune500_records.json
legacy_tune500:bridge_dinov2_150k_mlp_ep3_tune500::bridge_dinov2_150k_mlp_ep3_tune500::vqa_soft,legacy_raw_prompt_no_eos,legacy_tune500:bridge_dinov2_150k_mlp_ep3_tune500,tune_500_qids,dinov2,mlp256,none,relate,175,vqa_soft,44,14.285714,29.714286,outputs/eval/tuning/bridge_dinov2_150k_mlp_ep3_tune500_records.json
legacy_tune500:bridge_ijepa_150k_mlp_anchor_ep3_tune500::bridge_ijepa_150k_mlp_anchor_ep3_tune500::exact,legacy_raw_prompt_no_eos,legacy_tune500:bridge_ijepa_150k_mlp_anchor_ep3_tune500,tune_500_qids,ijepa,mlp256,none,choose,52,exact,0,46.153846,-46.153846,outputs/eval/tuning/bridge_ijepa_150k_mlp_anchor_ep3_tune500_records.json
legacy_tune500:bridge_ijepa_150k_mlp_anchor_ep3_tune500::bridge_ijepa_150k_mlp_anchor_ep3_tune500::exact,legacy_raw_prompt_no_eos,legacy_tune500:bridge_ijepa_150k_mlp_anchor_ep3_tune500,tune_500_qids,ijepa,mlp256,none,compare,18,exact,0,5.555556,-5.555556,outputs/eval/tuning/bridge_ijepa_150k_mlp_anchor_ep3_tune500_records.json
legacy_tune500:bridge_ijepa_150k_mlp_anchor_ep3_tune500::bridge_ijepa_150k_mlp_anchor_ep3_tune500::exact,legacy_raw_prompt_no_eos,legacy_tune500:bridge_ijepa_150k_mlp_anchor_ep3_tune500,tune_500_qids,ijepa,mlp256,none,exist,98,exact,0,31.632653,-31.632653,outputs/eval/tuning/bridge_ijepa_150k_mlp_anchor_ep3_tune500_records.json
legacy_tune500:bridge_ijepa_150k_mlp_anchor_ep3_tune500::bridge_ijepa_150k_mlp_anchor_ep3_tune500::exact,legacy_raw_prompt_no_eos,legacy_tune500:bridge_ijepa_150k_mlp_anchor_ep3_tune500,tune_500_qids,ijepa,mlp256,none,other,157,exact,0.636943,17.834395,-17.197452,outputs/eval/tuning/bridge_ijepa_150k_mlp_anchor_ep3_tune500_records.json
legacy_tune500:bridge_ijepa_150k_mlp_anchor_ep3_tune500::bridge_ijepa_150k_mlp_anchor_ep3_tune500::exact,legacy_raw_prompt_no_eos,legacy_tune500:bridge_ijepa_150k_mlp_anchor_ep3_tune500,tune_500_qids,ijepa,mlp256,none,relate,175,exact,0,13.142857,-13.142857,outputs/eval/tuning/bridge_ijepa_150k_mlp_anchor_ep3_tune500_records.json
legacy_tune500:bridge_ijepa_150k_mlp_anchor_ep3_tune500::bridge_ijepa_150k_mlp_anchor_ep3_tune500::vqa_soft,legacy_raw_prompt_no_eos,legacy_tune500:bridge_ijepa_150k_mlp_anchor_ep3_tune500,tune_500_qids,ijepa,mlp256,none,choose,52,vqa_soft,78.846154,55.769231,23.076923,outputs/eval/tuning/bridge_ijepa_150k_mlp_anchor_ep3_tune500_records.json
legacy_tune500:bridge_ijepa_150k_mlp_anchor_ep3_tune500::bridge_ijepa_150k_mlp_anchor_ep3_tune500::vqa_soft,legacy_raw_prompt_no_eos,legacy_tune500:bridge_ijepa_150k_mlp_anchor_ep3_tune500,tune_500_qids,ijepa,mlp256,none,compare,18,vqa_soft,55.555556,38.888889,16.666667,outputs/eval/tuning/bridge_ijepa_150k_mlp_anchor_ep3_tune500_records.json
legacy_tune500:bridge_ijepa_150k_mlp_anchor_ep3_tune500::bridge_ijepa_150k_mlp_anchor_ep3_tune500::vqa_soft,legacy_raw_prompt_no_eos,legacy_tune500:bridge_ijepa_150k_mlp_anchor_ep3_tune500,tune_500_qids,ijepa,mlp256,none,exist,98,vqa_soft,52.040816,47.959184,4.081633,outputs/eval/tuning/bridge_ijepa_150k_mlp_anchor_ep3_tune500_records.json
legacy_tune500:bridge_ijepa_150k_mlp_anchor_ep3_tune500::bridge_ijepa_150k_mlp_anchor_ep3_tune500::vqa_soft,legacy_raw_prompt_no_eos,legacy_tune500:bridge_ijepa_150k_mlp_anchor_ep3_tune500,tune_500_qids,ijepa,mlp256,none,other,157,vqa_soft,52.229299,29.299363,22.929936,outputs/eval/tuning/bridge_ijepa_150k_mlp_anchor_ep3_tune500_records.json
legacy_tune500:bridge_ijepa_150k_mlp_anchor_ep3_tune500::bridge_ijepa_150k_mlp_anchor_ep3_tune500::vqa_soft,legacy_raw_prompt_no_eos,legacy_tune500:bridge_ijepa_150k_mlp_anchor_ep3_tune500,tune_500_qids,ijepa,mlp256,none,relate,175,vqa_soft,38.857143,14.285714,24.571429,outputs/eval/tuning/bridge_ijepa_150k_mlp_anchor_ep3_tune500_records.json
legacy_tune500:bridge_ijepa_150k_mlp_tuned_ep3_tune500::bridge_ijepa_150k_mlp_tuned_ep3_tune500::exact,legacy_raw_prompt_no_eos,legacy_tune500:bridge_ijepa_150k_mlp_tuned_ep3_tune500,tune_500_qids,ijepa,mlp256,none,choose,52,exact,1.923077,46.153846,-44.230769,outputs/eval/tuning/bridge_ijepa_150k_mlp_tuned_ep3_tune500_records.json
legacy_tune500:bridge_ijepa_150k_mlp_tuned_ep3_tune500::bridge_ijepa_150k_mlp_tuned_ep3_tune500::exact,legacy_raw_prompt_no_eos,legacy_tune500:bridge_ijepa_150k_mlp_tuned_ep3_tune500,tune_500_qids,ijepa,mlp256,none,compare,18,exact,5.555556,5.555556,0,outputs/eval/tuning/bridge_ijepa_150k_mlp_tuned_ep3_tune500_records.json
legacy_tune500:bridge_ijepa_150k_mlp_tuned_ep3_tune500::bridge_ijepa_150k_mlp_tuned_ep3_tune500::exact,legacy_raw_prompt_no_eos,legacy_tune500:bridge_ijepa_150k_mlp_tuned_ep3_tune500,tune_500_qids,ijepa,mlp256,none,exist,98,exact,0,31.632653,-31.632653,outputs/eval/tuning/bridge_ijepa_150k_mlp_tuned_ep3_tune500_records.json
legacy_tune500:bridge_ijepa_150k_mlp_tuned_ep3_tune500::bridge_ijepa_150k_mlp_tuned_ep3_tune500::exact,legacy_raw_prompt_no_eos,legacy_tune500:bridge_ijepa_150k_mlp_tuned_ep3_tune500,tune_500_qids,ijepa,mlp256,none,other,157,exact,0.636943,17.834395,-17.197452,outputs/eval/tuning/bridge_ijepa_150k_mlp_tuned_ep3_tune500_records.json
legacy_tune500:bridge_ijepa_150k_mlp_tuned_ep3_tune500::bridge_ijepa_150k_mlp_tuned_ep3_tune500::exact,legacy_raw_prompt_no_eos,legacy_tune500:bridge_ijepa_150k_mlp_tuned_ep3_tune500,tune_500_qids,ijepa,mlp256,none,relate,175,exact,0.571429,13.142857,-12.571429,outputs/eval/tuning/bridge_ijepa_150k_mlp_tuned_ep3_tune500_records.json
legacy_tune500:bridge_ijepa_150k_mlp_tuned_ep3_tune500::bridge_ijepa_150k_mlp_tuned_ep3_tune500::vqa_soft,legacy_raw_prompt_no_eos,legacy_tune500:bridge_ijepa_150k_mlp_tuned_ep3_tune500,tune_500_qids,ijepa,mlp256,none,choose,52,vqa_soft,73.076923,55.769231,17.307692,outputs/eval/tuning/bridge_ijepa_150k_mlp_tuned_ep3_tune500_records.json
legacy_tune500:bridge_ijepa_150k_mlp_tuned_ep3_tune500::bridge_ijepa_150k_mlp_tuned_ep3_tune500::vqa_soft,legacy_raw_prompt_no_eos,legacy_tune500:bridge_ijepa_150k_mlp_tuned_ep3_tune500,tune_500_qids,ijepa,mlp256,none,compare,18,vqa_soft,38.888889,38.888889,0,outputs/eval/tuning/bridge_ijepa_150k_mlp_tuned_ep3_tune500_records.json
legacy_tune500:bridge_ijepa_150k_mlp_tuned_ep3_tune500::bridge_ijepa_150k_mlp_tuned_ep3_tune500::vqa_soft,legacy_raw_prompt_no_eos,legacy_tune500:bridge_ijepa_150k_mlp_tuned_ep3_tune500,tune_500_qids,ijepa,mlp256,none,exist,98,vqa_soft,46.938776,47.959184,-1.020408,outputs/eval/tuning/bridge_ijepa_150k_mlp_tuned_ep3_tune500_records.json
legacy_tune500:bridge_ijepa_150k_mlp_tuned_ep3_tune500::bridge_ijepa_150k_mlp_tuned_ep3_tune500::vqa_soft,legacy_raw_prompt_no_eos,legacy_tune500:bridge_ijepa_150k_mlp_tuned_ep3_tune500,tune_500_qids,ijepa,mlp256,none,other,157,vqa_soft,40.127389,29.299363,10.828025,outputs/eval/tuning/bridge_ijepa_150k_mlp_tuned_ep3_tune500_records.json
legacy_tune500:bridge_ijepa_150k_mlp_tuned_ep3_tune500::bridge_ijepa_150k_mlp_tuned_ep3_tune500::vqa_soft,legacy_raw_prompt_no_eos,legacy_tune500:bridge_ijepa_150k_mlp_tuned_ep3_tune500,tune_500_qids,ijepa,mlp256,none,relate,175,vqa_soft,35.428571,14.285714,21.142857,outputs/eval/tuning/bridge_ijepa_150k_mlp_tuned_ep3_tune500_records.json
legacy_tune500:bridge_ijepa_500k_ep3_scene_graph_pred::bridge_ijepa_500k_ep3_scene_graph_pred::exact,legacy_raw_prompt_no_eos,legacy_tune500:bridge_ijepa_500k_ep3_scene_graph_pred,tune_500_qids,ijepa,,scene_graph_predicted_owlv2,choose,52,exact,44.230769,30.769231,13.461538,outputs/eval/tuning/bridge_ijepa_500k_ep3_scene_graph_pred_records.json
legacy_tune500:bridge_ijepa_500k_ep3_scene_graph_pred::bridge_ijepa_500k_ep3_scene_graph_pred::exact,legacy_raw_prompt_no_eos,legacy_tune500:bridge_ijepa_500k_ep3_scene_graph_pred,tune_500_qids,ijepa,,scene_graph_predicted_owlv2,compare,18,exact,33.333333,33.333333,0,outputs/eval/tuning/bridge_ijepa_500k_ep3_scene_graph_pred_records.json
legacy_tune500:bridge_ijepa_500k_ep3_scene_graph_pred::bridge_ijepa_500k_ep3_scene_graph_pred::exact,legacy_raw_prompt_no_eos,legacy_tune500:bridge_ijepa_500k_ep3_scene_graph_pred,tune_500_qids,ijepa,,scene_graph_predicted_owlv2,exist,98,exact,41.836735,30.612245,11.22449,outputs/eval/tuning/bridge_ijepa_500k_ep3_scene_graph_pred_records.json
legacy_tune500:bridge_ijepa_500k_ep3_scene_graph_pred::bridge_ijepa_500k_ep3_scene_graph_pred::exact,legacy_raw_prompt_no_eos,legacy_tune500:bridge_ijepa_500k_ep3_scene_graph_pred,tune_500_qids,ijepa,,scene_graph_predicted_owlv2,other,157,exact,30.573248,15.923567,14.649682,outputs/eval/tuning/bridge_ijepa_500k_ep3_scene_graph_pred_records.json
legacy_tune500:bridge_ijepa_500k_ep3_scene_graph_pred::bridge_ijepa_500k_ep3_scene_graph_pred::exact,legacy_raw_prompt_no_eos,legacy_tune500:bridge_ijepa_500k_ep3_scene_graph_pred,tune_500_qids,ijepa,,scene_graph_predicted_owlv2,relate,175,exact,25.142857,12,13.142857,outputs/eval/tuning/bridge_ijepa_500k_ep3_scene_graph_pred_records.json
legacy_tune500:bridge_ijepa_500k_ep3_scene_graph_pred::bridge_ijepa_500k_ep3_scene_graph_pred::vqa_soft,legacy_raw_prompt_no_eos,legacy_tune500:bridge_ijepa_500k_ep3_scene_graph_pred,tune_500_qids,ijepa,,scene_graph_predicted_owlv2,choose,52,vqa_soft,65.384615,67.307692,-1.923077,outputs/eval/tuning/bridge_ijepa_500k_ep3_scene_graph_pred_records.json
legacy_tune500:bridge_ijepa_500k_ep3_scene_graph_pred::bridge_ijepa_500k_ep3_scene_graph_pred::vqa_soft,legacy_raw_prompt_no_eos,legacy_tune500:bridge_ijepa_500k_ep3_scene_graph_pred,tune_500_qids,ijepa,,scene_graph_predicted_owlv2,compare,18,vqa_soft,44.444444,61.111111,-16.666667,outputs/eval/tuning/bridge_ijepa_500k_ep3_scene_graph_pred_records.json
legacy_tune500:bridge_ijepa_500k_ep3_scene_graph_pred::bridge_ijepa_500k_ep3_scene_graph_pred::vqa_soft,legacy_raw_prompt_no_eos,legacy_tune500:bridge_ijepa_500k_ep3_scene_graph_pred,tune_500_qids,ijepa,,scene_graph_predicted_owlv2,exist,98,vqa_soft,58.163265,42.857143,15.306122,outputs/eval/tuning/bridge_ijepa_500k_ep3_scene_graph_pred_records.json
legacy_tune500:bridge_ijepa_500k_ep3_scene_graph_pred::bridge_ijepa_500k_ep3_scene_graph_pred::vqa_soft,legacy_raw_prompt_no_eos,legacy_tune500:bridge_ijepa_500k_ep3_scene_graph_pred,tune_500_qids,ijepa,,scene_graph_predicted_owlv2,other,157,vqa_soft,43.949045,45.859873,-1.910828,outputs/eval/tuning/bridge_ijepa_500k_ep3_scene_graph_pred_records.json
legacy_tune500:bridge_ijepa_500k_ep3_scene_graph_pred::bridge_ijepa_500k_ep3_scene_graph_pred::vqa_soft,legacy_raw_prompt_no_eos,legacy_tune500:bridge_ijepa_500k_ep3_scene_graph_pred,tune_500_qids,ijepa,,scene_graph_predicted_owlv2,relate,175,vqa_soft,32.571429,28.571429,4,outputs/eval/tuning/bridge_ijepa_500k_ep3_scene_graph_pred_records.json
legacy_tune500:bridge_ijepa_500k_ep3_scene_graph_predq::bridge_ijepa_500k_ep3_scene_graph_predq::exact,legacy_raw_prompt_no_eos,legacy_tune500:bridge_ijepa_500k_ep3_scene_graph_predq,tune_500_qids,ijepa,,scene_graph_predicted_owlv2,choose,52,exact,57.692308,30.769231,26.923077,outputs/eval/tuning/bridge_ijepa_500k_ep3_scene_graph_predq_records.json
legacy_tune500:bridge_ijepa_500k_ep3_scene_graph_predq::bridge_ijepa_500k_ep3_scene_graph_predq::exact,legacy_raw_prompt_no_eos,legacy_tune500:bridge_ijepa_500k_ep3_scene_graph_predq,tune_500_qids,ijepa,,scene_graph_predicted_owlv2,compare,18,exact,38.888889,33.333333,5.555556,outputs/eval/tuning/bridge_ijepa_500k_ep3_scene_graph_predq_records.json
legacy_tune500:bridge_ijepa_500k_ep3_scene_graph_predq::bridge_ijepa_500k_ep3_scene_graph_predq::exact,legacy_raw_prompt_no_eos,legacy_tune500:bridge_ijepa_500k_ep3_scene_graph_predq,tune_500_qids,ijepa,,scene_graph_predicted_owlv2,exist,98,exact,53.061224,30.612245,22.44898,outputs/eval/tuning/bridge_ijepa_500k_ep3_scene_graph_predq_records.json
legacy_tune500:bridge_ijepa_500k_ep3_scene_graph_predq::bridge_ijepa_500k_ep3_scene_graph_predq::exact,legacy_raw_prompt_no_eos,legacy_tune500:bridge_ijepa_500k_ep3_scene_graph_predq,tune_500_qids,ijepa,,scene_graph_predicted_owlv2,other,157,exact,33.757962,15.923567,17.834395,outputs/eval/tuning/bridge_ijepa_500k_ep3_scene_graph_predq_records.json
legacy_tune500:bridge_ijepa_500k_ep3_scene_graph_predq::bridge_ijepa_500k_ep3_scene_graph_predq::exact,legacy_raw_prompt_no_eos,legacy_tune500:bridge_ijepa_500k_ep3_scene_graph_predq,tune_500_qids,ijepa,,scene_graph_predicted_owlv2,relate,175,exact,22.857143,12,10.857143,outputs/eval/tuning/bridge_ijepa_500k_ep3_scene_graph_predq_records.json
legacy_tune500:bridge_ijepa_500k_ep3_scene_graph_predq::bridge_ijepa_500k_ep3_scene_graph_predq::vqa_soft,legacy_raw_prompt_no_eos,legacy_tune500:bridge_ijepa_500k_ep3_scene_graph_predq,tune_500_qids,ijepa,,scene_graph_predicted_owlv2,choose,52,vqa_soft,59.615385,67.307692,-7.692308,outputs/eval/tuning/bridge_ijepa_500k_ep3_scene_graph_predq_records.json
legacy_tune500:bridge_ijepa_500k_ep3_scene_graph_predq::bridge_ijepa_500k_ep3_scene_graph_predq::vqa_soft,legacy_raw_prompt_no_eos,legacy_tune500:bridge_ijepa_500k_ep3_scene_graph_predq,tune_500_qids,ijepa,,scene_graph_predicted_owlv2,compare,18,vqa_soft,44.444444,61.111111,-16.666667,outputs/eval/tuning/bridge_ijepa_500k_ep3_scene_graph_predq_records.json
legacy_tune500:bridge_ijepa_500k_ep3_scene_graph_predq::bridge_ijepa_500k_ep3_scene_graph_predq::vqa_soft,legacy_raw_prompt_no_eos,legacy_tune500:bridge_ijepa_500k_ep3_scene_graph_predq,tune_500_qids,ijepa,,scene_graph_predicted_owlv2,exist,98,vqa_soft,64.285714,42.857143,21.428571,outputs/eval/tuning/bridge_ijepa_500k_ep3_scene_graph_predq_records.json
legacy_tune500:bridge_ijepa_500k_ep3_scene_graph_predq::bridge_ijepa_500k_ep3_scene_graph_predq::vqa_soft,legacy_raw_prompt_no_eos,legacy_tune500:bridge_ijepa_500k_ep3_scene_graph_predq,tune_500_qids,ijepa,,scene_graph_predicted_owlv2,other,157,vqa_soft,45.859873,45.859873,0,outputs/eval/tuning/bridge_ijepa_500k_ep3_scene_graph_predq_records.json
legacy_tune500:bridge_ijepa_500k_ep3_scene_graph_predq::bridge_ijepa_500k_ep3_scene_graph_predq::vqa_soft,legacy_raw_prompt_no_eos,legacy_tune500:bridge_ijepa_500k_ep3_scene_graph_predq,tune_500_qids,ijepa,,scene_graph_predicted_owlv2,relate,175,vqa_soft,34.857143,28.571429,6.285714,outputs/eval/tuning/bridge_ijepa_500k_ep3_scene_graph_predq_records.json
legacy_tune500:bridge_ijepa_500k_ep3_scene_graph_predq_plain::bridge_ijepa_500k_ep3_scene_graph_predq_plain::exact,legacy_raw_prompt_no_eos,legacy_tune500:bridge_ijepa_500k_ep3_scene_graph_predq_plain,tune_500_qids,ijepa,,none,choose,52,exact,42.307692,30.769231,11.538462,outputs/eval/tuning/bridge_ijepa_500k_ep3_scene_graph_predq_plain_records.json
legacy_tune500:bridge_ijepa_500k_ep3_scene_graph_predq_plain::bridge_ijepa_500k_ep3_scene_graph_predq_plain::exact,legacy_raw_prompt_no_eos,legacy_tune500:bridge_ijepa_500k_ep3_scene_graph_predq_plain,tune_500_qids,ijepa,,none,compare,18,exact,27.777778,33.333333,-5.555556,outputs/eval/tuning/bridge_ijepa_500k_ep3_scene_graph_predq_plain_records.json
legacy_tune500:bridge_ijepa_500k_ep3_scene_graph_predq_plain::bridge_ijepa_500k_ep3_scene_graph_predq_plain::exact,legacy_raw_prompt_no_eos,legacy_tune500:bridge_ijepa_500k_ep3_scene_graph_predq_plain,tune_500_qids,ijepa,,none,exist,98,exact,41.836735,30.612245,11.22449,outputs/eval/tuning/bridge_ijepa_500k_ep3_scene_graph_predq_plain_records.json
legacy_tune500:bridge_ijepa_500k_ep3_scene_graph_predq_plain::bridge_ijepa_500k_ep3_scene_graph_predq_plain::exact,legacy_raw_prompt_no_eos,legacy_tune500:bridge_ijepa_500k_ep3_scene_graph_predq_plain,tune_500_qids,ijepa,,none,other,157,exact,28.66242,15.923567,12.738854,outputs/eval/tuning/bridge_ijepa_500k_ep3_scene_graph_predq_plain_records.json
legacy_tune500:bridge_ijepa_500k_ep3_scene_graph_predq_plain::bridge_ijepa_500k_ep3_scene_graph_predq_plain::exact,legacy_raw_prompt_no_eos,legacy_tune500:bridge_ijepa_500k_ep3_scene_graph_predq_plain,tune_500_qids,ijepa,,none,relate,175,exact,21.714286,12,9.714286,outputs/eval/tuning/bridge_ijepa_500k_ep3_scene_graph_predq_plain_records.json
legacy_tune500:bridge_ijepa_500k_ep3_scene_graph_predq_plain::bridge_ijepa_500k_ep3_scene_graph_predq_plain::vqa_soft,legacy_raw_prompt_no_eos,legacy_tune500:bridge_ijepa_500k_ep3_scene_graph_predq_plain,tune_500_qids,ijepa,,none,choose,52,vqa_soft,61.538462,67.307692,-5.769231,outputs/eval/tuning/bridge_ijepa_500k_ep3_scene_graph_predq_plain_records.json
legacy_tune500:bridge_ijepa_500k_ep3_scene_graph_predq_plain::bridge_ijepa_500k_ep3_scene_graph_predq_plain::vqa_soft,legacy_raw_prompt_no_eos,legacy_tune500:bridge_ijepa_500k_ep3_scene_graph_predq_plain,tune_500_qids,ijepa,,none,compare,18,vqa_soft,44.444444,61.111111,-16.666667,outputs/eval/tuning/bridge_ijepa_500k_ep3_scene_graph_predq_plain_records.json
legacy_tune500:bridge_ijepa_500k_ep3_scene_graph_predq_plain::bridge_ijepa_500k_ep3_scene_graph_predq_plain::vqa_soft,legacy_raw_prompt_no_eos,legacy_tune500:bridge_ijepa_500k_ep3_scene_graph_predq_plain,tune_500_qids,ijepa,,none,exist,98,vqa_soft,66.326531,42.857143,23.469388,outputs/eval/tuning/bridge_ijepa_500k_ep3_scene_graph_predq_plain_records.json
legacy_tune500:bridge_ijepa_500k_ep3_scene_graph_predq_plain::bridge_ijepa_500k_ep3_scene_graph_predq_plain::vqa_soft,legacy_raw_prompt_no_eos,legacy_tune500:bridge_ijepa_500k_ep3_scene_graph_predq_plain,tune_500_qids,ijepa,,none,other,157,vqa_soft,41.401274,45.859873,-4.458599,outputs/eval/tuning/bridge_ijepa_500k_ep3_scene_graph_predq_plain_records.json
legacy_tune500:bridge_ijepa_500k_ep3_scene_graph_predq_plain::bridge_ijepa_500k_ep3_scene_graph_predq_plain::vqa_soft,legacy_raw_prompt_no_eos,legacy_tune500:bridge_ijepa_500k_ep3_scene_graph_predq_plain,tune_500_qids,ijepa,,none,relate,175,vqa_soft,31.428571,28.571429,2.857143,outputs/eval/tuning/bridge_ijepa_500k_ep3_scene_graph_predq_plain_records.json
legacy_tune500:bridge_ijepa_500k_mlp_ep3_tune500::bridge_ijepa_500k_mlp_ep3_tune500::exact,legacy_raw_prompt_no_eos,legacy_tune500:bridge_ijepa_500k_mlp_ep3_tune500,tune_500_qids,ijepa,mlp256,none,choose,52,exact,0,46.153846,-46.153846,outputs/eval/tuning/bridge_ijepa_500k_mlp_ep3_tune500_records.json
legacy_tune500:bridge_ijepa_500k_mlp_ep3_tune500::bridge_ijepa_500k_mlp_ep3_tune500::exact,legacy_raw_prompt_no_eos,legacy_tune500:bridge_ijepa_500k_mlp_ep3_tune500,tune_500_qids,ijepa,mlp256,none,compare,18,exact,0,5.555556,-5.555556,outputs/eval/tuning/bridge_ijepa_500k_mlp_ep3_tune500_records.json
legacy_tune500:bridge_ijepa_500k_mlp_ep3_tune500::bridge_ijepa_500k_mlp_ep3_tune500::exact,legacy_raw_prompt_no_eos,legacy_tune500:bridge_ijepa_500k_mlp_ep3_tune500,tune_500_qids,ijepa,mlp256,none,exist,98,exact,0,31.632653,-31.632653,outputs/eval/tuning/bridge_ijepa_500k_mlp_ep3_tune500_records.json
legacy_tune500:bridge_ijepa_500k_mlp_ep3_tune500::bridge_ijepa_500k_mlp_ep3_tune500::exact,legacy_raw_prompt_no_eos,legacy_tune500:bridge_ijepa_500k_mlp_ep3_tune500,tune_500_qids,ijepa,mlp256,none,other,157,exact,0,17.834395,-17.834395,outputs/eval/tuning/bridge_ijepa_500k_mlp_ep3_tune500_records.json
legacy_tune500:bridge_ijepa_500k_mlp_ep3_tune500::bridge_ijepa_500k_mlp_ep3_tune500::exact,legacy_raw_prompt_no_eos,legacy_tune500:bridge_ijepa_500k_mlp_ep3_tune500,tune_500_qids,ijepa,mlp256,none,relate,175,exact,0,13.142857,-13.142857,outputs/eval/tuning/bridge_ijepa_500k_mlp_ep3_tune500_records.json
legacy_tune500:bridge_ijepa_500k_mlp_ep3_tune500::bridge_ijepa_500k_mlp_ep3_tune500::vqa_soft,legacy_raw_prompt_no_eos,legacy_tune500:bridge_ijepa_500k_mlp_ep3_tune500,tune_500_qids,ijepa,mlp256,none,choose,52,vqa_soft,82.692308,55.769231,26.923077,outputs/eval/tuning/bridge_ijepa_500k_mlp_ep3_tune500_records.json
legacy_tune500:bridge_ijepa_500k_mlp_ep3_tune500::bridge_ijepa_500k_mlp_ep3_tune500::vqa_soft,legacy_raw_prompt_no_eos,legacy_tune500:bridge_ijepa_500k_mlp_ep3_tune500,tune_500_qids,ijepa,mlp256,none,compare,18,vqa_soft,50,38.888889,11.111111,outputs/eval/tuning/bridge_ijepa_500k_mlp_ep3_tune500_records.json
legacy_tune500:bridge_ijepa_500k_mlp_ep3_tune500::bridge_ijepa_500k_mlp_ep3_tune500::vqa_soft,legacy_raw_prompt_no_eos,legacy_tune500:bridge_ijepa_500k_mlp_ep3_tune500,tune_500_qids,ijepa,mlp256,none,exist,98,vqa_soft,50,47.959184,2.040816,outputs/eval/tuning/bridge_ijepa_500k_mlp_ep3_tune500_records.json
legacy_tune500:bridge_ijepa_500k_mlp_ep3_tune500::bridge_ijepa_500k_mlp_ep3_tune500::vqa_soft,legacy_raw_prompt_no_eos,legacy_tune500:bridge_ijepa_500k_mlp_ep3_tune500,tune_500_qids,ijepa,mlp256,none,other,157,vqa_soft,51.592357,29.299363,22.292994,outputs/eval/tuning/bridge_ijepa_500k_mlp_ep3_tune500_records.json
legacy_tune500:bridge_ijepa_500k_mlp_ep3_tune500::bridge_ijepa_500k_mlp_ep3_tune500::vqa_soft,legacy_raw_prompt_no_eos,legacy_tune500:bridge_ijepa_500k_mlp_ep3_tune500,tune_500_qids,ijepa,mlp256,none,relate,175,vqa_soft,44,14.285714,29.714286,outputs/eval/tuning/bridge_ijepa_500k_mlp_ep3_tune500_records.json
reltr_learned_sgg:oracle::bridge_clip_w1_bf16_v1_ep5__corrected_chatml_v1_eos__tune_500_reltr_clean_qids__image_plus_graph__direct__oracle::exact,corrected_chatml_v1_eos,reltr_learned_sgg:oracle,tune_500_reltr_clean_qids,clip,mlp256,scene_graph_oracle,choose,49,exact,79.591837,73.469388,6.122449,outputs/eval/reltr_2291451/bridge_clip_w1_bf16_v1_ep5__corrected_chatml_v1_eos__tune_500_reltr_clean_qids__image_plus_graph__direct__oracle_records.json
reltr_learned_sgg:oracle::bridge_clip_w1_bf16_v1_ep5__corrected_chatml_v1_eos__tune_500_reltr_clean_qids__image_plus_graph__direct__oracle::exact,corrected_chatml_v1_eos,reltr_learned_sgg:oracle,tune_500_reltr_clean_qids,clip,mlp256,scene_graph_oracle,compare,18,exact,44.444444,50,-5.555556,outputs/eval/reltr_2291451/bridge_clip_w1_bf16_v1_ep5__corrected_chatml_v1_eos__tune_500_reltr_clean_qids__image_plus_graph__direct__oracle_records.json
reltr_learned_sgg:oracle::bridge_clip_w1_bf16_v1_ep5__corrected_chatml_v1_eos__tune_500_reltr_clean_qids__image_plus_graph__direct__oracle::exact,corrected_chatml_v1_eos,reltr_learned_sgg:oracle,tune_500_reltr_clean_qids,clip,mlp256,scene_graph_oracle,exist,96,exact,75,66.666667,8.333333,outputs/eval/reltr_2291451/bridge_clip_w1_bf16_v1_ep5__corrected_chatml_v1_eos__tune_500_reltr_clean_qids__image_plus_graph__direct__oracle_records.json
reltr_learned_sgg:oracle::bridge_clip_w1_bf16_v1_ep5__corrected_chatml_v1_eos__tune_500_reltr_clean_qids__image_plus_graph__direct__oracle::exact,corrected_chatml_v1_eos,reltr_learned_sgg:oracle,tune_500_reltr_clean_qids,clip,mlp256,scene_graph_oracle,other,153,exact,67.320261,50.980392,16.339869,outputs/eval/reltr_2291451/bridge_clip_w1_bf16_v1_ep5__corrected_chatml_v1_eos__tune_500_reltr_clean_qids__image_plus_graph__direct__oracle_records.json
reltr_learned_sgg:oracle::bridge_clip_w1_bf16_v1_ep5__corrected_chatml_v1_eos__tune_500_reltr_clean_qids__image_plus_graph__direct__oracle::exact,corrected_chatml_v1_eos,reltr_learned_sgg:oracle,tune_500_reltr_clean_qids,clip,mlp256,scene_graph_oracle,relate,169,exact,65.680473,36.686391,28.994083,outputs/eval/reltr_2291451/bridge_clip_w1_bf16_v1_ep5__corrected_chatml_v1_eos__tune_500_reltr_clean_qids__image_plus_graph__direct__oracle_records.json
reltr_learned_sgg:oracle::bridge_clip_w1_bf16_v1_ep5__corrected_chatml_v1_eos__tune_500_reltr_clean_qids__image_plus_graph__direct__oracle::exact_full,corrected_chatml_v1_eos,reltr_learned_sgg:oracle,tune_500_reltr_clean_qids,clip,mlp256,scene_graph_oracle,choose,49,exact_full,79.591837,73.469388,6.122449,outputs/eval/reltr_2291451/bridge_clip_w1_bf16_v1_ep5__corrected_chatml_v1_eos__tune_500_reltr_clean_qids__image_plus_graph__direct__oracle_records.json
reltr_learned_sgg:oracle::bridge_clip_w1_bf16_v1_ep5__corrected_chatml_v1_eos__tune_500_reltr_clean_qids__image_plus_graph__direct__oracle::exact_full,corrected_chatml_v1_eos,reltr_learned_sgg:oracle,tune_500_reltr_clean_qids,clip,mlp256,scene_graph_oracle,compare,18,exact_full,44.444444,50,-5.555556,outputs/eval/reltr_2291451/bridge_clip_w1_bf16_v1_ep5__corrected_chatml_v1_eos__tune_500_reltr_clean_qids__image_plus_graph__direct__oracle_records.json
reltr_learned_sgg:oracle::bridge_clip_w1_bf16_v1_ep5__corrected_chatml_v1_eos__tune_500_reltr_clean_qids__image_plus_graph__direct__oracle::exact_full,corrected_chatml_v1_eos,reltr_learned_sgg:oracle,tune_500_reltr_clean_qids,clip,mlp256,scene_graph_oracle,exist,96,exact_full,75,66.666667,8.333333,outputs/eval/reltr_2291451/bridge_clip_w1_bf16_v1_ep5__corrected_chatml_v1_eos__tune_500_reltr_clean_qids__image_plus_graph__direct__oracle_records.json
reltr_learned_sgg:oracle::bridge_clip_w1_bf16_v1_ep5__corrected_chatml_v1_eos__tune_500_reltr_clean_qids__image_plus_graph__direct__oracle::exact_full,corrected_chatml_v1_eos,reltr_learned_sgg:oracle,tune_500_reltr_clean_qids,clip,mlp256,scene_graph_oracle,other,153,exact_full,67.320261,50.980392,16.339869,outputs/eval/reltr_2291451/bridge_clip_w1_bf16_v1_ep5__corrected_chatml_v1_eos__tune_500_reltr_clean_qids__image_plus_graph__direct__oracle_records.json
reltr_learned_sgg:oracle::bridge_clip_w1_bf16_v1_ep5__corrected_chatml_v1_eos__tune_500_reltr_clean_qids__image_plus_graph__direct__oracle::exact_full,corrected_chatml_v1_eos,reltr_learned_sgg:oracle,tune_500_reltr_clean_qids,clip,mlp256,scene_graph_oracle,relate,169,exact_full,65.680473,36.686391,28.994083,outputs/eval/reltr_2291451/bridge_clip_w1_bf16_v1_ep5__corrected_chatml_v1_eos__tune_500_reltr_clean_qids__image_plus_graph__direct__oracle_records.json
reltr_learned_sgg:oracle::bridge_clip_w1_bf16_v1_ep5__corrected_chatml_v1_eos__tune_500_reltr_clean_qids__image_plus_graph__direct__oracle::vqa_soft,corrected_chatml_v1_eos,reltr_learned_sgg:oracle,tune_500_reltr_clean_qids,clip,mlp256,scene_graph_oracle,choose,49,vqa_soft,79.591837,73.469388,6.122449,outputs/eval/reltr_2291451/bridge_clip_w1_bf16_v1_ep5__corrected_chatml_v1_eos__tune_500_reltr_clean_qids__image_plus_graph__direct__oracle_records.json
reltr_learned_sgg:oracle::bridge_clip_w1_bf16_v1_ep5__corrected_chatml_v1_eos__tune_500_reltr_clean_qids__image_plus_graph__direct__oracle::vqa_soft,corrected_chatml_v1_eos,reltr_learned_sgg:oracle,tune_500_reltr_clean_qids,clip,mlp256,scene_graph_oracle,compare,18,vqa_soft,44.444444,50,-5.555556,outputs/eval/reltr_2291451/bridge_clip_w1_bf16_v1_ep5__corrected_chatml_v1_eos__tune_500_reltr_clean_qids__image_plus_graph__direct__oracle_records.json
reltr_learned_sgg:oracle::bridge_clip_w1_bf16_v1_ep5__corrected_chatml_v1_eos__tune_500_reltr_clean_qids__image_plus_graph__direct__oracle::vqa_soft,corrected_chatml_v1_eos,reltr_learned_sgg:oracle,tune_500_reltr_clean_qids,clip,mlp256,scene_graph_oracle,exist,96,vqa_soft,75,66.666667,8.333333,outputs/eval/reltr_2291451/bridge_clip_w1_bf16_v1_ep5__corrected_chatml_v1_eos__tune_500_reltr_clean_qids__image_plus_graph__direct__oracle_records.json
reltr_learned_sgg:oracle::bridge_clip_w1_bf16_v1_ep5__corrected_chatml_v1_eos__tune_500_reltr_clean_qids__image_plus_graph__direct__oracle::vqa_soft,corrected_chatml_v1_eos,reltr_learned_sgg:oracle,tune_500_reltr_clean_qids,clip,mlp256,scene_graph_oracle,other,153,vqa_soft,67.320261,50.980392,16.339869,outputs/eval/reltr_2291451/bridge_clip_w1_bf16_v1_ep5__corrected_chatml_v1_eos__tune_500_reltr_clean_qids__image_plus_graph__direct__oracle_records.json
reltr_learned_sgg:oracle::bridge_clip_w1_bf16_v1_ep5__corrected_chatml_v1_eos__tune_500_reltr_clean_qids__image_plus_graph__direct__oracle::vqa_soft,corrected_chatml_v1_eos,reltr_learned_sgg:oracle,tune_500_reltr_clean_qids,clip,mlp256,scene_graph_oracle,relate,169,vqa_soft,69.822485,37.278107,32.544379,outputs/eval/reltr_2291451/bridge_clip_w1_bf16_v1_ep5__corrected_chatml_v1_eos__tune_500_reltr_clean_qids__image_plus_graph__direct__oracle_records.json
reltr_learned_sgg:reltr::bridge_clip_w1_bf16_v1_ep5__corrected_chatml_v1_eos__tune_500_reltr_clean_qids__image_plus_graph__direct__reltr::exact,corrected_chatml_v1_eos,reltr_learned_sgg:reltr,tune_500_reltr_clean_qids,clip,mlp256,scene_graph_predicted_reltr,choose,49,exact,73.469388,73.469388,0,outputs/eval/reltr_2291451/bridge_clip_w1_bf16_v1_ep5__corrected_chatml_v1_eos__tune_500_reltr_clean_qids__image_plus_graph__direct__reltr_records.json
reltr_learned_sgg:reltr::bridge_clip_w1_bf16_v1_ep5__corrected_chatml_v1_eos__tune_500_reltr_clean_qids__image_plus_graph__direct__reltr::exact,corrected_chatml_v1_eos,reltr_learned_sgg:reltr,tune_500_reltr_clean_qids,clip,mlp256,scene_graph_predicted_reltr,compare,18,exact,44.444444,50,-5.555556,outputs/eval/reltr_2291451/bridge_clip_w1_bf16_v1_ep5__corrected_chatml_v1_eos__tune_500_reltr_clean_qids__image_plus_graph__direct__reltr_records.json
reltr_learned_sgg:reltr::bridge_clip_w1_bf16_v1_ep5__corrected_chatml_v1_eos__tune_500_reltr_clean_qids__image_plus_graph__direct__reltr::exact,corrected_chatml_v1_eos,reltr_learned_sgg:reltr,tune_500_reltr_clean_qids,clip,mlp256,scene_graph_predicted_reltr,exist,96,exact,63.541667,66.666667,-3.125,outputs/eval/reltr_2291451/bridge_clip_w1_bf16_v1_ep5__corrected_chatml_v1_eos__tune_500_reltr_clean_qids__image_plus_graph__direct__reltr_records.json
reltr_learned_sgg:reltr::bridge_clip_w1_bf16_v1_ep5__corrected_chatml_v1_eos__tune_500_reltr_clean_qids__image_plus_graph__direct__reltr::exact,corrected_chatml_v1_eos,reltr_learned_sgg:reltr,tune_500_reltr_clean_qids,clip,mlp256,scene_graph_predicted_reltr,other,153,exact,52.287582,50.980392,1.30719,outputs/eval/reltr_2291451/bridge_clip_w1_bf16_v1_ep5__corrected_chatml_v1_eos__tune_500_reltr_clean_qids__image_plus_graph__direct__reltr_records.json
reltr_learned_sgg:reltr::bridge_clip_w1_bf16_v1_ep5__corrected_chatml_v1_eos__tune_500_reltr_clean_qids__image_plus_graph__direct__reltr::exact,corrected_chatml_v1_eos,reltr_learned_sgg:reltr,tune_500_reltr_clean_qids,clip,mlp256,scene_graph_predicted_reltr,relate,169,exact,36.686391,36.686391,0,outputs/eval/reltr_2291451/bridge_clip_w1_bf16_v1_ep5__corrected_chatml_v1_eos__tune_500_reltr_clean_qids__image_plus_graph__direct__reltr_records.json
reltr_learned_sgg:reltr::bridge_clip_w1_bf16_v1_ep5__corrected_chatml_v1_eos__tune_500_reltr_clean_qids__image_plus_graph__direct__reltr::exact_full,corrected_chatml_v1_eos,reltr_learned_sgg:reltr,tune_500_reltr_clean_qids,clip,mlp256,scene_graph_predicted_reltr,choose,49,exact_full,73.469388,73.469388,0,outputs/eval/reltr_2291451/bridge_clip_w1_bf16_v1_ep5__corrected_chatml_v1_eos__tune_500_reltr_clean_qids__image_plus_graph__direct__reltr_records.json
reltr_learned_sgg:reltr::bridge_clip_w1_bf16_v1_ep5__corrected_chatml_v1_eos__tune_500_reltr_clean_qids__image_plus_graph__direct__reltr::exact_full,corrected_chatml_v1_eos,reltr_learned_sgg:reltr,tune_500_reltr_clean_qids,clip,mlp256,scene_graph_predicted_reltr,compare,18,exact_full,44.444444,50,-5.555556,outputs/eval/reltr_2291451/bridge_clip_w1_bf16_v1_ep5__corrected_chatml_v1_eos__tune_500_reltr_clean_qids__image_plus_graph__direct__reltr_records.json
reltr_learned_sgg:reltr::bridge_clip_w1_bf16_v1_ep5__corrected_chatml_v1_eos__tune_500_reltr_clean_qids__image_plus_graph__direct__reltr::exact_full,corrected_chatml_v1_eos,reltr_learned_sgg:reltr,tune_500_reltr_clean_qids,clip,mlp256,scene_graph_predicted_reltr,exist,96,exact_full,63.541667,66.666667,-3.125,outputs/eval/reltr_2291451/bridge_clip_w1_bf16_v1_ep5__corrected_chatml_v1_eos__tune_500_reltr_clean_qids__image_plus_graph__direct__reltr_records.json
reltr_learned_sgg:reltr::bridge_clip_w1_bf16_v1_ep5__corrected_chatml_v1_eos__tune_500_reltr_clean_qids__image_plus_graph__direct__reltr::exact_full,corrected_chatml_v1_eos,reltr_learned_sgg:reltr,tune_500_reltr_clean_qids,clip,mlp256,scene_graph_predicted_reltr,other,153,exact_full,52.287582,50.980392,1.30719,outputs/eval/reltr_2291451/bridge_clip_w1_bf16_v1_ep5__corrected_chatml_v1_eos__tune_500_reltr_clean_qids__image_plus_graph__direct__reltr_records.json
reltr_learned_sgg:reltr::bridge_clip_w1_bf16_v1_ep5__corrected_chatml_v1_eos__tune_500_reltr_clean_qids__image_plus_graph__direct__reltr::exact_full,corrected_chatml_v1_eos,reltr_learned_sgg:reltr,tune_500_reltr_clean_qids,clip,mlp256,scene_graph_predicted_reltr,relate,169,exact_full,36.686391,36.686391,0,outputs/eval/reltr_2291451/bridge_clip_w1_bf16_v1_ep5__corrected_chatml_v1_eos__tune_500_reltr_clean_qids__image_plus_graph__direct__reltr_records.json
reltr_learned_sgg:reltr::bridge_clip_w1_bf16_v1_ep5__corrected_chatml_v1_eos__tune_500_reltr_clean_qids__image_plus_graph__direct__reltr::vqa_soft,corrected_chatml_v1_eos,reltr_learned_sgg:reltr,tune_500_reltr_clean_qids,clip,mlp256,scene_graph_predicted_reltr,choose,49,vqa_soft,73.469388,73.469388,0,outputs/eval/reltr_2291451/bridge_clip_w1_bf16_v1_ep5__corrected_chatml_v1_eos__tune_500_reltr_clean_qids__image_plus_graph__direct__reltr_records.json
reltr_learned_sgg:reltr::bridge_clip_w1_bf16_v1_ep5__corrected_chatml_v1_eos__tune_500_reltr_clean_qids__image_plus_graph__direct__reltr::vqa_soft,corrected_chatml_v1_eos,reltr_learned_sgg:reltr,tune_500_reltr_clean_qids,clip,mlp256,scene_graph_predicted_reltr,compare,18,vqa_soft,44.444444,50,-5.555556,outputs/eval/reltr_2291451/bridge_clip_w1_bf16_v1_ep5__corrected_chatml_v1_eos__tune_500_reltr_clean_qids__image_plus_graph__direct__reltr_records.json
reltr_learned_sgg:reltr::bridge_clip_w1_bf16_v1_ep5__corrected_chatml_v1_eos__tune_500_reltr_clean_qids__image_plus_graph__direct__reltr::vqa_soft,corrected_chatml_v1_eos,reltr_learned_sgg:reltr,tune_500_reltr_clean_qids,clip,mlp256,scene_graph_predicted_reltr,exist,96,vqa_soft,63.541667,66.666667,-3.125,outputs/eval/reltr_2291451/bridge_clip_w1_bf16_v1_ep5__corrected_chatml_v1_eos__tune_500_reltr_clean_qids__image_plus_graph__direct__reltr_records.json
reltr_learned_sgg:reltr::bridge_clip_w1_bf16_v1_ep5__corrected_chatml_v1_eos__tune_500_reltr_clean_qids__image_plus_graph__direct__reltr::vqa_soft,corrected_chatml_v1_eos,reltr_learned_sgg:reltr,tune_500_reltr_clean_qids,clip,mlp256,scene_graph_predicted_reltr,other,153,vqa_soft,52.287582,50.980392,1.30719,outputs/eval/reltr_2291451/bridge_clip_w1_bf16_v1_ep5__corrected_chatml_v1_eos__tune_500_reltr_clean_qids__image_plus_graph__direct__reltr_records.json
reltr_learned_sgg:reltr::bridge_clip_w1_bf16_v1_ep5__corrected_chatml_v1_eos__tune_500_reltr_clean_qids__image_plus_graph__direct__reltr::vqa_soft,corrected_chatml_v1_eos,reltr_learned_sgg:reltr,tune_500_reltr_clean_qids,clip,mlp256,scene_graph_predicted_reltr,relate,169,vqa_soft,37.869822,37.278107,0.591716,outputs/eval/reltr_2291451/bridge_clip_w1_bf16_v1_ep5__corrected_chatml_v1_eos__tune_500_reltr_clean_qids__image_plus_graph__direct__reltr_records.json
reltr_learned_sgg:reltr_wrong_image::bridge_clip_w1_bf16_v1_ep5__corrected_chatml_v1_eos__tune_500_reltr_clean_qids__image_plus_graph__direct__reltr_wrong_image::exact,corrected_chatml_v1_eos,reltr_learned_sgg:reltr_wrong_image,tune_500_reltr_clean_qids,clip,mlp256,scene_graph_control,choose,49,exact,71.428571,73.469388,-2.040816,outputs/eval/reltr_2291451/bridge_clip_w1_bf16_v1_ep5__corrected_chatml_v1_eos__tune_500_reltr_clean_qids__image_plus_graph__direct__reltr_wrong_image_records.json
reltr_learned_sgg:reltr_wrong_image::bridge_clip_w1_bf16_v1_ep5__corrected_chatml_v1_eos__tune_500_reltr_clean_qids__image_plus_graph__direct__reltr_wrong_image::exact,corrected_chatml_v1_eos,reltr_learned_sgg:reltr_wrong_image,tune_500_reltr_clean_qids,clip,mlp256,scene_graph_control,compare,18,exact,50,50,0,outputs/eval/reltr_2291451/bridge_clip_w1_bf16_v1_ep5__corrected_chatml_v1_eos__tune_500_reltr_clean_qids__image_plus_graph__direct__reltr_wrong_image_records.json
reltr_learned_sgg:reltr_wrong_image::bridge_clip_w1_bf16_v1_ep5__corrected_chatml_v1_eos__tune_500_reltr_clean_qids__image_plus_graph__direct__reltr_wrong_image::exact,corrected_chatml_v1_eos,reltr_learned_sgg:reltr_wrong_image,tune_500_reltr_clean_qids,clip,mlp256,scene_graph_control,exist,96,exact,64.583333,66.666667,-2.083333,outputs/eval/reltr_2291451/bridge_clip_w1_bf16_v1_ep5__corrected_chatml_v1_eos__tune_500_reltr_clean_qids__image_plus_graph__direct__reltr_wrong_image_records.json
reltr_learned_sgg:reltr_wrong_image::bridge_clip_w1_bf16_v1_ep5__corrected_chatml_v1_eos__tune_500_reltr_clean_qids__image_plus_graph__direct__reltr_wrong_image::exact,corrected_chatml_v1_eos,reltr_learned_sgg:reltr_wrong_image,tune_500_reltr_clean_qids,clip,mlp256,scene_graph_control,other,153,exact,50.980392,50.980392,0,outputs/eval/reltr_2291451/bridge_clip_w1_bf16_v1_ep5__corrected_chatml_v1_eos__tune_500_reltr_clean_qids__image_plus_graph__direct__reltr_wrong_image_records.json
reltr_learned_sgg:reltr_wrong_image::bridge_clip_w1_bf16_v1_ep5__corrected_chatml_v1_eos__tune_500_reltr_clean_qids__image_plus_graph__direct__reltr_wrong_image::exact,corrected_chatml_v1_eos,reltr_learned_sgg:reltr_wrong_image,tune_500_reltr_clean_qids,clip,mlp256,scene_graph_control,relate,169,exact,37.278107,36.686391,0.591716,outputs/eval/reltr_2291451/bridge_clip_w1_bf16_v1_ep5__corrected_chatml_v1_eos__tune_500_reltr_clean_qids__image_plus_graph__direct__reltr_wrong_image_records.json
reltr_learned_sgg:reltr_wrong_image::bridge_clip_w1_bf16_v1_ep5__corrected_chatml_v1_eos__tune_500_reltr_clean_qids__image_plus_graph__direct__reltr_wrong_image::exact_full,corrected_chatml_v1_eos,reltr_learned_sgg:reltr_wrong_image,tune_500_reltr_clean_qids,clip,mlp256,scene_graph_control,choose,49,exact_full,71.428571,73.469388,-2.040816,outputs/eval/reltr_2291451/bridge_clip_w1_bf16_v1_ep5__corrected_chatml_v1_eos__tune_500_reltr_clean_qids__image_plus_graph__direct__reltr_wrong_image_records.json
reltr_learned_sgg:reltr_wrong_image::bridge_clip_w1_bf16_v1_ep5__corrected_chatml_v1_eos__tune_500_reltr_clean_qids__image_plus_graph__direct__reltr_wrong_image::exact_full,corrected_chatml_v1_eos,reltr_learned_sgg:reltr_wrong_image,tune_500_reltr_clean_qids,clip,mlp256,scene_graph_control,compare,18,exact_full,50,50,0,outputs/eval/reltr_2291451/bridge_clip_w1_bf16_v1_ep5__corrected_chatml_v1_eos__tune_500_reltr_clean_qids__image_plus_graph__direct__reltr_wrong_image_records.json
reltr_learned_sgg:reltr_wrong_image::bridge_clip_w1_bf16_v1_ep5__corrected_chatml_v1_eos__tune_500_reltr_clean_qids__image_plus_graph__direct__reltr_wrong_image::exact_full,corrected_chatml_v1_eos,reltr_learned_sgg:reltr_wrong_image,tune_500_reltr_clean_qids,clip,mlp256,scene_graph_control,exist,96,exact_full,64.583333,66.666667,-2.083333,outputs/eval/reltr_2291451/bridge_clip_w1_bf16_v1_ep5__corrected_chatml_v1_eos__tune_500_reltr_clean_qids__image_plus_graph__direct__reltr_wrong_image_records.json
reltr_learned_sgg:reltr_wrong_image::bridge_clip_w1_bf16_v1_ep5__corrected_chatml_v1_eos__tune_500_reltr_clean_qids__image_plus_graph__direct__reltr_wrong_image::exact_full,corrected_chatml_v1_eos,reltr_learned_sgg:reltr_wrong_image,tune_500_reltr_clean_qids,clip,mlp256,scene_graph_control,other,153,exact_full,50.980392,50.980392,0,outputs/eval/reltr_2291451/bridge_clip_w1_bf16_v1_ep5__corrected_chatml_v1_eos__tune_500_reltr_clean_qids__image_plus_graph__direct__reltr_wrong_image_records.json
reltr_learned_sgg:reltr_wrong_image::bridge_clip_w1_bf16_v1_ep5__corrected_chatml_v1_eos__tune_500_reltr_clean_qids__image_plus_graph__direct__reltr_wrong_image::exact_full,corrected_chatml_v1_eos,reltr_learned_sgg:reltr_wrong_image,tune_500_reltr_clean_qids,clip,mlp256,scene_graph_control,relate,169,exact_full,37.278107,36.686391,0.591716,outputs/eval/reltr_2291451/bridge_clip_w1_bf16_v1_ep5__corrected_chatml_v1_eos__tune_500_reltr_clean_qids__image_plus_graph__direct__reltr_wrong_image_records.json
reltr_learned_sgg:reltr_wrong_image::bridge_clip_w1_bf16_v1_ep5__corrected_chatml_v1_eos__tune_500_reltr_clean_qids__image_plus_graph__direct__reltr_wrong_image::vqa_soft,corrected_chatml_v1_eos,reltr_learned_sgg:reltr_wrong_image,tune_500_reltr_clean_qids,clip,mlp256,scene_graph_control,choose,49,vqa_soft,71.428571,73.469388,-2.040816,outputs/eval/reltr_2291451/bridge_clip_w1_bf16_v1_ep5__corrected_chatml_v1_eos__tune_500_reltr_clean_qids__image_plus_graph__direct__reltr_wrong_image_records.json
reltr_learned_sgg:reltr_wrong_image::bridge_clip_w1_bf16_v1_ep5__corrected_chatml_v1_eos__tune_500_reltr_clean_qids__image_plus_graph__direct__reltr_wrong_image::vqa_soft,corrected_chatml_v1_eos,reltr_learned_sgg:reltr_wrong_image,tune_500_reltr_clean_qids,clip,mlp256,scene_graph_control,compare,18,vqa_soft,50,50,0,outputs/eval/reltr_2291451/bridge_clip_w1_bf16_v1_ep5__corrected_chatml_v1_eos__tune_500_reltr_clean_qids__image_plus_graph__direct__reltr_wrong_image_records.json
reltr_learned_sgg:reltr_wrong_image::bridge_clip_w1_bf16_v1_ep5__corrected_chatml_v1_eos__tune_500_reltr_clean_qids__image_plus_graph__direct__reltr_wrong_image::vqa_soft,corrected_chatml_v1_eos,reltr_learned_sgg:reltr_wrong_image,tune_500_reltr_clean_qids,clip,mlp256,scene_graph_control,exist,96,vqa_soft,64.583333,66.666667,-2.083333,outputs/eval/reltr_2291451/bridge_clip_w1_bf16_v1_ep5__corrected_chatml_v1_eos__tune_500_reltr_clean_qids__image_plus_graph__direct__reltr_wrong_image_records.json
reltr_learned_sgg:reltr_wrong_image::bridge_clip_w1_bf16_v1_ep5__corrected_chatml_v1_eos__tune_500_reltr_clean_qids__image_plus_graph__direct__reltr_wrong_image::vqa_soft,corrected_chatml_v1_eos,reltr_learned_sgg:reltr_wrong_image,tune_500_reltr_clean_qids,clip,mlp256,scene_graph_control,other,153,vqa_soft,50.980392,50.980392,0,outputs/eval/reltr_2291451/bridge_clip_w1_bf16_v1_ep5__corrected_chatml_v1_eos__tune_500_reltr_clean_qids__image_plus_graph__direct__reltr_wrong_image_records.json
reltr_learned_sgg:reltr_wrong_image::bridge_clip_w1_bf16_v1_ep5__corrected_chatml_v1_eos__tune_500_reltr_clean_qids__image_plus_graph__direct__reltr_wrong_image::vqa_soft,corrected_chatml_v1_eos,reltr_learned_sgg:reltr_wrong_image,tune_500_reltr_clean_qids,clip,mlp256,scene_graph_control,relate,169,vqa_soft,39.053254,37.278107,1.775148,outputs/eval/reltr_2291451/bridge_clip_w1_bf16_v1_ep5__corrected_chatml_v1_eos__tune_500_reltr_clean_qids__image_plus_graph__direct__reltr_wrong_image_records.json
